source_id,pdf_page,page_header,line_item,FY2025_enacted_usd_mn,FY2026_enacted_usd_mn,FY2027_request_usd_mn,FY2028_usd_mn,FY2029_usd_mn,FY2030_usd_mn,FY2031_usd_mn,location_in_source,notes
nasa_fy2027_budget_estimates,2,National Aeronautics and Space Administration / FY 2027 PRESIDENT'S BUDGET REQUEST SUMMARY,NASA Total,24838.3,24438.3,18829.1,18829.1,18829.1,18829.1,18829.1,PDF p2 Budget Authority table,"R70 full-extraction pass, parsed from the hosted PDF 2026-09-27; ""--"" = not shown in the new FY2027 structure (FY2025/26 enacted are given only at account level); FY2028-31 are notional; every ""Total Budget"" row was checked against the sum of the lines above it (0 mismatches); pp2-3 are the agency summary where sub-lines follow their parent account"
nasa_fy2027_budget_estimates,2,National Aeronautics and Space Administration / FY 2027 PRESIDENT'S BUDGET REQUEST SUMMARY,Exploration,7666.2,7783.0,8513.9,8493.9,8173.9,8153.9,8133.9,PDF p2 Budget Authority table,"R70 full-extraction pass, parsed from the hosted PDF 2026-09-27; ""--"" = not shown in the new FY2027 structure (FY2025/26 enacted are given only at account level); FY2028-31 are notional; every ""Total Budget"" row was checked against the sum of the lines above it (0 mismatches); pp2-3 are the agency summary where sub-lines follow their parent account"
nasa_fy2027_budget_estimates,2,National Aeronautics and Space Administration / FY 2027 PRESIDENT'S BUDGET REQUEST SUMMARY,Moon and Mars Transportation System,--,--,4219.1,3888.1,3172.2,3659.4,3659.4,PDF p2 Budget Authority table,"R70 full-extraction pass, parsed from the hosted PDF 2026-09-27; ""--"" = not shown in the new FY2027 structure (FY2025/26 enacted are given only at account level); FY2028-31 are notional; every ""Total Budget"" row was checked against the sum of the lines above it (0 mismatches); pp2-3 are the agency summary where sub-lines follow their parent account"
nasa_fy2027_budget_estimates,2,National Aeronautics and Space Administration / FY 2027 PRESIDENT'S BUDGET REQUEST SUMMARY,Moon and Mars Systems Development,--,--,3810.1,3506.5,3237.7,3290.5,3214.5,PDF p2 Budget Authority table,"R70 full-extraction pass, parsed from the hosted PDF 2026-09-27; ""--"" = not shown in the new FY2027 structure (FY2025/26 enacted are given only at account level); FY2028-31 are notional; every ""Total Budget"" row was checked against the sum of the lines above it (0 mismatches); pp2-3 are the agency summary where sub-lines follow their parent account"
nasa_fy2027_budget_estimates,2,National Aeronautics and Space Administration / FY 2027 PRESIDENT'S BUDGET REQUEST SUMMARY,Human Exploration Requirements & Architecture,--,--,484.7,1099.4,1764.0,1204.0,1260.0,PDF p2 Budget Authority table,"R70 full-extraction pass, parsed from the hosted PDF 2026-09-27; ""--"" = not shown in the new FY2027 structure (FY2025/26 enacted are given only at account level); FY2028-31 are notional; every ""Total Budget"" row was checked against the sum of the lines above it (0 mismatches); pp2-3 are the agency summary where sub-lines follow their parent account"
nasa_fy2027_budget_estimates,2,National Aeronautics and Space Administration / FY 2027 PRESIDENT'S BUDGET REQUEST SUMMARY,Space Operations,4220.0,4175.0,3047.2,3047.2,3347.2,3347.2,3347.2,PDF p2 Budget Authority table,"R70 full-extraction pass, parsed from the hosted PDF 2026-09-27; ""--"" = not shown in the new FY2027 structure (FY2025/26 enacted are given only at account level); FY2028-31 are notional; every ""Total Budget"" row was checked against the sum of the lines above it (0 mismatches); pp2-3 are the agency summary where sub-lines follow their parent account"
nasa_fy2027_budget_estimates,2,National Aeronautics and Space Administration / FY 2027 PRESIDENT'S BUDGET REQUEST SUMMARY,Commercial LEO Development,--,--,299.7,299.8,599.8,599.8,1577.2,PDF p2 Budget Authority table,"R70 full-extraction pass, parsed from the hosted PDF 2026-09-27; ""--"" = not shown in the new FY2027 structure (FY2025/26 enacted are given only at account level); FY2028-31 are notional; every ""Total Budget"" row was checked against the sum of the lines above it (0 mismatches); pp2-3 are the agency summary where sub-lines follow their parent account"
nasa_fy2027_budget_estimates,2,National Aeronautics and Space Administration / FY 2027 PRESIDENT'S BUDGET REQUEST SUMMARY,International Space Station,--,--,921.2,921.2,921.3,921.3,921.3,PDF p2 Budget Authority table,"R70 full-extraction pass, parsed from the hosted PDF 2026-09-27; ""--"" = not shown in the new FY2027 structure (FY2025/26 enacted are given only at account level); FY2028-31 are notional; every ""Total Budget"" row was checked against the sum of the lines above it (0 mismatches); pp2-3 are the agency summary where sub-lines follow their parent account"
nasa_fy2027_budget_estimates,2,National Aeronautics and Space Administration / FY 2027 PRESIDENT'S BUDGET REQUEST SUMMARY,Space Transportation,--,--,1152.5,1152.4,1152.3,1152.3,174.7,PDF p2 Budget Authority table,"R70 full-extraction pass, parsed from the hosted PDF 2026-09-27; ""--"" = not shown in the new FY2027 structure (FY2025/26 enacted are given only at account level); FY2028-31 are notional; every ""Total Budget"" row was checked against the sum of the lines above it (0 mismatches); pp2-3 are the agency summary where sub-lines follow their parent account"
nasa_fy2027_budget_estimates,2,National Aeronautics and Space Administration / FY 2027 PRESIDENT'S BUDGET REQUEST SUMMARY,Space and Flight Support (SFS),--,--,673.8,673.8,673.8,673.8,674.0,PDF p2 Budget Authority table,"R70 full-extraction pass, parsed from the hosted PDF 2026-09-27; ""--"" = not shown in the new FY2027 structure (FY2025/26 enacted are given only at account level); FY2028-31 are notional; every ""Total Budget"" row was checked against the sum of the lines above it (0 mismatches); pp2-3 are the agency summary where sub-lines follow their parent account"
nasa_fy2027_budget_estimates,2,National Aeronautics and Space Administration / FY 2027 PRESIDENT'S BUDGET REQUEST SUMMARY,Space Technology,1100.0,920.5,624.3,644.3,664.3,684.3,704.3,PDF p2 Budget Authority table,"R70 full-extraction pass, parsed from the hosted PDF 2026-09-27; ""--"" = not shown in the new FY2027 structure (FY2025/26 enacted are given only at account level); FY2028-31 are notional; every ""Total Budget"" row was checked against the sum of the lines above it (0 mismatches); pp2-3 are the agency summary where sub-lines follow their parent account"
nasa_fy2027_budget_estimates,2,National Aeronautics and Space Administration / FY 2027 PRESIDENT'S BUDGET REQUEST SUMMARY,Science,7334.2,7250.0,3893.9,3893.9,3893.9,3893.9,3893.9,PDF p2 Budget Authority table,"R70 full-extraction pass, parsed from the hosted PDF 2026-09-27; ""--"" = not shown in the new FY2027 structure (FY2025/26 enacted are given only at account level); FY2028-31 are notional; every ""Total Budget"" row was checked against the sum of the lines above it (0 mismatches); pp2-3 are the agency summary where sub-lines follow their parent account"
nasa_fy2027_budget_estimates,2,National Aeronautics and Space Administration / FY 2027 PRESIDENT'S BUDGET REQUEST SUMMARY,Earth Science,--,--,1021.2,1102.7,1080.7,1022.3,1019.9,PDF p2 Budget Authority table,"R70 full-extraction pass, parsed from the hosted PDF 2026-09-27; ""--"" = not shown in the new FY2027 structure (FY2025/26 enacted are given only at account level); FY2028-31 are notional; every ""Total Budget"" row was checked against the sum of the lines above it (0 mismatches); pp2-3 are the agency summary where sub-lines follow their parent account"
nasa_fy2027_budget_estimates,2,National Aeronautics and Space Administration / FY 2027 PRESIDENT'S BUDGET REQUEST SUMMARY,Planetary Science,--,--,1875.7,1847.2,1819.2,1884.6,1885.7,PDF p2 Budget Authority table,"R70 full-extraction pass, parsed from the hosted PDF 2026-09-27; ""--"" = not shown in the new FY2027 structure (FY2025/26 enacted are given only at account level); FY2028-31 are notional; every ""Total Budget"" row was checked against the sum of the lines above it (0 mismatches); pp2-3 are the agency summary where sub-lines follow their parent account"
nasa_fy2027_budget_estimates,2,National Aeronautics and Space Administration / FY 2027 PRESIDENT'S BUDGET REQUEST SUMMARY,Astrophysics,--,--,552.4,510.4,530.4,523.4,524.7,PDF p2 Budget Authority table,"R70 full-extraction pass, parsed from the hosted PDF 2026-09-27; ""--"" = not shown in the new FY2027 structure (FY2025/26 enacted are given only at account level); FY2028-31 are notional; every ""Total Budget"" row was checked against the sum of the lines above it (0 mismatches); pp2-3 are the agency summary where sub-lines follow their parent account"
nasa_fy2027_budget_estimates,2,National Aeronautics and Space Administration / FY 2027 PRESIDENT'S BUDGET REQUEST SUMMARY,Heliophysics,--,--,419.6,408.6,438.6,438.6,438.6,PDF p2 Budget Authority table,"R70 full-extraction pass, parsed from the hosted PDF 2026-09-27; ""--"" = not shown in the new FY2027 structure (FY2025/26 enacted are given only at account level); FY2028-31 are notional; every ""Total Budget"" row was checked against the sum of the lines above it (0 mismatches); pp2-3 are the agency summary where sub-lines follow their parent account"
nasa_fy2027_budget_estimates,2,National Aeronautics and Space Administration / FY 2027 PRESIDENT'S BUDGET REQUEST SUMMARY,Biological and Physical Sciences,--,--,25.0,25.0,25.0,25.0,25.0,PDF p2 Budget Authority table,"R70 full-extraction pass, parsed from the hosted PDF 2026-09-27; ""--"" = not shown in the new FY2027 structure (FY2025/26 enacted are given only at account level); FY2028-31 are notional; every ""Total Budget"" row was checked against the sum of the lines above it (0 mismatches); pp2-3 are the agency summary where sub-lines follow their parent account"
nasa_fy2027_budget_estimates,2,National Aeronautics and Space Administration / FY 2027 PRESIDENT'S BUDGET REQUEST SUMMARY,Aeronautics,935.0,935.0,609.5,609.5,609.5,609.5,609.5,PDF p2 Budget Authority table,"R70 full-extraction pass, parsed from the hosted PDF 2026-09-27; ""--"" = not shown in the new FY2027 structure (FY2025/26 enacted are given only at account level); FY2028-31 are notional; every ""Total Budget"" row was checked against the sum of the lines above it (0 mismatches); pp2-3 are the agency summary where sub-lines follow their parent account"
nasa_fy2027_budget_estimates,2,National Aeronautics and Space Administration / FY 2027 PRESIDENT'S BUDGET REQUEST SUMMARY,STEM Engagement,143.0,143.0,--,--,--,--,--,PDF p2 Budget Authority table,"R70 full-extraction pass, parsed from the hosted PDF 2026-09-27; ""--"" = not shown in the new FY2027 structure (FY2025/26 enacted are given only at account level); FY2028-31 are notional; every ""Total Budget"" row was checked against the sum of the lines above it (0 mismatches); pp2-3 are the agency summary where sub-lines follow their parent account"
nasa_fy2027_budget_estimates,2,National Aeronautics and Space Administration / FY 2027 PRESIDENT'S BUDGET REQUEST SUMMARY,"Safety, Security, and Mission Services",3092.3,3000.0,1998.6,1998.6,1998.6,1998.6,1998.6,PDF p2 Budget Authority table,"R70 full-extraction pass, parsed from the hosted PDF 2026-09-27; ""--"" = not shown in the new FY2027 structure (FY2025/26 enacted are given only at account level); FY2028-31 are notional; every ""Total Budget"" row was checked against the sum of the lines above it (0 mismatches); pp2-3 are the agency summary where sub-lines follow their parent account"
nasa_fy2027_budget_estimates,2,National Aeronautics and Space Administration / FY 2027 PRESIDENT'S BUDGET REQUEST SUMMARY,Mission Services & Capabilities,--,--,1536.7,1536.7,1536.7,1536.7,1536.7,PDF p2 Budget Authority table,"R70 full-extraction pass, parsed from the hosted PDF 2026-09-27; ""--"" = not shown in the new FY2027 structure (FY2025/26 enacted are given only at account level); FY2028-31 are notional; every ""Total Budget"" row was checked against the sum of the lines above it (0 mismatches); pp2-3 are the agency summary where sub-lines follow their parent account"
nasa_fy2027_budget_estimates,2,National Aeronautics and Space Administration / FY 2027 PRESIDENT'S BUDGET REQUEST SUMMARY,"Engineering, Safety, & Operations",--,--,462.0,462.0,462.0,462.0,462.0,PDF p2 Budget Authority table,"R70 full-extraction pass, parsed from the hosted PDF 2026-09-27; ""--"" = not shown in the new FY2027 structure (FY2025/26 enacted are given only at account level); FY2028-31 are notional; every ""Total Budget"" row was checked against the sum of the lines above it (0 mismatches); pp2-3 are the agency summary where sub-lines follow their parent account"
nasa_fy2027_budget_estimates,2,National Aeronautics and Space Administration / FY 2027 PRESIDENT'S BUDGET REQUEST SUMMARY,Construction and Environmental Compliance and Restoration,300.0,185.3,100.6,100.6,100.6,100.6,100.6,PDF p2 Budget Authority table,"R70 full-extraction pass, parsed from the hosted PDF 2026-09-27; ""--"" = not shown in the new FY2027 structure (FY2025/26 enacted are given only at account level); FY2028-31 are notional; every ""Total Budget"" row was checked against the sum of the lines above it (0 mismatches); pp2-3 are the agency summary where sub-lines follow their parent account"
nasa_fy2027_budget_estimates,2,National Aeronautics and Space Administration / FY 2027 PRESIDENT'S BUDGET REQUEST SUMMARY,Construction of Facilities,--,--,65.5,65.5,65.5,65.5,65.5,PDF p2 Budget Authority table,"R70 full-extraction pass, parsed from the hosted PDF 2026-09-27; ""--"" = not shown in the new FY2027 structure (FY2025/26 enacted are given only at account level); FY2028-31 are notional; every ""Total Budget"" row was checked against the sum of the lines above it (0 mismatches); pp2-3 are the agency summary where sub-lines follow their parent account"
nasa_fy2027_budget_estimates,2,National Aeronautics and Space Administration / FY 2027 PRESIDENT'S BUDGET REQUEST SUMMARY,Environmental Compliance and Restoration,--,--,35.1,35.1,35.1,35.1,35.1,PDF p2 Budget Authority table,"R70 full-extraction pass, parsed from the hosted PDF 2026-09-27; ""--"" = not shown in the new FY2027 structure (FY2025/26 enacted are given only at account level); FY2028-31 are notional; every ""Total Budget"" row was checked against the sum of the lines above it (0 mismatches); pp2-3 are the agency summary where sub-lines follow their parent account"
nasa_fy2027_budget_estimates,2,National Aeronautics and Space Administration / FY 2027 PRESIDENT'S BUDGET REQUEST SUMMARY,Inspector General,47.6,46.5,41.1,41.1,41.1,41.1,41.1,PDF p2 Budget Authority table,"R70 full-extraction pass, parsed from the hosted PDF 2026-09-27; ""--"" = not shown in the new FY2027 structure (FY2025/26 enacted are given only at account level); FY2028-31 are notional; every ""Total Budget"" row was checked against the sum of the lines above it (0 mismatches); pp2-3 are the agency summary where sub-lines follow their parent account"
nasa_fy2027_budget_estimates,2,National Aeronautics and Space Administration / FY 2027 PRESIDENT'S BUDGET REQUEST SUMMARY,NASA Total,24838.3,24438.3,18829.1,18829.1,18829.1,18829.1,18829.1,PDF p2 Budget Authority table,"R70 full-extraction pass, parsed from the hosted PDF 2026-09-27; ""--"" = not shown in the new FY2027 structure (FY2025/26 enacted are given only at account level); FY2028-31 are notional; every ""Total Budget"" row was checked against the sum of the lines above it (0 mismatches); pp2-3 are the agency summary where sub-lines follow their parent account"
nasa_fy2027_budget_estimates,3,National Aeronautics and Space Administration / FY 2027 PRESIDENT'S BUDGET REQUEST SUMMARY,NASA Total,24838.3,24438.3,18829.1,18829.1,18829.1,18829.1,18829.1,PDF p3 Budget Authority table,"R70 full-extraction pass, parsed from the hosted PDF 2026-09-27; ""--"" = not shown in the new FY2027 structure (FY2025/26 enacted are given only at account level); FY2028-31 are notional; every ""Total Budget"" row was checked against the sum of the lines above it (0 mismatches); pp2-3 are the agency summary where sub-lines follow their parent account"
nasa_fy2027_budget_estimates,3,National Aeronautics and Space Administration / FY 2027 PRESIDENT'S BUDGET REQUEST SUMMARY,Exploration,7666.2,7783.0,8513.9,8493.9,8173.9,8153.9,8133.9,PDF p3 Budget Authority table,"R70 full-extraction pass, parsed from the hosted PDF 2026-09-27; ""--"" = not shown in the new FY2027 structure (FY2025/26 enacted are given only at account level); FY2028-31 are notional; every ""Total Budget"" row was checked against the sum of the lines above it (0 mismatches); pp2-3 are the agency summary where sub-lines follow their parent account"
nasa_fy2027_budget_estimates,3,National Aeronautics and Space Administration / FY 2027 PRESIDENT'S BUDGET REQUEST SUMMARY,Moon and Mars Transportation System,--,--,4219.1,3888.1,3172.2,3659.4,3659.4,PDF p3 Budget Authority table,"R70 full-extraction pass, parsed from the hosted PDF 2026-09-27; ""--"" = not shown in the new FY2027 structure (FY2025/26 enacted are given only at account level); FY2028-31 are notional; every ""Total Budget"" row was checked against the sum of the lines above it (0 mismatches); pp2-3 are the agency summary where sub-lines follow their parent account"
nasa_fy2027_budget_estimates,3,National Aeronautics and Space Administration / FY 2027 PRESIDENT'S BUDGET REQUEST SUMMARY,Orion Program,--,--,1221.8,1001.2,779.3,565.5,--,PDF p3 Budget Authority table,"R70 full-extraction pass, parsed from the hosted PDF 2026-09-27; ""--"" = not shown in the new FY2027 structure (FY2025/26 enacted are given only at account level); FY2028-31 are notional; every ""Total Budget"" row was checked against the sum of the lines above it (0 mismatches); pp2-3 are the agency summary where sub-lines follow their parent account"
nasa_fy2027_budget_estimates,3,National Aeronautics and Space Administration / FY 2027 PRESIDENT'S BUDGET REQUEST SUMMARY,Crew Vehicle Development,--,--,1214.3,1001.2,779.3,565.5,--,PDF p3 Budget Authority table,"R70 full-extraction pass, parsed from the hosted PDF 2026-09-27; ""--"" = not shown in the new FY2027 structure (FY2025/26 enacted are given only at account level); FY2028-31 are notional; every ""Total Budget"" row was checked against the sum of the lines above it (0 mismatches); pp2-3 are the agency summary where sub-lines follow their parent account"
nasa_fy2027_budget_estimates,3,National Aeronautics and Space Administration / FY 2027 PRESIDENT'S BUDGET REQUEST SUMMARY,Space Launch System,--,--,1495.3,--,--,--,--,PDF p3 Budget Authority table,"R70 full-extraction pass, parsed from the hosted PDF 2026-09-27; ""--"" = not shown in the new FY2027 structure (FY2025/26 enacted are given only at account level); FY2028-31 are notional; every ""Total Budget"" row was checked against the sum of the lines above it (0 mismatches); pp2-3 are the agency summary where sub-lines follow their parent account"
nasa_fy2027_budget_estimates,3,National Aeronautics and Space Administration / FY 2027 PRESIDENT'S BUDGET REQUEST SUMMARY,Exploration Ground Systems,--,--,757.9,649.6,579.6,574.7,--,PDF p3 Budget Authority table,"R70 full-extraction pass, parsed from the hosted PDF 2026-09-27; ""--"" = not shown in the new FY2027 structure (FY2025/26 enacted are given only at account level); FY2028-31 are notional; every ""Total Budget"" row was checked against the sum of the lines above it (0 mismatches); pp2-3 are the agency summary where sub-lines follow their parent account"
nasa_fy2027_budget_estimates,3,National Aeronautics and Space Administration / FY 2027 PRESIDENT'S BUDGET REQUEST SUMMARY,Commercial Moon & Mars Infrastructure & Transportation,--,--,744.1,2237.3,1813.3,2519.2,3659.4,PDF p3 Budget Authority table,"R70 full-extraction pass, parsed from the hosted PDF 2026-09-27; ""--"" = not shown in the new FY2027 structure (FY2025/26 enacted are given only at account level); FY2028-31 are notional; every ""Total Budget"" row was checked against the sum of the lines above it (0 mismatches); pp2-3 are the agency summary where sub-lines follow their parent account"
nasa_fy2027_budget_estimates,3,National Aeronautics and Space Administration / FY 2027 PRESIDENT'S BUDGET REQUEST SUMMARY,Moon and Mars Systems Development,--,--,3810.1,3506.5,3237.7,3290.5,3214.5,PDF p3 Budget Authority table,"R70 full-extraction pass, parsed from the hosted PDF 2026-09-27; ""--"" = not shown in the new FY2027 structure (FY2025/26 enacted are given only at account level); FY2028-31 are notional; every ""Total Budget"" row was checked against the sum of the lines above it (0 mismatches); pp2-3 are the agency summary where sub-lines follow their parent account"
nasa_fy2027_budget_estimates,3,National Aeronautics and Space Administration / FY 2027 PRESIDENT'S BUDGET REQUEST SUMMARY,xEVA and Human Surface Mobility Program,--,--,830.3,899.5,844.2,853.6,836.6,PDF p3 Budget Authority table,"R70 full-extraction pass, parsed from the hosted PDF 2026-09-27; ""--"" = not shown in the new FY2027 structure (FY2025/26 enacted are given only at account level); FY2028-31 are notional; every ""Total Budget"" row was checked against the sum of the lines above it (0 mismatches); pp2-3 are the agency summary where sub-lines follow their parent account"
nasa_fy2027_budget_estimates,3,National Aeronautics and Space Administration / FY 2027 PRESIDENT'S BUDGET REQUEST SUMMARY,Human Landing System,--,--,2277.2,1834.2,1542.2,1553.2,1531.2,PDF p3 Budget Authority table,"R70 full-extraction pass, parsed from the hosted PDF 2026-09-27; ""--"" = not shown in the new FY2027 structure (FY2025/26 enacted are given only at account level); FY2028-31 are notional; every ""Total Budget"" row was checked against the sum of the lines above it (0 mismatches); pp2-3 are the agency summary where sub-lines follow their parent account"
nasa_fy2027_budget_estimates,3,National Aeronautics and Space Administration / FY 2027 PRESIDENT'S BUDGET REQUEST SUMMARY,HLS Initial Capability,--,--,758.7,362.2,541.5,567.2,585.7,PDF p3 Budget Authority table,"R70 full-extraction pass, parsed from the hosted PDF 2026-09-27; ""--"" = not shown in the new FY2027 structure (FY2025/26 enacted are given only at account level); FY2028-31 are notional; every ""Total Budget"" row was checked against the sum of the lines above it (0 mismatches); pp2-3 are the agency summary where sub-lines follow their parent account"
nasa_fy2027_budget_estimates,3,National Aeronautics and Space Administration / FY 2027 PRESIDENT'S BUDGET REQUEST SUMMARY,Advanced Exploration Systems,--,--,163.6,163.2,163.2,163.2,163.2,PDF p3 Budget Authority table,"R70 full-extraction pass, parsed from the hosted PDF 2026-09-27; ""--"" = not shown in the new FY2027 structure (FY2025/26 enacted are given only at account level); FY2028-31 are notional; every ""Total Budget"" row was checked against the sum of the lines above it (0 mismatches); pp2-3 are the agency summary where sub-lines follow their parent account"
nasa_fy2027_budget_estimates,3,National Aeronautics and Space Administration / FY 2027 PRESIDENT'S BUDGET REQUEST SUMMARY,Mars Technology,--,--,438.8,529.4,607.0,680.2,643.2,PDF p3 Budget Authority table,"R70 full-extraction pass, parsed from the hosted PDF 2026-09-27; ""--"" = not shown in the new FY2027 structure (FY2025/26 enacted are given only at account level); FY2028-31 are notional; every ""Total Budget"" row was checked against the sum of the lines above it (0 mismatches); pp2-3 are the agency summary where sub-lines follow their parent account"
nasa_fy2027_budget_estimates,3,National Aeronautics and Space Administration / FY 2027 PRESIDENT'S BUDGET REQUEST SUMMARY,Human Research Program,--,--,100.3,80.3,81.1,40.3,40.3,PDF p3 Budget Authority table,"R70 full-extraction pass, parsed from the hosted PDF 2026-09-27; ""--"" = not shown in the new FY2027 structure (FY2025/26 enacted are given only at account level); FY2028-31 are notional; every ""Total Budget"" row was checked against the sum of the lines above it (0 mismatches); pp2-3 are the agency summary where sub-lines follow their parent account"
nasa_fy2027_budget_estimates,3,National Aeronautics and Space Administration / FY 2027 PRESIDENT'S BUDGET REQUEST SUMMARY,Human Exploration Requirements & Architecture,--,--,484.7,1099.4,1764.0,1204.0,1260.0,PDF p3 Budget Authority table,"R70 full-extraction pass, parsed from the hosted PDF 2026-09-27; ""--"" = not shown in the new FY2027 structure (FY2025/26 enacted are given only at account level); FY2028-31 are notional; every ""Total Budget"" row was checked against the sum of the lines above it (0 mismatches); pp2-3 are the agency summary where sub-lines follow their parent account"
nasa_fy2027_budget_estimates,3,National Aeronautics and Space Administration / FY 2027 PRESIDENT'S BUDGET REQUEST SUMMARY,Strategy and Architecture,--,--,113.2,108.9,108.9,108.9,108.9,PDF p3 Budget Authority table,"R70 full-extraction pass, parsed from the hosted PDF 2026-09-27; ""--"" = not shown in the new FY2027 structure (FY2025/26 enacted are given only at account level); FY2028-31 are notional; every ""Total Budget"" row was checked against the sum of the lines above it (0 mismatches); pp2-3 are the agency summary where sub-lines follow their parent account"
nasa_fy2027_budget_estimates,3,National Aeronautics and Space Administration / FY 2027 PRESIDENT'S BUDGET REQUEST SUMMARY,Future Systems,--,--,371.5,990.4,1655.1,1095.1,1151.1,PDF p3 Budget Authority table,"R70 full-extraction pass, parsed from the hosted PDF 2026-09-27; ""--"" = not shown in the new FY2027 structure (FY2025/26 enacted are given only at account level); FY2028-31 are notional; every ""Total Budget"" row was checked against the sum of the lines above it (0 mismatches); pp2-3 are the agency summary where sub-lines follow their parent account"
nasa_fy2027_budget_estimates,3,National Aeronautics and Space Administration / FY 2027 PRESIDENT'S BUDGET REQUEST SUMMARY,Space Operations,4220.0,4175.0,3047.2,3047.2,3347.2,3347.2,3347.2,PDF p3 Budget Authority table,"R70 full-extraction pass, parsed from the hosted PDF 2026-09-27; ""--"" = not shown in the new FY2027 structure (FY2025/26 enacted are given only at account level); FY2028-31 are notional; every ""Total Budget"" row was checked against the sum of the lines above it (0 mismatches); pp2-3 are the agency summary where sub-lines follow their parent account"
nasa_fy2027_budget_estimates,3,National Aeronautics and Space Administration / FY 2027 PRESIDENT'S BUDGET REQUEST SUMMARY,Commercial LEO Development,--,--,299.7,299.8,599.8,599.8,1577.2,PDF p3 Budget Authority table,"R70 full-extraction pass, parsed from the hosted PDF 2026-09-27; ""--"" = not shown in the new FY2027 structure (FY2025/26 enacted are given only at account level); FY2028-31 are notional; every ""Total Budget"" row was checked against the sum of the lines above it (0 mismatches); pp2-3 are the agency summary where sub-lines follow their parent account"
nasa_fy2027_budget_estimates,3,National Aeronautics and Space Administration / FY 2027 PRESIDENT'S BUDGET REQUEST SUMMARY,International Space Station,--,--,921.2,921.2,921.3,921.3,921.3,PDF p3 Budget Authority table,"R70 full-extraction pass, parsed from the hosted PDF 2026-09-27; ""--"" = not shown in the new FY2027 structure (FY2025/26 enacted are given only at account level); FY2028-31 are notional; every ""Total Budget"" row was checked against the sum of the lines above it (0 mismatches); pp2-3 are the agency summary where sub-lines follow their parent account"
nasa_fy2027_budget_estimates,3,National Aeronautics and Space Administration / FY 2027 PRESIDENT'S BUDGET REQUEST SUMMARY,Space Transportation,--,--,1152.5,1152.4,1152.3,1152.3,174.7,PDF p3 Budget Authority table,"R70 full-extraction pass, parsed from the hosted PDF 2026-09-27; ""--"" = not shown in the new FY2027 structure (FY2025/26 enacted are given only at account level); FY2028-31 are notional; every ""Total Budget"" row was checked against the sum of the lines above it (0 mismatches); pp2-3 are the agency summary where sub-lines follow their parent account"
nasa_fy2027_budget_estimates,3,National Aeronautics and Space Administration / FY 2027 PRESIDENT'S BUDGET REQUEST SUMMARY,Crew and Cargo Program,--,--,1070.9,1070.9,1070.8,1070.8,93.2,PDF p3 Budget Authority table,"R70 full-extraction pass, parsed from the hosted PDF 2026-09-27; ""--"" = not shown in the new FY2027 structure (FY2025/26 enacted are given only at account level); FY2028-31 are notional; every ""Total Budget"" row was checked against the sum of the lines above it (0 mismatches); pp2-3 are the agency summary where sub-lines follow their parent account"
nasa_fy2027_budget_estimates,3,National Aeronautics and Space Administration / FY 2027 PRESIDENT'S BUDGET REQUEST SUMMARY,Commercial Crew Program,--,--,81.6,81.5,81.5,81.5,81.6,PDF p3 Budget Authority table,"R70 full-extraction pass, parsed from the hosted PDF 2026-09-27; ""--"" = not shown in the new FY2027 structure (FY2025/26 enacted are given only at account level); FY2028-31 are notional; every ""Total Budget"" row was checked against the sum of the lines above it (0 mismatches); pp2-3 are the agency summary where sub-lines follow their parent account"
nasa_fy2027_budget_estimates,3,National Aeronautics and Space Administration / FY 2027 PRESIDENT'S BUDGET REQUEST SUMMARY,Space and Flight Support (SFS),--,--,673.8,673.8,673.8,673.8,674.0,PDF p3 Budget Authority table,"R70 full-extraction pass, parsed from the hosted PDF 2026-09-27; ""--"" = not shown in the new FY2027 structure (FY2025/26 enacted are given only at account level); FY2028-31 are notional; every ""Total Budget"" row was checked against the sum of the lines above it (0 mismatches); pp2-3 are the agency summary where sub-lines follow their parent account"
nasa_fy2027_budget_estimates,3,National Aeronautics and Space Administration / FY 2027 PRESIDENT'S BUDGET REQUEST SUMMARY,Space Communications and Navigation,--,--,453.3,453.3,453.3,453.3,453.4,PDF p3 Budget Authority table,"R70 full-extraction pass, parsed from the hosted PDF 2026-09-27; ""--"" = not shown in the new FY2027 structure (FY2025/26 enacted are given only at account level); FY2028-31 are notional; every ""Total Budget"" row was checked against the sum of the lines above it (0 mismatches); pp2-3 are the agency summary where sub-lines follow their parent account"
nasa_fy2027_budget_estimates,3,National Aeronautics and Space Administration / FY 2027 PRESIDENT'S BUDGET REQUEST SUMMARY,Communications Services Program,--,--,59.4,59.4,59.4,59.4,59.5,PDF p3 Budget Authority table,"R70 full-extraction pass, parsed from the hosted PDF 2026-09-27; ""--"" = not shown in the new FY2027 structure (FY2025/26 enacted are given only at account level); FY2028-31 are notional; every ""Total Budget"" row was checked against the sum of the lines above it (0 mismatches); pp2-3 are the agency summary where sub-lines follow their parent account"
nasa_fy2027_budget_estimates,3,National Aeronautics and Space Administration / FY 2027 PRESIDENT'S BUDGET REQUEST SUMMARY,Human Space Flight Operations,--,--,80.3,80.3,80.3,80.3,80.3,PDF p3 Budget Authority table,"R70 full-extraction pass, parsed from the hosted PDF 2026-09-27; ""--"" = not shown in the new FY2027 structure (FY2025/26 enacted are given only at account level); FY2028-31 are notional; every ""Total Budget"" row was checked against the sum of the lines above it (0 mismatches); pp2-3 are the agency summary where sub-lines follow their parent account"
nasa_fy2027_budget_estimates,3,National Aeronautics and Space Administration / FY 2027 PRESIDENT'S BUDGET REQUEST SUMMARY,Launch Services,--,--,80.8,80.8,80.8,80.8,80.8,PDF p3 Budget Authority table,"R70 full-extraction pass, parsed from the hosted PDF 2026-09-27; ""--"" = not shown in the new FY2027 structure (FY2025/26 enacted are given only at account level); FY2028-31 are notional; every ""Total Budget"" row was checked against the sum of the lines above it (0 mismatches); pp2-3 are the agency summary where sub-lines follow their parent account"
nasa_fy2027_budget_estimates,3,National Aeronautics and Space Administration / FY 2027 PRESIDENT'S BUDGET REQUEST SUMMARY,Space Technology,1100.0,920.5,624.3,644.3,664.3,684.3,704.3,PDF p3 Budget Authority table,"R70 full-extraction pass, parsed from the hosted PDF 2026-09-27; ""--"" = not shown in the new FY2027 structure (FY2025/26 enacted are given only at account level); FY2028-31 are notional; every ""Total Budget"" row was checked against the sum of the lines above it (0 mismatches); pp2-3 are the agency summary where sub-lines follow their parent account"
nasa_fy2027_budget_estimates,3,National Aeronautics and Space Administration / FY 2027 PRESIDENT'S BUDGET REQUEST SUMMARY,SBIR and STTR,--,--,169.0,169.0,169.0,169.0,169.0,PDF p3 Budget Authority table,"R70 full-extraction pass, parsed from the hosted PDF 2026-09-27; ""--"" = not shown in the new FY2027 structure (FY2025/26 enacted are given only at account level); FY2028-31 are notional; every ""Total Budget"" row was checked against the sum of the lines above it (0 mismatches); pp2-3 are the agency summary where sub-lines follow their parent account"
nasa_fy2027_budget_estimates,3,National Aeronautics and Space Administration / FY 2027 PRESIDENT'S BUDGET REQUEST SUMMARY,Space Transportation (GO),--,--,86.1,105.3,117.2,135.2,151.3,PDF p3 Budget Authority table,"R70 full-extraction pass, parsed from the hosted PDF 2026-09-27; ""--"" = not shown in the new FY2027 structure (FY2025/26 enacted are given only at account level); FY2028-31 are notional; every ""Total Budget"" row was checked against the sum of the lines above it (0 mismatches); pp2-3 are the agency summary where sub-lines follow their parent account"
nasa_fy2027_budget_estimates,3,National Aeronautics and Space Administration / FY 2027 PRESIDENT'S BUDGET REQUEST SUMMARY,Solar Electric Propulsion,--,--,7.2,--,--,--,--,PDF p3 Budget Authority table,"R70 full-extraction pass, parsed from the hosted PDF 2026-09-27; ""--"" = not shown in the new FY2027 structure (FY2025/26 enacted are given only at account level); FY2028-31 are notional; every ""Total Budget"" row was checked against the sum of the lines above it (0 mismatches); pp2-3 are the agency summary where sub-lines follow their parent account"
nasa_fy2027_budget_estimates,3,National Aeronautics and Space Administration / FY 2027 PRESIDENT'S BUDGET REQUEST SUMMARY,Space to Surface Access (LAND),--,--,46.5,47.4,50.6,50.9,53.2,PDF p3 Budget Authority table,"R70 full-extraction pass, parsed from the hosted PDF 2026-09-27; ""--"" = not shown in the new FY2027 structure (FY2025/26 enacted are given only at account level); FY2028-31 are notional; every ""Total Budget"" row was checked against the sum of the lines above it (0 mismatches); pp2-3 are the agency summary where sub-lines follow their parent account"
nasa_fy2027_budget_estimates,3,National Aeronautics and Space Administration / FY 2027 PRESIDENT'S BUDGET REQUEST SUMMARY,Surface Infrastructure & Exploration (LIVE),--,--,100.9,100.8,103.9,105.5,105.6,PDF p3 Budget Authority table,"R70 full-extraction pass, parsed from the hosted PDF 2026-09-27; ""--"" = not shown in the new FY2027 structure (FY2025/26 enacted are given only at account level); FY2028-31 are notional; every ""Total Budget"" row was checked against the sum of the lines above it (0 mismatches); pp2-3 are the agency summary where sub-lines follow their parent account"
nasa_fy2027_budget_estimates,4,National Aeronautics and Space Administration / FY 2027 PRESIDENT'S BUDGET REQUEST SUMMARY,In-Space Infrastructure & Discovery (EXPAND),--,--,66.8,66.8,67.2,67.2,68.0,PDF p4 Budget Authority table,"R70 full-extraction pass, parsed from the hosted PDF 2026-09-27; ""--"" = not shown in the new FY2027 structure (FY2025/26 enacted are given only at account level); FY2028-31 are notional; every ""Total Budget"" row was checked against the sum of the lines above it (0 mismatches); pp2-3 are the agency summary where sub-lines follow their parent account"
nasa_fy2027_budget_estimates,4,National Aeronautics and Space Administration / FY 2027 PRESIDENT'S BUDGET REQUEST SUMMARY,Foundational Capabilities (ENABLE),--,--,24.4,24.5,25.8,25.9,26.6,PDF p4 Budget Authority table,"R70 full-extraction pass, parsed from the hosted PDF 2026-09-27; ""--"" = not shown in the new FY2027 structure (FY2025/26 enacted are given only at account level); FY2028-31 are notional; every ""Total Budget"" row was checked against the sum of the lines above it (0 mismatches); pp2-3 are the agency summary where sub-lines follow their parent account"
nasa_fy2027_budget_estimates,4,National Aeronautics and Space Administration / FY 2027 PRESIDENT'S BUDGET REQUEST SUMMARY,Catalysts & Innovative Mechanisms,--,--,130.7,130.5,130.7,130.7,130.7,PDF p4 Budget Authority table,"R70 full-extraction pass, parsed from the hosted PDF 2026-09-27; ""--"" = not shown in the new FY2027 structure (FY2025/26 enacted are given only at account level); FY2028-31 are notional; every ""Total Budget"" row was checked against the sum of the lines above it (0 mismatches); pp2-3 are the agency summary where sub-lines follow their parent account"
nasa_fy2027_budget_estimates,4,National Aeronautics and Space Administration / FY 2027 PRESIDENT'S BUDGET REQUEST SUMMARY,Science,7334.2,7250.0,3893.9,3893.9,3893.9,3893.9,3893.9,PDF p4 Budget Authority table,"R70 full-extraction pass, parsed from the hosted PDF 2026-09-27; ""--"" = not shown in the new FY2027 structure (FY2025/26 enacted are given only at account level); FY2028-31 are notional; every ""Total Budget"" row was checked against the sum of the lines above it (0 mismatches); pp2-3 are the agency summary where sub-lines follow their parent account"
nasa_fy2027_budget_estimates,4,National Aeronautics and Space Administration / FY 2027 PRESIDENT'S BUDGET REQUEST SUMMARY,Earth Science,--,--,1021.2,1102.7,1080.7,1022.3,1019.9,PDF p4 Budget Authority table,"R70 full-extraction pass, parsed from the hosted PDF 2026-09-27; ""--"" = not shown in the new FY2027 structure (FY2025/26 enacted are given only at account level); FY2028-31 are notional; every ""Total Budget"" row was checked against the sum of the lines above it (0 mismatches); pp2-3 are the agency summary where sub-lines follow their parent account"
nasa_fy2027_budget_estimates,4,National Aeronautics and Space Administration / FY 2027 PRESIDENT'S BUDGET REQUEST SUMMARY,Earth Science Research,--,--,260.3,264.6,265.4,266.2,266.2,PDF p4 Budget Authority table,"R70 full-extraction pass, parsed from the hosted PDF 2026-09-27; ""--"" = not shown in the new FY2027 structure (FY2025/26 enacted are given only at account level); FY2028-31 are notional; every ""Total Budget"" row was checked against the sum of the lines above it (0 mismatches); pp2-3 are the agency summary where sub-lines follow their parent account"
nasa_fy2027_budget_estimates,4,National Aeronautics and Space Administration / FY 2027 PRESIDENT'S BUDGET REQUEST SUMMARY,Earth Science Research and Analysis,--,--,163.8,163.0,163.8,164.7,164.7,PDF p4 Budget Authority table,"R70 full-extraction pass, parsed from the hosted PDF 2026-09-27; ""--"" = not shown in the new FY2027 structure (FY2025/26 enacted are given only at account level); FY2028-31 are notional; every ""Total Budget"" row was checked against the sum of the lines above it (0 mismatches); pp2-3 are the agency summary where sub-lines follow their parent account"
nasa_fy2027_budget_estimates,4,National Aeronautics and Space Administration / FY 2027 PRESIDENT'S BUDGET REQUEST SUMMARY,Computing and Management,--,--,96.5,101.5,101.5,101.5,101.5,PDF p4 Budget Authority table,"R70 full-extraction pass, parsed from the hosted PDF 2026-09-27; ""--"" = not shown in the new FY2027 structure (FY2025/26 enacted are given only at account level); FY2028-31 are notional; every ""Total Budget"" row was checked against the sum of the lines above it (0 mismatches); pp2-3 are the agency summary where sub-lines follow their parent account"
nasa_fy2027_budget_estimates,4,National Aeronautics and Space Administration / FY 2027 PRESIDENT'S BUDGET REQUEST SUMMARY,Earth System Explorers and Ventures,--,--,495.4,556.6,531.0,472.4,469.1,PDF p4 Budget Authority table,"R70 full-extraction pass, parsed from the hosted PDF 2026-09-27; ""--"" = not shown in the new FY2027 structure (FY2025/26 enacted are given only at account level); FY2028-31 are notional; every ""Total Budget"" row was checked against the sum of the lines above it (0 mismatches); pp2-3 are the agency summary where sub-lines follow their parent account"
nasa_fy2027_budget_estimates,4,National Aeronautics and Space Administration / FY 2027 PRESIDENT'S BUDGET REQUEST SUMMARY,GRACE-Continuity,--,--,68.6,70.9,44.1,14.1,14.4,PDF p4 Budget Authority table,"R70 full-extraction pass, parsed from the hosted PDF 2026-09-27; ""--"" = not shown in the new FY2027 structure (FY2025/26 enacted are given only at account level); FY2028-31 are notional; every ""Total Budget"" row was checked against the sum of the lines above it (0 mismatches); pp2-3 are the agency summary where sub-lines follow their parent account"
nasa_fy2027_budget_estimates,4,National Aeronautics and Space Administration / FY 2027 PRESIDENT'S BUDGET REQUEST SUMMARY,Other Missions and Data Analysis,--,--,426.8,485.7,487.0,458.3,454.7,PDF p4 Budget Authority table,"R70 full-extraction pass, parsed from the hosted PDF 2026-09-27; ""--"" = not shown in the new FY2027 structure (FY2025/26 enacted are given only at account level); FY2028-31 are notional; every ""Total Budget"" row was checked against the sum of the lines above it (0 mismatches); pp2-3 are the agency summary where sub-lines follow their parent account"
nasa_fy2027_budget_estimates,4,National Aeronautics and Space Administration / FY 2027 PRESIDENT'S BUDGET REQUEST SUMMARY,Earth Science Data Systems,--,--,124.8,124.9,126.9,127.0,127.2,PDF p4 Budget Authority table,"R70 full-extraction pass, parsed from the hosted PDF 2026-09-27; ""--"" = not shown in the new FY2027 structure (FY2025/26 enacted are given only at account level); FY2028-31 are notional; every ""Total Budget"" row was checked against the sum of the lines above it (0 mismatches); pp2-3 are the agency summary where sub-lines follow their parent account"
nasa_fy2027_budget_estimates,4,National Aeronautics and Space Administration / FY 2027 PRESIDENT'S BUDGET REQUEST SUMMARY,Earth Science Technology,--,--,33.0,49.7,49.7,49.7,49.7,PDF p4 Budget Authority table,"R70 full-extraction pass, parsed from the hosted PDF 2026-09-27; ""--"" = not shown in the new FY2027 structure (FY2025/26 enacted are given only at account level); FY2028-31 are notional; every ""Total Budget"" row was checked against the sum of the lines above it (0 mismatches); pp2-3 are the agency summary where sub-lines follow their parent account"
nasa_fy2027_budget_estimates,4,National Aeronautics and Space Administration / FY 2027 PRESIDENT'S BUDGET REQUEST SUMMARY,Applied and Responsive Earth Science,--,--,107.7,106.9,107.7,106.9,107.7,PDF p4 Budget Authority table,"R70 full-extraction pass, parsed from the hosted PDF 2026-09-27; ""--"" = not shown in the new FY2027 structure (FY2025/26 enacted are given only at account level); FY2028-31 are notional; every ""Total Budget"" row was checked against the sum of the lines above it (0 mismatches); pp2-3 are the agency summary where sub-lines follow their parent account"
nasa_fy2027_budget_estimates,4,National Aeronautics and Space Administration / FY 2027 PRESIDENT'S BUDGET REQUEST SUMMARY,Planetary Science,--,--,1875.7,1847.2,1819.2,1884.6,1885.7,PDF p4 Budget Authority table,"R70 full-extraction pass, parsed from the hosted PDF 2026-09-27; ""--"" = not shown in the new FY2027 structure (FY2025/26 enacted are given only at account level); FY2028-31 are notional; every ""Total Budget"" row was checked against the sum of the lines above it (0 mismatches); pp2-3 are the agency summary where sub-lines follow their parent account"
nasa_fy2027_budget_estimates,4,National Aeronautics and Space Administration / FY 2027 PRESIDENT'S BUDGET REQUEST SUMMARY,Planetary Science Research,--,--,319.9,370.6,438.9,438.3,408.1,PDF p4 Budget Authority table,"R70 full-extraction pass, parsed from the hosted PDF 2026-09-27; ""--"" = not shown in the new FY2027 structure (FY2025/26 enacted are given only at account level); FY2028-31 are notional; every ""Total Budget"" row was checked against the sum of the lines above it (0 mismatches); pp2-3 are the agency summary where sub-lines follow their parent account"
nasa_fy2027_budget_estimates,4,National Aeronautics and Space Administration / FY 2027 PRESIDENT'S BUDGET REQUEST SUMMARY,Planetary Science Research and Analysis,--,--,154.6,187.8,249.7,247.6,213.2,PDF p4 Budget Authority table,"R70 full-extraction pass, parsed from the hosted PDF 2026-09-27; ""--"" = not shown in the new FY2027 structure (FY2025/26 enacted are given only at account level); FY2028-31 are notional; every ""Total Budget"" row was checked against the sum of the lines above it (0 mismatches); pp2-3 are the agency summary where sub-lines follow their parent account"
nasa_fy2027_budget_estimates,4,National Aeronautics and Space Administration / FY 2027 PRESIDENT'S BUDGET REQUEST SUMMARY,Other Missions and Data Analysis,--,--,165.3,182.8,189.2,190.7,194.8,PDF p4 Budget Authority table,"R70 full-extraction pass, parsed from the hosted PDF 2026-09-27; ""--"" = not shown in the new FY2027 structure (FY2025/26 enacted are given only at account level); FY2028-31 are notional; every ""Total Budget"" row was checked against the sum of the lines above it (0 mismatches); pp2-3 are the agency summary where sub-lines follow their parent account"
nasa_fy2027_budget_estimates,4,National Aeronautics and Space Administration / FY 2027 PRESIDENT'S BUDGET REQUEST SUMMARY,Planetary Defense,--,--,324.7,86.6,83.6,83.5,84.7,PDF p4 Budget Authority table,"R70 full-extraction pass, parsed from the hosted PDF 2026-09-27; ""--"" = not shown in the new FY2027 structure (FY2025/26 enacted are given only at account level); FY2028-31 are notional; every ""Total Budget"" row was checked against the sum of the lines above it (0 mismatches); pp2-3 are the agency summary where sub-lines follow their parent account"
nasa_fy2027_budget_estimates,4,National Aeronautics and Space Administration / FY 2027 PRESIDENT'S BUDGET REQUEST SUMMARY,NEO Surveyor,--,--,283.7,41.4,36.1,36.0,36.0,PDF p4 Budget Authority table,"R70 full-extraction pass, parsed from the hosted PDF 2026-09-27; ""--"" = not shown in the new FY2027 structure (FY2025/26 enacted are given only at account level); FY2028-31 are notional; every ""Total Budget"" row was checked against the sum of the lines above it (0 mismatches); pp2-3 are the agency summary where sub-lines follow their parent account"
nasa_fy2027_budget_estimates,4,National Aeronautics and Space Administration / FY 2027 PRESIDENT'S BUDGET REQUEST SUMMARY,Other Missions and Data Analysis,--,--,41.0,45.2,47.5,47.5,48.7,PDF p4 Budget Authority table,"R70 full-extraction pass, parsed from the hosted PDF 2026-09-27; ""--"" = not shown in the new FY2027 structure (FY2025/26 enacted are given only at account level); FY2028-31 are notional; every ""Total Budget"" row was checked against the sum of the lines above it (0 mismatches); pp2-3 are the agency summary where sub-lines follow their parent account"
nasa_fy2027_budget_estimates,4,National Aeronautics and Space Administration / FY 2027 PRESIDENT'S BUDGET REQUEST SUMMARY,Lunar Discovery and Exploration,--,--,204.0,218.8,234.2,234.6,234.6,PDF p4 Budget Authority table,"R70 full-extraction pass, parsed from the hosted PDF 2026-09-27; ""--"" = not shown in the new FY2027 structure (FY2025/26 enacted are given only at account level); FY2028-31 are notional; every ""Total Budget"" row was checked against the sum of the lines above it (0 mismatches); pp2-3 are the agency summary where sub-lines follow their parent account"
nasa_fy2027_budget_estimates,4,National Aeronautics and Space Administration / FY 2027 PRESIDENT'S BUDGET REQUEST SUMMARY,Other Missions and Data Analysis,--,--,204.0,218.8,234.2,234.6,234.6,PDF p4 Budget Authority table,"R70 full-extraction pass, parsed from the hosted PDF 2026-09-27; ""--"" = not shown in the new FY2027 structure (FY2025/26 enacted are given only at account level); FY2028-31 are notional; every ""Total Budget"" row was checked against the sum of the lines above it (0 mismatches); pp2-3 are the agency summary where sub-lines follow their parent account"
nasa_fy2027_budget_estimates,4,National Aeronautics and Space Administration / FY 2027 PRESIDENT'S BUDGET REQUEST SUMMARY,Discovery,--,--,111.5,170.0,169.5,165.1,151.2,PDF p4 Budget Authority table,"R70 full-extraction pass, parsed from the hosted PDF 2026-09-27; ""--"" = not shown in the new FY2027 structure (FY2025/26 enacted are given only at account level); FY2028-31 are notional; every ""Total Budget"" row was checked against the sum of the lines above it (0 mismatches); pp2-3 are the agency summary where sub-lines follow their parent account"
nasa_fy2027_budget_estimates,4,National Aeronautics and Space Administration / FY 2027 PRESIDENT'S BUDGET REQUEST SUMMARY,Other Missions and Data Analysis,--,--,111.5,170.0,169.5,165.1,151.2,PDF p4 Budget Authority table,"R70 full-extraction pass, parsed from the hosted PDF 2026-09-27; ""--"" = not shown in the new FY2027 structure (FY2025/26 enacted are given only at account level); FY2028-31 are notional; every ""Total Budget"" row was checked against the sum of the lines above it (0 mismatches); pp2-3 are the agency summary where sub-lines follow their parent account"
nasa_fy2027_budget_estimates,4,National Aeronautics and Space Administration / FY 2027 PRESIDENT'S BUDGET REQUEST SUMMARY,New Frontiers,--,--,430.3,413.9,309.2,382.1,466.5,PDF p4 Budget Authority table,"R70 full-extraction pass, parsed from the hosted PDF 2026-09-27; ""--"" = not shown in the new FY2027 structure (FY2025/26 enacted are given only at account level); FY2028-31 are notional; every ""Total Budget"" row was checked against the sum of the lines above it (0 mismatches); pp2-3 are the agency summary where sub-lines follow their parent account"
nasa_fy2027_budget_estimates,4,National Aeronautics and Space Administration / FY 2027 PRESIDENT'S BUDGET REQUEST SUMMARY,Dragonfly,--,--,423.9,344.2,46.6,44.2,30.9,PDF p4 Budget Authority table,"R70 full-extraction pass, parsed from the hosted PDF 2026-09-27; ""--"" = not shown in the new FY2027 structure (FY2025/26 enacted are given only at account level); FY2028-31 are notional; every ""Total Budget"" row was checked against the sum of the lines above it (0 mismatches); pp2-3 are the agency summary where sub-lines follow their parent account"
nasa_fy2027_budget_estimates,4,National Aeronautics and Space Administration / FY 2027 PRESIDENT'S BUDGET REQUEST SUMMARY,Other Missions and Data Analysis,--,--,6.4,69.7,262.6,337.9,435.6,PDF p4 Budget Authority table,"R70 full-extraction pass, parsed from the hosted PDF 2026-09-27; ""--"" = not shown in the new FY2027 structure (FY2025/26 enacted are given only at account level); FY2028-31 are notional; every ""Total Budget"" row was checked against the sum of the lines above it (0 mismatches); pp2-3 are the agency summary where sub-lines follow their parent account"
nasa_fy2027_budget_estimates,4,National Aeronautics and Space Administration / FY 2027 PRESIDENT'S BUDGET REQUEST SUMMARY,Mars Exploration,--,--,248.3,310.0,415.3,381.0,320.4,PDF p4 Budget Authority table,"R70 full-extraction pass, parsed from the hosted PDF 2026-09-27; ""--"" = not shown in the new FY2027 structure (FY2025/26 enacted are given only at account level); FY2028-31 are notional; every ""Total Budget"" row was checked against the sum of the lines above it (0 mismatches); pp2-3 are the agency summary where sub-lines follow their parent account"
nasa_fy2027_budget_estimates,4,National Aeronautics and Space Administration / FY 2027 PRESIDENT'S BUDGET REQUEST SUMMARY,Other Missions and Data Analysis,--,--,248.3,310.0,415.3,381.0,320.4,PDF p4 Budget Authority table,"R70 full-extraction pass, parsed from the hosted PDF 2026-09-27; ""--"" = not shown in the new FY2027 structure (FY2025/26 enacted are given only at account level); FY2028-31 are notional; every ""Total Budget"" row was checked against the sum of the lines above it (0 mismatches); pp2-3 are the agency summary where sub-lines follow their parent account"
nasa_fy2027_budget_estimates,4,National Aeronautics and Space Administration / FY 2027 PRESIDENT'S BUDGET REQUEST SUMMARY,Outer Planets and Ocean Worlds,--,--,101.8,126.5,168.6,200.0,220.1,PDF p4 Budget Authority table,"R70 full-extraction pass, parsed from the hosted PDF 2026-09-27; ""--"" = not shown in the new FY2027 structure (FY2025/26 enacted are given only at account level); FY2028-31 are notional; every ""Total Budget"" row was checked against the sum of the lines above it (0 mismatches); pp2-3 are the agency summary where sub-lines follow their parent account"
nasa_fy2027_budget_estimates,4,National Aeronautics and Space Administration / FY 2027 PRESIDENT'S BUDGET REQUEST SUMMARY,Other Missions and Data Analysis,--,--,101.8,126.5,168.6,200.0,220.1,PDF p4 Budget Authority table,"R70 full-extraction pass, parsed from the hosted PDF 2026-09-27; ""--"" = not shown in the new FY2027 structure (FY2025/26 enacted are given only at account level); FY2028-31 are notional; every ""Total Budget"" row was checked against the sum of the lines above it (0 mismatches); pp2-3 are the agency summary where sub-lines follow their parent account"
nasa_fy2027_budget_estimates,4,National Aeronautics and Space Administration / FY 2027 PRESIDENT'S BUDGET REQUEST SUMMARY,Radioisotope Power,--,--,135.3,150.9,--,--,--,PDF p4 Budget Authority table,"R70 full-extraction pass, parsed from the hosted PDF 2026-09-27; ""--"" = not shown in the new FY2027 structure (FY2025/26 enacted are given only at account level); FY2028-31 are notional; every ""Total Budget"" row was checked against the sum of the lines above it (0 mismatches); pp2-3 are the agency summary where sub-lines follow their parent account"
nasa_fy2027_budget_estimates,4,National Aeronautics and Space Administration / FY 2027 PRESIDENT'S BUDGET REQUEST SUMMARY,Astrophysics,--,--,552.4,510.4,530.4,523.4,524.7,PDF p4 Budget Authority table,"R70 full-extraction pass, parsed from the hosted PDF 2026-09-27; ""--"" = not shown in the new FY2027 structure (FY2025/26 enacted are given only at account level); FY2028-31 are notional; every ""Total Budget"" row was checked against the sum of the lines above it (0 mismatches); pp2-3 are the agency summary where sub-lines follow their parent account"
nasa_fy2027_budget_estimates,4,National Aeronautics and Space Administration / FY 2027 PRESIDENT'S BUDGET REQUEST SUMMARY,Astrophysics Research,--,--,108.0,109.1,109.1,109.1,109.1,PDF p4 Budget Authority table,"R70 full-extraction pass, parsed from the hosted PDF 2026-09-27; ""--"" = not shown in the new FY2027 structure (FY2025/26 enacted are given only at account level); FY2028-31 are notional; every ""Total Budget"" row was checked against the sum of the lines above it (0 mismatches); pp2-3 are the agency summary where sub-lines follow their parent account"
nasa_fy2027_budget_estimates,4,National Aeronautics and Space Administration / FY 2027 PRESIDENT'S BUDGET REQUEST SUMMARY,Astrophysics Research and Analysis,--,--,46.6,47.7,47.7,47.7,47.7,PDF p4 Budget Authority table,"R70 full-extraction pass, parsed from the hosted PDF 2026-09-27; ""--"" = not shown in the new FY2027 structure (FY2025/26 enacted are given only at account level); FY2028-31 are notional; every ""Total Budget"" row was checked against the sum of the lines above it (0 mismatches); pp2-3 are the agency summary where sub-lines follow their parent account"
nasa_fy2027_budget_estimates,4,National Aeronautics and Space Administration / FY 2027 PRESIDENT'S BUDGET REQUEST SUMMARY,Balloon Project,--,--,15.0,15.0,15.0,15.0,15.0,PDF p4 Budget Authority table,"R70 full-extraction pass, parsed from the hosted PDF 2026-09-27; ""--"" = not shown in the new FY2027 structure (FY2025/26 enacted are given only at account level); FY2028-31 are notional; every ""Total Budget"" row was checked against the sum of the lines above it (0 mismatches); pp2-3 are the agency summary where sub-lines follow their parent account"
nasa_fy2027_budget_estimates,4,National Aeronautics and Space Administration / FY 2027 PRESIDENT'S BUDGET REQUEST SUMMARY,Science Activation,--,--,10.0,10.0,10.0,10.0,10.0,PDF p4 Budget Authority table,"R70 full-extraction pass, parsed from the hosted PDF 2026-09-27; ""--"" = not shown in the new FY2027 structure (FY2025/26 enacted are given only at account level); FY2028-31 are notional; every ""Total Budget"" row was checked against the sum of the lines above it (0 mismatches); pp2-3 are the agency summary where sub-lines follow their parent account"
nasa_fy2027_budget_estimates,4,National Aeronautics and Space Administration / FY 2027 PRESIDENT'S BUDGET REQUEST SUMMARY,Other Missions and Data Analysis,--,--,36.4,36.4,36.4,36.4,36.4,PDF p4 Budget Authority table,"R70 full-extraction pass, parsed from the hosted PDF 2026-09-27; ""--"" = not shown in the new FY2027 structure (FY2025/26 enacted are given only at account level); FY2028-31 are notional; every ""Total Budget"" row was checked against the sum of the lines above it (0 mismatches); pp2-3 are the agency summary where sub-lines follow their parent account"
nasa_fy2027_budget_estimates,4,National Aeronautics and Space Administration / FY 2027 PRESIDENT'S BUDGET REQUEST SUMMARY,Cosmic Origins,--,--,224.7,214.7,214.7,214.7,214.7,PDF p4 Budget Authority table,"R70 full-extraction pass, parsed from the hosted PDF 2026-09-27; ""--"" = not shown in the new FY2027 structure (FY2025/26 enacted are given only at account level); FY2028-31 are notional; every ""Total Budget"" row was checked against the sum of the lines above it (0 mismatches); pp2-3 are the agency summary where sub-lines follow their parent account"
nasa_fy2027_budget_estimates,4,National Aeronautics and Space Administration / FY 2027 PRESIDENT'S BUDGET REQUEST SUMMARY,Hubble Space Telescope (HST),--,--,72.7,72.7,72.7,72.7,72.7,PDF p4 Budget Authority table,"R70 full-extraction pass, parsed from the hosted PDF 2026-09-27; ""--"" = not shown in the new FY2027 structure (FY2025/26 enacted are given only at account level); FY2028-31 are notional; every ""Total Budget"" row was checked against the sum of the lines above it (0 mismatches); pp2-3 are the agency summary where sub-lines follow their parent account"
nasa_fy2027_budget_estimates,4,National Aeronautics and Space Administration / FY 2027 PRESIDENT'S BUDGET REQUEST SUMMARY,James Webb Space Telescope,--,--,140.0,130.0,130.0,130.0,130.0,PDF p4 Budget Authority table,"R70 full-extraction pass, parsed from the hosted PDF 2026-09-27; ""--"" = not shown in the new FY2027 structure (FY2025/26 enacted are given only at account level); FY2028-31 are notional; every ""Total Budget"" row was checked against the sum of the lines above it (0 mismatches); pp2-3 are the agency summary where sub-lines follow their parent account"
nasa_fy2027_budget_estimates,4,National Aeronautics and Space Administration / FY 2027 PRESIDENT'S BUDGET REQUEST SUMMARY,Other Missions and Data Analysis,--,--,12.0,12.0,12.0,12.0,12.0,PDF p4 Budget Authority table,"R70 full-extraction pass, parsed from the hosted PDF 2026-09-27; ""--"" = not shown in the new FY2027 structure (FY2025/26 enacted are given only at account level); FY2028-31 are notional; every ""Total Budget"" row was checked against the sum of the lines above it (0 mismatches); pp2-3 are the agency summary where sub-lines follow their parent account"
nasa_fy2027_budget_estimates,4,National Aeronautics and Space Administration / FY 2027 PRESIDENT'S BUDGET REQUEST SUMMARY,Physics of the Cosmos,--,--,3.8,13.6,17.5,10.5,11.9,PDF p4 Budget Authority table,"R70 full-extraction pass, parsed from the hosted PDF 2026-09-27; ""--"" = not shown in the new FY2027 structure (FY2025/26 enacted are given only at account level); FY2028-31 are notional; every ""Total Budget"" row was checked against the sum of the lines above it (0 mismatches); pp2-3 are the agency summary where sub-lines follow their parent account"
nasa_fy2027_budget_estimates,5,National Aeronautics and Space Administration / FY 2027 PRESIDENT'S BUDGET REQUEST SUMMARY,Other Missions and Data Analysis,--,--,3.8,13.6,17.5,10.5,11.9,PDF p5 Budget Authority table,"R70 full-extraction pass, parsed from the hosted PDF 2026-09-27; ""--"" = not shown in the new FY2027 structure (FY2025/26 enacted are given only at account level); FY2028-31 are notional; every ""Total Budget"" row was checked against the sum of the lines above it (0 mismatches); pp2-3 are the agency summary where sub-lines follow their parent account"
nasa_fy2027_budget_estimates,5,National Aeronautics and Space Administration / FY 2027 PRESIDENT'S BUDGET REQUEST SUMMARY,Exoplanet Exploration,--,--,171.8,124.7,110.7,104.2,104.2,PDF p5 Budget Authority table,"R70 full-extraction pass, parsed from the hosted PDF 2026-09-27; ""--"" = not shown in the new FY2027 structure (FY2025/26 enacted are given only at account level); FY2028-31 are notional; every ""Total Budget"" row was checked against the sum of the lines above it (0 mismatches); pp2-3 are the agency summary where sub-lines follow their parent account"
nasa_fy2027_budget_estimates,5,National Aeronautics and Space Administration / FY 2027 PRESIDENT'S BUDGET REQUEST SUMMARY,Nancy Grace Roman Space Telescope,--,--,166.8,91.4,78.5,73.0,70.9,PDF p5 Budget Authority table,"R70 full-extraction pass, parsed from the hosted PDF 2026-09-27; ""--"" = not shown in the new FY2027 structure (FY2025/26 enacted are given only at account level); FY2028-31 are notional; every ""Total Budget"" row was checked against the sum of the lines above it (0 mismatches); pp2-3 are the agency summary where sub-lines follow their parent account"
nasa_fy2027_budget_estimates,5,National Aeronautics and Space Administration / FY 2027 PRESIDENT'S BUDGET REQUEST SUMMARY,Other Missions and Data Analysis,--,--,5.0,33.4,32.2,31.2,33.2,PDF p5 Budget Authority table,"R70 full-extraction pass, parsed from the hosted PDF 2026-09-27; ""--"" = not shown in the new FY2027 structure (FY2025/26 enacted are given only at account level); FY2028-31 are notional; every ""Total Budget"" row was checked against the sum of the lines above it (0 mismatches); pp2-3 are the agency summary where sub-lines follow their parent account"
nasa_fy2027_budget_estimates,5,National Aeronautics and Space Administration / FY 2027 PRESIDENT'S BUDGET REQUEST SUMMARY,Astrophysics Explorer,--,--,44.0,48.2,78.3,84.8,84.8,PDF p5 Budget Authority table,"R70 full-extraction pass, parsed from the hosted PDF 2026-09-27; ""--"" = not shown in the new FY2027 structure (FY2025/26 enacted are given only at account level); FY2028-31 are notional; every ""Total Budget"" row was checked against the sum of the lines above it (0 mismatches); pp2-3 are the agency summary where sub-lines follow their parent account"
nasa_fy2027_budget_estimates,5,National Aeronautics and Space Administration / FY 2027 PRESIDENT'S BUDGET REQUEST SUMMARY,Other Missions and Data Analysis,--,--,44.0,48.2,78.3,84.8,84.8,PDF p5 Budget Authority table,"R70 full-extraction pass, parsed from the hosted PDF 2026-09-27; ""--"" = not shown in the new FY2027 structure (FY2025/26 enacted are given only at account level); FY2028-31 are notional; every ""Total Budget"" row was checked against the sum of the lines above it (0 mismatches); pp2-3 are the agency summary where sub-lines follow their parent account"
nasa_fy2027_budget_estimates,5,National Aeronautics and Space Administration / FY 2027 PRESIDENT'S BUDGET REQUEST SUMMARY,Heliophysics,--,--,419.6,408.6,438.6,438.6,438.6,PDF p5 Budget Authority table,"R70 full-extraction pass, parsed from the hosted PDF 2026-09-27; ""--"" = not shown in the new FY2027 structure (FY2025/26 enacted are given only at account level); FY2028-31 are notional; every ""Total Budget"" row was checked against the sum of the lines above it (0 mismatches); pp2-3 are the agency summary where sub-lines follow their parent account"
nasa_fy2027_budget_estimates,5,National Aeronautics and Space Administration / FY 2027 PRESIDENT'S BUDGET REQUEST SUMMARY,Heliophysics Research,--,--,118.1,120.3,117.8,117.8,117.9,PDF p5 Budget Authority table,"R70 full-extraction pass, parsed from the hosted PDF 2026-09-27; ""--"" = not shown in the new FY2027 structure (FY2025/26 enacted are given only at account level); FY2028-31 are notional; every ""Total Budget"" row was checked against the sum of the lines above it (0 mismatches); pp2-3 are the agency summary where sub-lines follow their parent account"
nasa_fy2027_budget_estimates,5,National Aeronautics and Space Administration / FY 2027 PRESIDENT'S BUDGET REQUEST SUMMARY,Heliophysics Research and Analysis,--,--,37.0,40.2,40.2,40.2,40.2,PDF p5 Budget Authority table,"R70 full-extraction pass, parsed from the hosted PDF 2026-09-27; ""--"" = not shown in the new FY2027 structure (FY2025/26 enacted are given only at account level); FY2028-31 are notional; every ""Total Budget"" row was checked against the sum of the lines above it (0 mismatches); pp2-3 are the agency summary where sub-lines follow their parent account"
nasa_fy2027_budget_estimates,5,National Aeronautics and Space Administration / FY 2027 PRESIDENT'S BUDGET REQUEST SUMMARY,Sounding Rockets,--,--,30.0,30.0,30.0,30.0,30.0,PDF p5 Budget Authority table,"R70 full-extraction pass, parsed from the hosted PDF 2026-09-27; ""--"" = not shown in the new FY2027 structure (FY2025/26 enacted are given only at account level); FY2028-31 are notional; every ""Total Budget"" row was checked against the sum of the lines above it (0 mismatches); pp2-3 are the agency summary where sub-lines follow their parent account"
nasa_fy2027_budget_estimates,5,National Aeronautics and Space Administration / FY 2027 PRESIDENT'S BUDGET REQUEST SUMMARY,Research Range,--,--,10.0,10.0,10.0,10.0,10.0,PDF p5 Budget Authority table,"R70 full-extraction pass, parsed from the hosted PDF 2026-09-27; ""--"" = not shown in the new FY2027 structure (FY2025/26 enacted are given only at account level); FY2028-31 are notional; every ""Total Budget"" row was checked against the sum of the lines above it (0 mismatches); pp2-3 are the agency summary where sub-lines follow their parent account"
nasa_fy2027_budget_estimates,5,National Aeronautics and Space Administration / FY 2027 PRESIDENT'S BUDGET REQUEST SUMMARY,Other Missions and Data Analysis,--,--,41.1,40.1,37.6,37.6,37.7,PDF p5 Budget Authority table,"R70 full-extraction pass, parsed from the hosted PDF 2026-09-27; ""--"" = not shown in the new FY2027 structure (FY2025/26 enacted are given only at account level); FY2028-31 are notional; every ""Total Budget"" row was checked against the sum of the lines above it (0 mismatches); pp2-3 are the agency summary where sub-lines follow their parent account"
nasa_fy2027_budget_estimates,5,National Aeronautics and Space Administration / FY 2027 PRESIDENT'S BUDGET REQUEST SUMMARY,Living with a Star,--,--,100.5,98.9,89.8,90.1,88.7,PDF p5 Budget Authority table,"R70 full-extraction pass, parsed from the hosted PDF 2026-09-27; ""--"" = not shown in the new FY2027 structure (FY2025/26 enacted are given only at account level); FY2028-31 are notional; every ""Total Budget"" row was checked against the sum of the lines above it (0 mismatches); pp2-3 are the agency summary where sub-lines follow their parent account"
nasa_fy2027_budget_estimates,5,National Aeronautics and Space Administration / FY 2027 PRESIDENT'S BUDGET REQUEST SUMMARY,Other Missions and Data Analysis,--,--,100.5,98.9,89.8,90.1,88.7,PDF p5 Budget Authority table,"R70 full-extraction pass, parsed from the hosted PDF 2026-09-27; ""--"" = not shown in the new FY2027 structure (FY2025/26 enacted are given only at account level); FY2028-31 are notional; every ""Total Budget"" row was checked against the sum of the lines above it (0 mismatches); pp2-3 are the agency summary where sub-lines follow their parent account"
nasa_fy2027_budget_estimates,5,National Aeronautics and Space Administration / FY 2027 PRESIDENT'S BUDGET REQUEST SUMMARY,Heliophysics Explorer Program,--,--,123.0,92.0,126.7,126.0,120.9,PDF p5 Budget Authority table,"R70 full-extraction pass, parsed from the hosted PDF 2026-09-27; ""--"" = not shown in the new FY2027 structure (FY2025/26 enacted are given only at account level); FY2028-31 are notional; every ""Total Budget"" row was checked against the sum of the lines above it (0 mismatches); pp2-3 are the agency summary where sub-lines follow their parent account"
nasa_fy2027_budget_estimates,5,National Aeronautics and Space Administration / FY 2027 PRESIDENT'S BUDGET REQUEST SUMMARY,Multi-Slit Solar Explorer,--,--,64.2,16.7,14.8,0.6,--,PDF p5 Budget Authority table,"R70 full-extraction pass, parsed from the hosted PDF 2026-09-27; ""--"" = not shown in the new FY2027 structure (FY2025/26 enacted are given only at account level); FY2028-31 are notional; every ""Total Budget"" row was checked against the sum of the lines above it (0 mismatches); pp2-3 are the agency summary where sub-lines follow their parent account"
nasa_fy2027_budget_estimates,5,National Aeronautics and Space Administration / FY 2027 PRESIDENT'S BUDGET REQUEST SUMMARY,Other Missions and Data Analysis,--,--,58.8,75.3,111.9,125.4,120.9,PDF p5 Budget Authority table,"R70 full-extraction pass, parsed from the hosted PDF 2026-09-27; ""--"" = not shown in the new FY2027 structure (FY2025/26 enacted are given only at account level); FY2028-31 are notional; every ""Total Budget"" row was checked against the sum of the lines above it (0 mismatches); pp2-3 are the agency summary where sub-lines follow their parent account"
nasa_fy2027_budget_estimates,5,National Aeronautics and Space Administration / FY 2027 PRESIDENT'S BUDGET REQUEST SUMMARY,Space Weather,--,--,73.0,92.4,99.3,99.6,106.1,PDF p5 Budget Authority table,"R70 full-extraction pass, parsed from the hosted PDF 2026-09-27; ""--"" = not shown in the new FY2027 structure (FY2025/26 enacted are given only at account level); FY2028-31 are notional; every ""Total Budget"" row was checked against the sum of the lines above it (0 mismatches); pp2-3 are the agency summary where sub-lines follow their parent account"
nasa_fy2027_budget_estimates,5,National Aeronautics and Space Administration / FY 2027 PRESIDENT'S BUDGET REQUEST SUMMARY,Heliophysics Technology,--,--,5.0,5.0,5.0,5.0,5.0,PDF p5 Budget Authority table,"R70 full-extraction pass, parsed from the hosted PDF 2026-09-27; ""--"" = not shown in the new FY2027 structure (FY2025/26 enacted are given only at account level); FY2028-31 are notional; every ""Total Budget"" row was checked against the sum of the lines above it (0 mismatches); pp2-3 are the agency summary where sub-lines follow their parent account"
nasa_fy2027_budget_estimates,5,National Aeronautics and Space Administration / FY 2027 PRESIDENT'S BUDGET REQUEST SUMMARY,Biological and Physical Sciences,--,--,25.0,25.0,25.0,25.0,25.0,PDF p5 Budget Authority table,"R70 full-extraction pass, parsed from the hosted PDF 2026-09-27; ""--"" = not shown in the new FY2027 structure (FY2025/26 enacted are given only at account level); FY2028-31 are notional; every ""Total Budget"" row was checked against the sum of the lines above it (0 mismatches); pp2-3 are the agency summary where sub-lines follow their parent account"
nasa_fy2027_budget_estimates,5,National Aeronautics and Space Administration / FY 2027 PRESIDENT'S BUDGET REQUEST SUMMARY,Aeronautics,935.0,935.0,609.5,609.5,609.5,609.5,609.5,PDF p5 Budget Authority table,"R70 full-extraction pass, parsed from the hosted PDF 2026-09-27; ""--"" = not shown in the new FY2027 structure (FY2025/26 enacted are given only at account level); FY2028-31 are notional; every ""Total Budget"" row was checked against the sum of the lines above it (0 mismatches); pp2-3 are the agency summary where sub-lines follow their parent account"
nasa_fy2027_budget_estimates,5,National Aeronautics and Space Administration / FY 2027 PRESIDENT'S BUDGET REQUEST SUMMARY,Aeronautics,--,--,609.5,609.5,609.5,609.5,609.5,PDF p5 Budget Authority table,"R70 full-extraction pass, parsed from the hosted PDF 2026-09-27; ""--"" = not shown in the new FY2027 structure (FY2025/26 enacted are given only at account level); FY2028-31 are notional; every ""Total Budget"" row was checked against the sum of the lines above it (0 mismatches); pp2-3 are the agency summary where sub-lines follow their parent account"
nasa_fy2027_budget_estimates,5,National Aeronautics and Space Administration / FY 2027 PRESIDENT'S BUDGET REQUEST SUMMARY,Airspace Operations and Safety Program,--,--,96.8,112.8,115.5,117.5,117.5,PDF p5 Budget Authority table,"R70 full-extraction pass, parsed from the hosted PDF 2026-09-27; ""--"" = not shown in the new FY2027 structure (FY2025/26 enacted are given only at account level); FY2028-31 are notional; every ""Total Budget"" row was checked against the sum of the lines above it (0 mismatches); pp2-3 are the agency summary where sub-lines follow their parent account"
nasa_fy2027_budget_estimates,5,National Aeronautics and Space Administration / FY 2027 PRESIDENT'S BUDGET REQUEST SUMMARY,Advanced Air Vehicles Program,--,--,191.1,192.8,186.4,175.6,175.6,PDF p5 Budget Authority table,"R70 full-extraction pass, parsed from the hosted PDF 2026-09-27; ""--"" = not shown in the new FY2027 structure (FY2025/26 enacted are given only at account level); FY2028-31 are notional; every ""Total Budget"" row was checked against the sum of the lines above it (0 mismatches); pp2-3 are the agency summary where sub-lines follow their parent account"
nasa_fy2027_budget_estimates,5,National Aeronautics and Space Administration / FY 2027 PRESIDENT'S BUDGET REQUEST SUMMARY,Integrated Aviation Systems Program,--,--,152.2,95.6,90.2,90.2,90.1,PDF p5 Budget Authority table,"R70 full-extraction pass, parsed from the hosted PDF 2026-09-27; ""--"" = not shown in the new FY2027 structure (FY2025/26 enacted are given only at account level); FY2028-31 are notional; every ""Total Budget"" row was checked against the sum of the lines above it (0 mismatches); pp2-3 are the agency summary where sub-lines follow their parent account"
nasa_fy2027_budget_estimates,5,National Aeronautics and Space Administration / FY 2027 PRESIDENT'S BUDGET REQUEST SUMMARY,Low Boom Flight Demonstrator,--,--,41.3,5.4,--,--,--,PDF p5 Budget Authority table,"R70 full-extraction pass, parsed from the hosted PDF 2026-09-27; ""--"" = not shown in the new FY2027 structure (FY2025/26 enacted are given only at account level); FY2028-31 are notional; every ""Total Budget"" row was checked against the sum of the lines above it (0 mismatches); pp2-3 are the agency summary where sub-lines follow their parent account"
nasa_fy2027_budget_estimates,5,National Aeronautics and Space Administration / FY 2027 PRESIDENT'S BUDGET REQUEST SUMMARY,Transformative Aero Concepts Program,--,--,79.3,113.2,117.3,121.1,121.1,PDF p5 Budget Authority table,"R70 full-extraction pass, parsed from the hosted PDF 2026-09-27; ""--"" = not shown in the new FY2027 structure (FY2025/26 enacted are given only at account level); FY2028-31 are notional; every ""Total Budget"" row was checked against the sum of the lines above it (0 mismatches); pp2-3 are the agency summary where sub-lines follow their parent account"
nasa_fy2027_budget_estimates,5,National Aeronautics and Space Administration / FY 2027 PRESIDENT'S BUDGET REQUEST SUMMARY,Aerosciences Evaluation and Test Capabilities,--,--,90.1,95.1,100.1,105.1,105.2,PDF p5 Budget Authority table,"R70 full-extraction pass, parsed from the hosted PDF 2026-09-27; ""--"" = not shown in the new FY2027 structure (FY2025/26 enacted are given only at account level); FY2028-31 are notional; every ""Total Budget"" row was checked against the sum of the lines above it (0 mismatches); pp2-3 are the agency summary where sub-lines follow their parent account"
nasa_fy2027_budget_estimates,5,National Aeronautics and Space Administration / FY 2027 PRESIDENT'S BUDGET REQUEST SUMMARY,STEM Engagement,143.0,143.0,--,--,--,--,--,PDF p5 Budget Authority table,"R70 full-extraction pass, parsed from the hosted PDF 2026-09-27; ""--"" = not shown in the new FY2027 structure (FY2025/26 enacted are given only at account level); FY2028-31 are notional; every ""Total Budget"" row was checked against the sum of the lines above it (0 mismatches); pp2-3 are the agency summary where sub-lines follow their parent account"
nasa_fy2027_budget_estimates,5,National Aeronautics and Space Administration / FY 2027 PRESIDENT'S BUDGET REQUEST SUMMARY,"Safety, Security, and Mission Services",3092.3,3000.0,1998.6,1998.6,1998.6,1998.6,1998.6,PDF p5 Budget Authority table,"R70 full-extraction pass, parsed from the hosted PDF 2026-09-27; ""--"" = not shown in the new FY2027 structure (FY2025/26 enacted are given only at account level); FY2028-31 are notional; every ""Total Budget"" row was checked against the sum of the lines above it (0 mismatches); pp2-3 are the agency summary where sub-lines follow their parent account"
nasa_fy2027_budget_estimates,5,National Aeronautics and Space Administration / FY 2027 PRESIDENT'S BUDGET REQUEST SUMMARY,Mission Services & Capabilities,--,--,1536.7,1536.7,1536.7,1536.7,1536.7,PDF p5 Budget Authority table,"R70 full-extraction pass, parsed from the hosted PDF 2026-09-27; ""--"" = not shown in the new FY2027 structure (FY2025/26 enacted are given only at account level); FY2028-31 are notional; every ""Total Budget"" row was checked against the sum of the lines above it (0 mismatches); pp2-3 are the agency summary where sub-lines follow their parent account"
nasa_fy2027_budget_estimates,5,National Aeronautics and Space Administration / FY 2027 PRESIDENT'S BUDGET REQUEST SUMMARY,Information Technology (IT),--,--,485.1,485.1,485.1,485.1,485.1,PDF p5 Budget Authority table,"R70 full-extraction pass, parsed from the hosted PDF 2026-09-27; ""--"" = not shown in the new FY2027 structure (FY2025/26 enacted are given only at account level); FY2028-31 are notional; every ""Total Budget"" row was checked against the sum of the lines above it (0 mismatches); pp2-3 are the agency summary where sub-lines follow their parent account"
nasa_fy2027_budget_estimates,5,National Aeronautics and Space Administration / FY 2027 PRESIDENT'S BUDGET REQUEST SUMMARY,Mission Enabling Services,--,--,526.4,526.4,526.4,526.4,526.4,PDF p5 Budget Authority table,"R70 full-extraction pass, parsed from the hosted PDF 2026-09-27; ""--"" = not shown in the new FY2027 structure (FY2025/26 enacted are given only at account level); FY2028-31 are notional; every ""Total Budget"" row was checked against the sum of the lines above it (0 mismatches); pp2-3 are the agency summary where sub-lines follow their parent account"
nasa_fy2027_budget_estimates,5,National Aeronautics and Space Administration / FY 2027 PRESIDENT'S BUDGET REQUEST SUMMARY,Infrastructure & Technical Capabilities,--,--,525.1,525.1,525.1,525.1,525.1,PDF p5 Budget Authority table,"R70 full-extraction pass, parsed from the hosted PDF 2026-09-27; ""--"" = not shown in the new FY2027 structure (FY2025/26 enacted are given only at account level); FY2028-31 are notional; every ""Total Budget"" row was checked against the sum of the lines above it (0 mismatches); pp2-3 are the agency summary where sub-lines follow their parent account"
nasa_fy2027_budget_estimates,5,National Aeronautics and Space Administration / FY 2027 PRESIDENT'S BUDGET REQUEST SUMMARY,"Engineering, Safety, & Operations",--,--,462.0,462.0,462.0,462.0,462.0,PDF p5 Budget Authority table,"R70 full-extraction pass, parsed from the hosted PDF 2026-09-27; ""--"" = not shown in the new FY2027 structure (FY2025/26 enacted are given only at account level); FY2028-31 are notional; every ""Total Budget"" row was checked against the sum of the lines above it (0 mismatches); pp2-3 are the agency summary where sub-lines follow their parent account"
nasa_fy2027_budget_estimates,5,National Aeronautics and Space Administration / FY 2027 PRESIDENT'S BUDGET REQUEST SUMMARY,Agency Technical Authority,--,--,87.9,87.9,87.9,87.9,87.9,PDF p5 Budget Authority table,"R70 full-extraction pass, parsed from the hosted PDF 2026-09-27; ""--"" = not shown in the new FY2027 structure (FY2025/26 enacted are given only at account level); FY2028-31 are notional; every ""Total Budget"" row was checked against the sum of the lines above it (0 mismatches); pp2-3 are the agency summary where sub-lines follow their parent account"
nasa_fy2027_budget_estimates,6,National Aeronautics and Space Administration / FY 2027 PRESIDENT'S BUDGET REQUEST SUMMARY,"Center Engineering, Safety, & Operations",--,--,374.1,374.1,374.1,374.1,374.1,PDF p6 Budget Authority table,"R70 full-extraction pass, parsed from the hosted PDF 2026-09-27; ""--"" = not shown in the new FY2027 structure (FY2025/26 enacted are given only at account level); FY2028-31 are notional; every ""Total Budget"" row was checked against the sum of the lines above it (0 mismatches); pp2-3 are the agency summary where sub-lines follow their parent account"
nasa_fy2027_budget_estimates,6,National Aeronautics and Space Administration / FY 2027 PRESIDENT'S BUDGET REQUEST SUMMARY,Construction and Environmental Compliance and Restoration,300.0,185.3,100.6,100.6,100.6,100.6,100.6,PDF p6 Budget Authority table,"R70 full-extraction pass, parsed from the hosted PDF 2026-09-27; ""--"" = not shown in the new FY2027 structure (FY2025/26 enacted are given only at account level); FY2028-31 are notional; every ""Total Budget"" row was checked against the sum of the lines above it (0 mismatches); pp2-3 are the agency summary where sub-lines follow their parent account"
nasa_fy2027_budget_estimates,6,National Aeronautics and Space Administration / FY 2027 PRESIDENT'S BUDGET REQUEST SUMMARY,Construction of Facilities,--,--,65.5,65.5,65.5,65.5,65.5,PDF p6 Budget Authority table,"R70 full-extraction pass, parsed from the hosted PDF 2026-09-27; ""--"" = not shown in the new FY2027 structure (FY2025/26 enacted are given only at account level); FY2028-31 are notional; every ""Total Budget"" row was checked against the sum of the lines above it (0 mismatches); pp2-3 are the agency summary where sub-lines follow their parent account"
nasa_fy2027_budget_estimates,6,National Aeronautics and Space Administration / FY 2027 PRESIDENT'S BUDGET REQUEST SUMMARY,Institutional CoF,--,--,65.5,65.5,65.5,65.5,65.5,PDF p6 Budget Authority table,"R70 full-extraction pass, parsed from the hosted PDF 2026-09-27; ""--"" = not shown in the new FY2027 structure (FY2025/26 enacted are given only at account level); FY2028-31 are notional; every ""Total Budget"" row was checked against the sum of the lines above it (0 mismatches); pp2-3 are the agency summary where sub-lines follow their parent account"
nasa_fy2027_budget_estimates,6,National Aeronautics and Space Administration / FY 2027 PRESIDENT'S BUDGET REQUEST SUMMARY,Environmental Compliance and Restoration,--,--,35.1,35.1,35.1,35.1,35.1,PDF p6 Budget Authority table,"R70 full-extraction pass, parsed from the hosted PDF 2026-09-27; ""--"" = not shown in the new FY2027 structure (FY2025/26 enacted are given only at account level); FY2028-31 are notional; every ""Total Budget"" row was checked against the sum of the lines above it (0 mismatches); pp2-3 are the agency summary where sub-lines follow their parent account"
nasa_fy2027_budget_estimates,6,National Aeronautics and Space Administration / FY 2027 PRESIDENT'S BUDGET REQUEST SUMMARY,Inspector General,47.6,46.5,41.1,41.1,41.1,41.1,41.1,PDF p6 Budget Authority table,"R70 full-extraction pass, parsed from the hosted PDF 2026-09-27; ""--"" = not shown in the new FY2027 structure (FY2025/26 enacted are given only at account level); FY2028-31 are notional; every ""Total Budget"" row was checked against the sum of the lines above it (0 mismatches); pp2-3 are the agency summary where sub-lines follow their parent account"
nasa_fy2027_budget_estimates,6,National Aeronautics and Space Administration / FY 2027 PRESIDENT'S BUDGET REQUEST SUMMARY,NASA Total,24838.3,24438.3,18829.1,18829.1,18829.1,18829.1,18829.1,PDF p6 Budget Authority table,"R70 full-extraction pass, parsed from the hosted PDF 2026-09-27; ""--"" = not shown in the new FY2027 structure (FY2025/26 enacted are given only at account level); FY2028-31 are notional; every ""Total Budget"" row was checked against the sum of the lines above it (0 mismatches); pp2-3 are the agency summary where sub-lines follow their parent account"
nasa_fy2027_budget_estimates,28,EXPLORATION / EXP-2,Moon and Mars Transportation System,--,--,4219.1,3888.1,3172.2,3659.4,3659.4,PDF p28 Budget Authority table,"R70 full-extraction pass, parsed from the hosted PDF 2026-09-27; ""--"" = not shown in the new FY2027 structure (FY2025/26 enacted are given only at account level); FY2028-31 are notional; every ""Total Budget"" row was checked against the sum of the lines above it (0 mismatches); pp2-3 are the agency summary where sub-lines follow their parent account"
nasa_fy2027_budget_estimates,28,EXPLORATION / EXP-2,Moon and Mars Systems Development,--,--,3810.1,3506.5,3237.7,3290.5,3214.5,PDF p28 Budget Authority table,"R70 full-extraction pass, parsed from the hosted PDF 2026-09-27; ""--"" = not shown in the new FY2027 structure (FY2025/26 enacted are given only at account level); FY2028-31 are notional; every ""Total Budget"" row was checked against the sum of the lines above it (0 mismatches); pp2-3 are the agency summary where sub-lines follow their parent account"
nasa_fy2027_budget_estimates,28,EXPLORATION / EXP-2,Human Exploration Requirements & Architecture,--,--,484.7,1099.4,1764.0,1204.0,1260.0,PDF p28 Budget Authority table,"R70 full-extraction pass, parsed from the hosted PDF 2026-09-27; ""--"" = not shown in the new FY2027 structure (FY2025/26 enacted are given only at account level); FY2028-31 are notional; every ""Total Budget"" row was checked against the sum of the lines above it (0 mismatches); pp2-3 are the agency summary where sub-lines follow their parent account"
nasa_fy2027_budget_estimates,28,EXPLORATION / EXP-2,Total Budget,7666.2,7783.0,8513.9,8493.9,8173.9,8153.9,8133.9,PDF p28 Budget Authority table,"R70 full-extraction pass, parsed from the hosted PDF 2026-09-27; ""--"" = not shown in the new FY2027 structure (FY2025/26 enacted are given only at account level); FY2028-31 are notional; every ""Total Budget"" row was checked against the sum of the lines above it (0 mismatches); pp2-3 are the agency summary where sub-lines follow their parent account"
nasa_fy2027_budget_estimates,33,Exploration: Moon and Mars Transportation System / ORION PROGRAM,Crew Vehicle Development,--,--,1214.3,1001.2,779.3,565.5,0.0,PDF p33 Budget Authority table,"R70 full-extraction pass, parsed from the hosted PDF 2026-09-27; ""--"" = not shown in the new FY2027 structure (FY2025/26 enacted are given only at account level); FY2028-31 are notional; every ""Total Budget"" row was checked against the sum of the lines above it (0 mismatches); pp2-3 are the agency summary where sub-lines follow their parent account"
nasa_fy2027_budget_estimates,33,Exploration: Moon and Mars Transportation System / ORION PROGRAM,Orion Program Integration and Support,--,--,7.5,0.0,0.0,0.0,0.0,PDF p33 Budget Authority table,"R70 full-extraction pass, parsed from the hosted PDF 2026-09-27; ""--"" = not shown in the new FY2027 structure (FY2025/26 enacted are given only at account level); FY2028-31 are notional; every ""Total Budget"" row was checked against the sum of the lines above it (0 mismatches); pp2-3 are the agency summary where sub-lines follow their parent account"
nasa_fy2027_budget_estimates,33,Exploration: Moon and Mars Transportation System / ORION PROGRAM,Total Budget,--,--,1221.8,1001.2,779.3,565.5,0.0,PDF p33 Budget Authority table,"R70 full-extraction pass, parsed from the hosted PDF 2026-09-27; ""--"" = not shown in the new FY2027 structure (FY2025/26 enacted are given only at account level); FY2028-31 are notional; every ""Total Budget"" row was checked against the sum of the lines above it (0 mismatches); pp2-3 are the agency summary where sub-lines follow their parent account"
nasa_fy2027_budget_estimates,35,Exploration: Moon and Mars Transportation System: Orion Program / CREW VEHICLE DEVELOPMENT,Total Budget,--,--,1214.3,1001.2,779.3,565.5,0.0,PDF p35 Budget Authority table,"R70 full-extraction pass, parsed from the hosted PDF 2026-09-27; ""--"" = not shown in the new FY2027 structure (FY2025/26 enacted are given only at account level); FY2028-31 are notional; every ""Total Budget"" row was checked against the sum of the lines above it (0 mismatches); pp2-3 are the agency summary where sub-lines follow their parent account"
nasa_fy2027_budget_estimates,38,Exploration: Moon and Mars Transportation System / SPACE LAUNCH SYSTEM,Space Launch System (SLS),--,--,1412.6,0.0,0.0,0.0,0.0,PDF p38 Budget Authority table,"R70 full-extraction pass, parsed from the hosted PDF 2026-09-27; ""--"" = not shown in the new FY2027 structure (FY2025/26 enacted are given only at account level); FY2028-31 are notional; every ""Total Budget"" row was checked against the sum of the lines above it (0 mismatches); pp2-3 are the agency summary where sub-lines follow their parent account"
nasa_fy2027_budget_estimates,38,Exploration: Moon and Mars Transportation System / SPACE LAUNCH SYSTEM,SLS Program Integration and Support,--,--,82.7,0.0,0.0,0.0,0.0,PDF p38 Budget Authority table,"R70 full-extraction pass, parsed from the hosted PDF 2026-09-27; ""--"" = not shown in the new FY2027 structure (FY2025/26 enacted are given only at account level); FY2028-31 are notional; every ""Total Budget"" row was checked against the sum of the lines above it (0 mismatches); pp2-3 are the agency summary where sub-lines follow their parent account"
nasa_fy2027_budget_estimates,38,Exploration: Moon and Mars Transportation System / SPACE LAUNCH SYSTEM,Total Budget,--,--,1495.3,0.0,0.0,0.0,0.0,PDF p38 Budget Authority table,"R70 full-extraction pass, parsed from the hosted PDF 2026-09-27; ""--"" = not shown in the new FY2027 structure (FY2025/26 enacted are given only at account level); FY2028-31 are notional; every ""Total Budget"" row was checked against the sum of the lines above it (0 mismatches); pp2-3 are the agency summary where sub-lines follow their parent account"
nasa_fy2027_budget_estimates,40,Exploration: Moon and Mars Transportation System / EXPLORATION GROUND SYSTEMS,Total Budget,--,--,757.9,649.6,579.6,574.7,0.0,PDF p40 Budget Authority table,"R70 full-extraction pass, parsed from the hosted PDF 2026-09-27; ""--"" = not shown in the new FY2027 structure (FY2025/26 enacted are given only at account level); FY2028-31 are notional; every ""Total Budget"" row was checked against the sum of the lines above it (0 mismatches); pp2-3 are the agency summary where sub-lines follow their parent account"
nasa_fy2027_budget_estimates,41,Exploration: Moon and Mars Transportation System / COMMERCIAL MOON & MARS INFRASTRUCTURE &,Total Budget,--,--,744.1,2237.3,1813.3,2519.2,3659.4,PDF p41 Budget Authority table,"R70 full-extraction pass, parsed from the hosted PDF 2026-09-27; ""--"" = not shown in the new FY2027 structure (FY2025/26 enacted are given only at account level); FY2028-31 are notional; every ""Total Budget"" row was checked against the sum of the lines above it (0 mismatches); pp2-3 are the agency summary where sub-lines follow their parent account"
nasa_fy2027_budget_estimates,43,Exploration: Moon and Mars Systems Development / XEVA AND HUMAN SURFACE MOBILITY PROGRAM,Total Budget,--,--,830.3,899.5,844.2,853.6,836.6,PDF p43 Budget Authority table,"R70 full-extraction pass, parsed from the hosted PDF 2026-09-27; ""--"" = not shown in the new FY2027 structure (FY2025/26 enacted are given only at account level); FY2028-31 are notional; every ""Total Budget"" row was checked against the sum of the lines above it (0 mismatches); pp2-3 are the agency summary where sub-lines follow their parent account"
nasa_fy2027_budget_estimates,45,Exploration: Moon and Mars Systems Development / HUMAN LANDING SYSTEM,HLS Initial Capability,--,--,758.7,362.2,541.5,567.2,585.7,PDF p45 Budget Authority table,"R70 full-extraction pass, parsed from the hosted PDF 2026-09-27; ""--"" = not shown in the new FY2027 structure (FY2025/26 enacted are given only at account level); FY2028-31 are notional; every ""Total Budget"" row was checked against the sum of the lines above it (0 mismatches); pp2-3 are the agency summary where sub-lines follow their parent account"
nasa_fy2027_budget_estimates,45,Exploration: Moon and Mars Systems Development / HUMAN LANDING SYSTEM,Human Landing System,--,--,1518.5,1472.0,1000.8,986.1,945.5,PDF p45 Budget Authority table,"R70 full-extraction pass, parsed from the hosted PDF 2026-09-27; ""--"" = not shown in the new FY2027 structure (FY2025/26 enacted are given only at account level); FY2028-31 are notional; every ""Total Budget"" row was checked against the sum of the lines above it (0 mismatches); pp2-3 are the agency summary where sub-lines follow their parent account"
nasa_fy2027_budget_estimates,45,Exploration: Moon and Mars Systems Development / HUMAN LANDING SYSTEM,Total Budget,--,--,2277.2,1834.2,1542.2,1553.2,1531.2,PDF p45 Budget Authority table,"R70 full-extraction pass, parsed from the hosted PDF 2026-09-27; ""--"" = not shown in the new FY2027 structure (FY2025/26 enacted are given only at account level); FY2028-31 are notional; every ""Total Budget"" row was checked against the sum of the lines above it (0 mismatches); pp2-3 are the agency summary where sub-lines follow their parent account"
nasa_fy2027_budget_estimates,47,Exploration: Moon and Mars Systems Development: Human Landing System / HLS INITIAL CAPABILITY,Total Budget,--,--,758.7,362.2,541.5,567.2,585.7,PDF p47 Budget Authority table,"R70 full-extraction pass, parsed from the hosted PDF 2026-09-27; ""--"" = not shown in the new FY2027 structure (FY2025/26 enacted are given only at account level); FY2028-31 are notional; every ""Total Budget"" row was checked against the sum of the lines above it (0 mismatches); pp2-3 are the agency summary where sub-lines follow their parent account"
nasa_fy2027_budget_estimates,50,Exploration: Moon and Mars Systems Development / ADVANCED EXPLORATION SYSTEMS,Total Budget,--,--,163.6,163.2,163.2,163.2,163.2,PDF p50 Budget Authority table,"R70 full-extraction pass, parsed from the hosted PDF 2026-09-27; ""--"" = not shown in the new FY2027 structure (FY2025/26 enacted are given only at account level); FY2028-31 are notional; every ""Total Budget"" row was checked against the sum of the lines above it (0 mismatches); pp2-3 are the agency summary where sub-lines follow their parent account"
nasa_fy2027_budget_estimates,52,Exploration: Moon and Mars Systems Development / MARS TECHNOLOGY,Total Budget,--,--,438.8,529.4,607.0,680.2,643.2,PDF p52 Budget Authority table,"R70 full-extraction pass, parsed from the hosted PDF 2026-09-27; ""--"" = not shown in the new FY2027 structure (FY2025/26 enacted are given only at account level); FY2028-31 are notional; every ""Total Budget"" row was checked against the sum of the lines above it (0 mismatches); pp2-3 are the agency summary where sub-lines follow their parent account"
nasa_fy2027_budget_estimates,53,Exploration: Moon and Mars Systems Development / HUMAN RESEARCH PROGRAM,Total Budget,--,--,100.3,80.3,81.1,40.3,40.3,PDF p53 Budget Authority table,"R70 full-extraction pass, parsed from the hosted PDF 2026-09-27; ""--"" = not shown in the new FY2027 structure (FY2025/26 enacted are given only at account level); FY2028-31 are notional; every ""Total Budget"" row was checked against the sum of the lines above it (0 mismatches); pp2-3 are the agency summary where sub-lines follow their parent account"
nasa_fy2027_budget_estimates,56,Exploration: Human Exploration Requirements & Architecture / STRATEGY AND ARCHITECTURE,Total Budget,--,--,113.2,108.9,108.9,108.9,108.9,PDF p56 Budget Authority table,"R70 full-extraction pass, parsed from the hosted PDF 2026-09-27; ""--"" = not shown in the new FY2027 structure (FY2025/26 enacted are given only at account level); FY2028-31 are notional; every ""Total Budget"" row was checked against the sum of the lines above it (0 mismatches); pp2-3 are the agency summary where sub-lines follow their parent account"
nasa_fy2027_budget_estimates,58,Exploration: Human Exploration Requirements & Architecture / FUTURE SYSTEMS,Total Budget,--,--,371.5,990.4,1655.1,1095.1,1151.1,PDF p58 Budget Authority table,"R70 full-extraction pass, parsed from the hosted PDF 2026-09-27; ""--"" = not shown in the new FY2027 structure (FY2025/26 enacted are given only at account level); FY2028-31 are notional; every ""Total Budget"" row was checked against the sum of the lines above it (0 mismatches); pp2-3 are the agency summary where sub-lines follow their parent account"
nasa_fy2027_budget_estimates,60,SPACE OPERATIONS / SO-2,Commercial LEO Development,--,--,299.7,299.8,599.8,599.8,1577.2,PDF p60 Budget Authority table,"R70 full-extraction pass, parsed from the hosted PDF 2026-09-27; ""--"" = not shown in the new FY2027 structure (FY2025/26 enacted are given only at account level); FY2028-31 are notional; every ""Total Budget"" row was checked against the sum of the lines above it (0 mismatches); pp2-3 are the agency summary where sub-lines follow their parent account"
nasa_fy2027_budget_estimates,60,SPACE OPERATIONS / SO-2,International Space Station,--,--,921.2,921.2,921.3,921.3,921.3,PDF p60 Budget Authority table,"R70 full-extraction pass, parsed from the hosted PDF 2026-09-27; ""--"" = not shown in the new FY2027 structure (FY2025/26 enacted are given only at account level); FY2028-31 are notional; every ""Total Budget"" row was checked against the sum of the lines above it (0 mismatches); pp2-3 are the agency summary where sub-lines follow their parent account"
nasa_fy2027_budget_estimates,60,SPACE OPERATIONS / SO-2,Space Transportation,--,--,1152.5,1152.4,1152.3,1152.3,174.7,PDF p60 Budget Authority table,"R70 full-extraction pass, parsed from the hosted PDF 2026-09-27; ""--"" = not shown in the new FY2027 structure (FY2025/26 enacted are given only at account level); FY2028-31 are notional; every ""Total Budget"" row was checked against the sum of the lines above it (0 mismatches); pp2-3 are the agency summary where sub-lines follow their parent account"
nasa_fy2027_budget_estimates,60,SPACE OPERATIONS / SO-2,Space and Flight Support (SFS),--,--,673.8,673.8,673.8,673.8,674.0,PDF p60 Budget Authority table,"R70 full-extraction pass, parsed from the hosted PDF 2026-09-27; ""--"" = not shown in the new FY2027 structure (FY2025/26 enacted are given only at account level); FY2028-31 are notional; every ""Total Budget"" row was checked against the sum of the lines above it (0 mismatches); pp2-3 are the agency summary where sub-lines follow their parent account"
nasa_fy2027_budget_estimates,60,SPACE OPERATIONS / SO-2,Total Budget,4220.0,4175.0,3047.2,3047.2,3347.2,3347.2,3347.2,PDF p60 Budget Authority table,"R70 full-extraction pass, parsed from the hosted PDF 2026-09-27; ""--"" = not shown in the new FY2027 structure (FY2025/26 enacted are given only at account level); FY2028-31 are notional; every ""Total Budget"" row was checked against the sum of the lines above it (0 mismatches); pp2-3 are the agency summary where sub-lines follow their parent account"
nasa_fy2027_budget_estimates,63,Space Operations / COMMERCIAL LEO DEVELOPMENT,Total Budget,--,--,299.7,299.8,599.8,599.8,1577.2,PDF p63 Budget Authority table,"R70 full-extraction pass, parsed from the hosted PDF 2026-09-27; ""--"" = not shown in the new FY2027 structure (FY2025/26 enacted are given only at account level); FY2028-31 are notional; every ""Total Budget"" row was checked against the sum of the lines above it (0 mismatches); pp2-3 are the agency summary where sub-lines follow their parent account"
nasa_fy2027_budget_estimates,64,Space Operations: International Space Station / INTERNATIONAL SPACE STATION PROGRAM,Total Budget,--,--,921.2,921.2,921.3,921.3,921.3,PDF p64 Budget Authority table,"R70 full-extraction pass, parsed from the hosted PDF 2026-09-27; ""--"" = not shown in the new FY2027 structure (FY2025/26 enacted are given only at account level); FY2028-31 are notional; every ""Total Budget"" row was checked against the sum of the lines above it (0 mismatches); pp2-3 are the agency summary where sub-lines follow their parent account"
nasa_fy2027_budget_estimates,66,Space Operations: Space Transportation / CREW AND CARGO PROGRAM,Total Budget,--,--,1070.9,1070.9,1070.8,1070.8,93.2,PDF p66 Budget Authority table,"R70 full-extraction pass, parsed from the hosted PDF 2026-09-27; ""--"" = not shown in the new FY2027 structure (FY2025/26 enacted are given only at account level); FY2028-31 are notional; every ""Total Budget"" row was checked against the sum of the lines above it (0 mismatches); pp2-3 are the agency summary where sub-lines follow their parent account"
nasa_fy2027_budget_estimates,67,Space Operations: Space Transportation: Crew and Cargo Program / U.S. DEORBIT VEHICLE,Total Budget,--,--,238.6,197.6,195.2,101.4,23.8,PDF p67 Budget Authority table,"R70 full-extraction pass, parsed from the hosted PDF 2026-09-27; ""--"" = not shown in the new FY2027 structure (FY2025/26 enacted are given only at account level); FY2028-31 are notional; every ""Total Budget"" row was checked against the sum of the lines above it (0 mismatches); pp2-3 are the agency summary where sub-lines follow their parent account"
nasa_fy2027_budget_estimates,69,Space Operations: Space Transportation / COMMERCIAL CREW PROGRAM,Total Budget,--,--,81.6,81.5,81.5,81.5,81.6,PDF p69 Budget Authority table,"R70 full-extraction pass, parsed from the hosted PDF 2026-09-27; ""--"" = not shown in the new FY2027 structure (FY2025/26 enacted are given only at account level); FY2028-31 are notional; every ""Total Budget"" row was checked against the sum of the lines above it (0 mismatches); pp2-3 are the agency summary where sub-lines follow their parent account"
nasa_fy2027_budget_estimates,70,Space Operations: Space and Flight Support (SFS) / SPACE COMMUNICATIONS AND NAVIGATION,Total Budget,--,--,453.3,453.3,453.3,453.3,453.4,PDF p70 Budget Authority table,"R70 full-extraction pass, parsed from the hosted PDF 2026-09-27; ""--"" = not shown in the new FY2027 structure (FY2025/26 enacted are given only at account level); FY2028-31 are notional; every ""Total Budget"" row was checked against the sum of the lines above it (0 mismatches); pp2-3 are the agency summary where sub-lines follow their parent account"
nasa_fy2027_budget_estimates,73,Space Operations: Space and Flight Support (SFS) / COMMUNICATIONS SERVICES PROGRAM,Total Budget,--,--,59.4,59.4,59.4,59.4,59.5,PDF p73 Budget Authority table,"R70 full-extraction pass, parsed from the hosted PDF 2026-09-27; ""--"" = not shown in the new FY2027 structure (FY2025/26 enacted are given only at account level); FY2028-31 are notional; every ""Total Budget"" row was checked against the sum of the lines above it (0 mismatches); pp2-3 are the agency summary where sub-lines follow their parent account"
nasa_fy2027_budget_estimates,75,Space Operations: Space and Flight Support (SFS) / HUMAN SPACE FLIGHT OPERATIONS,Total Budget,--,--,80.3,80.3,80.3,80.3,80.3,PDF p75 Budget Authority table,"R70 full-extraction pass, parsed from the hosted PDF 2026-09-27; ""--"" = not shown in the new FY2027 structure (FY2025/26 enacted are given only at account level); FY2028-31 are notional; every ""Total Budget"" row was checked against the sum of the lines above it (0 mismatches); pp2-3 are the agency summary where sub-lines follow their parent account"
nasa_fy2027_budget_estimates,77,Space Operations: Space and Flight Support (SFS) / LAUNCH SERVICES,Total Budget,--,--,80.8,80.8,80.8,80.8,80.8,PDF p77 Budget Authority table,"R70 full-extraction pass, parsed from the hosted PDF 2026-09-27; ""--"" = not shown in the new FY2027 structure (FY2025/26 enacted are given only at account level); FY2028-31 are notional; every ""Total Budget"" row was checked against the sum of the lines above it (0 mismatches); pp2-3 are the agency summary where sub-lines follow their parent account"
nasa_fy2027_budget_estimates,80,SPACE TECHNOLOGY / ST-2,SBIR and STTR,--,--,169.0,169.0,169.0,169.0,169.0,PDF p80 Budget Authority table,"R70 full-extraction pass, parsed from the hosted PDF 2026-09-27; ""--"" = not shown in the new FY2027 structure (FY2025/26 enacted are given only at account level); FY2028-31 are notional; every ""Total Budget"" row was checked against the sum of the lines above it (0 mismatches); pp2-3 are the agency summary where sub-lines follow their parent account"
nasa_fy2027_budget_estimates,80,SPACE TECHNOLOGY / ST-2,Space Transportation (GO),--,--,86.1,105.3,117.2,135.2,151.3,PDF p80 Budget Authority table,"R70 full-extraction pass, parsed from the hosted PDF 2026-09-27; ""--"" = not shown in the new FY2027 structure (FY2025/26 enacted are given only at account level); FY2028-31 are notional; every ""Total Budget"" row was checked against the sum of the lines above it (0 mismatches); pp2-3 are the agency summary where sub-lines follow their parent account"
nasa_fy2027_budget_estimates,80,SPACE TECHNOLOGY / ST-2,Space to Surface Access (LAND),--,--,46.5,47.4,50.6,50.9,53.2,PDF p80 Budget Authority table,"R70 full-extraction pass, parsed from the hosted PDF 2026-09-27; ""--"" = not shown in the new FY2027 structure (FY2025/26 enacted are given only at account level); FY2028-31 are notional; every ""Total Budget"" row was checked against the sum of the lines above it (0 mismatches); pp2-3 are the agency summary where sub-lines follow their parent account"
nasa_fy2027_budget_estimates,80,SPACE TECHNOLOGY / ST-2,Surface Infrastructure & Exploration (LIVE),--,--,100.9,100.8,103.9,105.5,105.6,PDF p80 Budget Authority table,"R70 full-extraction pass, parsed from the hosted PDF 2026-09-27; ""--"" = not shown in the new FY2027 structure (FY2025/26 enacted are given only at account level); FY2028-31 are notional; every ""Total Budget"" row was checked against the sum of the lines above it (0 mismatches); pp2-3 are the agency summary where sub-lines follow their parent account"
nasa_fy2027_budget_estimates,80,SPACE TECHNOLOGY / ST-2,In-Space Infrastructure & Discovery (EXPAND),--,--,66.8,66.8,67.2,67.2,68.0,PDF p80 Budget Authority table,"R70 full-extraction pass, parsed from the hosted PDF 2026-09-27; ""--"" = not shown in the new FY2027 structure (FY2025/26 enacted are given only at account level); FY2028-31 are notional; every ""Total Budget"" row was checked against the sum of the lines above it (0 mismatches); pp2-3 are the agency summary where sub-lines follow their parent account"
nasa_fy2027_budget_estimates,80,SPACE TECHNOLOGY / ST-2,Foundational Capabilities (ENABLE),--,--,24.4,24.5,25.8,25.9,26.6,PDF p80 Budget Authority table,"R70 full-extraction pass, parsed from the hosted PDF 2026-09-27; ""--"" = not shown in the new FY2027 structure (FY2025/26 enacted are given only at account level); FY2028-31 are notional; every ""Total Budget"" row was checked against the sum of the lines above it (0 mismatches); pp2-3 are the agency summary where sub-lines follow their parent account"
nasa_fy2027_budget_estimates,80,SPACE TECHNOLOGY / ST-2,Catalysts & Innovative Mechanisms,--,--,130.7,130.5,130.7,130.7,130.7,PDF p80 Budget Authority table,"R70 full-extraction pass, parsed from the hosted PDF 2026-09-27; ""--"" = not shown in the new FY2027 structure (FY2025/26 enacted are given only at account level); FY2028-31 are notional; every ""Total Budget"" row was checked against the sum of the lines above it (0 mismatches); pp2-3 are the agency summary where sub-lines follow their parent account"
nasa_fy2027_budget_estimates,80,SPACE TECHNOLOGY / ST-2,Total Budget,1100.0,920.5,624.3,644.3,664.3,684.3,704.3,PDF p80 Budget Authority table,"R70 full-extraction pass, parsed from the hosted PDF 2026-09-27; ""--"" = not shown in the new FY2027 structure (FY2025/26 enacted are given only at account level); FY2028-31 are notional; every ""Total Budget"" row was checked against the sum of the lines above it (0 mismatches); pp2-3 are the agency summary where sub-lines follow their parent account"
nasa_fy2027_budget_estimates,84,Space Technology / SBIR AND STTR,Total Budget,--,--,169.0,169.0,169.0,169.0,169.0,PDF p84 Budget Authority table,"R70 full-extraction pass, parsed from the hosted PDF 2026-09-27; ""--"" = not shown in the new FY2027 structure (FY2025/26 enacted are given only at account level); FY2028-31 are notional; every ""Total Budget"" row was checked against the sum of the lines above it (0 mismatches); pp2-3 are the agency summary where sub-lines follow their parent account"
nasa_fy2027_budget_estimates,86,Space Technology / SPACE TRANSPORTATION (GO),Space Transportation Capabilities,--,--,78.9,105.3,117.2,135.2,151.3,PDF p86 Budget Authority table,"R70 full-extraction pass, parsed from the hosted PDF 2026-09-27; ""--"" = not shown in the new FY2027 structure (FY2025/26 enacted are given only at account level); FY2028-31 are notional; every ""Total Budget"" row was checked against the sum of the lines above it (0 mismatches); pp2-3 are the agency summary where sub-lines follow their parent account"
nasa_fy2027_budget_estimates,86,Space Technology / SPACE TRANSPORTATION (GO),Solar Electric Propulsion,--,--,7.2,0.0,0.0,0.0,0.0,PDF p86 Budget Authority table,"R70 full-extraction pass, parsed from the hosted PDF 2026-09-27; ""--"" = not shown in the new FY2027 structure (FY2025/26 enacted are given only at account level); FY2028-31 are notional; every ""Total Budget"" row was checked against the sum of the lines above it (0 mismatches); pp2-3 are the agency summary where sub-lines follow their parent account"
nasa_fy2027_budget_estimates,86,Space Technology / SPACE TRANSPORTATION (GO),Total Budget,--,--,86.1,105.3,117.2,135.2,151.3,PDF p86 Budget Authority table,"R70 full-extraction pass, parsed from the hosted PDF 2026-09-27; ""--"" = not shown in the new FY2027 structure (FY2025/26 enacted are given only at account level); FY2028-31 are notional; every ""Total Budget"" row was checked against the sum of the lines above it (0 mismatches); pp2-3 are the agency summary where sub-lines follow their parent account"
nasa_fy2027_budget_estimates,89,Space Technology: Space Transportation (GO) / SOLAR ELECTRIC PROPULSION (SEP),Total Budget,--,--,7.2,0.0,0.0,0.0,0.0,PDF p89 Budget Authority table,"R70 full-extraction pass, parsed from the hosted PDF 2026-09-27; ""--"" = not shown in the new FY2027 structure (FY2025/26 enacted are given only at account level); FY2028-31 are notional; every ""Total Budget"" row was checked against the sum of the lines above it (0 mismatches); pp2-3 are the agency summary where sub-lines follow their parent account"
nasa_fy2027_budget_estimates,92,Space Technology / SPACE TO SURFACE ACCESS (LAND),Total Budget,--,--,46.5,47.4,50.6,50.9,53.2,PDF p92 Budget Authority table,"R70 full-extraction pass, parsed from the hosted PDF 2026-09-27; ""--"" = not shown in the new FY2027 structure (FY2025/26 enacted are given only at account level); FY2028-31 are notional; every ""Total Budget"" row was checked against the sum of the lines above it (0 mismatches); pp2-3 are the agency summary where sub-lines follow their parent account"
nasa_fy2027_budget_estimates,95,Space Technology / SURFACE INFRASTRUCTURE & EXPLORATION (LIVE),Total Budget,--,--,100.9,100.8,103.9,105.5,105.6,PDF p95 Budget Authority table,"R70 full-extraction pass, parsed from the hosted PDF 2026-09-27; ""--"" = not shown in the new FY2027 structure (FY2025/26 enacted are given only at account level); FY2028-31 are notional; every ""Total Budget"" row was checked against the sum of the lines above it (0 mismatches); pp2-3 are the agency summary where sub-lines follow their parent account"
nasa_fy2027_budget_estimates,98,Space Technology / IN-SPACE INFRASTRUCTURE & DISCOVERY (EXPAND),Total Budget,--,--,66.8,66.8,67.2,67.2,68.0,PDF p98 Budget Authority table,"R70 full-extraction pass, parsed from the hosted PDF 2026-09-27; ""--"" = not shown in the new FY2027 structure (FY2025/26 enacted are given only at account level); FY2028-31 are notional; every ""Total Budget"" row was checked against the sum of the lines above it (0 mismatches); pp2-3 are the agency summary where sub-lines follow their parent account"
nasa_fy2027_budget_estimates,101,Space Technology / FOUNDATIONAL CAPABILITIES (ENABLE),Total Budget,--,--,24.4,24.5,25.8,25.9,26.6,PDF p101 Budget Authority table,"R70 full-extraction pass, parsed from the hosted PDF 2026-09-27; ""--"" = not shown in the new FY2027 structure (FY2025/26 enacted are given only at account level); FY2028-31 are notional; every ""Total Budget"" row was checked against the sum of the lines above it (0 mismatches); pp2-3 are the agency summary where sub-lines follow their parent account"
nasa_fy2027_budget_estimates,103,Space Technology / CATALYSTS & INNOVATIVE MECHANISMS,Total Budget,--,--,130.7,130.5,130.7,130.7,130.7,PDF p103 Budget Authority table,"R70 full-extraction pass, parsed from the hosted PDF 2026-09-27; ""--"" = not shown in the new FY2027 structure (FY2025/26 enacted are given only at account level); FY2028-31 are notional; every ""Total Budget"" row was checked against the sum of the lines above it (0 mismatches); pp2-3 are the agency summary where sub-lines follow their parent account"
nasa_fy2027_budget_estimates,109,SCIENCE / SCMD-3,Earth Science,--,--,1021.2,1102.7,1080.7,1022.3,1019.9,PDF p109 Budget Authority table,"R70 full-extraction pass, parsed from the hosted PDF 2026-09-27; ""--"" = not shown in the new FY2027 structure (FY2025/26 enacted are given only at account level); FY2028-31 are notional; every ""Total Budget"" row was checked against the sum of the lines above it (0 mismatches); pp2-3 are the agency summary where sub-lines follow their parent account"
nasa_fy2027_budget_estimates,109,SCIENCE / SCMD-3,Planetary Science,--,--,1875.7,1847.2,1819.2,1884.6,1885.7,PDF p109 Budget Authority table,"R70 full-extraction pass, parsed from the hosted PDF 2026-09-27; ""--"" = not shown in the new FY2027 structure (FY2025/26 enacted are given only at account level); FY2028-31 are notional; every ""Total Budget"" row was checked against the sum of the lines above it (0 mismatches); pp2-3 are the agency summary where sub-lines follow their parent account"
nasa_fy2027_budget_estimates,109,SCIENCE / SCMD-3,Astrophysics,--,--,552.4,510.4,530.4,523.4,524.7,PDF p109 Budget Authority table,"R70 full-extraction pass, parsed from the hosted PDF 2026-09-27; ""--"" = not shown in the new FY2027 structure (FY2025/26 enacted are given only at account level); FY2028-31 are notional; every ""Total Budget"" row was checked against the sum of the lines above it (0 mismatches); pp2-3 are the agency summary where sub-lines follow their parent account"
nasa_fy2027_budget_estimates,109,SCIENCE / SCMD-3,Heliophysics,--,--,419.6,408.6,438.6,438.6,438.6,PDF p109 Budget Authority table,"R70 full-extraction pass, parsed from the hosted PDF 2026-09-27; ""--"" = not shown in the new FY2027 structure (FY2025/26 enacted are given only at account level); FY2028-31 are notional; every ""Total Budget"" row was checked against the sum of the lines above it (0 mismatches); pp2-3 are the agency summary where sub-lines follow their parent account"
nasa_fy2027_budget_estimates,109,SCIENCE / SCMD-3,Biological and Physical Sciences,--,--,25.0,25.0,25.0,25.0,25.0,PDF p109 Budget Authority table,"R70 full-extraction pass, parsed from the hosted PDF 2026-09-27; ""--"" = not shown in the new FY2027 structure (FY2025/26 enacted are given only at account level); FY2028-31 are notional; every ""Total Budget"" row was checked against the sum of the lines above it (0 mismatches); pp2-3 are the agency summary where sub-lines follow their parent account"
nasa_fy2027_budget_estimates,109,SCIENCE / SCMD-3,Total Budget,7334.2,7250.0,3893.9,3893.9,3893.9,3893.9,3893.9,PDF p109 Budget Authority table,"R70 full-extraction pass, parsed from the hosted PDF 2026-09-27; ""--"" = not shown in the new FY2027 structure (FY2025/26 enacted are given only at account level); FY2028-31 are notional; every ""Total Budget"" row was checked against the sum of the lines above it (0 mismatches); pp2-3 are the agency summary where sub-lines follow their parent account"
nasa_fy2027_budget_estimates,115,Science: Earth Science / EARTH SCIENCE RESEARCH,Earth Science Research and Analysis,--,--,163.8,163.0,163.8,164.7,164.7,PDF p115 Budget Authority table,"R70 full-extraction pass, parsed from the hosted PDF 2026-09-27; ""--"" = not shown in the new FY2027 structure (FY2025/26 enacted are given only at account level); FY2028-31 are notional; every ""Total Budget"" row was checked against the sum of the lines above it (0 mismatches); pp2-3 are the agency summary where sub-lines follow their parent account"
nasa_fy2027_budget_estimates,115,Science: Earth Science / EARTH SCIENCE RESEARCH,Computing and Management,--,--,96.5,101.5,101.5,101.5,101.5,PDF p115 Budget Authority table,"R70 full-extraction pass, parsed from the hosted PDF 2026-09-27; ""--"" = not shown in the new FY2027 structure (FY2025/26 enacted are given only at account level); FY2028-31 are notional; every ""Total Budget"" row was checked against the sum of the lines above it (0 mismatches); pp2-3 are the agency summary where sub-lines follow their parent account"
nasa_fy2027_budget_estimates,115,Science: Earth Science / EARTH SCIENCE RESEARCH,Total Budget,--,--,260.3,264.6,265.4,266.2,266.2,PDF p115 Budget Authority table,"R70 full-extraction pass, parsed from the hosted PDF 2026-09-27; ""--"" = not shown in the new FY2027 structure (FY2025/26 enacted are given only at account level); FY2028-31 are notional; every ""Total Budget"" row was checked against the sum of the lines above it (0 mismatches); pp2-3 are the agency summary where sub-lines follow their parent account"
nasa_fy2027_budget_estimates,119,Science: Earth Science / EARTH SYSTEM EXPLORERS AND VENTURES,GRACE-Continuity,--,--,68.6,70.9,44.1,14.1,14.4,PDF p119 Budget Authority table,"R70 full-extraction pass, parsed from the hosted PDF 2026-09-27; ""--"" = not shown in the new FY2027 structure (FY2025/26 enacted are given only at account level); FY2028-31 are notional; every ""Total Budget"" row was checked against the sum of the lines above it (0 mismatches); pp2-3 are the agency summary where sub-lines follow their parent account"
nasa_fy2027_budget_estimates,119,Science: Earth Science / EARTH SYSTEM EXPLORERS AND VENTURES,Other Missions and Data Analysis,--,--,426.8,485.7,487.0,458.3,454.7,PDF p119 Budget Authority table,"R70 full-extraction pass, parsed from the hosted PDF 2026-09-27; ""--"" = not shown in the new FY2027 structure (FY2025/26 enacted are given only at account level); FY2028-31 are notional; every ""Total Budget"" row was checked against the sum of the lines above it (0 mismatches); pp2-3 are the agency summary where sub-lines follow their parent account"
nasa_fy2027_budget_estimates,119,Science: Earth Science / EARTH SYSTEM EXPLORERS AND VENTURES,Total Budget,--,--,495.4,556.6,531.0,472.4,469.1,PDF p119 Budget Authority table,"R70 full-extraction pass, parsed from the hosted PDF 2026-09-27; ""--"" = not shown in the new FY2027 structure (FY2025/26 enacted are given only at account level); FY2028-31 are notional; every ""Total Budget"" row was checked against the sum of the lines above it (0 mismatches); pp2-3 are the agency summary where sub-lines follow their parent account"
nasa_fy2027_budget_estimates,124,Science: Earth Science: Earth System Explorers and Ventures / GRACE-CONTINUITY,Total Budget,--,--,68.6,70.9,44.1,14.1,14.4,PDF p124 Budget Authority table,"R70 full-extraction pass, parsed from the hosted PDF 2026-09-27; ""--"" = not shown in the new FY2027 structure (FY2025/26 enacted are given only at account level); FY2028-31 are notional; every ""Total Budget"" row was checked against the sum of the lines above it (0 mismatches); pp2-3 are the agency summary where sub-lines follow their parent account"
nasa_fy2027_budget_estimates,129,Science: Earth Science: Earth System Explorers and Ventures / OTHER MISSIONS AND DATA ANALYSIS,EMIT,--,--,0.0,0.0,0.0,0.0,0.0,PDF p129 Budget Authority table,"R70 full-extraction pass, parsed from the hosted PDF 2026-09-27; ""--"" = not shown in the new FY2027 structure (FY2025/26 enacted are given only at account level); FY2028-31 are notional; every ""Total Budget"" row was checked against the sum of the lines above it (0 mismatches); pp2-3 are the agency summary where sub-lines follow their parent account"
nasa_fy2027_budget_estimates,129,Science: Earth Science: Earth System Explorers and Ventures / OTHER MISSIONS AND DATA ANALYSIS,Earth System Explorers Future Missions,--,--,13.3,86.9,104.2,88.6,111.8,PDF p129 Budget Authority table,"R70 full-extraction pass, parsed from the hosted PDF 2026-09-27; ""--"" = not shown in the new FY2027 structure (FY2025/26 enacted are given only at account level); FY2028-31 are notional; every ""Total Budget"" row was checked against the sum of the lines above it (0 mismatches); pp2-3 are the agency summary where sub-lines follow their parent account"
nasa_fy2027_budget_estimates,129,Science: Earth Science: Earth System Explorers and Ventures / OTHER MISSIONS AND DATA ANALYSIS,NASA-ISRO SAR,--,--,23.4,17.3,5.0,0.0,0.0,PDF p129 Budget Authority table,"R70 full-extraction pass, parsed from the hosted PDF 2026-09-27; ""--"" = not shown in the new FY2027 structure (FY2025/26 enacted are given only at account level); FY2028-31 are notional; every ""Total Budget"" row was checked against the sum of the lines above it (0 mismatches); pp2-3 are the agency summary where sub-lines follow their parent account"
nasa_fy2027_budget_estimates,129,Science: Earth Science: Earth System Explorers and Ventures / OTHER MISSIONS AND DATA ANALYSIS,Sentinel-6,--,--,8.7,5.7,7.1,4.9,5.7,PDF p129 Budget Authority table,"R70 full-extraction pass, parsed from the hosted PDF 2026-09-27; ""--"" = not shown in the new FY2027 structure (FY2025/26 enacted are given only at account level); FY2028-31 are notional; every ""Total Budget"" row was checked against the sum of the lines above it (0 mismatches); pp2-3 are the agency summary where sub-lines follow their parent account"
nasa_fy2027_budget_estimates,129,Science: Earth Science: Earth System Explorers and Ventures / OTHER MISSIONS AND DATA ANALYSIS,Libera,--,--,10.4,6.7,2.9,2.7,2.7,PDF p129 Budget Authority table,"R70 full-extraction pass, parsed from the hosted PDF 2026-09-27; ""--"" = not shown in the new FY2027 structure (FY2025/26 enacted are given only at account level); FY2028-31 are notional; every ""Total Budget"" row was checked against the sum of the lines above it (0 mismatches); pp2-3 are the agency summary where sub-lines follow their parent account"
nasa_fy2027_budget_estimates,129,Science: Earth Science: Earth System Explorers and Ventures / OTHER MISSIONS AND DATA ANALYSIS,TEMPO,--,--,0.0,0.0,0.0,0.0,0.0,PDF p129 Budget Authority table,"R70 full-extraction pass, parsed from the hosted PDF 2026-09-27; ""--"" = not shown in the new FY2027 structure (FY2025/26 enacted are given only at account level); FY2028-31 are notional; every ""Total Budget"" row was checked against the sum of the lines above it (0 mismatches); pp2-3 are the agency summary where sub-lines follow their parent account"
nasa_fy2027_budget_estimates,129,Science: Earth Science: Earth System Explorers and Ventures / OTHER MISSIONS AND DATA ANALYSIS,ECOsystem Spaceborne Thermal Radiometer,--,--,0.0,0.0,0.0,0.0,0.0,PDF p129 Budget Authority table,"R70 full-extraction pass, parsed from the hosted PDF 2026-09-27; ""--"" = not shown in the new FY2027 structure (FY2025/26 enacted are given only at account level); FY2028-31 are notional; every ""Total Budget"" row was checked against the sum of the lines above it (0 mismatches); pp2-3 are the agency summary where sub-lines follow their parent account"
nasa_fy2027_budget_estimates,129,Science: Earth Science: Earth System Explorers and Ventures / OTHER MISSIONS AND DATA ANALYSIS,Global Ecosystem Dynamics Investigation,--,--,0.0,0.0,0.0,0.0,0.0,PDF p129 Budget Authority table,"R70 full-extraction pass, parsed from the hosted PDF 2026-09-27; ""--"" = not shown in the new FY2027 structure (FY2025/26 enacted are given only at account level); FY2028-31 are notional; every ""Total Budget"" row was checked against the sum of the lines above it (0 mismatches); pp2-3 are the agency summary where sub-lines follow their parent account"
nasa_fy2027_budget_estimates,129,Science: Earth Science: Earth System Explorers and Ventures / OTHER MISSIONS AND DATA ANALYSIS,Multi-Angle Imager for Aerosols,--,--,11.3,16.0,6.9,5.0,5.2,PDF p129 Budget Authority table,"R70 full-extraction pass, parsed from the hosted PDF 2026-09-27; ""--"" = not shown in the new FY2027 structure (FY2025/26 enacted are given only at account level); FY2028-31 are notional; every ""Total Budget"" row was checked against the sum of the lines above it (0 mismatches); pp2-3 are the agency summary where sub-lines follow their parent account"
nasa_fy2027_budget_estimates,129,Science: Earth Science: Earth System Explorers and Ventures / OTHER MISSIONS AND DATA ANALYSIS,SWOT,--,--,4.8,0.0,0.0,0.0,0.0,PDF p129 Budget Authority table,"R70 full-extraction pass, parsed from the hosted PDF 2026-09-27; ""--"" = not shown in the new FY2027 structure (FY2025/26 enacted are given only at account level); FY2028-31 are notional; every ""Total Budget"" row was checked against the sum of the lines above it (0 mismatches); pp2-3 are the agency summary where sub-lines follow their parent account"
nasa_fy2027_budget_estimates,129,Science: Earth Science: Earth System Explorers and Ventures / OTHER MISSIONS AND DATA ANALYSIS,Landsat 9,--,--,3.1,3.2,3.3,3.4,0.0,PDF p129 Budget Authority table,"R70 full-extraction pass, parsed from the hosted PDF 2026-09-27; ""--"" = not shown in the new FY2027 structure (FY2025/26 enacted are given only at account level); FY2028-31 are notional; every ""Total Budget"" row was checked against the sum of the lines above it (0 mismatches); pp2-3 are the agency summary where sub-lines follow their parent account"
nasa_fy2027_budget_estimates,129,Science: Earth Science: Earth System Explorers and Ventures / OTHER MISSIONS AND DATA ANALYSIS,Sustainable Land Imaging,--,--,109.0,130.1,149.7,150.8,131.4,PDF p129 Budget Authority table,"R70 full-extraction pass, parsed from the hosted PDF 2026-09-27; ""--"" = not shown in the new FY2027 structure (FY2025/26 enacted are given only at account level); FY2028-31 are notional; every ""Total Budget"" row was checked against the sum of the lines above it (0 mismatches); pp2-3 are the agency summary where sub-lines follow their parent account"
nasa_fy2027_budget_estimates,129,Science: Earth Science: Earth System Explorers and Ventures / OTHER MISSIONS AND DATA ANALYSIS,Total Solar Irradiance Sensor-2 (TSIS-2),--,--,15.5,7.5,7.4,5.5,7.5,PDF p129 Budget Authority table,"R70 full-extraction pass, parsed from the hosted PDF 2026-09-27; ""--"" = not shown in the new FY2027 structure (FY2025/26 enacted are given only at account level); FY2028-31 are notional; every ""Total Budget"" row was checked against the sum of the lines above it (0 mismatches); pp2-3 are the agency summary where sub-lines follow their parent account"
nasa_fy2027_budget_estimates,129,Science: Earth Science: Earth System Explorers and Ventures / OTHER MISSIONS AND DATA ANALYSIS,Earth Radiation Data Continuity,--,--,10.0,10.0,10.0,10.0,10.0,PDF p129 Budget Authority table,"R70 full-extraction pass, parsed from the hosted PDF 2026-09-27; ""--"" = not shown in the new FY2027 structure (FY2025/26 enacted are given only at account level); FY2028-31 are notional; every ""Total Budget"" row was checked against the sum of the lines above it (0 mismatches); pp2-3 are the agency summary where sub-lines follow their parent account"
nasa_fy2027_budget_estimates,129,Science: Earth Science: Earth System Explorers and Ventures / OTHER MISSIONS AND DATA ANALYSIS,Ozone Mapping and Profiler Suite (OMPS),--,--,1.5,1.6,1.6,1.7,1.7,PDF p129 Budget Authority table,"R70 full-extraction pass, parsed from the hosted PDF 2026-09-27; ""--"" = not shown in the new FY2027 structure (FY2025/26 enacted are given only at account level); FY2028-31 are notional; every ""Total Budget"" row was checked against the sum of the lines above it (0 mismatches); pp2-3 are the agency summary where sub-lines follow their parent account"
nasa_fy2027_budget_estimates,129,Science: Earth Science: Earth System Explorers and Ventures / OTHER MISSIONS AND DATA ANALYSIS,Total Solar Irradiance Sensor-1 (TSIS-1),--,--,0.0,0.0,0.0,0.0,0.0,PDF p129 Budget Authority table,"R70 full-extraction pass, parsed from the hosted PDF 2026-09-27; ""--"" = not shown in the new FY2027 structure (FY2025/26 enacted are given only at account level); FY2028-31 are notional; every ""Total Budget"" row was checked against the sum of the lines above it (0 mismatches); pp2-3 are the agency summary where sub-lines follow their parent account"
nasa_fy2027_budget_estimates,129,Science: Earth Science: Earth System Explorers and Ventures / OTHER MISSIONS AND DATA ANALYSIS,Earth Venture Suborbital-4,--,--,33.8,23.6,24.4,11.8,1.6,PDF p129 Budget Authority table,"R70 full-extraction pass, parsed from the hosted PDF 2026-09-27; ""--"" = not shown in the new FY2027 structure (FY2025/26 enacted are given only at account level); FY2028-31 are notional; every ""Total Budget"" row was checked against the sum of the lines above it (0 mismatches); pp2-3 are the agency summary where sub-lines follow their parent account"
nasa_fy2027_budget_estimates,129,Science: Earth Science: Earth System Explorers and Ventures / OTHER MISSIONS AND DATA ANALYSIS,Earth Science Program Management,--,--,49.4,46.7,44.5,45.5,45.9,PDF p129 Budget Authority table,"R70 full-extraction pass, parsed from the hosted PDF 2026-09-27; ""--"" = not shown in the new FY2027 structure (FY2025/26 enacted are given only at account level); FY2028-31 are notional; every ""Total Budget"" row was checked against the sum of the lines above it (0 mismatches); pp2-3 are the agency summary where sub-lines follow their parent account"
nasa_fy2027_budget_estimates,129,Science: Earth Science: Earth System Explorers and Ventures / OTHER MISSIONS AND DATA ANALYSIS,Soil Moisture Active and Passive (SMAP),--,--,0.0,0.0,0.0,0.0,0.0,PDF p129 Budget Authority table,"R70 full-extraction pass, parsed from the hosted PDF 2026-09-27; ""--"" = not shown in the new FY2027 structure (FY2025/26 enacted are given only at account level); FY2028-31 are notional; every ""Total Budget"" row was checked against the sum of the lines above it (0 mismatches); pp2-3 are the agency summary where sub-lines follow their parent account"
nasa_fy2027_budget_estimates,129,Science: Earth Science: Earth System Explorers and Ventures / OTHER MISSIONS AND DATA ANALYSIS,Global Precipitation Measurement (GPM),--,--,0.0,0.0,0.0,0.0,0.0,PDF p129 Budget Authority table,"R70 full-extraction pass, parsed from the hosted PDF 2026-09-27; ""--"" = not shown in the new FY2027 structure (FY2025/26 enacted are given only at account level); FY2028-31 are notional; every ""Total Budget"" row was checked against the sum of the lines above it (0 mismatches); pp2-3 are the agency summary where sub-lines follow their parent account"
nasa_fy2027_budget_estimates,129,Science: Earth Science: Earth System Explorers and Ventures / OTHER MISSIONS AND DATA ANALYSIS,ICESat-2,--,--,0.0,0.0,0.0,0.0,0.0,PDF p129 Budget Authority table,"R70 full-extraction pass, parsed from the hosted PDF 2026-09-27; ""--"" = not shown in the new FY2027 structure (FY2025/26 enacted are given only at account level); FY2028-31 are notional; every ""Total Budget"" row was checked against the sum of the lines above it (0 mismatches); pp2-3 are the agency summary where sub-lines follow their parent account"
nasa_fy2027_budget_estimates,129,Science: Earth Science: Earth System Explorers and Ventures / OTHER MISSIONS AND DATA ANALYSIS,GRACE Follow-On,--,--,0.0,0.0,0.0,0.0,0.0,PDF p129 Budget Authority table,"R70 full-extraction pass, parsed from the hosted PDF 2026-09-27; ""--"" = not shown in the new FY2027 structure (FY2025/26 enacted are given only at account level); FY2028-31 are notional; every ""Total Budget"" row was checked against the sum of the lines above it (0 mismatches); pp2-3 are the agency summary where sub-lines follow their parent account"
nasa_fy2027_budget_estimates,129,Science: Earth Science: Earth System Explorers and Ventures / OTHER MISSIONS AND DATA ANALYSIS,Earth Science Senior Review,--,--,68.8,67.6,80.3,88.7,91.4,PDF p129 Budget Authority table,"R70 full-extraction pass, parsed from the hosted PDF 2026-09-27; ""--"" = not shown in the new FY2027 structure (FY2025/26 enacted are given only at account level); FY2028-31 are notional; every ""Total Budget"" row was checked against the sum of the lines above it (0 mismatches); pp2-3 are the agency summary where sub-lines follow their parent account"
nasa_fy2027_budget_estimates,129,Science: Earth Science: Earth System Explorers and Ventures / OTHER MISSIONS AND DATA ANALYSIS,"Plankton,Aerosols,Clouds,ocean Ecosystem",--,--,21.8,21.1,0.0,0.0,0.0,PDF p129 Budget Authority table,"R70 full-extraction pass, parsed from the hosted PDF 2026-09-27; ""--"" = not shown in the new FY2027 structure (FY2025/26 enacted are given only at account level); FY2028-31 are notional; every ""Total Budget"" row was checked against the sum of the lines above it (0 mismatches); pp2-3 are the agency summary where sub-lines follow their parent account"
nasa_fy2027_budget_estimates,129,Science: Earth Science: Earth System Explorers and Ventures / OTHER MISSIONS AND DATA ANALYSIS,Multisource Integrated Observatory,--,--,41.8,41.8,39.8,39.8,39.8,PDF p129 Budget Authority table,"R70 full-extraction pass, parsed from the hosted PDF 2026-09-27; ""--"" = not shown in the new FY2027 structure (FY2025/26 enacted are given only at account level); FY2028-31 are notional; every ""Total Budget"" row was checked against the sum of the lines above it (0 mismatches); pp2-3 are the agency summary where sub-lines follow their parent account"
nasa_fy2027_budget_estimates,129,Science: Earth Science: Earth System Explorers and Ventures / OTHER MISSIONS AND DATA ANALYSIS,Polar Radiant Energy in the Far Infrared,--,--,0.0,0.0,0.0,0.0,0.0,PDF p129 Budget Authority table,"R70 full-extraction pass, parsed from the hosted PDF 2026-09-27; ""--"" = not shown in the new FY2027 structure (FY2025/26 enacted are given only at account level); FY2028-31 are notional; every ""Total Budget"" row was checked against the sum of the lines above it (0 mismatches); pp2-3 are the agency summary where sub-lines follow their parent account"
nasa_fy2027_budget_estimates,129,Science: Earth Science: Earth System Explorers and Ventures / OTHER MISSIONS AND DATA ANALYSIS,Total Budget,--,--,426.8,485.7,487.0,458.3,454.7,PDF p129 Budget Authority table,"R70 full-extraction pass, parsed from the hosted PDF 2026-09-27; ""--"" = not shown in the new FY2027 structure (FY2025/26 enacted are given only at account level); FY2028-31 are notional; every ""Total Budget"" row was checked against the sum of the lines above it (0 mismatches); pp2-3 are the agency summary where sub-lines follow their parent account"
nasa_fy2027_budget_estimates,138,Science: Earth Science / EARTH SCIENCE DATA SYSTEMS,Total Budget,--,--,124.8,124.9,126.9,127.0,127.2,PDF p138 Budget Authority table,"R70 full-extraction pass, parsed from the hosted PDF 2026-09-27; ""--"" = not shown in the new FY2027 structure (FY2025/26 enacted are given only at account level); FY2028-31 are notional; every ""Total Budget"" row was checked against the sum of the lines above it (0 mismatches); pp2-3 are the agency summary where sub-lines follow their parent account"
nasa_fy2027_budget_estimates,144,Science: Earth Science / EARTH SCIENCE TECHNOLOGY,Total Budget,--,--,33.0,49.7,49.7,49.7,49.7,PDF p144 Budget Authority table,"R70 full-extraction pass, parsed from the hosted PDF 2026-09-27; ""--"" = not shown in the new FY2027 structure (FY2025/26 enacted are given only at account level); FY2028-31 are notional; every ""Total Budget"" row was checked against the sum of the lines above it (0 mismatches); pp2-3 are the agency summary where sub-lines follow their parent account"
nasa_fy2027_budget_estimates,148,Science: Earth Science / APPLIED AND RESPONSIVE EARTH SCIENCE,Total Budget,--,--,107.7,106.9,107.7,106.9,107.7,PDF p148 Budget Authority table,"R70 full-extraction pass, parsed from the hosted PDF 2026-09-27; ""--"" = not shown in the new FY2027 structure (FY2025/26 enacted are given only at account level); FY2028-31 are notional; every ""Total Budget"" row was checked against the sum of the lines above it (0 mismatches); pp2-3 are the agency summary where sub-lines follow their parent account"
nasa_fy2027_budget_estimates,154,Science: Planetary Science / PLANETARY SCIENCE RESEARCH,Planetary Science Research and Analysis,--,--,154.6,187.8,249.7,247.6,213.2,PDF p154 Budget Authority table,"R70 full-extraction pass, parsed from the hosted PDF 2026-09-27; ""--"" = not shown in the new FY2027 structure (FY2025/26 enacted are given only at account level); FY2028-31 are notional; every ""Total Budget"" row was checked against the sum of the lines above it (0 mismatches); pp2-3 are the agency summary where sub-lines follow their parent account"
nasa_fy2027_budget_estimates,154,Science: Planetary Science / PLANETARY SCIENCE RESEARCH,Other Missions and Data Analysis,--,--,165.3,182.8,189.2,190.7,194.8,PDF p154 Budget Authority table,"R70 full-extraction pass, parsed from the hosted PDF 2026-09-27; ""--"" = not shown in the new FY2027 structure (FY2025/26 enacted are given only at account level); FY2028-31 are notional; every ""Total Budget"" row was checked against the sum of the lines above it (0 mismatches); pp2-3 are the agency summary where sub-lines follow their parent account"
nasa_fy2027_budget_estimates,154,Science: Planetary Science / PLANETARY SCIENCE RESEARCH,Total Budget,--,--,319.9,370.6,438.9,438.3,408.1,PDF p154 Budget Authority table,"R70 full-extraction pass, parsed from the hosted PDF 2026-09-27; ""--"" = not shown in the new FY2027 structure (FY2025/26 enacted are given only at account level); FY2028-31 are notional; every ""Total Budget"" row was checked against the sum of the lines above it (0 mismatches); pp2-3 are the agency summary where sub-lines follow their parent account"
nasa_fy2027_budget_estimates,158,Science: Planetary Science: Planetary Science Research / OTHER MISSIONS AND DATA ANALYSIS,Advanced Multi-Mission Operation System,--,--,29.0,30.0,30.0,30.0,30.0,PDF p158 Budget Authority table,"R70 full-extraction pass, parsed from the hosted PDF 2026-09-27; ""--"" = not shown in the new FY2027 structure (FY2025/26 enacted are given only at account level); FY2028-31 are notional; every ""Total Budget"" row was checked against the sum of the lines above it (0 mismatches); pp2-3 are the agency summary where sub-lines follow their parent account"
nasa_fy2027_budget_estimates,158,Science: Planetary Science: Planetary Science Research / OTHER MISSIONS AND DATA ANALYSIS,Planetary Data System,--,--,30.2,44.6,46.6,46.7,48.7,PDF p158 Budget Authority table,"R70 full-extraction pass, parsed from the hosted PDF 2026-09-27; ""--"" = not shown in the new FY2027 structure (FY2025/26 enacted are given only at account level); FY2028-31 are notional; every ""Total Budget"" row was checked against the sum of the lines above it (0 mismatches); pp2-3 are the agency summary where sub-lines follow their parent account"
nasa_fy2027_budget_estimates,158,Science: Planetary Science: Planetary Science Research / OTHER MISSIONS AND DATA ANALYSIS,Astromaterial Curation,--,--,16.3,17.2,17.1,17.1,17.6,PDF p158 Budget Authority table,"R70 full-extraction pass, parsed from the hosted PDF 2026-09-27; ""--"" = not shown in the new FY2027 structure (FY2025/26 enacted are given only at account level); FY2028-31 are notional; every ""Total Budget"" row was checked against the sum of the lines above it (0 mismatches); pp2-3 are the agency summary where sub-lines follow their parent account"
nasa_fy2027_budget_estimates,158,Science: Planetary Science: Planetary Science Research / OTHER MISSIONS AND DATA ANALYSIS,Robotics Alliance,--,--,5.0,5.0,5.0,5.0,5.0,PDF p158 Budget Authority table,"R70 full-extraction pass, parsed from the hosted PDF 2026-09-27; ""--"" = not shown in the new FY2027 structure (FY2025/26 enacted are given only at account level); FY2028-31 are notional; every ""Total Budget"" row was checked against the sum of the lines above it (0 mismatches); pp2-3 are the agency summary where sub-lines follow their parent account"
nasa_fy2027_budget_estimates,158,Science: Planetary Science: Planetary Science Research / OTHER MISSIONS AND DATA ANALYSIS,"Scientific AI, Data & Analytics (SAIDA)",--,--,19.4,19.4,19.4,19.4,19.4,PDF p158 Budget Authority table,"R70 full-extraction pass, parsed from the hosted PDF 2026-09-27; ""--"" = not shown in the new FY2027 structure (FY2025/26 enacted are given only at account level); FY2028-31 are notional; every ""Total Budget"" row was checked against the sum of the lines above it (0 mismatches); pp2-3 are the agency summary where sub-lines follow their parent account"
nasa_fy2027_budget_estimates,158,Science: Planetary Science: Planetary Science Research / OTHER MISSIONS AND DATA ANALYSIS,Planetary Technology,--,--,3.1,3.1,6.6,6.6,7.1,PDF p158 Budget Authority table,"R70 full-extraction pass, parsed from the hosted PDF 2026-09-27; ""--"" = not shown in the new FY2027 structure (FY2025/26 enacted are given only at account level); FY2028-31 are notional; every ""Total Budget"" row was checked against the sum of the lines above it (0 mismatches); pp2-3 are the agency summary where sub-lines follow their parent account"
nasa_fy2027_budget_estimates,158,Science: Planetary Science: Planetary Science Research / OTHER MISSIONS AND DATA ANALYSIS,Science Agency Support,--,--,37.5,38.7,39.7,41.1,42.2,PDF p158 Budget Authority table,"R70 full-extraction pass, parsed from the hosted PDF 2026-09-27; ""--"" = not shown in the new FY2027 structure (FY2025/26 enacted are given only at account level); FY2028-31 are notional; every ""Total Budget"" row was checked against the sum of the lines above it (0 mismatches); pp2-3 are the agency summary where sub-lines follow their parent account"
nasa_fy2027_budget_estimates,158,Science: Planetary Science: Planetary Science Research / OTHER MISSIONS AND DATA ANALYSIS,High End Computing Capability,--,--,23.8,23.8,23.8,23.8,23.8,PDF p158 Budget Authority table,"R70 full-extraction pass, parsed from the hosted PDF 2026-09-27; ""--"" = not shown in the new FY2027 structure (FY2025/26 enacted are given only at account level); FY2028-31 are notional; every ""Total Budget"" row was checked against the sum of the lines above it (0 mismatches); pp2-3 are the agency summary where sub-lines follow their parent account"
nasa_fy2027_budget_estimates,158,Science: Planetary Science: Planetary Science Research / OTHER MISSIONS AND DATA ANALYSIS,Planetary Science Directed R&T,--,--,1.0,1.0,1.0,1.0,1.0,PDF p158 Budget Authority table,"R70 full-extraction pass, parsed from the hosted PDF 2026-09-27; ""--"" = not shown in the new FY2027 structure (FY2025/26 enacted are given only at account level); FY2028-31 are notional; every ""Total Budget"" row was checked against the sum of the lines above it (0 mismatches); pp2-3 are the agency summary where sub-lines follow their parent account"
nasa_fy2027_budget_estimates,158,Science: Planetary Science: Planetary Science Research / OTHER MISSIONS AND DATA ANALYSIS,Total Budget,--,--,165.3,182.8,189.2,190.7,194.8,PDF p158 Budget Authority table,"R70 full-extraction pass, parsed from the hosted PDF 2026-09-27; ""--"" = not shown in the new FY2027 structure (FY2025/26 enacted are given only at account level); FY2028-31 are notional; every ""Total Budget"" row was checked against the sum of the lines above it (0 mismatches); pp2-3 are the agency summary where sub-lines follow their parent account"
nasa_fy2027_budget_estimates,162,Science: Planetary Science / PLANETARY DEFENSE,NEO Surveyor,--,--,283.7,41.4,36.1,36.0,36.0,PDF p162 Budget Authority table,"R70 full-extraction pass, parsed from the hosted PDF 2026-09-27; ""--"" = not shown in the new FY2027 structure (FY2025/26 enacted are given only at account level); FY2028-31 are notional; every ""Total Budget"" row was checked against the sum of the lines above it (0 mismatches); pp2-3 are the agency summary where sub-lines follow their parent account"
nasa_fy2027_budget_estimates,162,Science: Planetary Science / PLANETARY DEFENSE,Other Missions and Data Analysis,--,--,41.0,45.2,47.5,47.5,48.7,PDF p162 Budget Authority table,"R70 full-extraction pass, parsed from the hosted PDF 2026-09-27; ""--"" = not shown in the new FY2027 structure (FY2025/26 enacted are given only at account level); FY2028-31 are notional; every ""Total Budget"" row was checked against the sum of the lines above it (0 mismatches); pp2-3 are the agency summary where sub-lines follow their parent account"
nasa_fy2027_budget_estimates,162,Science: Planetary Science / PLANETARY DEFENSE,Total Budget,--,--,324.7,86.6,83.6,83.5,84.7,PDF p162 Budget Authority table,"R70 full-extraction pass, parsed from the hosted PDF 2026-09-27; ""--"" = not shown in the new FY2027 structure (FY2025/26 enacted are given only at account level); FY2028-31 are notional; every ""Total Budget"" row was checked against the sum of the lines above it (0 mismatches); pp2-3 are the agency summary where sub-lines follow their parent account"
nasa_fy2027_budget_estimates,164,Science: Planetary Science: Planetary Defense / NEAR EARTH OBJECTS SURVEYOR,Total Budget,--,--,283.7,41.4,36.1,36.0,36.0,PDF p164 Budget Authority table,"R70 full-extraction pass, parsed from the hosted PDF 2026-09-27; ""--"" = not shown in the new FY2027 structure (FY2025/26 enacted are given only at account level); FY2028-31 are notional; every ""Total Budget"" row was checked against the sum of the lines above it (0 mismatches); pp2-3 are the agency summary where sub-lines follow their parent account"
nasa_fy2027_budget_estimates,170,Science: Planetary Science: Planetary Defense / OTHER MISSIONS AND DATA ANALYSIS,Near Earth Object Observations,--,--,41.0,45.2,47.5,47.5,48.7,PDF p170 Budget Authority table,"R70 full-extraction pass, parsed from the hosted PDF 2026-09-27; ""--"" = not shown in the new FY2027 structure (FY2025/26 enacted are given only at account level); FY2028-31 are notional; every ""Total Budget"" row was checked against the sum of the lines above it (0 mismatches); pp2-3 are the agency summary where sub-lines follow their parent account"
nasa_fy2027_budget_estimates,170,Science: Planetary Science: Planetary Defense / OTHER MISSIONS AND DATA ANALYSIS,Total Budget,--,--,41.0,45.2,47.5,47.5,48.7,PDF p170 Budget Authority table,"R70 full-extraction pass, parsed from the hosted PDF 2026-09-27; ""--"" = not shown in the new FY2027 structure (FY2025/26 enacted are given only at account level); FY2028-31 are notional; every ""Total Budget"" row was checked against the sum of the lines above it (0 mismatches); pp2-3 are the agency summary where sub-lines follow their parent account"
nasa_fy2027_budget_estimates,172,Science: Planetary Science / LUNAR DISCOVERY AND EXPLORATION,Other Missions and Data Analysis,--,--,204.0,218.8,234.2,234.6,234.6,PDF p172 Budget Authority table,"R70 full-extraction pass, parsed from the hosted PDF 2026-09-27; ""--"" = not shown in the new FY2027 structure (FY2025/26 enacted are given only at account level); FY2028-31 are notional; every ""Total Budget"" row was checked against the sum of the lines above it (0 mismatches); pp2-3 are the agency summary where sub-lines follow their parent account"
nasa_fy2027_budget_estimates,172,Science: Planetary Science / LUNAR DISCOVERY AND EXPLORATION,Total Budget,--,--,204.0,218.8,234.2,234.6,234.6,PDF p172 Budget Authority table,"R70 full-extraction pass, parsed from the hosted PDF 2026-09-27; ""--"" = not shown in the new FY2027 structure (FY2025/26 enacted are given only at account level); FY2028-31 are notional; every ""Total Budget"" row was checked against the sum of the lines above it (0 mismatches); pp2-3 are the agency summary where sub-lines follow their parent account"
nasa_fy2027_budget_estimates,177,Science: Planetary Science: Lunar Discovery and Exploration / OTHER MISSIONS AND DATA ANALYSIS,Lunar Instruments,--,--,46.4,67.4,107.8,88.5,87.8,PDF p177 Budget Authority table,"R70 full-extraction pass, parsed from the hosted PDF 2026-09-27; ""--"" = not shown in the new FY2027 structure (FY2025/26 enacted are given only at account level); FY2028-31 are notional; every ""Total Budget"" row was checked against the sum of the lines above it (0 mismatches); pp2-3 are the agency summary where sub-lines follow their parent account"
nasa_fy2027_budget_estimates,177,Science: Planetary Science: Lunar Discovery and Exploration / OTHER MISSIONS AND DATA ANALYSIS,Payloads and RI on Surface of the Moon-1,--,--,1.3,0.5,0.0,0.0,0.0,PDF p177 Budget Authority table,"R70 full-extraction pass, parsed from the hosted PDF 2026-09-27; ""--"" = not shown in the new FY2027 structure (FY2025/26 enacted are given only at account level); FY2028-31 are notional; every ""Total Budget"" row was checked against the sum of the lines above it (0 mismatches); pp2-3 are the agency summary where sub-lines follow their parent account"
nasa_fy2027_budget_estimates,177,Science: Planetary Science: Lunar Discovery and Exploration / OTHER MISSIONS AND DATA ANALYSIS,Payloads and RI on Surface of the Moon-2,--,--,4.5,3.3,0.0,0.0,0.0,PDF p177 Budget Authority table,"R70 full-extraction pass, parsed from the hosted PDF 2026-09-27; ""--"" = not shown in the new FY2027 structure (FY2025/26 enacted are given only at account level); FY2028-31 are notional; every ""Total Budget"" row was checked against the sum of the lines above it (0 mismatches); pp2-3 are the agency summary where sub-lines follow their parent account"
nasa_fy2027_budget_estimates,177,Science: Planetary Science: Lunar Discovery and Exploration / OTHER MISSIONS AND DATA ANALYSIS,Payloads and RI on Surface of the Moon-3,--,--,4.7,1.8,0.4,0.1,0.0,PDF p177 Budget Authority table,"R70 full-extraction pass, parsed from the hosted PDF 2026-09-27; ""--"" = not shown in the new FY2027 structure (FY2025/26 enacted are given only at account level); FY2028-31 are notional; every ""Total Budget"" row was checked against the sum of the lines above it (0 mismatches); pp2-3 are the agency summary where sub-lines follow their parent account"
nasa_fy2027_budget_estimates,177,Science: Planetary Science: Lunar Discovery and Exploration / OTHER MISSIONS AND DATA ANALYSIS,Artemis Instruments,--,--,18.0,13.0,59.0,69.5,70.5,PDF p177 Budget Authority table,"R70 full-extraction pass, parsed from the hosted PDF 2026-09-27; ""--"" = not shown in the new FY2027 structure (FY2025/26 enacted are given only at account level); FY2028-31 are notional; every ""Total Budget"" row was checked against the sum of the lines above it (0 mismatches); pp2-3 are the agency summary where sub-lines follow their parent account"
nasa_fy2027_budget_estimates,177,Science: Planetary Science: Lunar Discovery and Exploration / OTHER MISSIONS AND DATA ANALYSIS,Artemis Deployed Instruments-1,--,--,1.3,0.0,0.0,0.0,0.0,PDF p177 Budget Authority table,"R70 full-extraction pass, parsed from the hosted PDF 2026-09-27; ""--"" = not shown in the new FY2027 structure (FY2025/26 enacted are given only at account level); FY2028-31 are notional; every ""Total Budget"" row was checked against the sum of the lines above it (0 mismatches); pp2-3 are the agency summary where sub-lines follow their parent account"
nasa_fy2027_budget_estimates,177,Science: Planetary Science: Lunar Discovery and Exploration / OTHER MISSIONS AND DATA ANALYSIS,Lunar Intl Mission Collaborations,--,--,2.0,1.2,0.0,0.0,0.0,PDF p177 Budget Authority table,"R70 full-extraction pass, parsed from the hosted PDF 2026-09-27; ""--"" = not shown in the new FY2027 structure (FY2025/26 enacted are given only at account level); FY2028-31 are notional; every ""Total Budget"" row was checked against the sum of the lines above it (0 mismatches); pp2-3 are the agency summary where sub-lines follow their parent account"
nasa_fy2027_budget_estimates,177,Science: Planetary Science: Lunar Discovery and Exploration / OTHER MISSIONS AND DATA ANALYSIS,DALI,--,--,5.6,2.3,0.0,0.0,0.0,PDF p177 Budget Authority table,"R70 full-extraction pass, parsed from the hosted PDF 2026-09-27; ""--"" = not shown in the new FY2027 structure (FY2025/26 enacted are given only at account level); FY2028-31 are notional; every ""Total Budget"" row was checked against the sum of the lines above it (0 mismatches); pp2-3 are the agency summary where sub-lines follow their parent account"
nasa_fy2027_budget_estimates,177,Science: Planetary Science: Lunar Discovery and Exploration / OTHER MISSIONS AND DATA ANALYSIS,Lunar Science,--,--,22.0,27.2,27.7,27.7,27.7,PDF p177 Budget Authority table,"R70 full-extraction pass, parsed from the hosted PDF 2026-09-27; ""--"" = not shown in the new FY2027 structure (FY2025/26 enacted are given only at account level); FY2028-31 are notional; every ""Total Budget"" row was checked against the sum of the lines above it (0 mismatches); pp2-3 are the agency summary where sub-lines follow their parent account"
nasa_fy2027_budget_estimates,177,Science: Planetary Science: Lunar Discovery and Exploration / OTHER MISSIONS AND DATA ANALYSIS,Lunar Management,--,--,12.8,9.2,9.0,9.1,9.0,PDF p177 Budget Authority table,"R70 full-extraction pass, parsed from the hosted PDF 2026-09-27; ""--"" = not shown in the new FY2027 structure (FY2025/26 enacted are given only at account level); FY2028-31 are notional; every ""Total Budget"" row was checked against the sum of the lines above it (0 mismatches); pp2-3 are the agency summary where sub-lines follow their parent account"
nasa_fy2027_budget_estimates,177,Science: Planetary Science: Lunar Discovery and Exploration / OTHER MISSIONS AND DATA ANALYSIS,Lunar Future,--,--,42.7,34.0,0.3,0.7,0.6,PDF p177 Budget Authority table,"R70 full-extraction pass, parsed from the hosted PDF 2026-09-27; ""--"" = not shown in the new FY2027 structure (FY2025/26 enacted are given only at account level); FY2028-31 are notional; every ""Total Budget"" row was checked against the sum of the lines above it (0 mismatches); pp2-3 are the agency summary where sub-lines follow their parent account"
nasa_fy2027_budget_estimates,177,Science: Planetary Science: Lunar Discovery and Exploration / OTHER MISSIONS AND DATA ANALYSIS,Lunar Reconnaissance Orbiter (LRO),--,--,22.0,22.0,22.0,22.0,22.0,PDF p177 Budget Authority table,"R70 full-extraction pass, parsed from the hosted PDF 2026-09-27; ""--"" = not shown in the new FY2027 structure (FY2025/26 enacted are given only at account level); FY2028-31 are notional; every ""Total Budget"" row was checked against the sum of the lines above it (0 mismatches); pp2-3 are the agency summary where sub-lines follow their parent account"
nasa_fy2027_budget_estimates,177,Science: Planetary Science: Lunar Discovery and Exploration / OTHER MISSIONS AND DATA ANALYSIS,PRISM-Stand-alone Landing Site-Agnostic,--,--,11.0,10.0,5.0,15.0,15.0,PDF p177 Budget Authority table,"R70 full-extraction pass, parsed from the hosted PDF 2026-09-27; ""--"" = not shown in the new FY2027 structure (FY2025/26 enacted are given only at account level); FY2028-31 are notional; every ""Total Budget"" row was checked against the sum of the lines above it (0 mismatches); pp2-3 are the agency summary where sub-lines follow their parent account"
nasa_fy2027_budget_estimates,177,Science: Planetary Science: Lunar Discovery and Exploration / OTHER MISSIONS AND DATA ANALYSIS,Lunar Terrain Vehicle Instruments,--,--,1.8,12.0,3.0,2.0,2.0,PDF p177 Budget Authority table,"R70 full-extraction pass, parsed from the hosted PDF 2026-09-27; ""--"" = not shown in the new FY2027 structure (FY2025/26 enacted are given only at account level); FY2028-31 are notional; every ""Total Budget"" row was checked against the sum of the lines above it (0 mismatches); pp2-3 are the agency summary where sub-lines follow their parent account"
nasa_fy2027_budget_estimates,177,Science: Planetary Science: Lunar Discovery and Exploration / OTHER MISSIONS AND DATA ANALYSIS,Artemis Deployed Instruments-2,--,--,8.0,15.0,0.0,0.0,0.0,PDF p177 Budget Authority table,"R70 full-extraction pass, parsed from the hosted PDF 2026-09-27; ""--"" = not shown in the new FY2027 structure (FY2025/26 enacted are given only at account level); FY2028-31 are notional; every ""Total Budget"" row was checked against the sum of the lines above it (0 mismatches); pp2-3 are the agency summary where sub-lines follow their parent account"
nasa_fy2027_budget_estimates,177,Science: Planetary Science: Lunar Discovery and Exploration / OTHER MISSIONS AND DATA ANALYSIS,Total Budget,--,--,204.0,218.8,234.2,234.6,234.6,PDF p177 Budget Authority table,"R70 full-extraction pass, parsed from the hosted PDF 2026-09-27; ""--"" = not shown in the new FY2027 structure (FY2025/26 enacted are given only at account level); FY2028-31 are notional; every ""Total Budget"" row was checked against the sum of the lines above it (0 mismatches); pp2-3 are the agency summary where sub-lines follow their parent account"
nasa_fy2027_budget_estimates,184,Science: Planetary Science / DISCOVERY,Other Missions and Data Analysis,--,--,111.5,170.0,169.5,165.1,151.2,PDF p184 Budget Authority table,"R70 full-extraction pass, parsed from the hosted PDF 2026-09-27; ""--"" = not shown in the new FY2027 structure (FY2025/26 enacted are given only at account level); FY2028-31 are notional; every ""Total Budget"" row was checked against the sum of the lines above it (0 mismatches); pp2-3 are the agency summary where sub-lines follow their parent account"
nasa_fy2027_budget_estimates,184,Science: Planetary Science / DISCOVERY,Total Budget,--,--,111.5,170.0,169.5,165.1,151.2,PDF p184 Budget Authority table,"R70 full-extraction pass, parsed from the hosted PDF 2026-09-27; ""--"" = not shown in the new FY2027 structure (FY2025/26 enacted are given only at account level); FY2028-31 are notional; every ""Total Budget"" row was checked against the sum of the lines above it (0 mismatches); pp2-3 are the agency summary where sub-lines follow their parent account"
nasa_fy2027_budget_estimates,186,Science: Planetary Science: Discovery / OTHER MISSIONS AND DATA ANALYSIS,Psyche,--,--,35.8,37.4,47.5,46.9,41.9,PDF p186 Budget Authority table,"R70 full-extraction pass, parsed from the hosted PDF 2026-09-27; ""--"" = not shown in the new FY2027 structure (FY2025/26 enacted are given only at account level); FY2028-31 are notional; every ""Total Budget"" row was checked against the sum of the lines above it (0 mismatches); pp2-3 are the agency summary where sub-lines follow their parent account"
nasa_fy2027_budget_estimates,186,Science: Planetary Science: Discovery / OTHER MISSIONS AND DATA ANALYSIS,Lucy,--,--,34.7,34.9,25.0,25.3,24.6,PDF p186 Budget Authority table,"R70 full-extraction pass, parsed from the hosted PDF 2026-09-27; ""--"" = not shown in the new FY2027 structure (FY2025/26 enacted are given only at account level); FY2028-31 are notional; every ""Total Budget"" row was checked against the sum of the lines above it (0 mismatches); pp2-3 are the agency summary where sub-lines follow their parent account"
nasa_fy2027_budget_estimates,186,Science: Planetary Science: Discovery / OTHER MISSIONS AND DATA ANALYSIS,Strofio,--,--,2.4,2.4,0.4,0.0,0.0,PDF p186 Budget Authority table,"R70 full-extraction pass, parsed from the hosted PDF 2026-09-27; ""--"" = not shown in the new FY2027 structure (FY2025/26 enacted are given only at account level); FY2028-31 are notional; every ""Total Budget"" row was checked against the sum of the lines above it (0 mismatches); pp2-3 are the agency summary where sub-lines follow their parent account"
nasa_fy2027_budget_estimates,186,Science: Planetary Science: Discovery / OTHER MISSIONS AND DATA ANALYSIS,International Mission Contributions (IMC,--,--,8.5,8.5,5.5,6.4,6.0,PDF p186 Budget Authority table,"R70 full-extraction pass, parsed from the hosted PDF 2026-09-27; ""--"" = not shown in the new FY2027 structure (FY2025/26 enacted are given only at account level); FY2028-31 are notional; every ""Total Budget"" row was checked against the sum of the lines above it (0 mismatches); pp2-3 are the agency summary where sub-lines follow their parent account"
nasa_fy2027_budget_estimates,186,Science: Planetary Science: Discovery / OTHER MISSIONS AND DATA ANALYSIS,Planetary Management,--,--,21.4,33.8,37.9,33.8,27.0,PDF p186 Budget Authority table,"R70 full-extraction pass, parsed from the hosted PDF 2026-09-27; ""--"" = not shown in the new FY2027 structure (FY2025/26 enacted are given only at account level); FY2028-31 are notional; every ""Total Budget"" row was checked against the sum of the lines above it (0 mismatches); pp2-3 are the agency summary where sub-lines follow their parent account"
nasa_fy2027_budget_estimates,186,Science: Planetary Science: Discovery / OTHER MISSIONS AND DATA ANALYSIS,Discovery Future,--,--,0.0,42.4,42.0,40.5,41.5,PDF p186 Budget Authority table,"R70 full-extraction pass, parsed from the hosted PDF 2026-09-27; ""--"" = not shown in the new FY2027 structure (FY2025/26 enacted are given only at account level); FY2028-31 are notional; every ""Total Budget"" row was checked against the sum of the lines above it (0 mismatches); pp2-3 are the agency summary where sub-lines follow their parent account"
nasa_fy2027_budget_estimates,186,Science: Planetary Science: Discovery / OTHER MISSIONS AND DATA ANALYSIS,Discovery Research,--,--,5.7,7.1,7.9,8.7,9.2,PDF p186 Budget Authority table,"R70 full-extraction pass, parsed from the hosted PDF 2026-09-27; ""--"" = not shown in the new FY2027 structure (FY2025/26 enacted are given only at account level); FY2028-31 are notional; every ""Total Budget"" row was checked against the sum of the lines above it (0 mismatches); pp2-3 are the agency summary where sub-lines follow their parent account"
nasa_fy2027_budget_estimates,186,Science: Planetary Science: Discovery / OTHER MISSIONS AND DATA ANALYSIS,Mars-moon Exploration with GAmma Rays an,--,--,3.0,3.4,3.3,3.5,1.1,PDF p186 Budget Authority table,"R70 full-extraction pass, parsed from the hosted PDF 2026-09-27; ""--"" = not shown in the new FY2027 structure (FY2025/26 enacted are given only at account level); FY2028-31 are notional; every ""Total Budget"" row was checked against the sum of the lines above it (0 mismatches); pp2-3 are the agency summary where sub-lines follow their parent account"
nasa_fy2027_budget_estimates,186,Science: Planetary Science: Discovery / OTHER MISSIONS AND DATA ANALYSIS,Total Budget,--,--,111.5,170.0,169.5,165.1,151.2,PDF p186 Budget Authority table,"R70 full-extraction pass, parsed from the hosted PDF 2026-09-27; ""--"" = not shown in the new FY2027 structure (FY2025/26 enacted are given only at account level); FY2028-31 are notional; every ""Total Budget"" row was checked against the sum of the lines above it (0 mismatches); pp2-3 are the agency summary where sub-lines follow their parent account"
nasa_fy2027_budget_estimates,189,Science: Planetary Science / NEW FRONTIERS,Dragonfly,--,--,423.9,344.2,46.6,44.2,30.9,PDF p189 Budget Authority table,"R70 full-extraction pass, parsed from the hosted PDF 2026-09-27; ""--"" = not shown in the new FY2027 structure (FY2025/26 enacted are given only at account level); FY2028-31 are notional; every ""Total Budget"" row was checked against the sum of the lines above it (0 mismatches); pp2-3 are the agency summary where sub-lines follow their parent account"
nasa_fy2027_budget_estimates,189,Science: Planetary Science / NEW FRONTIERS,Other Missions and Data Analysis,--,--,6.4,69.7,262.6,337.9,435.6,PDF p189 Budget Authority table,"R70 full-extraction pass, parsed from the hosted PDF 2026-09-27; ""--"" = not shown in the new FY2027 structure (FY2025/26 enacted are given only at account level); FY2028-31 are notional; every ""Total Budget"" row was checked against the sum of the lines above it (0 mismatches); pp2-3 are the agency summary where sub-lines follow their parent account"
nasa_fy2027_budget_estimates,189,Science: Planetary Science / NEW FRONTIERS,Total Budget,--,--,430.3,413.9,309.2,382.1,466.5,PDF p189 Budget Authority table,"R70 full-extraction pass, parsed from the hosted PDF 2026-09-27; ""--"" = not shown in the new FY2027 structure (FY2025/26 enacted are given only at account level); FY2028-31 are notional; every ""Total Budget"" row was checked against the sum of the lines above it (0 mismatches); pp2-3 are the agency summary where sub-lines follow their parent account"
nasa_fy2027_budget_estimates,191,Science: Planetary Science: New Frontiers / DRAGONFLY,Total Budget,--,--,423.9,344.2,46.6,44.2,30.9,PDF p191 Budget Authority table,"R70 full-extraction pass, parsed from the hosted PDF 2026-09-27; ""--"" = not shown in the new FY2027 structure (FY2025/26 enacted are given only at account level); FY2028-31 are notional; every ""Total Budget"" row was checked against the sum of the lines above it (0 mismatches); pp2-3 are the agency summary where sub-lines follow their parent account"
nasa_fy2027_budget_estimates,197,Science: Planetary Science: New Frontiers / OTHER MISSIONS AND DATA ANALYSIS,New Frontiers Future Missions,--,--,0.0,62.1,253.8,329.1,426.8,PDF p197 Budget Authority table,"R70 full-extraction pass, parsed from the hosted PDF 2026-09-27; ""--"" = not shown in the new FY2027 structure (FY2025/26 enacted are given only at account level); FY2028-31 are notional; every ""Total Budget"" row was checked against the sum of the lines above it (0 mismatches); pp2-3 are the agency summary where sub-lines follow their parent account"
nasa_fy2027_budget_estimates,197,Science: Planetary Science: New Frontiers / OTHER MISSIONS AND DATA ANALYSIS,New Frontiers Research,--,--,6.4,7.6,8.8,8.8,8.8,PDF p197 Budget Authority table,"R70 full-extraction pass, parsed from the hosted PDF 2026-09-27; ""--"" = not shown in the new FY2027 structure (FY2025/26 enacted are given only at account level); FY2028-31 are notional; every ""Total Budget"" row was checked against the sum of the lines above it (0 mismatches); pp2-3 are the agency summary where sub-lines follow their parent account"
nasa_fy2027_budget_estimates,197,Science: Planetary Science: New Frontiers / OTHER MISSIONS AND DATA ANALYSIS,Total Budget,--,--,6.4,69.7,262.6,337.9,435.6,PDF p197 Budget Authority table,"R70 full-extraction pass, parsed from the hosted PDF 2026-09-27; ""--"" = not shown in the new FY2027 structure (FY2025/26 enacted are given only at account level); FY2028-31 are notional; every ""Total Budget"" row was checked against the sum of the lines above it (0 mismatches); pp2-3 are the agency summary where sub-lines follow their parent account"
nasa_fy2027_budget_estimates,198,Science: Planetary Science / MARS EXPLORATION,Other Missions and Data Analysis,--,--,248.3,310.0,415.3,381.0,320.4,PDF p198 Budget Authority table,"R70 full-extraction pass, parsed from the hosted PDF 2026-09-27; ""--"" = not shown in the new FY2027 structure (FY2025/26 enacted are given only at account level); FY2028-31 are notional; every ""Total Budget"" row was checked against the sum of the lines above it (0 mismatches); pp2-3 are the agency summary where sub-lines follow their parent account"
nasa_fy2027_budget_estimates,198,Science: Planetary Science / MARS EXPLORATION,Total Budget,--,--,248.3,310.0,415.3,381.0,320.4,PDF p198 Budget Authority table,"R70 full-extraction pass, parsed from the hosted PDF 2026-09-27; ""--"" = not shown in the new FY2027 structure (FY2025/26 enacted are given only at account level); FY2028-31 are notional; every ""Total Budget"" row was checked against the sum of the lines above it (0 mismatches); pp2-3 are the agency summary where sub-lines follow their parent account"
nasa_fy2027_budget_estimates,200,Science: Planetary Science: Mars Exploration / OTHER MISSIONS AND DATA ANALYSIS,Mars Rover 2020,--,--,38.0,58.0,62.6,64.0,64.0,PDF p200 Budget Authority table,"R70 full-extraction pass, parsed from the hosted PDF 2026-09-27; ""--"" = not shown in the new FY2027 structure (FY2025/26 enacted are given only at account level); FY2028-31 are notional; every ""Total Budget"" row was checked against the sum of the lines above it (0 mismatches); pp2-3 are the agency summary where sub-lines follow their parent account"
nasa_fy2027_budget_estimates,200,Science: Planetary Science: Mars Exploration / OTHER MISSIONS AND DATA ANALYSIS,Trace Gas Orbiter - ExoMars,--,--,2.0,2.0,2.0,2.0,2.0,PDF p200 Budget Authority table,"R70 full-extraction pass, parsed from the hosted PDF 2026-09-27; ""--"" = not shown in the new FY2027 structure (FY2025/26 enacted are given only at account level); FY2028-31 are notional; every ""Total Budget"" row was checked against the sum of the lines above it (0 mismatches); pp2-3 are the agency summary where sub-lines follow their parent account"
nasa_fy2027_budget_estimates,200,Science: Planetary Science: Mars Exploration / OTHER MISSIONS AND DATA ANALYSIS,Mars Program Management,--,--,13.4,13.5,14.0,13.4,15.7,PDF p200 Budget Authority table,"R70 full-extraction pass, parsed from the hosted PDF 2026-09-27; ""--"" = not shown in the new FY2027 structure (FY2025/26 enacted are given only at account level); FY2028-31 are notional; every ""Total Budget"" row was checked against the sum of the lines above it (0 mismatches); pp2-3 are the agency summary where sub-lines follow their parent account"
nasa_fy2027_budget_estimates,200,Science: Planetary Science: Mars Exploration / OTHER MISSIONS AND DATA ANALYSIS,Mars Future Missions,--,--,110.0,150.0,208.0,175.0,113.0,PDF p200 Budget Authority table,"R70 full-extraction pass, parsed from the hosted PDF 2026-09-27; ""--"" = not shown in the new FY2027 structure (FY2025/26 enacted are given only at account level); FY2028-31 are notional; every ""Total Budget"" row was checked against the sum of the lines above it (0 mismatches); pp2-3 are the agency summary where sub-lines follow their parent account"
nasa_fy2027_budget_estimates,200,Science: Planetary Science: Mars Exploration / OTHER MISSIONS AND DATA ANALYSIS,Mars Mission Operations,--,--,6.4,6.1,6.7,6.3,6.7,PDF p200 Budget Authority table,"R70 full-extraction pass, parsed from the hosted PDF 2026-09-27; ""--"" = not shown in the new FY2027 structure (FY2025/26 enacted are given only at account level); FY2028-31 are notional; every ""Total Budget"" row was checked against the sum of the lines above it (0 mismatches); pp2-3 are the agency summary where sub-lines follow their parent account"
nasa_fy2027_budget_estimates,200,Science: Planetary Science: Mars Exploration / OTHER MISSIONS AND DATA ANALYSIS,Mars Research and Analysis,--,--,9.6,11.0,13.0,13.4,13.0,PDF p200 Budget Authority table,"R70 full-extraction pass, parsed from the hosted PDF 2026-09-27; ""--"" = not shown in the new FY2027 structure (FY2025/26 enacted are given only at account level); FY2028-31 are notional; every ""Total Budget"" row was checked against the sum of the lines above it (0 mismatches); pp2-3 are the agency summary where sub-lines follow their parent account"
nasa_fy2027_budget_estimates,200,Science: Planetary Science: Mars Exploration / OTHER MISSIONS AND DATA ANALYSIS,Mars Technology,--,--,5.0,5.5,45.0,45.0,44.0,PDF p200 Budget Authority table,"R70 full-extraction pass, parsed from the hosted PDF 2026-09-27; ""--"" = not shown in the new FY2027 structure (FY2025/26 enacted are given only at account level); FY2028-31 are notional; every ""Total Budget"" row was checked against the sum of the lines above it (0 mismatches); pp2-3 are the agency summary where sub-lines follow their parent account"
nasa_fy2027_budget_estimates,200,Science: Planetary Science: Mars Exploration / OTHER MISSIONS AND DATA ANALYSIS,2011 Mars Science Lab,--,--,38.0,38.0,38.0,38.0,38.0,PDF p200 Budget Authority table,"R70 full-extraction pass, parsed from the hosted PDF 2026-09-27; ""--"" = not shown in the new FY2027 structure (FY2025/26 enacted are given only at account level); FY2028-31 are notional; every ""Total Budget"" row was checked against the sum of the lines above it (0 mismatches); pp2-3 are the agency summary where sub-lines follow their parent account"
nasa_fy2027_budget_estimates,200,Science: Planetary Science: Mars Exploration / OTHER MISSIONS AND DATA ANALYSIS,Mars Reconnaissance Orbiter 2005 (MRO),--,--,26.0,26.0,26.0,24.0,24.0,PDF p200 Budget Authority table,"R70 full-extraction pass, parsed from the hosted PDF 2026-09-27; ""--"" = not shown in the new FY2027 structure (FY2025/26 enacted are given only at account level); FY2028-31 are notional; every ""Total Budget"" row was checked against the sum of the lines above it (0 mismatches); pp2-3 are the agency summary where sub-lines follow their parent account"
nasa_fy2027_budget_estimates,200,Science: Planetary Science: Mars Exploration / OTHER MISSIONS AND DATA ANALYSIS,Total Budget,--,--,248.3,310.0,415.3,381.0,320.4,PDF p200 Budget Authority table,"R70 full-extraction pass, parsed from the hosted PDF 2026-09-27; ""--"" = not shown in the new FY2027 structure (FY2025/26 enacted are given only at account level); FY2028-31 are notional; every ""Total Budget"" row was checked against the sum of the lines above it (0 mismatches); pp2-3 are the agency summary where sub-lines follow their parent account"
nasa_fy2027_budget_estimates,204,Science: Planetary Science / OUTER PLANETS AND OCEAN WORLDS,Other Missions and Data Analysis,--,--,101.8,126.5,168.6,200.0,220.1,PDF p204 Budget Authority table,"R70 full-extraction pass, parsed from the hosted PDF 2026-09-27; ""--"" = not shown in the new FY2027 structure (FY2025/26 enacted are given only at account level); FY2028-31 are notional; every ""Total Budget"" row was checked against the sum of the lines above it (0 mismatches); pp2-3 are the agency summary where sub-lines follow their parent account"
nasa_fy2027_budget_estimates,204,Science: Planetary Science / OUTER PLANETS AND OCEAN WORLDS,Total Budget,--,--,101.8,126.5,168.6,200.0,220.1,PDF p204 Budget Authority table,"R70 full-extraction pass, parsed from the hosted PDF 2026-09-27; ""--"" = not shown in the new FY2027 structure (FY2025/26 enacted are given only at account level); FY2028-31 are notional; every ""Total Budget"" row was checked against the sum of the lines above it (0 mismatches); pp2-3 are the agency summary where sub-lines follow their parent account"
nasa_fy2027_budget_estimates,206,Science: Planetary Science: Outer Planets and Ocean Worlds / OTHER MISSIONS AND DATA ANALYSIS,Europa Clipper,--,--,89.2,112.2,140.1,172.3,187.7,PDF p206 Budget Authority table,"R70 full-extraction pass, parsed from the hosted PDF 2026-09-27; ""--"" = not shown in the new FY2027 structure (FY2025/26 enacted are given only at account level); FY2028-31 are notional; every ""Total Budget"" row was checked against the sum of the lines above it (0 mismatches); pp2-3 are the agency summary where sub-lines follow their parent account"
nasa_fy2027_budget_estimates,206,Science: Planetary Science: Outer Planets and Ocean Worlds / OTHER MISSIONS AND DATA ANALYSIS,JUICE - Jupiter Icy Moons Explorer,--,--,2.6,2.4,2.9,4.1,8.9,PDF p206 Budget Authority table,"R70 full-extraction pass, parsed from the hosted PDF 2026-09-27; ""--"" = not shown in the new FY2027 structure (FY2025/26 enacted are given only at account level); FY2028-31 are notional; every ""Total Budget"" row was checked against the sum of the lines above it (0 mismatches); pp2-3 are the agency summary where sub-lines follow their parent account"
nasa_fy2027_budget_estimates,206,Science: Planetary Science: Outer Planets and Ocean Worlds / OTHER MISSIONS AND DATA ANALYSIS,Outer Planets Research,--,--,10.0,11.9,13.6,13.6,13.6,PDF p206 Budget Authority table,"R70 full-extraction pass, parsed from the hosted PDF 2026-09-27; ""--"" = not shown in the new FY2027 structure (FY2025/26 enacted are given only at account level); FY2028-31 are notional; every ""Total Budget"" row was checked against the sum of the lines above it (0 mismatches); pp2-3 are the agency summary where sub-lines follow their parent account"
nasa_fy2027_budget_estimates,206,Science: Planetary Science: Outer Planets and Ocean Worlds / OTHER MISSIONS AND DATA ANALYSIS,Planetary Decadal Future,--,--,0.0,0.0,12.0,10.0,10.0,PDF p206 Budget Authority table,"R70 full-extraction pass, parsed from the hosted PDF 2026-09-27; ""--"" = not shown in the new FY2027 structure (FY2025/26 enacted are given only at account level); FY2028-31 are notional; every ""Total Budget"" row was checked against the sum of the lines above it (0 mismatches); pp2-3 are the agency summary where sub-lines follow their parent account"
nasa_fy2027_budget_estimates,206,Science: Planetary Science: Outer Planets and Ocean Worlds / OTHER MISSIONS AND DATA ANALYSIS,Total Budget,--,--,101.8,126.5,168.6,200.0,220.1,PDF p206 Budget Authority table,"R70 full-extraction pass, parsed from the hosted PDF 2026-09-27; ""--"" = not shown in the new FY2027 structure (FY2025/26 enacted are given only at account level); FY2028-31 are notional; every ""Total Budget"" row was checked against the sum of the lines above it (0 mismatches); pp2-3 are the agency summary where sub-lines follow their parent account"
nasa_fy2027_budget_estimates,208,Science: Planetary Science / RADIOISOTOPE POWER,Total Budget,--,--,135.3,150.9,0.0,0.0,0.0,PDF p208 Budget Authority table,"R70 full-extraction pass, parsed from the hosted PDF 2026-09-27; ""--"" = not shown in the new FY2027 structure (FY2025/26 enacted are given only at account level); FY2028-31 are notional; every ""Total Budget"" row was checked against the sum of the lines above it (0 mismatches); pp2-3 are the agency summary where sub-lines follow their parent account"
nasa_fy2027_budget_estimates,211,Science: Astrophysics / ASTROPHYSICS RESEARCH,Astrophysics Research and Analysis,--,--,46.6,47.7,47.7,47.7,47.7,PDF p211 Budget Authority table,"R70 full-extraction pass, parsed from the hosted PDF 2026-09-27; ""--"" = not shown in the new FY2027 structure (FY2025/26 enacted are given only at account level); FY2028-31 are notional; every ""Total Budget"" row was checked against the sum of the lines above it (0 mismatches); pp2-3 are the agency summary where sub-lines follow their parent account"
nasa_fy2027_budget_estimates,211,Science: Astrophysics / ASTROPHYSICS RESEARCH,Balloon Project,--,--,15.0,15.0,15.0,15.0,15.0,PDF p211 Budget Authority table,"R70 full-extraction pass, parsed from the hosted PDF 2026-09-27; ""--"" = not shown in the new FY2027 structure (FY2025/26 enacted are given only at account level); FY2028-31 are notional; every ""Total Budget"" row was checked against the sum of the lines above it (0 mismatches); pp2-3 are the agency summary where sub-lines follow their parent account"
nasa_fy2027_budget_estimates,211,Science: Astrophysics / ASTROPHYSICS RESEARCH,Science Activation,--,--,10.0,10.0,10.0,10.0,10.0,PDF p211 Budget Authority table,"R70 full-extraction pass, parsed from the hosted PDF 2026-09-27; ""--"" = not shown in the new FY2027 structure (FY2025/26 enacted are given only at account level); FY2028-31 are notional; every ""Total Budget"" row was checked against the sum of the lines above it (0 mismatches); pp2-3 are the agency summary where sub-lines follow their parent account"
nasa_fy2027_budget_estimates,211,Science: Astrophysics / ASTROPHYSICS RESEARCH,Other Missions and Data Analysis,--,--,36.4,36.4,36.4,36.4,36.4,PDF p211 Budget Authority table,"R70 full-extraction pass, parsed from the hosted PDF 2026-09-27; ""--"" = not shown in the new FY2027 structure (FY2025/26 enacted are given only at account level); FY2028-31 are notional; every ""Total Budget"" row was checked against the sum of the lines above it (0 mismatches); pp2-3 are the agency summary where sub-lines follow their parent account"
nasa_fy2027_budget_estimates,211,Science: Astrophysics / ASTROPHYSICS RESEARCH,Total Budget,--,--,108.0,109.1,109.1,109.1,109.1,PDF p211 Budget Authority table,"R70 full-extraction pass, parsed from the hosted PDF 2026-09-27; ""--"" = not shown in the new FY2027 structure (FY2025/26 enacted are given only at account level); FY2028-31 are notional; every ""Total Budget"" row was checked against the sum of the lines above it (0 mismatches); pp2-3 are the agency summary where sub-lines follow their parent account"
nasa_fy2027_budget_estimates,215,Science: Astrophysics: Astrophysics Research / OTHER MISSIONS AND DATA ANALYSIS,"Contract Administration, Audit & QA Svcs",--,--,10.0,10.0,10.0,10.0,10.0,PDF p215 Budget Authority table,"R70 full-extraction pass, parsed from the hosted PDF 2026-09-27; ""--"" = not shown in the new FY2027 structure (FY2025/26 enacted are given only at account level); FY2028-31 are notional; every ""Total Budget"" row was checked against the sum of the lines above it (0 mismatches); pp2-3 are the agency summary where sub-lines follow their parent account"
nasa_fy2027_budget_estimates,215,Science: Astrophysics: Astrophysics Research / OTHER MISSIONS AND DATA ANALYSIS,Astrophysics Data Curation and Archival,--,--,26.0,26.0,26.0,26.0,26.0,PDF p215 Budget Authority table,"R70 full-extraction pass, parsed from the hosted PDF 2026-09-27; ""--"" = not shown in the new FY2027 structure (FY2025/26 enacted are given only at account level); FY2028-31 are notional; every ""Total Budget"" row was checked against the sum of the lines above it (0 mismatches); pp2-3 are the agency summary where sub-lines follow their parent account"
nasa_fy2027_budget_estimates,215,Science: Astrophysics: Astrophysics Research / OTHER MISSIONS AND DATA ANALYSIS,Astrophysics Directed R&T,--,--,0.4,0.4,0.4,0.4,0.4,PDF p215 Budget Authority table,"R70 full-extraction pass, parsed from the hosted PDF 2026-09-27; ""--"" = not shown in the new FY2027 structure (FY2025/26 enacted are given only at account level); FY2028-31 are notional; every ""Total Budget"" row was checked against the sum of the lines above it (0 mismatches); pp2-3 are the agency summary where sub-lines follow their parent account"
nasa_fy2027_budget_estimates,215,Science: Astrophysics: Astrophysics Research / OTHER MISSIONS AND DATA ANALYSIS,Total Budget,--,--,36.4,36.4,36.4,36.4,36.4,PDF p215 Budget Authority table,"R70 full-extraction pass, parsed from the hosted PDF 2026-09-27; ""--"" = not shown in the new FY2027 structure (FY2025/26 enacted are given only at account level); FY2028-31 are notional; every ""Total Budget"" row was checked against the sum of the lines above it (0 mismatches); pp2-3 are the agency summary where sub-lines follow their parent account"
nasa_fy2027_budget_estimates,216,Science: Astrophysics / COSMIC ORIGINS,Hubble Space Telescope (HST),--,--,72.7,72.7,72.7,72.7,72.7,PDF p216 Budget Authority table,"R70 full-extraction pass, parsed from the hosted PDF 2026-09-27; ""--"" = not shown in the new FY2027 structure (FY2025/26 enacted are given only at account level); FY2028-31 are notional; every ""Total Budget"" row was checked against the sum of the lines above it (0 mismatches); pp2-3 are the agency summary where sub-lines follow their parent account"
nasa_fy2027_budget_estimates,216,Science: Astrophysics / COSMIC ORIGINS,James Webb Space Telescope,--,--,140.0,130.0,130.0,130.0,130.0,PDF p216 Budget Authority table,"R70 full-extraction pass, parsed from the hosted PDF 2026-09-27; ""--"" = not shown in the new FY2027 structure (FY2025/26 enacted are given only at account level); FY2028-31 are notional; every ""Total Budget"" row was checked against the sum of the lines above it (0 mismatches); pp2-3 are the agency summary where sub-lines follow their parent account"
nasa_fy2027_budget_estimates,216,Science: Astrophysics / COSMIC ORIGINS,Other Missions and Data Analysis,--,--,12.0,12.0,12.0,12.0,12.0,PDF p216 Budget Authority table,"R70 full-extraction pass, parsed from the hosted PDF 2026-09-27; ""--"" = not shown in the new FY2027 structure (FY2025/26 enacted are given only at account level); FY2028-31 are notional; every ""Total Budget"" row was checked against the sum of the lines above it (0 mismatches); pp2-3 are the agency summary where sub-lines follow their parent account"
nasa_fy2027_budget_estimates,216,Science: Astrophysics / COSMIC ORIGINS,Total Budget,--,--,224.7,214.7,214.7,214.7,214.7,PDF p216 Budget Authority table,"R70 full-extraction pass, parsed from the hosted PDF 2026-09-27; ""--"" = not shown in the new FY2027 structure (FY2025/26 enacted are given only at account level); FY2028-31 are notional; every ""Total Budget"" row was checked against the sum of the lines above it (0 mismatches); pp2-3 are the agency summary where sub-lines follow their parent account"
nasa_fy2027_budget_estimates,217,Science: Astrophysics: Cosmic Origins / HUBBLE SPACE TELESCOPE OPERATIONS,Total Budget,--,--,72.7,72.7,72.7,72.7,72.7,PDF p217 Budget Authority table,"R70 full-extraction pass, parsed from the hosted PDF 2026-09-27; ""--"" = not shown in the new FY2027 structure (FY2025/26 enacted are given only at account level); FY2028-31 are notional; every ""Total Budget"" row was checked against the sum of the lines above it (0 mismatches); pp2-3 are the agency summary where sub-lines follow their parent account"
nasa_fy2027_budget_estimates,218,Science: Astrophysics: Cosmic Origins / JAMES WEBB SPACE TELESCOPE,James Webb Space Telescope,--,--,120.0,110.0,110.0,110.0,110.0,PDF p218 Budget Authority table,"R70 full-extraction pass, parsed from the hosted PDF 2026-09-27; ""--"" = not shown in the new FY2027 structure (FY2025/26 enacted are given only at account level); FY2028-31 are notional; every ""Total Budget"" row was checked against the sum of the lines above it (0 mismatches); pp2-3 are the agency summary where sub-lines follow their parent account"
nasa_fy2027_budget_estimates,218,Science: Astrophysics: Cosmic Origins / JAMES WEBB SPACE TELESCOPE,Webb Science,--,--,20.0,20.0,20.0,20.0,20.0,PDF p218 Budget Authority table,"R70 full-extraction pass, parsed from the hosted PDF 2026-09-27; ""--"" = not shown in the new FY2027 structure (FY2025/26 enacted are given only at account level); FY2028-31 are notional; every ""Total Budget"" row was checked against the sum of the lines above it (0 mismatches); pp2-3 are the agency summary where sub-lines follow their parent account"
nasa_fy2027_budget_estimates,218,Science: Astrophysics: Cosmic Origins / JAMES WEBB SPACE TELESCOPE,Total Budget,--,--,140.0,130.0,130.0,130.0,130.0,PDF p218 Budget Authority table,"R70 full-extraction pass, parsed from the hosted PDF 2026-09-27; ""--"" = not shown in the new FY2027 structure (FY2025/26 enacted are given only at account level); FY2028-31 are notional; every ""Total Budget"" row was checked against the sum of the lines above it (0 mismatches); pp2-3 are the agency summary where sub-lines follow their parent account"
nasa_fy2027_budget_estimates,220,Science: Astrophysics: Cosmic Origins / OTHER MISSIONS AND DATA ANALYSIS,Astrophysics Program Management,--,--,12.0,12.0,12.0,12.0,12.0,PDF p220 Budget Authority table,"R70 full-extraction pass, parsed from the hosted PDF 2026-09-27; ""--"" = not shown in the new FY2027 structure (FY2025/26 enacted are given only at account level); FY2028-31 are notional; every ""Total Budget"" row was checked against the sum of the lines above it (0 mismatches); pp2-3 are the agency summary where sub-lines follow their parent account"
nasa_fy2027_budget_estimates,220,Science: Astrophysics: Cosmic Origins / OTHER MISSIONS AND DATA ANALYSIS,Total Budget,--,--,12.0,12.0,12.0,12.0,12.0,PDF p220 Budget Authority table,"R70 full-extraction pass, parsed from the hosted PDF 2026-09-27; ""--"" = not shown in the new FY2027 structure (FY2025/26 enacted are given only at account level); FY2028-31 are notional; every ""Total Budget"" row was checked against the sum of the lines above it (0 mismatches); pp2-3 are the agency summary where sub-lines follow their parent account"
nasa_fy2027_budget_estimates,221,Science: Astrophysics / PHYSICS OF THE COSMOS,Other Missions and Data Analysis,--,--,3.8,13.6,17.5,10.5,11.9,PDF p221 Budget Authority table,"R70 full-extraction pass, parsed from the hosted PDF 2026-09-27; ""--"" = not shown in the new FY2027 structure (FY2025/26 enacted are given only at account level); FY2028-31 are notional; every ""Total Budget"" row was checked against the sum of the lines above it (0 mismatches); pp2-3 are the agency summary where sub-lines follow their parent account"
nasa_fy2027_budget_estimates,221,Science: Astrophysics / PHYSICS OF THE COSMOS,Total Budget,--,--,3.8,13.6,17.5,10.5,11.9,PDF p221 Budget Authority table,"R70 full-extraction pass, parsed from the hosted PDF 2026-09-27; ""--"" = not shown in the new FY2027 structure (FY2025/26 enacted are given only at account level); FY2028-31 are notional; every ""Total Budget"" row was checked against the sum of the lines above it (0 mismatches); pp2-3 are the agency summary where sub-lines follow their parent account"
nasa_fy2027_budget_estimates,222,Science: Astrophysics: Physics of the Cosmos / OTHER MISSIONS AND DATA ANALYSIS,Physics of the Cosmos SR&T,--,--,2.4,12.1,16.1,9.1,10.4,PDF p222 Budget Authority table,"R70 full-extraction pass, parsed from the hosted PDF 2026-09-27; ""--"" = not shown in the new FY2027 structure (FY2025/26 enacted are given only at account level); FY2028-31 are notional; every ""Total Budget"" row was checked against the sum of the lines above it (0 mismatches); pp2-3 are the agency summary where sub-lines follow their parent account"
nasa_fy2027_budget_estimates,222,Science: Astrophysics: Physics of the Cosmos / OTHER MISSIONS AND DATA ANALYSIS,XMM,--,--,1.5,1.5,1.5,1.5,1.5,PDF p222 Budget Authority table,"R70 full-extraction pass, parsed from the hosted PDF 2026-09-27; ""--"" = not shown in the new FY2027 structure (FY2025/26 enacted are given only at account level); FY2028-31 are notional; every ""Total Budget"" row was checked against the sum of the lines above it (0 mismatches); pp2-3 are the agency summary where sub-lines follow their parent account"
nasa_fy2027_budget_estimates,222,Science: Astrophysics: Physics of the Cosmos / OTHER MISSIONS AND DATA ANALYSIS,Total Budget,--,--,3.8,13.6,17.5,10.5,11.9,PDF p222 Budget Authority table,"R70 full-extraction pass, parsed from the hosted PDF 2026-09-27; ""--"" = not shown in the new FY2027 structure (FY2025/26 enacted are given only at account level); FY2028-31 are notional; every ""Total Budget"" row was checked against the sum of the lines above it (0 mismatches); pp2-3 are the agency summary where sub-lines follow their parent account"
nasa_fy2027_budget_estimates,223,Science: Astrophysics / EXOPLANET EXPLORATION,Nancy Grace Roman Space Telescope,--,--,166.8,91.4,78.5,73.0,70.9,PDF p223 Budget Authority table,"R70 full-extraction pass, parsed from the hosted PDF 2026-09-27; ""--"" = not shown in the new FY2027 structure (FY2025/26 enacted are given only at account level); FY2028-31 are notional; every ""Total Budget"" row was checked against the sum of the lines above it (0 mismatches); pp2-3 are the agency summary where sub-lines follow their parent account"
nasa_fy2027_budget_estimates,223,Science: Astrophysics / EXOPLANET EXPLORATION,Other Missions and Data Analysis,--,--,5.0,33.4,32.2,31.2,33.2,PDF p223 Budget Authority table,"R70 full-extraction pass, parsed from the hosted PDF 2026-09-27; ""--"" = not shown in the new FY2027 structure (FY2025/26 enacted are given only at account level); FY2028-31 are notional; every ""Total Budget"" row was checked against the sum of the lines above it (0 mismatches); pp2-3 are the agency summary where sub-lines follow their parent account"
nasa_fy2027_budget_estimates,223,Science: Astrophysics / EXOPLANET EXPLORATION,Total Budget,--,--,171.8,124.7,110.7,104.2,104.2,PDF p223 Budget Authority table,"R70 full-extraction pass, parsed from the hosted PDF 2026-09-27; ""--"" = not shown in the new FY2027 structure (FY2025/26 enacted are given only at account level); FY2028-31 are notional; every ""Total Budget"" row was checked against the sum of the lines above it (0 mismatches); pp2-3 are the agency summary where sub-lines follow their parent account"
nasa_fy2027_budget_estimates,224,Science: Astrophysics: Exoplanet Exploration / NANCY GRACE ROMAN SPACE TELESCOPE,Total Budget,--,--,166.8,91.4,78.5,73.0,70.9,PDF p224 Budget Authority table,"R70 full-extraction pass, parsed from the hosted PDF 2026-09-27; ""--"" = not shown in the new FY2027 structure (FY2025/26 enacted are given only at account level); FY2028-31 are notional; every ""Total Budget"" row was checked against the sum of the lines above it (0 mismatches); pp2-3 are the agency summary where sub-lines follow their parent account"
nasa_fy2027_budget_estimates,231,Science: Astrophysics: Exoplanet Exploration / OTHER MISSIONS AND DATA ANALYSIS,Habitable Worlds Observ Tech Maturation,--,--,5.0,5.0,5.0,5.0,5.0,PDF p231 Budget Authority table,"R70 full-extraction pass, parsed from the hosted PDF 2026-09-27; ""--"" = not shown in the new FY2027 structure (FY2025/26 enacted are given only at account level); FY2028-31 are notional; every ""Total Budget"" row was checked against the sum of the lines above it (0 mismatches); pp2-3 are the agency summary where sub-lines follow their parent account"
nasa_fy2027_budget_estimates,231,Science: Astrophysics: Exoplanet Exploration / OTHER MISSIONS AND DATA ANALYSIS,Exoplanet Exploration Science,--,--,0.0,28.4,27.2,26.2,28.2,PDF p231 Budget Authority table,"R70 full-extraction pass, parsed from the hosted PDF 2026-09-27; ""--"" = not shown in the new FY2027 structure (FY2025/26 enacted are given only at account level); FY2028-31 are notional; every ""Total Budget"" row was checked against the sum of the lines above it (0 mismatches); pp2-3 are the agency summary where sub-lines follow their parent account"
nasa_fy2027_budget_estimates,231,Science: Astrophysics: Exoplanet Exploration / OTHER MISSIONS AND DATA ANALYSIS,Total Budget,--,--,5.0,33.4,32.2,31.2,33.2,PDF p231 Budget Authority table,"R70 full-extraction pass, parsed from the hosted PDF 2026-09-27; ""--"" = not shown in the new FY2027 structure (FY2025/26 enacted are given only at account level); FY2028-31 are notional; every ""Total Budget"" row was checked against the sum of the lines above it (0 mismatches); pp2-3 are the agency summary where sub-lines follow their parent account"
nasa_fy2027_budget_estimates,232,Science: Astrophysics / ASTROPHYSICS EXPLORER,Other Missions and Data Analysis,--,--,44.0,48.2,78.3,84.8,84.8,PDF p232 Budget Authority table,"R70 full-extraction pass, parsed from the hosted PDF 2026-09-27; ""--"" = not shown in the new FY2027 structure (FY2025/26 enacted are given only at account level); FY2028-31 are notional; every ""Total Budget"" row was checked against the sum of the lines above it (0 mismatches); pp2-3 are the agency summary where sub-lines follow their parent account"
nasa_fy2027_budget_estimates,232,Science: Astrophysics / ASTROPHYSICS EXPLORER,Total Budget,--,--,44.0,48.2,78.3,84.8,84.8,PDF p232 Budget Authority table,"R70 full-extraction pass, parsed from the hosted PDF 2026-09-27; ""--"" = not shown in the new FY2027 structure (FY2025/26 enacted are given only at account level); FY2028-31 are notional; every ""Total Budget"" row was checked against the sum of the lines above it (0 mismatches); pp2-3 are the agency summary where sub-lines follow their parent account"
nasa_fy2027_budget_estimates,234,Science: Astrophysics: Astrophysics Explorer / OTHER MISSIONS AND DATA ANALYSIS,SPHEREx,--,--,7.6,1.8,1.2,1.2,1.2,PDF p234 Budget Authority table,"R70 full-extraction pass, parsed from the hosted PDF 2026-09-27; ""--"" = not shown in the new FY2027 structure (FY2025/26 enacted are given only at account level); FY2028-31 are notional; every ""Total Budget"" row was checked against the sum of the lines above it (0 mismatches); pp2-3 are the agency summary where sub-lines follow their parent account"
nasa_fy2027_budget_estimates,234,Science: Astrophysics: Astrophysics Explorer / OTHER MISSIONS AND DATA ANALYSIS,Pioneers,--,--,10.0,10.0,20.0,10.0,10.0,PDF p234 Budget Authority table,"R70 full-extraction pass, parsed from the hosted PDF 2026-09-27; ""--"" = not shown in the new FY2027 structure (FY2025/26 enacted are given only at account level); FY2028-31 are notional; every ""Total Budget"" row was checked against the sum of the lines above it (0 mismatches); pp2-3 are the agency summary where sub-lines follow their parent account"
nasa_fy2027_budget_estimates,234,Science: Astrophysics: Astrophysics Explorer / OTHER MISSIONS AND DATA ANALYSIS,CASE,--,--,0.0,0.0,1.5,0.0,0.0,PDF p234 Budget Authority table,"R70 full-extraction pass, parsed from the hosted PDF 2026-09-27; ""--"" = not shown in the new FY2027 structure (FY2025/26 enacted are given only at account level); FY2028-31 are notional; every ""Total Budget"" row was checked against the sum of the lines above it (0 mismatches); pp2-3 are the agency summary where sub-lines follow their parent account"
nasa_fy2027_budget_estimates,234,Science: Astrophysics: Astrophysics Explorer / OTHER MISSIONS AND DATA ANALYSIS,Astrophysics Explorer Future Missions,--,--,0.0,14.0,33.2,51.2,51.2,PDF p234 Budget Authority table,"R70 full-extraction pass, parsed from the hosted PDF 2026-09-27; ""--"" = not shown in the new FY2027 structure (FY2025/26 enacted are given only at account level); FY2028-31 are notional; every ""Total Budget"" row was checked against the sum of the lines above it (0 mismatches); pp2-3 are the agency summary where sub-lines follow their parent account"
nasa_fy2027_budget_estimates,234,Science: Astrophysics: Astrophysics Explorer / OTHER MISSIONS AND DATA ANALYSIS,Astrophysics Explorer Program Management,--,--,5.0,5.0,5.0,5.0,5.0,PDF p234 Budget Authority table,"R70 full-extraction pass, parsed from the hosted PDF 2026-09-27; ""--"" = not shown in the new FY2027 structure (FY2025/26 enacted are given only at account level); FY2028-31 are notional; every ""Total Budget"" row was checked against the sum of the lines above it (0 mismatches); pp2-3 are the agency summary where sub-lines follow their parent account"
nasa_fy2027_budget_estimates,234,Science: Astrophysics: Astrophysics Explorer / OTHER MISSIONS AND DATA ANALYSIS,Neil Gehrels Swift Observatory,--,--,4.0,0.0,0.0,0.0,0.0,PDF p234 Budget Authority table,"R70 full-extraction pass, parsed from the hosted PDF 2026-09-27; ""--"" = not shown in the new FY2027 structure (FY2025/26 enacted are given only at account level); FY2028-31 are notional; every ""Total Budget"" row was checked against the sum of the lines above it (0 mismatches); pp2-3 are the agency summary where sub-lines follow their parent account"
nasa_fy2027_budget_estimates,234,Science: Astrophysics: Astrophysics Explorer / OTHER MISSIONS AND DATA ANALYSIS,Nuclear Spectroscopic Telescope Array,--,--,4.8,4.8,4.8,4.8,4.8,PDF p234 Budget Authority table,"R70 full-extraction pass, parsed from the hosted PDF 2026-09-27; ""--"" = not shown in the new FY2027 structure (FY2025/26 enacted are given only at account level); FY2028-31 are notional; every ""Total Budget"" row was checked against the sum of the lines above it (0 mismatches); pp2-3 are the agency summary where sub-lines follow their parent account"
nasa_fy2027_budget_estimates,234,Science: Astrophysics: Astrophysics Explorer / OTHER MISSIONS AND DATA ANALYSIS,Transiting Exoplanet Survey Satellite,--,--,7.3,7.3,7.3,7.3,7.3,PDF p234 Budget Authority table,"R70 full-extraction pass, parsed from the hosted PDF 2026-09-27; ""--"" = not shown in the new FY2027 structure (FY2025/26 enacted are given only at account level); FY2028-31 are notional; every ""Total Budget"" row was checked against the sum of the lines above it (0 mismatches); pp2-3 are the agency summary where sub-lines follow their parent account"
nasa_fy2027_budget_estimates,234,Science: Astrophysics: Astrophysics Explorer / OTHER MISSIONS AND DATA ANALYSIS,Imaging X-Ray Polarimetry Explorer,--,--,5.4,5.4,5.4,5.4,5.4,PDF p234 Budget Authority table,"R70 full-extraction pass, parsed from the hosted PDF 2026-09-27; ""--"" = not shown in the new FY2027 structure (FY2025/26 enacted are given only at account level); FY2028-31 are notional; every ""Total Budget"" row was checked against the sum of the lines above it (0 mismatches); pp2-3 are the agency summary where sub-lines follow their parent account"
nasa_fy2027_budget_estimates,234,Science: Astrophysics: Astrophysics Explorer / OTHER MISSIONS AND DATA ANALYSIS,Total Budget,--,--,44.0,48.2,78.3,84.8,84.8,PDF p234 Budget Authority table,"R70 full-extraction pass, parsed from the hosted PDF 2026-09-27; ""--"" = not shown in the new FY2027 structure (FY2025/26 enacted are given only at account level); FY2028-31 are notional; every ""Total Budget"" row was checked against the sum of the lines above it (0 mismatches); pp2-3 are the agency summary where sub-lines follow their parent account"
nasa_fy2027_budget_estimates,239,Science: Heliophysics / HELIOPHYSICS RESEARCH,Heliophysics Research and Analysis,--,--,37.0,40.2,40.2,40.2,40.2,PDF p239 Budget Authority table,"R70 full-extraction pass, parsed from the hosted PDF 2026-09-27; ""--"" = not shown in the new FY2027 structure (FY2025/26 enacted are given only at account level); FY2028-31 are notional; every ""Total Budget"" row was checked against the sum of the lines above it (0 mismatches); pp2-3 are the agency summary where sub-lines follow their parent account"
nasa_fy2027_budget_estimates,239,Science: Heliophysics / HELIOPHYSICS RESEARCH,Sounding Rockets,--,--,30.0,30.0,30.0,30.0,30.0,PDF p239 Budget Authority table,"R70 full-extraction pass, parsed from the hosted PDF 2026-09-27; ""--"" = not shown in the new FY2027 structure (FY2025/26 enacted are given only at account level); FY2028-31 are notional; every ""Total Budget"" row was checked against the sum of the lines above it (0 mismatches); pp2-3 are the agency summary where sub-lines follow their parent account"
nasa_fy2027_budget_estimates,239,Science: Heliophysics / HELIOPHYSICS RESEARCH,Research Range,--,--,10.0,10.0,10.0,10.0,10.0,PDF p239 Budget Authority table,"R70 full-extraction pass, parsed from the hosted PDF 2026-09-27; ""--"" = not shown in the new FY2027 structure (FY2025/26 enacted are given only at account level); FY2028-31 are notional; every ""Total Budget"" row was checked against the sum of the lines above it (0 mismatches); pp2-3 are the agency summary where sub-lines follow their parent account"
nasa_fy2027_budget_estimates,239,Science: Heliophysics / HELIOPHYSICS RESEARCH,Other Missions and Data Analysis,--,--,41.1,40.1,37.6,37.6,37.7,PDF p239 Budget Authority table,"R70 full-extraction pass, parsed from the hosted PDF 2026-09-27; ""--"" = not shown in the new FY2027 structure (FY2025/26 enacted are given only at account level); FY2028-31 are notional; every ""Total Budget"" row was checked against the sum of the lines above it (0 mismatches); pp2-3 are the agency summary where sub-lines follow their parent account"
nasa_fy2027_budget_estimates,239,Science: Heliophysics / HELIOPHYSICS RESEARCH,Total Budget,--,--,118.1,120.3,117.8,117.8,117.9,PDF p239 Budget Authority table,"R70 full-extraction pass, parsed from the hosted PDF 2026-09-27; ""--"" = not shown in the new FY2027 structure (FY2025/26 enacted are given only at account level); FY2028-31 are notional; every ""Total Budget"" row was checked against the sum of the lines above it (0 mismatches); pp2-3 are the agency summary where sub-lines follow their parent account"
nasa_fy2027_budget_estimates,243,Science: Heliophysics: Heliophysics Research / OTHER MISSIONS AND DATA ANALYSIS,Science Planning and Research Support,--,--,3.4,3.4,3.4,3.4,3.4,PDF p243 Budget Authority table,"R70 full-extraction pass, parsed from the hosted PDF 2026-09-27; ""--"" = not shown in the new FY2027 structure (FY2025/26 enacted are given only at account level); FY2028-31 are notional; every ""Total Budget"" row was checked against the sum of the lines above it (0 mismatches); pp2-3 are the agency summary where sub-lines follow their parent account"
nasa_fy2027_budget_estimates,243,Science: Heliophysics: Heliophysics Research / OTHER MISSIONS AND DATA ANALYSIS,CubeSat,--,--,10.0,10.0,10.0,10.0,10.0,PDF p243 Budget Authority table,"R70 full-extraction pass, parsed from the hosted PDF 2026-09-27; ""--"" = not shown in the new FY2027 structure (FY2025/26 enacted are given only at account level); FY2028-31 are notional; every ""Total Budget"" row was checked against the sum of the lines above it (0 mismatches); pp2-3 are the agency summary where sub-lines follow their parent account"
nasa_fy2027_budget_estimates,243,Science: Heliophysics: Heliophysics Research / OTHER MISSIONS AND DATA ANALYSIS,Solar Data Center,--,--,0.0,0.0,0.0,0.0,0.0,PDF p243 Budget Authority table,"R70 full-extraction pass, parsed from the hosted PDF 2026-09-27; ""--"" = not shown in the new FY2027 structure (FY2025/26 enacted are given only at account level); FY2028-31 are notional; every ""Total Budget"" row was checked against the sum of the lines above it (0 mismatches); pp2-3 are the agency summary where sub-lines follow their parent account"
nasa_fy2027_budget_estimates,243,Science: Heliophysics: Heliophysics Research / OTHER MISSIONS AND DATA ANALYSIS,Data & Modeling Services,--,--,13.5,14.5,14.5,14.5,14.5,PDF p243 Budget Authority table,"R70 full-extraction pass, parsed from the hosted PDF 2026-09-27; ""--"" = not shown in the new FY2027 structure (FY2025/26 enacted are given only at account level); FY2028-31 are notional; every ""Total Budget"" row was checked against the sum of the lines above it (0 mismatches); pp2-3 are the agency summary where sub-lines follow their parent account"
nasa_fy2027_budget_estimates,243,Science: Heliophysics: Heliophysics Research / OTHER MISSIONS AND DATA ANALYSIS,Space Physics Data Archive,--,--,0.0,0.0,0.0,0.0,0.0,PDF p243 Budget Authority table,"R70 full-extraction pass, parsed from the hosted PDF 2026-09-27; ""--"" = not shown in the new FY2027 structure (FY2025/26 enacted are given only at account level); FY2028-31 are notional; every ""Total Budget"" row was checked against the sum of the lines above it (0 mismatches); pp2-3 are the agency summary where sub-lines follow their parent account"
nasa_fy2027_budget_estimates,243,Science: Heliophysics: Heliophysics Research / OTHER MISSIONS AND DATA ANALYSIS,Community Coordinated Modeling Center,--,--,0.0,0.0,0.0,0.0,0.0,PDF p243 Budget Authority table,"R70 full-extraction pass, parsed from the hosted PDF 2026-09-27; ""--"" = not shown in the new FY2027 structure (FY2025/26 enacted are given only at account level); FY2028-31 are notional; every ""Total Budget"" row was checked against the sum of the lines above it (0 mismatches); pp2-3 are the agency summary where sub-lines follow their parent account"
nasa_fy2027_budget_estimates,243,Science: Heliophysics: Heliophysics Research / OTHER MISSIONS AND DATA ANALYSIS,Space Science Mission Ops Services,--,--,8.1,9.2,9.2,9.3,9.3,PDF p243 Budget Authority table,"R70 full-extraction pass, parsed from the hosted PDF 2026-09-27; ""--"" = not shown in the new FY2027 structure (FY2025/26 enacted are given only at account level); FY2028-31 are notional; every ""Total Budget"" row was checked against the sum of the lines above it (0 mismatches); pp2-3 are the agency summary where sub-lines follow their parent account"
nasa_fy2027_budget_estimates,243,Science: Heliophysics: Heliophysics Research / OTHER MISSIONS AND DATA ANALYSIS,Voyager,--,--,5.5,2.5,0.0,0.0,0.0,PDF p243 Budget Authority table,"R70 full-extraction pass, parsed from the hosted PDF 2026-09-27; ""--"" = not shown in the new FY2027 structure (FY2025/26 enacted are given only at account level); FY2028-31 are notional; every ""Total Budget"" row was checked against the sum of the lines above it (0 mismatches); pp2-3 are the agency summary where sub-lines follow their parent account"
nasa_fy2027_budget_estimates,243,Science: Heliophysics: Heliophysics Research / OTHER MISSIONS AND DATA ANALYSIS,Directed Research & Technology,--,--,0.5,0.5,0.5,0.5,0.5,PDF p243 Budget Authority table,"R70 full-extraction pass, parsed from the hosted PDF 2026-09-27; ""--"" = not shown in the new FY2027 structure (FY2025/26 enacted are given only at account level); FY2028-31 are notional; every ""Total Budget"" row was checked against the sum of the lines above it (0 mismatches); pp2-3 are the agency summary where sub-lines follow their parent account"
nasa_fy2027_budget_estimates,243,Science: Heliophysics: Heliophysics Research / OTHER MISSIONS AND DATA ANALYSIS,Total Budget,--,--,41.1,40.1,37.6,37.6,37.7,PDF p243 Budget Authority table,"R70 full-extraction pass, parsed from the hosted PDF 2026-09-27; ""--"" = not shown in the new FY2027 structure (FY2025/26 enacted are given only at account level); FY2028-31 are notional; every ""Total Budget"" row was checked against the sum of the lines above it (0 mismatches); pp2-3 are the agency summary where sub-lines follow their parent account"
nasa_fy2027_budget_estimates,246,Science: Heliophysics / LIVING WITH A STAR,Other Missions and Data Analysis,--,--,100.5,98.9,89.8,90.1,88.7,PDF p246 Budget Authority table,"R70 full-extraction pass, parsed from the hosted PDF 2026-09-27; ""--"" = not shown in the new FY2027 structure (FY2025/26 enacted are given only at account level); FY2028-31 are notional; every ""Total Budget"" row was checked against the sum of the lines above it (0 mismatches); pp2-3 are the agency summary where sub-lines follow their parent account"
nasa_fy2027_budget_estimates,246,Science: Heliophysics / LIVING WITH A STAR,Total Budget,--,--,100.5,98.9,89.8,90.1,88.7,PDF p246 Budget Authority table,"R70 full-extraction pass, parsed from the hosted PDF 2026-09-27; ""--"" = not shown in the new FY2027 structure (FY2025/26 enacted are given only at account level); FY2028-31 are notional; every ""Total Budget"" row was checked against the sum of the lines above it (0 mismatches); pp2-3 are the agency summary where sub-lines follow their parent account"
nasa_fy2027_budget_estimates,247,Science: Heliophysics: Living with a Star / OTHER MISSIONS AND DATA ANALYSIS,Interstellar Mapping and Acceleration Pr,--,--,23.9,15.3,0.0,0.0,0.0,PDF p247 Budget Authority table,"R70 full-extraction pass, parsed from the hosted PDF 2026-09-27; ""--"" = not shown in the new FY2027 structure (FY2025/26 enacted are given only at account level); FY2028-31 are notional; every ""Total Budget"" row was checked against the sum of the lines above it (0 mismatches); pp2-3 are the agency summary where sub-lines follow their parent account"
nasa_fy2027_budget_estimates,247,Science: Heliophysics: Living with a Star / OTHER MISSIONS AND DATA ANALYSIS,Carruthers Geocorona Observatory,--,--,2.2,0.3,0.2,0.0,0.0,PDF p247 Budget Authority table,"R70 full-extraction pass, parsed from the hosted PDF 2026-09-27; ""--"" = not shown in the new FY2027 structure (FY2025/26 enacted are given only at account level); FY2028-31 are notional; every ""Total Budget"" row was checked against the sum of the lines above it (0 mismatches); pp2-3 are the agency summary where sub-lines follow their parent account"
nasa_fy2027_budget_estimates,247,Science: Heliophysics: Living with a Star / OTHER MISSIONS AND DATA ANALYSIS,Heliophysics for Societal Resilience,--,--,19.8,19.8,29.8,29.8,29.8,PDF p247 Budget Authority table,"R70 full-extraction pass, parsed from the hosted PDF 2026-09-27; ""--"" = not shown in the new FY2027 structure (FY2025/26 enacted are given only at account level); FY2028-31 are notional; every ""Total Budget"" row was checked against the sum of the lines above it (0 mismatches); pp2-3 are the agency summary where sub-lines follow their parent account"
nasa_fy2027_budget_estimates,247,Science: Heliophysics: Living with a Star / OTHER MISSIONS AND DATA ANALYSIS,LWS Program Management,--,--,24.9,22.9,23.5,23.9,24.3,PDF p247 Budget Authority table,"R70 full-extraction pass, parsed from the hosted PDF 2026-09-27; ""--"" = not shown in the new FY2027 structure (FY2025/26 enacted are given only at account level); FY2028-31 are notional; every ""Total Budget"" row was checked against the sum of the lines above it (0 mismatches); pp2-3 are the agency summary where sub-lines follow their parent account"
nasa_fy2027_budget_estimates,247,Science: Heliophysics: Living with a Star / OTHER MISSIONS AND DATA ANALYSIS,Solar Orbiter Collaboration,--,--,4.7,4.2,0.0,0.0,0.0,PDF p247 Budget Authority table,"R70 full-extraction pass, parsed from the hosted PDF 2026-09-27; ""--"" = not shown in the new FY2027 structure (FY2025/26 enacted are given only at account level); FY2028-31 are notional; every ""Total Budget"" row was checked against the sum of the lines above it (0 mismatches); pp2-3 are the agency summary where sub-lines follow their parent account"
nasa_fy2027_budget_estimates,247,Science: Heliophysics: Living with a Star / OTHER MISSIONS AND DATA ANALYSIS,Solar Dynamics Observatory (SDO),--,--,10.0,8.0,0.0,0.0,0.0,PDF p247 Budget Authority table,"R70 full-extraction pass, parsed from the hosted PDF 2026-09-27; ""--"" = not shown in the new FY2027 structure (FY2025/26 enacted are given only at account level); FY2028-31 are notional; every ""Total Budget"" row was checked against the sum of the lines above it (0 mismatches); pp2-3 are the agency summary where sub-lines follow their parent account"
nasa_fy2027_budget_estimates,247,Science: Heliophysics: Living with a Star / OTHER MISSIONS AND DATA ANALYSIS,Parker Solar Probe,--,--,15.0,15.0,0.0,0.0,0.0,PDF p247 Budget Authority table,"R70 full-extraction pass, parsed from the hosted PDF 2026-09-27; ""--"" = not shown in the new FY2027 structure (FY2025/26 enacted are given only at account level); FY2028-31 are notional; every ""Total Budget"" row was checked against the sum of the lines above it (0 mismatches); pp2-3 are the agency summary where sub-lines follow their parent account"
nasa_fy2027_budget_estimates,247,Science: Heliophysics: Living with a Star / OTHER MISSIONS AND DATA ANALYSIS,Heliophysics Senior Review,--,--,0.0,13.5,36.4,36.4,34.6,PDF p247 Budget Authority table,"R70 full-extraction pass, parsed from the hosted PDF 2026-09-27; ""--"" = not shown in the new FY2027 structure (FY2025/26 enacted are given only at account level); FY2028-31 are notional; every ""Total Budget"" row was checked against the sum of the lines above it (0 mismatches); pp2-3 are the agency summary where sub-lines follow their parent account"
nasa_fy2027_budget_estimates,247,Science: Heliophysics: Living with a Star / OTHER MISSIONS AND DATA ANALYSIS,Total Budget,--,--,100.5,98.9,89.8,90.1,88.7,PDF p247 Budget Authority table,"R70 full-extraction pass, parsed from the hosted PDF 2026-09-27; ""--"" = not shown in the new FY2027 structure (FY2025/26 enacted are given only at account level); FY2028-31 are notional; every ""Total Budget"" row was checked against the sum of the lines above it (0 mismatches); pp2-3 are the agency summary where sub-lines follow their parent account"
nasa_fy2027_budget_estimates,251,Science: Heliophysics / HELIOPHYSICS EXPLORER PROGRAM,Multi-Slit Solar Explorer,--,--,64.2,16.7,14.8,0.6,0.0,PDF p251 Budget Authority table,"R70 full-extraction pass, parsed from the hosted PDF 2026-09-27; ""--"" = not shown in the new FY2027 structure (FY2025/26 enacted are given only at account level); FY2028-31 are notional; every ""Total Budget"" row was checked against the sum of the lines above it (0 mismatches); pp2-3 are the agency summary where sub-lines follow their parent account"
nasa_fy2027_budget_estimates,251,Science: Heliophysics / HELIOPHYSICS EXPLORER PROGRAM,Other Missions and Data Analysis,--,--,58.8,75.3,111.9,125.4,120.9,PDF p251 Budget Authority table,"R70 full-extraction pass, parsed from the hosted PDF 2026-09-27; ""--"" = not shown in the new FY2027 structure (FY2025/26 enacted are given only at account level); FY2028-31 are notional; every ""Total Budget"" row was checked against the sum of the lines above it (0 mismatches); pp2-3 are the agency summary where sub-lines follow their parent account"
nasa_fy2027_budget_estimates,251,Science: Heliophysics / HELIOPHYSICS EXPLORER PROGRAM,Total Budget,--,--,123.0,92.0,126.7,126.0,120.9,PDF p251 Budget Authority table,"R70 full-extraction pass, parsed from the hosted PDF 2026-09-27; ""--"" = not shown in the new FY2027 structure (FY2025/26 enacted are given only at account level); FY2028-31 are notional; every ""Total Budget"" row was checked against the sum of the lines above it (0 mismatches); pp2-3 are the agency summary where sub-lines follow their parent account"
nasa_fy2027_budget_estimates,254,Science: Heliophysics: Heliophysics Explorer Program / MULTI-SLIT SOLAR EXPLORER,Total Budget,--,--,64.2,16.7,14.8,0.6,0.0,PDF p254 Budget Authority table,"R70 full-extraction pass, parsed from the hosted PDF 2026-09-27; ""--"" = not shown in the new FY2027 structure (FY2025/26 enacted are given only at account level); FY2028-31 are notional; every ""Total Budget"" row was checked against the sum of the lines above it (0 mismatches); pp2-3 are the agency summary where sub-lines follow their parent account"
nasa_fy2027_budget_estimates,260,Science: Heliophysics: Heliophysics Explorer Program / OTHER MISSIONS AND DATA ANALYSIS,Electrojet Zeeman Imaging Explorer,--,--,0.0,0.0,0.0,0.0,0.0,PDF p260 Budget Authority table,"R70 full-extraction pass, parsed from the hosted PDF 2026-09-27; ""--"" = not shown in the new FY2027 structure (FY2025/26 enacted are given only at account level); FY2028-31 are notional; every ""Total Budget"" row was checked against the sum of the lines above it (0 mismatches); pp2-3 are the agency summary where sub-lines follow their parent account"
nasa_fy2027_budget_estimates,260,Science: Heliophysics: Heliophysics Explorer Program / OTHER MISSIONS AND DATA ANALYSIS,Escape and Plasma Accel and Dynamics Exp,--,--,4.5,4.9,4.8,0.0,0.0,PDF p260 Budget Authority table,"R70 full-extraction pass, parsed from the hosted PDF 2026-09-27; ""--"" = not shown in the new FY2027 structure (FY2025/26 enacted are given only at account level); FY2028-31 are notional; every ""Total Budget"" row was checked against the sum of the lines above it (0 mismatches); pp2-3 are the agency summary where sub-lines follow their parent account"
nasa_fy2027_budget_estimates,260,Science: Heliophysics: Heliophysics Explorer Program / OTHER MISSIONS AND DATA ANALYSIS,Heliophysics Explorer Future Missions,--,--,34.0,63.7,99.4,116.3,114.7,PDF p260 Budget Authority table,"R70 full-extraction pass, parsed from the hosted PDF 2026-09-27; ""--"" = not shown in the new FY2027 structure (FY2025/26 enacted are given only at account level); FY2028-31 are notional; every ""Total Budget"" row was checked against the sum of the lines above it (0 mismatches); pp2-3 are the agency summary where sub-lines follow their parent account"
nasa_fy2027_budget_estimates,260,Science: Heliophysics: Heliophysics Explorer Program / OTHER MISSIONS AND DATA ANALYSIS,Heliophysics Explorer Program Management,--,--,8.7,6.6,7.7,9.1,6.2,PDF p260 Budget Authority table,"R70 full-extraction pass, parsed from the hosted PDF 2026-09-27; ""--"" = not shown in the new FY2027 structure (FY2025/26 enacted are given only at account level); FY2028-31 are notional; every ""Total Budget"" row was checked against the sum of the lines above it (0 mismatches); pp2-3 are the agency summary where sub-lines follow their parent account"
nasa_fy2027_budget_estimates,260,Science: Heliophysics: Heliophysics Explorer Program / OTHER MISSIONS AND DATA ANALYSIS,PUNCH,--,--,4.2,0.1,0.0,0.0,0.0,PDF p260 Budget Authority table,"R70 full-extraction pass, parsed from the hosted PDF 2026-09-27; ""--"" = not shown in the new FY2027 structure (FY2025/26 enacted are given only at account level); FY2028-31 are notional; every ""Total Budget"" row was checked against the sum of the lines above it (0 mismatches); pp2-3 are the agency summary where sub-lines follow their parent account"
nasa_fy2027_budget_estimates,260,Science: Heliophysics: Heliophysics Explorer Program / OTHER MISSIONS AND DATA ANALYSIS,TRACERS,--,--,0.0,0.0,0.0,0.0,0.0,PDF p260 Budget Authority table,"R70 full-extraction pass, parsed from the hosted PDF 2026-09-27; ""--"" = not shown in the new FY2027 structure (FY2025/26 enacted are given only at account level); FY2028-31 are notional; every ""Total Budget"" row was checked against the sum of the lines above it (0 mismatches); pp2-3 are the agency summary where sub-lines follow their parent account"
nasa_fy2027_budget_estimates,260,Science: Heliophysics: Heliophysics Explorer Program / OTHER MISSIONS AND DATA ANALYSIS,Atmospheric Wave Experiment,--,--,0.0,0.0,0.0,0.0,0.0,PDF p260 Budget Authority table,"R70 full-extraction pass, parsed from the hosted PDF 2026-09-27; ""--"" = not shown in the new FY2027 structure (FY2025/26 enacted are given only at account level); FY2028-31 are notional; every ""Total Budget"" row was checked against the sum of the lines above it (0 mismatches); pp2-3 are the agency summary where sub-lines follow their parent account"
nasa_fy2027_budget_estimates,260,Science: Heliophysics: Heliophysics Explorer Program / OTHER MISSIONS AND DATA ANALYSIS,SunRISE,--,--,7.4,0.0,0.0,0.0,0.0,PDF p260 Budget Authority table,"R70 full-extraction pass, parsed from the hosted PDF 2026-09-27; ""--"" = not shown in the new FY2027 structure (FY2025/26 enacted are given only at account level); FY2028-31 are notional; every ""Total Budget"" row was checked against the sum of the lines above it (0 mismatches); pp2-3 are the agency summary where sub-lines follow their parent account"
nasa_fy2027_budget_estimates,260,Science: Heliophysics: Heliophysics Explorer Program / OTHER MISSIONS AND DATA ANALYSIS,Total Budget,--,--,58.8,75.3,111.9,125.4,120.9,PDF p260 Budget Authority table,"R70 full-extraction pass, parsed from the hosted PDF 2026-09-27; ""--"" = not shown in the new FY2027 structure (FY2025/26 enacted are given only at account level); FY2028-31 are notional; every ""Total Budget"" row was checked against the sum of the lines above it (0 mismatches); pp2-3 are the agency summary where sub-lines follow their parent account"
nasa_fy2027_budget_estimates,264,Science: Heliophysics / SPACE WEATHER,Total Budget,--,--,73.0,92.4,99.3,99.6,106.1,PDF p264 Budget Authority table,"R70 full-extraction pass, parsed from the hosted PDF 2026-09-27; ""--"" = not shown in the new FY2027 structure (FY2025/26 enacted are given only at account level); FY2028-31 are notional; every ""Total Budget"" row was checked against the sum of the lines above it (0 mismatches); pp2-3 are the agency summary where sub-lines follow their parent account"
nasa_fy2027_budget_estimates,271,Science: Heliophysics / HELIOPHYSICS TECHNOLOGY,Total Budget,--,--,5.0,5.0,5.0,5.0,5.0,PDF p271 Budget Authority table,"R70 full-extraction pass, parsed from the hosted PDF 2026-09-27; ""--"" = not shown in the new FY2027 structure (FY2025/26 enacted are given only at account level); FY2028-31 are notional; every ""Total Budget"" row was checked against the sum of the lines above it (0 mismatches); pp2-3 are the agency summary where sub-lines follow their parent account"
nasa_fy2027_budget_estimates,275,Science: Biological and Physical Sciences / BIOLOGICAL AND PHYSICAL SCIENCES,Total Budget,--,--,25.0,25.0,25.0,25.0,25.0,PDF p275 Budget Authority table,"R70 full-extraction pass, parsed from the hosted PDF 2026-09-27; ""--"" = not shown in the new FY2027 structure (FY2025/26 enacted are given only at account level); FY2028-31 are notional; every ""Total Budget"" row was checked against the sum of the lines above it (0 mismatches); pp2-3 are the agency summary where sub-lines follow their parent account"
nasa_fy2027_budget_estimates,281,AERONAUTICS / AERO-2,Airspace Operations and Safety Program,--,--,96.8,112.8,115.5,117.5,117.5,PDF p281 Budget Authority table,"R70 full-extraction pass, parsed from the hosted PDF 2026-09-27; ""--"" = not shown in the new FY2027 structure (FY2025/26 enacted are given only at account level); FY2028-31 are notional; every ""Total Budget"" row was checked against the sum of the lines above it (0 mismatches); pp2-3 are the agency summary where sub-lines follow their parent account"
nasa_fy2027_budget_estimates,281,AERONAUTICS / AERO-2,Advanced Air Vehicles Program,--,--,191.1,192.8,186.4,175.6,175.6,PDF p281 Budget Authority table,"R70 full-extraction pass, parsed from the hosted PDF 2026-09-27; ""--"" = not shown in the new FY2027 structure (FY2025/26 enacted are given only at account level); FY2028-31 are notional; every ""Total Budget"" row was checked against the sum of the lines above it (0 mismatches); pp2-3 are the agency summary where sub-lines follow their parent account"
nasa_fy2027_budget_estimates,281,AERONAUTICS / AERO-2,Integrated Aviation Systems Program,--,--,152.2,95.6,90.2,90.2,90.1,PDF p281 Budget Authority table,"R70 full-extraction pass, parsed from the hosted PDF 2026-09-27; ""--"" = not shown in the new FY2027 structure (FY2025/26 enacted are given only at account level); FY2028-31 are notional; every ""Total Budget"" row was checked against the sum of the lines above it (0 mismatches); pp2-3 are the agency summary where sub-lines follow their parent account"
nasa_fy2027_budget_estimates,281,AERONAUTICS / AERO-2,Transformative Aero Concepts Program,--,--,79.3,113.2,117.3,121.1,121.1,PDF p281 Budget Authority table,"R70 full-extraction pass, parsed from the hosted PDF 2026-09-27; ""--"" = not shown in the new FY2027 structure (FY2025/26 enacted are given only at account level); FY2028-31 are notional; every ""Total Budget"" row was checked against the sum of the lines above it (0 mismatches); pp2-3 are the agency summary where sub-lines follow their parent account"
nasa_fy2027_budget_estimates,281,AERONAUTICS / AERO-2,Aerosciences Evaluation and Test Capabilities,--,--,90.1,95.1,100.1,105.1,105.2,PDF p281 Budget Authority table,"R70 full-extraction pass, parsed from the hosted PDF 2026-09-27; ""--"" = not shown in the new FY2027 structure (FY2025/26 enacted are given only at account level); FY2028-31 are notional; every ""Total Budget"" row was checked against the sum of the lines above it (0 mismatches); pp2-3 are the agency summary where sub-lines follow their parent account"
nasa_fy2027_budget_estimates,281,AERONAUTICS / AERO-2,Total Budget,935.0,935.0,609.5,609.5,609.5,609.5,609.5,PDF p281 Budget Authority table,"R70 full-extraction pass, parsed from the hosted PDF 2026-09-27; ""--"" = not shown in the new FY2027 structure (FY2025/26 enacted are given only at account level); FY2028-31 are notional; every ""Total Budget"" row was checked against the sum of the lines above it (0 mismatches); pp2-3 are the agency summary where sub-lines follow their parent account"
nasa_fy2027_budget_estimates,285,Aeronautics / AIRSPACE OPERATIONS AND SAFETY PROGRAM,Total Budget,--,--,96.8,112.8,115.5,117.5,117.5,PDF p285 Budget Authority table,"R70 full-extraction pass, parsed from the hosted PDF 2026-09-27; ""--"" = not shown in the new FY2027 structure (FY2025/26 enacted are given only at account level); FY2028-31 are notional; every ""Total Budget"" row was checked against the sum of the lines above it (0 mismatches); pp2-3 are the agency summary where sub-lines follow their parent account"
nasa_fy2027_budget_estimates,289,Aeronautics / ADVANCED AIR VEHICLES PROGRAM,Total Budget,--,--,191.1,192.8,186.4,175.6,175.6,PDF p289 Budget Authority table,"R70 full-extraction pass, parsed from the hosted PDF 2026-09-27; ""--"" = not shown in the new FY2027 structure (FY2025/26 enacted are given only at account level); FY2028-31 are notional; every ""Total Budget"" row was checked against the sum of the lines above it (0 mismatches); pp2-3 are the agency summary where sub-lines follow their parent account"
nasa_fy2027_budget_estimates,294,Aeronautics / INTEGRATED AVIATION SYSTEMS PROGRAM,Low Boom Flight Demonstrator,--,--,41.3,5.4,0.0,0.0,0.0,PDF p294 Budget Authority table,"R70 full-extraction pass, parsed from the hosted PDF 2026-09-27; ""--"" = not shown in the new FY2027 structure (FY2025/26 enacted are given only at account level); FY2028-31 are notional; every ""Total Budget"" row was checked against the sum of the lines above it (0 mismatches); pp2-3 are the agency summary where sub-lines follow their parent account"
nasa_fy2027_budget_estimates,294,Aeronautics / INTEGRATED AVIATION SYSTEMS PROGRAM,Other Projects,--,--,110.9,90.2,90.2,90.2,90.1,PDF p294 Budget Authority table,"R70 full-extraction pass, parsed from the hosted PDF 2026-09-27; ""--"" = not shown in the new FY2027 structure (FY2025/26 enacted are given only at account level); FY2028-31 are notional; every ""Total Budget"" row was checked against the sum of the lines above it (0 mismatches); pp2-3 are the agency summary where sub-lines follow their parent account"
nasa_fy2027_budget_estimates,294,Aeronautics / INTEGRATED AVIATION SYSTEMS PROGRAM,Total Budget,--,--,152.2,95.6,90.2,90.2,90.1,PDF p294 Budget Authority table,"R70 full-extraction pass, parsed from the hosted PDF 2026-09-27; ""--"" = not shown in the new FY2027 structure (FY2025/26 enacted are given only at account level); FY2028-31 are notional; every ""Total Budget"" row was checked against the sum of the lines above it (0 mismatches); pp2-3 are the agency summary where sub-lines follow their parent account"
nasa_fy2027_budget_estimates,297,Aeronautics: Integrated Aviation Systems Program / LOW BOOM FLIGHT DEMONSTRATOR,Total Budget,--,--,41.3,5.4,0.0,0.0,0.0,PDF p297 Budget Authority table,"R70 full-extraction pass, parsed from the hosted PDF 2026-09-27; ""--"" = not shown in the new FY2027 structure (FY2025/26 enacted are given only at account level); FY2028-31 are notional; every ""Total Budget"" row was checked against the sum of the lines above it (0 mismatches); pp2-3 are the agency summary where sub-lines follow their parent account"
nasa_fy2027_budget_estimates,302,Aeronautics / TRANSFORMATIVE AERO CONCEPTS PROGRAM,Total Budget,--,--,79.3,113.2,117.3,121.1,121.1,PDF p302 Budget Authority table,"R70 full-extraction pass, parsed from the hosted PDF 2026-09-27; ""--"" = not shown in the new FY2027 structure (FY2025/26 enacted are given only at account level); FY2028-31 are notional; every ""Total Budget"" row was checked against the sum of the lines above it (0 mismatches); pp2-3 are the agency summary where sub-lines follow their parent account"
nasa_fy2027_budget_estimates,306,Aeronautics / AEROSCIENCES EVALUATION AND TEST CAPABILITIES,Total Budget,--,--,90.1,95.1,100.1,105.1,105.2,PDF p306 Budget Authority table,"R70 full-extraction pass, parsed from the hosted PDF 2026-09-27; ""--"" = not shown in the new FY2027 structure (FY2025/26 enacted are given only at account level); FY2028-31 are notional; every ""Total Budget"" row was checked against the sum of the lines above it (0 mismatches); pp2-3 are the agency summary where sub-lines follow their parent account"
nasa_fy2027_budget_estimates,310,STEM ENGAGEMENT / STEM-2,Total Budget,143.0,143.0,0.0,0.0,0.0,0.0,0.0,PDF p310 Budget Authority table,"R70 full-extraction pass, parsed from the hosted PDF 2026-09-27; ""--"" = not shown in the new FY2027 structure (FY2025/26 enacted are given only at account level); FY2028-31 are notional; every ""Total Budget"" row was checked against the sum of the lines above it (0 mismatches); pp2-3 are the agency summary where sub-lines follow their parent account"
nasa_fy2027_budget_estimates,312,"SAFETY, SECURITY, AND MISSION SERVICES / SSMS-2",Mission Services & Capabilities,--,--,1536.7,1536.7,1536.7,1536.7,1536.7,PDF p312 Budget Authority table,"R70 full-extraction pass, parsed from the hosted PDF 2026-09-27; ""--"" = not shown in the new FY2027 structure (FY2025/26 enacted are given only at account level); FY2028-31 are notional; every ""Total Budget"" row was checked against the sum of the lines above it (0 mismatches); pp2-3 are the agency summary where sub-lines follow their parent account"
nasa_fy2027_budget_estimates,312,"SAFETY, SECURITY, AND MISSION SERVICES / SSMS-2","Engineering, Safety, & Operations",--,--,462.0,462.0,462.0,462.0,462.0,PDF p312 Budget Authority table,"R70 full-extraction pass, parsed from the hosted PDF 2026-09-27; ""--"" = not shown in the new FY2027 structure (FY2025/26 enacted are given only at account level); FY2028-31 are notional; every ""Total Budget"" row was checked against the sum of the lines above it (0 mismatches); pp2-3 are the agency summary where sub-lines follow their parent account"
nasa_fy2027_budget_estimates,312,"SAFETY, SECURITY, AND MISSION SERVICES / SSMS-2",Total Budget,3092.3,3000.0,1998.6,1998.6,1998.6,1998.6,1998.6,PDF p312 Budget Authority table,"R70 full-extraction pass, parsed from the hosted PDF 2026-09-27; ""--"" = not shown in the new FY2027 structure (FY2025/26 enacted are given only at account level); FY2028-31 are notional; every ""Total Budget"" row was checked against the sum of the lines above it (0 mismatches); pp2-3 are the agency summary where sub-lines follow their parent account"
nasa_fy2027_budget_estimates,313,"Safety, Security, and Mission Services / MISSION SERVICES & CAPABILITIES",Information Technology (IT),--,--,485.1,485.1,485.1,485.1,485.1,PDF p313 Budget Authority table,"R70 full-extraction pass, parsed from the hosted PDF 2026-09-27; ""--"" = not shown in the new FY2027 structure (FY2025/26 enacted are given only at account level); FY2028-31 are notional; every ""Total Budget"" row was checked against the sum of the lines above it (0 mismatches); pp2-3 are the agency summary where sub-lines follow their parent account"
nasa_fy2027_budget_estimates,313,"Safety, Security, and Mission Services / MISSION SERVICES & CAPABILITIES",Mission Enabling Services,--,--,526.4,526.4,526.4,526.4,526.4,PDF p313 Budget Authority table,"R70 full-extraction pass, parsed from the hosted PDF 2026-09-27; ""--"" = not shown in the new FY2027 structure (FY2025/26 enacted are given only at account level); FY2028-31 are notional; every ""Total Budget"" row was checked against the sum of the lines above it (0 mismatches); pp2-3 are the agency summary where sub-lines follow their parent account"
nasa_fy2027_budget_estimates,313,"Safety, Security, and Mission Services / MISSION SERVICES & CAPABILITIES",Infrastructure & Technical Capabilities,--,--,525.1,525.1,525.1,525.1,525.1,PDF p313 Budget Authority table,"R70 full-extraction pass, parsed from the hosted PDF 2026-09-27; ""--"" = not shown in the new FY2027 structure (FY2025/26 enacted are given only at account level); FY2028-31 are notional; every ""Total Budget"" row was checked against the sum of the lines above it (0 mismatches); pp2-3 are the agency summary where sub-lines follow their parent account"
nasa_fy2027_budget_estimates,313,"Safety, Security, and Mission Services / MISSION SERVICES & CAPABILITIES",Total Budget,--,--,1536.7,1536.7,1536.7,1536.7,1536.7,PDF p313 Budget Authority table,"R70 full-extraction pass, parsed from the hosted PDF 2026-09-27; ""--"" = not shown in the new FY2027 structure (FY2025/26 enacted are given only at account level); FY2028-31 are notional; every ""Total Budget"" row was checked against the sum of the lines above it (0 mismatches); pp2-3 are the agency summary where sub-lines follow their parent account"
nasa_fy2027_budget_estimates,315,"Safety, Security, and Mission Services: Mission Services & Capabilities / INFORMATION TECHNOLOGY (IT)",Total Budget,--,--,485.1,485.1,485.1,485.1,485.1,PDF p315 Budget Authority table,"R70 full-extraction pass, parsed from the hosted PDF 2026-09-27; ""--"" = not shown in the new FY2027 structure (FY2025/26 enacted are given only at account level); FY2028-31 are notional; every ""Total Budget"" row was checked against the sum of the lines above it (0 mismatches); pp2-3 are the agency summary where sub-lines follow their parent account"
nasa_fy2027_budget_estimates,318,"Safety, Security, and Mission Services: Mission Services & Capabilities  P:35875:5706:B-0 / MISSION ENABLING SERVICES",Total Budget,--,--,526.4,526.4,526.4,526.4,526.4,PDF p318 Budget Authority table,"R70 full-extraction pass, parsed from the hosted PDF 2026-09-27; ""--"" = not shown in the new FY2027 structure (FY2025/26 enacted are given only at account level); FY2028-31 are notional; every ""Total Budget"" row was checked against the sum of the lines above it (0 mismatches); pp2-3 are the agency summary where sub-lines follow their parent account"
nasa_fy2027_budget_estimates,322,"Safety, Security, and Mission Services: Mission Services & CapabilitiesP:35860:5706:B-0 / INFRASTRUCTURE & TECHNICAL CAPABILITIES",Total Budget,--,--,525.1,525.1,525.1,525.1,525.1,PDF p322 Budget Authority table,"R70 full-extraction pass, parsed from the hosted PDF 2026-09-27; ""--"" = not shown in the new FY2027 structure (FY2025/26 enacted are given only at account level); FY2028-31 are notional; every ""Total Budget"" row was checked against the sum of the lines above it (0 mismatches); pp2-3 are the agency summary where sub-lines follow their parent account"
nasa_fy2027_budget_estimates,326,"Safety, Security, and Mission Services / ENGINEERING, SAFETY, & OPERATIONS",Agency Technical Authority,--,--,87.9,87.9,87.9,87.9,87.9,PDF p326 Budget Authority table,"R70 full-extraction pass, parsed from the hosted PDF 2026-09-27; ""--"" = not shown in the new FY2027 structure (FY2025/26 enacted are given only at account level); FY2028-31 are notional; every ""Total Budget"" row was checked against the sum of the lines above it (0 mismatches); pp2-3 are the agency summary where sub-lines follow their parent account"
nasa_fy2027_budget_estimates,326,"Safety, Security, and Mission Services / ENGINEERING, SAFETY, & OPERATIONS","Center Engineering, Safety, & Operations",--,--,374.1,374.1,374.1,374.1,374.1,PDF p326 Budget Authority table,"R70 full-extraction pass, parsed from the hosted PDF 2026-09-27; ""--"" = not shown in the new FY2027 structure (FY2025/26 enacted are given only at account level); FY2028-31 are notional; every ""Total Budget"" row was checked against the sum of the lines above it (0 mismatches); pp2-3 are the agency summary where sub-lines follow their parent account"
nasa_fy2027_budget_estimates,326,"Safety, Security, and Mission Services / ENGINEERING, SAFETY, & OPERATIONS",Total Budget,--,--,462.0,462.0,462.0,462.0,462.0,PDF p326 Budget Authority table,"R70 full-extraction pass, parsed from the hosted PDF 2026-09-27; ""--"" = not shown in the new FY2027 structure (FY2025/26 enacted are given only at account level); FY2028-31 are notional; every ""Total Budget"" row was checked against the sum of the lines above it (0 mismatches); pp2-3 are the agency summary where sub-lines follow their parent account"
nasa_fy2027_budget_estimates,328,"Safety, Security, and Mission Services: Engineering, Safety, & Operations / AGENCY TECHNICAL AUTHORITY",Total Budget,--,--,87.9,87.9,87.9,87.9,87.9,PDF p328 Budget Authority table,"R70 full-extraction pass, parsed from the hosted PDF 2026-09-27; ""--"" = not shown in the new FY2027 structure (FY2025/26 enacted are given only at account level); FY2028-31 are notional; every ""Total Budget"" row was checked against the sum of the lines above it (0 mismatches); pp2-3 are the agency summary where sub-lines follow their parent account"
nasa_fy2027_budget_estimates,332,"Safety, Security, and Mission Services: Engineering, Safety, & Operations / CENTER ENGINEERING, SAFETY, & OPERATIONS",Total Budget,--,--,374.1,374.1,374.1,374.1,374.1,PDF p332 Budget Authority table,"R70 full-extraction pass, parsed from the hosted PDF 2026-09-27; ""--"" = not shown in the new FY2027 structure (FY2025/26 enacted are given only at account level); FY2028-31 are notional; every ""Total Budget"" row was checked against the sum of the lines above it (0 mismatches); pp2-3 are the agency summary where sub-lines follow their parent account"
nasa_fy2027_budget_estimates,334,CONSTRUCTION AND ENVIRONMENTAL COMPLIANCE AND / RESTORATION,Construction of Facilities,--,--,65.5,65.5,65.5,65.5,65.5,PDF p334 Budget Authority table,"R70 full-extraction pass, parsed from the hosted PDF 2026-09-27; ""--"" = not shown in the new FY2027 structure (FY2025/26 enacted are given only at account level); FY2028-31 are notional; every ""Total Budget"" row was checked against the sum of the lines above it (0 mismatches); pp2-3 are the agency summary where sub-lines follow their parent account"
nasa_fy2027_budget_estimates,334,CONSTRUCTION AND ENVIRONMENTAL COMPLIANCE AND / RESTORATION,Environmental Compliance and Restoration,--,--,35.1,35.1,35.1,35.1,35.1,PDF p334 Budget Authority table,"R70 full-extraction pass, parsed from the hosted PDF 2026-09-27; ""--"" = not shown in the new FY2027 structure (FY2025/26 enacted are given only at account level); FY2028-31 are notional; every ""Total Budget"" row was checked against the sum of the lines above it (0 mismatches); pp2-3 are the agency summary where sub-lines follow their parent account"
nasa_fy2027_budget_estimates,334,CONSTRUCTION AND ENVIRONMENTAL COMPLIANCE AND / RESTORATION,Total Budget,300.0,185.3,100.6,100.6,100.6,100.6,100.6,PDF p334 Budget Authority table,"R70 full-extraction pass, parsed from the hosted PDF 2026-09-27; ""--"" = not shown in the new FY2027 structure (FY2025/26 enacted are given only at account level); FY2028-31 are notional; every ""Total Budget"" row was checked against the sum of the lines above it (0 mismatches); pp2-3 are the agency summary where sub-lines follow their parent account"
nasa_fy2027_budget_estimates,337,Construction and Environmental Compliance and Restoration / CONSTRUCTION OF FACILITIES,Institutional CoF,--,--,65.5,65.5,65.5,65.5,65.5,PDF p337 Budget Authority table,"R70 full-extraction pass, parsed from the hosted PDF 2026-09-27; ""--"" = not shown in the new FY2027 structure (FY2025/26 enacted are given only at account level); FY2028-31 are notional; every ""Total Budget"" row was checked against the sum of the lines above it (0 mismatches); pp2-3 are the agency summary where sub-lines follow their parent account"
nasa_fy2027_budget_estimates,337,Construction and Environmental Compliance and Restoration / CONSTRUCTION OF FACILITIES,Total Budget,--,--,65.5,65.5,65.5,65.5,65.5,PDF p337 Budget Authority table,"R70 full-extraction pass, parsed from the hosted PDF 2026-09-27; ""--"" = not shown in the new FY2027 structure (FY2025/26 enacted are given only at account level); FY2028-31 are notional; every ""Total Budget"" row was checked against the sum of the lines above it (0 mismatches); pp2-3 are the agency summary where sub-lines follow their parent account"
nasa_fy2027_budget_estimates,339,Construction and Environmental Compliance and Restoration / ENVIRONMENTAL COMPLIANCE AND RESTORATION,Total Budget,--,--,35.1,35.1,35.1,35.1,35.1,PDF p339 Budget Authority table,"R70 full-extraction pass, parsed from the hosted PDF 2026-09-27; ""--"" = not shown in the new FY2027 structure (FY2025/26 enacted are given only at account level); FY2028-31 are notional; every ""Total Budget"" row was checked against the sum of the lines above it (0 mismatches); pp2-3 are the agency summary where sub-lines follow their parent account"
nasa_fy2027_budget_estimates,342,INSPECTOR GENERAL / IG-2,Total Budget,47.6,46.5,41.1,41.1,41.1,41.1,41.1,PDF p342 Budget Authority table,"R70 full-extraction pass, parsed from the hosted PDF 2026-09-27; ""--"" = not shown in the new FY2027 structure (FY2025/26 enacted are given only at account level); FY2028-31 are notional; every ""Total Budget"" row was checked against the sum of the lines above it (0 mismatches); pp2-3 are the agency summary where sub-lines follow their parent account"
