source_id,sheet,row_label,column_header,value,unit,italic_estimate,location_in_source,notes
planetary_society_pebd_mission_costs,Mission Costs,development + launch,Cassini,1812.553,USD millions (nominal),,PEBD sheet 'Mission Costs' cell C2,R73; PEBD pull 2026-09-27 (workbook updated 2025-11-13); attribution: The Planetary Society; conventions in 07 FINDINGS R73
planetary_society_pebd_mission_costs,Mission Costs,development + launch,CONTOUR,143.2,USD millions (nominal),,PEBD sheet 'Mission Costs' cell D2,R73; PEBD pull 2026-09-27 (workbook updated 2025-11-13); attribution: The Planetary Society; conventions in 07 FINDINGS R73
planetary_society_pebd_mission_costs,Mission Costs,development + launch,DART,308,USD millions (nominal),,PEBD sheet 'Mission Costs' cell E2,R73; PEBD pull 2026-09-27 (workbook updated 2025-11-13); attribution: The Planetary Society; conventions in 07 FINDINGS R73
planetary_society_pebd_mission_costs,Mission Costs,development + launch,DAVINCI,106.5,USD millions (nominal),,PEBD sheet 'Mission Costs' cell F2,R73; PEBD pull 2026-09-27 (workbook updated 2025-11-13); attribution: The Planetary Society; conventions in 07 FINDINGS R73
planetary_society_pebd_mission_costs,Mission Costs,development + launch,Dawn,373,USD millions (nominal),,PEBD sheet 'Mission Costs' cell G2,R73; PEBD pull 2026-09-27 (workbook updated 2025-11-13); attribution: The Planetary Society; conventions in 07 FINDINGS R73
planetary_society_pebd_mission_costs,Mission Costs,development + launch,Deep Impact,333.3,USD millions (nominal),,PEBD sheet 'Mission Costs' cell H2,R73; PEBD pull 2026-09-27 (workbook updated 2025-11-13); attribution: The Planetary Society; conventions in 07 FINDINGS R73
planetary_society_pebd_mission_costs,Mission Costs,development + launch,Deep Space 1,145.2,USD millions (nominal),,PEBD sheet 'Mission Costs' cell I2,R73; PEBD pull 2026-09-27 (workbook updated 2025-11-13); attribution: The Planetary Society; conventions in 07 FINDINGS R73
planetary_society_pebd_mission_costs,Mission Costs,development + launch,Dragonfly,2797.2,USD millions (nominal),,PEBD sheet 'Mission Costs' cell J2,R73; PEBD pull 2026-09-27 (workbook updated 2025-11-13); attribution: The Planetary Society; conventions in 07 FINDINGS R73
planetary_society_pebd_mission_costs,Mission Costs,development + launch,Europa Clipper,3764.6,USD millions (nominal),,PEBD sheet 'Mission Costs' cell K2,R73; PEBD pull 2026-09-27 (workbook updated 2025-11-13); attribution: The Planetary Society; conventions in 07 FINDINGS R73
planetary_society_pebd_mission_costs,Mission Costs,development + launch,Galileo,885.15,USD millions (nominal),,PEBD sheet 'Mission Costs' cell L2,R73; PEBD pull 2026-09-27 (workbook updated 2025-11-13); attribution: The Planetary Society; conventions in 07 FINDINGS R73
planetary_society_pebd_mission_costs,Mission Costs,development + launch,Genesis,211.7,USD millions (nominal),,PEBD sheet 'Mission Costs' cell M2,R73; PEBD pull 2026-09-27 (workbook updated 2025-11-13); attribution: The Planetary Society; conventions in 07 FINDINGS R73
planetary_society_pebd_mission_costs,Mission Costs,development + launch,GRAIL,448.7,USD millions (nominal),,PEBD sheet 'Mission Costs' cell N2,R73; PEBD pull 2026-09-27 (workbook updated 2025-11-13); attribution: The Planetary Society; conventions in 07 FINDINGS R73
planetary_society_pebd_mission_costs,Mission Costs,development + launch,InSight,759.7,USD millions (nominal),,PEBD sheet 'Mission Costs' cell O2,R73; PEBD pull 2026-09-27 (workbook updated 2025-11-13); attribution: The Planetary Society; conventions in 07 FINDINGS R73
planetary_society_pebd_mission_costs,Mission Costs,development + launch,Juno,928.7,USD millions (nominal),,PEBD sheet 'Mission Costs' cell P2,R73; PEBD pull 2026-09-27 (workbook updated 2025-11-13); attribution: The Planetary Society; conventions in 07 FINDINGS R73
planetary_society_pebd_mission_costs,Mission Costs,development + launch,LADEE,267.1,USD millions (nominal),,PEBD sheet 'Mission Costs' cell Q2,R73; PEBD pull 2026-09-27 (workbook updated 2025-11-13); attribution: The Planetary Society; conventions in 07 FINDINGS R73
planetary_society_pebd_mission_costs,Mission Costs,development + launch,Lucy,674.5,USD millions (nominal),,PEBD sheet 'Mission Costs' cell R2,R73; PEBD pull 2026-09-27 (workbook updated 2025-11-13); attribution: The Planetary Society; conventions in 07 FINDINGS R73
planetary_society_pebd_mission_costs,Mission Costs,development + launch,Lunar Orbiter,197.505,USD millions (nominal),,PEBD sheet 'Mission Costs' cell S2,R73; PEBD pull 2026-09-27 (workbook updated 2025-11-13); attribution: The Planetary Society; conventions in 07 FINDINGS R73
planetary_society_pebd_mission_costs,Mission Costs,development + launch,Lunar Prospector,56.6,USD millions (nominal),,PEBD sheet 'Mission Costs' cell T2,R73; PEBD pull 2026-09-27 (workbook updated 2025-11-13); attribution: The Planetary Society; conventions in 07 FINDINGS R73
planetary_society_pebd_mission_costs,Mission Costs,development + launch,Lunar Ranger,241.644,USD millions (nominal),,PEBD sheet 'Mission Costs' cell U2,R73; PEBD pull 2026-09-27 (workbook updated 2025-11-13); attribution: The Planetary Society; conventions in 07 FINDINGS R73
planetary_society_pebd_mission_costs,Mission Costs,development + launch,Lunar Surveyor,575.023,USD millions (nominal),,PEBD sheet 'Mission Costs' cell V2,R73; PEBD pull 2026-09-27 (workbook updated 2025-11-13); attribution: The Planetary Society; conventions in 07 FINDINGS R73
planetary_society_pebd_mission_costs,Mission Costs,development + launch,Magellan,463.2,USD millions (nominal),,PEBD sheet 'Mission Costs' cell W2,R73; PEBD pull 2026-09-27 (workbook updated 2025-11-13); attribution: The Planetary Society; conventions in 07 FINDINGS R73
planetary_society_pebd_mission_costs,Mission Costs,development + launch,Mariner 1 & 2,20.926,USD millions (nominal),,PEBD sheet 'Mission Costs' cell X2,R73; PEBD pull 2026-09-27 (workbook updated 2025-11-13); attribution: The Planetary Society; conventions in 07 FINDINGS R73
planetary_society_pebd_mission_costs,Mission Costs,development + launch,Mariner 3 & 4,79.695,USD millions (nominal),,PEBD sheet 'Mission Costs' cell Y2,R73; PEBD pull 2026-09-27 (workbook updated 2025-11-13); attribution: The Planetary Society; conventions in 07 FINDINGS R73
planetary_society_pebd_mission_costs,Mission Costs,development + launch,Mariner 5,26.358,USD millions (nominal),,PEBD sheet 'Mission Costs' cell Z2,R73; PEBD pull 2026-09-27 (workbook updated 2025-11-13); attribution: The Planetary Society; conventions in 07 FINDINGS R73
planetary_society_pebd_mission_costs,Mission Costs,development + launch,Mariner 6 & 7,123.013,USD millions (nominal),,PEBD sheet 'Mission Costs' cell AA2,R73; PEBD pull 2026-09-27 (workbook updated 2025-11-13); attribution: The Planetary Society; conventions in 07 FINDINGS R73
planetary_society_pebd_mission_costs,Mission Costs,development + launch,Mariner 8 & 9,134.781,USD millions (nominal),,PEBD sheet 'Mission Costs' cell AB2,R73; PEBD pull 2026-09-27 (workbook updated 2025-11-13); attribution: The Planetary Society; conventions in 07 FINDINGS R73
planetary_society_pebd_mission_costs,Mission Costs,development + launch,Mariner 10,111.616,USD millions (nominal),,PEBD sheet 'Mission Costs' cell AC2,R73; PEBD pull 2026-09-27 (workbook updated 2025-11-13); attribution: The Planetary Society; conventions in 07 FINDINGS R73
planetary_society_pebd_mission_costs,Mission Costs,development + launch,Mars Observer,686.95,USD millions (nominal),,PEBD sheet 'Mission Costs' cell AD2,R73; PEBD pull 2026-09-27 (workbook updated 2025-11-13); attribution: The Planetary Society; conventions in 07 FINDINGS R73
planetary_society_pebd_mission_costs,Mission Costs,development + launch,Mars Odyssey*,218,USD millions (nominal),,PEBD sheet 'Mission Costs' cell AE2,R73; PEBD pull 2026-09-27 (workbook updated 2025-11-13); attribution: The Planetary Society; conventions in 07 FINDINGS R73
planetary_society_pebd_mission_costs,Mission Costs,development + launch,Mars Pathfinder,247.6,USD millions (nominal),,PEBD sheet 'Mission Costs' cell AF2,R73; PEBD pull 2026-09-27 (workbook updated 2025-11-13); attribution: The Planetary Society; conventions in 07 FINDINGS R73
planetary_society_pebd_mission_costs,Mission Costs,development + launch,Mars Perseverance,2462.6,USD millions (nominal),,PEBD sheet 'Mission Costs' cell AG2,R73; PEBD pull 2026-09-27 (workbook updated 2025-11-13); attribution: The Planetary Society; conventions in 07 FINDINGS R73
planetary_society_pebd_mission_costs,Mission Costs,development + launch,MAVEN,553.8,USD millions (nominal),,PEBD sheet 'Mission Costs' cell AH2,R73; PEBD pull 2026-09-27 (workbook updated 2025-11-13); attribution: The Planetary Society; conventions in 07 FINDINGS R73
planetary_society_pebd_mission_costs,Mission Costs,development + launch,MESSENGER,353.6,USD millions (nominal),,PEBD sheet 'Mission Costs' cell AI2,R73; PEBD pull 2026-09-27 (workbook updated 2025-11-13); attribution: The Planetary Society; conventions in 07 FINDINGS R73
planetary_society_pebd_mission_costs,Mission Costs,development + launch,MER,816.5,USD millions (nominal),,PEBD sheet 'Mission Costs' cell AJ2,R73; PEBD pull 2026-09-27 (workbook updated 2025-11-13); attribution: The Planetary Society; conventions in 07 FINDINGS R73
planetary_society_pebd_mission_costs,Mission Costs,development + launch,MGS,183.3,USD millions (nominal),,PEBD sheet 'Mission Costs' cell AK2,R73; PEBD pull 2026-09-27 (workbook updated 2025-11-13); attribution: The Planetary Society; conventions in 07 FINDINGS R73
planetary_society_pebd_mission_costs,Mission Costs,development + launch,MOMA,142,USD millions (nominal),,PEBD sheet 'Mission Costs' cell AL2,R73; PEBD pull 2026-09-27 (workbook updated 2025-11-13); attribution: The Planetary Society; conventions in 07 FINDINGS R73
planetary_society_pebd_mission_costs,Mission Costs,development + launch,MPL/MCO,279.7,USD millions (nominal),,PEBD sheet 'Mission Costs' cell AM2,R73; PEBD pull 2026-09-27 (workbook updated 2025-11-13); attribution: The Planetary Society; conventions in 07 FINDINGS R73
planetary_society_pebd_mission_costs,Mission Costs,development + launch,MRO,546.1,USD millions (nominal),,PEBD sheet 'Mission Costs' cell AN2,R73; PEBD pull 2026-09-27 (workbook updated 2025-11-13); attribution: The Planetary Society; conventions in 07 FINDINGS R73
planetary_society_pebd_mission_costs,Mission Costs,development + launch,MSL Curiosity,2393.9,USD millions (nominal),,PEBD sheet 'Mission Costs' cell AO2,R73; PEBD pull 2026-09-27 (workbook updated 2025-11-13); attribution: The Planetary Society; conventions in 07 FINDINGS R73
planetary_society_pebd_mission_costs,Mission Costs,development + launch,NEAR,168.4,USD millions (nominal),,PEBD sheet 'Mission Costs' cell AP2,R73; PEBD pull 2026-09-27 (workbook updated 2025-11-13); attribution: The Planetary Society; conventions in 07 FINDINGS R73
planetary_society_pebd_mission_costs,Mission Costs,development + launch,NEO Surveyor,1336.7,USD millions (nominal),,PEBD sheet 'Mission Costs' cell AQ2,R73; PEBD pull 2026-09-27 (workbook updated 2025-11-13); attribution: The Planetary Society; conventions in 07 FINDINGS R73
planetary_society_pebd_mission_costs,Mission Costs,development + launch,New Horizons,565.7,USD millions (nominal),,PEBD sheet 'Mission Costs' cell AR2,R73; PEBD pull 2026-09-27 (workbook updated 2025-11-13); attribution: The Planetary Society; conventions in 07 FINDINGS R73
planetary_society_pebd_mission_costs,Mission Costs,development + launch,OSIRIS-REx,811.5,USD millions (nominal),,PEBD sheet 'Mission Costs' cell AS2,R73; PEBD pull 2026-09-27 (workbook updated 2025-11-13); attribution: The Planetary Society; conventions in 07 FINDINGS R73
planetary_society_pebd_mission_costs,Mission Costs,development + launch,Phoenix,407.4,USD millions (nominal),,PEBD sheet 'Mission Costs' cell AT2,R73; PEBD pull 2026-09-27 (workbook updated 2025-11-13); attribution: The Planetary Society; conventions in 07 FINDINGS R73
planetary_society_pebd_mission_costs,Mission Costs,development + launch,Pioneer 10 & 11,108.48,USD millions (nominal),,PEBD sheet 'Mission Costs' cell AU2,R73; PEBD pull 2026-09-27 (workbook updated 2025-11-13); attribution: The Planetary Society; conventions in 07 FINDINGS R73
planetary_society_pebd_mission_costs,Mission Costs,development + launch,Pioneer Venus,195.771,USD millions (nominal),,PEBD sheet 'Mission Costs' cell AV2,R73; PEBD pull 2026-09-27 (workbook updated 2025-11-13); attribution: The Planetary Society; conventions in 07 FINDINGS R73
planetary_society_pebd_mission_costs,Mission Costs,development + launch,Psyche,929.2,USD millions (nominal),,PEBD sheet 'Mission Costs' cell AW2,R73; PEBD pull 2026-09-27 (workbook updated 2025-11-13); attribution: The Planetary Society; conventions in 07 FINDINGS R73
planetary_society_pebd_mission_costs,Mission Costs,development + launch,Stardust,167.2,USD millions (nominal),,PEBD sheet 'Mission Costs' cell AX2,R73; PEBD pull 2026-09-27 (workbook updated 2025-11-13); attribution: The Planetary Society; conventions in 07 FINDINGS R73
planetary_society_pebd_mission_costs,Mission Costs,development + launch,Viking,953.929,USD millions (nominal),,PEBD sheet 'Mission Costs' cell AZ2,R73; PEBD pull 2026-09-27 (workbook updated 2025-11-13); attribution: The Planetary Society; conventions in 07 FINDINGS R73
planetary_society_pebd_mission_costs,Mission Costs,development + launch,VIPER,492.4,USD millions (nominal),,PEBD sheet 'Mission Costs' cell BA2,R73; PEBD pull 2026-09-27 (workbook updated 2025-11-13); attribution: The Planetary Society; conventions in 07 FINDINGS R73
planetary_society_pebd_mission_costs,Mission Costs,development + launch,Voyager,336.647,USD millions (nominal),,PEBD sheet 'Mission Costs' cell BB2,R73; PEBD pull 2026-09-27 (workbook updated 2025-11-13); attribution: The Planetary Society; conventions in 07 FINDINGS R73
planetary_society_pebd_mission_costs,Mission Costs,operations,Cassini,1399.964286,USD millions (nominal),,PEBD sheet 'Mission Costs' cell C3,R73; PEBD pull 2026-09-27 (workbook updated 2025-11-13); attribution: The Planetary Society; conventions in 07 FINDINGS R73
planetary_society_pebd_mission_costs,Mission Costs,operations,CONTOUR,0,USD millions (nominal),,PEBD sheet 'Mission Costs' cell D3,R73; PEBD pull 2026-09-27 (workbook updated 2025-11-13); attribution: The Planetary Society; conventions in 07 FINDINGS R73
planetary_society_pebd_mission_costs,Mission Costs,operations,DART,18.3,USD millions (nominal),,PEBD sheet 'Mission Costs' cell E3,R73; PEBD pull 2026-09-27 (workbook updated 2025-11-13); attribution: The Planetary Society; conventions in 07 FINDINGS R73
planetary_society_pebd_mission_costs,Mission Costs,operations,Dawn,129.1,USD millions (nominal),,PEBD sheet 'Mission Costs' cell G3,R73; PEBD pull 2026-09-27 (workbook updated 2025-11-13); attribution: The Planetary Society; conventions in 07 FINDINGS R73
planetary_society_pebd_mission_costs,Mission Costs,operations,Deep Impact,64,USD millions (nominal),,PEBD sheet 'Mission Costs' cell H3,R73; PEBD pull 2026-09-27 (workbook updated 2025-11-13); attribution: The Planetary Society; conventions in 07 FINDINGS R73
planetary_society_pebd_mission_costs,Mission Costs,operations,Deep Space 1,25.1,USD millions (nominal),,PEBD sheet 'Mission Costs' cell I3,R73; PEBD pull 2026-09-27 (workbook updated 2025-11-13); attribution: The Planetary Society; conventions in 07 FINDINGS R73
planetary_society_pebd_mission_costs,Mission Costs,operations,Europa Clipper,520.7,USD millions (nominal),,PEBD sheet 'Mission Costs' cell K3,R73; PEBD pull 2026-09-27 (workbook updated 2025-11-13); attribution: The Planetary Society; conventions in 07 FINDINGS R73
planetary_society_pebd_mission_costs,Mission Costs,operations,Galileo,574.318,USD millions (nominal),,PEBD sheet 'Mission Costs' cell L3,R73; PEBD pull 2026-09-27 (workbook updated 2025-11-13); attribution: The Planetary Society; conventions in 07 FINDINGS R73
planetary_society_pebd_mission_costs,Mission Costs,operations,Genesis,50,USD millions (nominal),,PEBD sheet 'Mission Costs' cell M3,R73; PEBD pull 2026-09-27 (workbook updated 2025-11-13); attribution: The Planetary Society; conventions in 07 FINDINGS R73
planetary_society_pebd_mission_costs,Mission Costs,operations,GRAIL,39.8,USD millions (nominal),,PEBD sheet 'Mission Costs' cell N3,R73; PEBD pull 2026-09-27 (workbook updated 2025-11-13); attribution: The Planetary Society; conventions in 07 FINDINGS R73
planetary_society_pebd_mission_costs,Mission Costs,operations,InSight,63,USD millions (nominal),,PEBD sheet 'Mission Costs' cell O3,R73; PEBD pull 2026-09-27 (workbook updated 2025-11-13); attribution: The Planetary Society; conventions in 07 FINDINGS R73
planetary_society_pebd_mission_costs,Mission Costs,operations,Juno,375.7,USD millions (nominal),,PEBD sheet 'Mission Costs' cell P3,R73; PEBD pull 2026-09-27 (workbook updated 2025-11-13); attribution: The Planetary Society; conventions in 07 FINDINGS R73
planetary_society_pebd_mission_costs,Mission Costs,operations,LADEE,8.5,USD millions (nominal),,PEBD sheet 'Mission Costs' cell Q3,R73; PEBD pull 2026-09-27 (workbook updated 2025-11-13); attribution: The Planetary Society; conventions in 07 FINDINGS R73
planetary_society_pebd_mission_costs,Mission Costs,operations,Lucy,93.4,USD millions (nominal),,PEBD sheet 'Mission Costs' cell R3,R73; PEBD pull 2026-09-27 (workbook updated 2025-11-13); attribution: The Planetary Society; conventions in 07 FINDINGS R73
planetary_society_pebd_mission_costs,Mission Costs,operations,Lunar Orbiter,2.98,USD millions (nominal),,PEBD sheet 'Mission Costs' cell S3,R73; PEBD pull 2026-09-27 (workbook updated 2025-11-13); attribution: The Planetary Society; conventions in 07 FINDINGS R73
planetary_society_pebd_mission_costs,Mission Costs,operations,Lunar Prospector,7.3,USD millions (nominal),,PEBD sheet 'Mission Costs' cell T3,R73; PEBD pull 2026-09-27 (workbook updated 2025-11-13); attribution: The Planetary Society; conventions in 07 FINDINGS R73
planetary_society_pebd_mission_costs,Mission Costs,operations,Magellan,165.507,USD millions (nominal),,PEBD sheet 'Mission Costs' cell W3,R73; PEBD pull 2026-09-27 (workbook updated 2025-11-13); attribution: The Planetary Society; conventions in 07 FINDINGS R73
planetary_society_pebd_mission_costs,Mission Costs,operations,Mariner 8 & 9,26.596,USD millions (nominal),,PEBD sheet 'Mission Costs' cell AB3,R73; PEBD pull 2026-09-27 (workbook updated 2025-11-13); attribution: The Planetary Society; conventions in 07 FINDINGS R73
planetary_society_pebd_mission_costs,Mission Costs,operations,Mariner 10,8.891,USD millions (nominal),,PEBD sheet 'Mission Costs' cell AC3,R73; PEBD pull 2026-09-27 (workbook updated 2025-11-13); attribution: The Planetary Society; conventions in 07 FINDINGS R73
planetary_society_pebd_mission_costs,Mission Costs,operations,Mars Observer,21.2,USD millions (nominal),,PEBD sheet 'Mission Costs' cell AD3,R73; PEBD pull 2026-09-27 (workbook updated 2025-11-13); attribution: The Planetary Society; conventions in 07 FINDINGS R73
planetary_society_pebd_mission_costs,Mission Costs,operations,Mars Odyssey*,270.9,USD millions (nominal),,PEBD sheet 'Mission Costs' cell AE3,R73; PEBD pull 2026-09-27 (workbook updated 2025-11-13); attribution: The Planetary Society; conventions in 07 FINDINGS R73
planetary_society_pebd_mission_costs,Mission Costs,operations,Mars Pathfinder,14.7,USD millions (nominal),,PEBD sheet 'Mission Costs' cell AF3,R73; PEBD pull 2026-09-27 (workbook updated 2025-11-13); attribution: The Planetary Society; conventions in 07 FINDINGS R73
planetary_society_pebd_mission_costs,Mission Costs,operations,Mars Perseverance,517.1,USD millions (nominal),,PEBD sheet 'Mission Costs' cell AG3,R73; PEBD pull 2026-09-27 (workbook updated 2025-11-13); attribution: The Planetary Society; conventions in 07 FINDINGS R73
planetary_society_pebd_mission_costs,Mission Costs,operations,MAVEN,243.1,USD millions (nominal),,PEBD sheet 'Mission Costs' cell AH3,R73; PEBD pull 2026-09-27 (workbook updated 2025-11-13); attribution: The Planetary Society; conventions in 07 FINDINGS R73
planetary_society_pebd_mission_costs,Mission Costs,operations,MESSENGER,172.6,USD millions (nominal),,PEBD sheet 'Mission Costs' cell AI3,R73; PEBD pull 2026-09-27 (workbook updated 2025-11-13); attribution: The Planetary Society; conventions in 07 FINDINGS R73
planetary_society_pebd_mission_costs,Mission Costs,operations,MER,270.3,USD millions (nominal),,PEBD sheet 'Mission Costs' cell AJ3,R73; PEBD pull 2026-09-27 (workbook updated 2025-11-13); attribution: The Planetary Society; conventions in 07 FINDINGS R73
planetary_society_pebd_mission_costs,Mission Costs,operations,MGS,100.3,USD millions (nominal),,PEBD sheet 'Mission Costs' cell AK3,R73; PEBD pull 2026-09-27 (workbook updated 2025-11-13); attribution: The Planetary Society; conventions in 07 FINDINGS R73
planetary_society_pebd_mission_costs,Mission Costs,operations,MOMA,8.5,USD millions (nominal),,PEBD sheet 'Mission Costs' cell AL3,R73; PEBD pull 2026-09-27 (workbook updated 2025-11-13); attribution: The Planetary Society; conventions in 07 FINDINGS R73
planetary_society_pebd_mission_costs,Mission Costs,operations,MPL/MCO,16.3,USD millions (nominal),,PEBD sheet 'Mission Costs' cell AM3,R73; PEBD pull 2026-09-27 (workbook updated 2025-11-13); attribution: The Planetary Society; conventions in 07 FINDINGS R73
planetary_society_pebd_mission_costs,Mission Costs,operations,MRO,616.1,USD millions (nominal),,PEBD sheet 'Mission Costs' cell AN3,R73; PEBD pull 2026-09-27 (workbook updated 2025-11-13); attribution: The Planetary Society; conventions in 07 FINDINGS R73
planetary_society_pebd_mission_costs,Mission Costs,operations,MSL Curiosity,743.6,USD millions (nominal),,PEBD sheet 'Mission Costs' cell AO3,R73; PEBD pull 2026-09-27 (workbook updated 2025-11-13); attribution: The Planetary Society; conventions in 07 FINDINGS R73
planetary_society_pebd_mission_costs,Mission Costs,operations,NEAR,61.9,USD millions (nominal),,PEBD sheet 'Mission Costs' cell AP3,R73; PEBD pull 2026-09-27 (workbook updated 2025-11-13); attribution: The Planetary Society; conventions in 07 FINDINGS R73
planetary_society_pebd_mission_costs,Mission Costs,operations,NEO Surveyor,103.2,USD millions (nominal),,PEBD sheet 'Mission Costs' cell AQ3,R73; PEBD pull 2026-09-27 (workbook updated 2025-11-13); attribution: The Planetary Society; conventions in 07 FINDINGS R73
planetary_society_pebd_mission_costs,Mission Costs,operations,New Horizons,308.925,USD millions (nominal),,PEBD sheet 'Mission Costs' cell AR3,R73; PEBD pull 2026-09-27 (workbook updated 2025-11-13); attribution: The Planetary Society; conventions in 07 FINDINGS R73
planetary_society_pebd_mission_costs,Mission Costs,operations,OSIRIS-REx,153.1,USD millions (nominal),,PEBD sheet 'Mission Costs' cell AS3,R73; PEBD pull 2026-09-27 (workbook updated 2025-11-13); attribution: The Planetary Society; conventions in 07 FINDINGS R73
planetary_society_pebd_mission_costs,Mission Costs,operations,Phoenix,12.6,USD millions (nominal),,PEBD sheet 'Mission Costs' cell AT3,R73; PEBD pull 2026-09-27 (workbook updated 2025-11-13); attribution: The Planetary Society; conventions in 07 FINDINGS R73
planetary_society_pebd_mission_costs,Mission Costs,operations,Pioneer 10 & 11,72.769,USD millions (nominal),,PEBD sheet 'Mission Costs' cell AU3,R73; PEBD pull 2026-09-27 (workbook updated 2025-11-13); attribution: The Planetary Society; conventions in 07 FINDINGS R73
planetary_society_pebd_mission_costs,Mission Costs,operations,Pioneer Venus,82.18433333,USD millions (nominal),,PEBD sheet 'Mission Costs' cell AV3,R73; PEBD pull 2026-09-27 (workbook updated 2025-11-13); attribution: The Planetary Society; conventions in 07 FINDINGS R73
planetary_society_pebd_mission_costs,Mission Costs,operations,Psyche,46.5,USD millions (nominal),,PEBD sheet 'Mission Costs' cell AW3,R73; PEBD pull 2026-09-27 (workbook updated 2025-11-13); attribution: The Planetary Society; conventions in 07 FINDINGS R73
planetary_society_pebd_mission_costs,Mission Costs,operations,Stardust,70.3,USD millions (nominal),,PEBD sheet 'Mission Costs' cell AX3,R73; PEBD pull 2026-09-27 (workbook updated 2025-11-13); attribution: The Planetary Society; conventions in 07 FINDINGS R73
planetary_society_pebd_mission_costs,Mission Costs,operations,Viking,103.95,USD millions (nominal),,PEBD sheet 'Mission Costs' cell AZ3,R73; PEBD pull 2026-09-27 (workbook updated 2025-11-13); attribution: The Planetary Society; conventions in 07 FINDINGS R73
planetary_society_pebd_mission_costs,Mission Costs,operations,VIPER,0,USD millions (nominal),,PEBD sheet 'Mission Costs' cell BA3,R73; PEBD pull 2026-09-27 (workbook updated 2025-11-13); attribution: The Planetary Society; conventions in 07 FINDINGS R73
planetary_society_pebd_mission_costs,Mission Costs,operations,Voyager,483.173,USD millions (nominal),,PEBD sheet 'Mission Costs' cell BB3,R73; PEBD pull 2026-09-27 (workbook updated 2025-11-13); attribution: The Planetary Society; conventions in 07 FINDINGS R73
planetary_society_pebd_mission_costs,Mission Costs,total,Cassini,3212.517286,USD millions (nominal),,PEBD sheet 'Mission Costs' cell C4,R73; PEBD pull 2026-09-27 (workbook updated 2025-11-13); attribution: The Planetary Society; conventions in 07 FINDINGS R73
planetary_society_pebd_mission_costs,Mission Costs,total,CONTOUR,143.2,USD millions (nominal),,PEBD sheet 'Mission Costs' cell D4,R73; PEBD pull 2026-09-27 (workbook updated 2025-11-13); attribution: The Planetary Society; conventions in 07 FINDINGS R73
planetary_society_pebd_mission_costs,Mission Costs,total,DART,326.3,USD millions (nominal),,PEBD sheet 'Mission Costs' cell E4,R73; PEBD pull 2026-09-27 (workbook updated 2025-11-13); attribution: The Planetary Society; conventions in 07 FINDINGS R73
planetary_society_pebd_mission_costs,Mission Costs,total,DAVINCI,106.5,USD millions (nominal),,PEBD sheet 'Mission Costs' cell F4,R73; PEBD pull 2026-09-27 (workbook updated 2025-11-13); attribution: The Planetary Society; conventions in 07 FINDINGS R73
planetary_society_pebd_mission_costs,Mission Costs,total,Dawn,502.1,USD millions (nominal),,PEBD sheet 'Mission Costs' cell G4,R73; PEBD pull 2026-09-27 (workbook updated 2025-11-13); attribution: The Planetary Society; conventions in 07 FINDINGS R73
planetary_society_pebd_mission_costs,Mission Costs,total,Deep Impact,397.3,USD millions (nominal),,PEBD sheet 'Mission Costs' cell H4,R73; PEBD pull 2026-09-27 (workbook updated 2025-11-13); attribution: The Planetary Society; conventions in 07 FINDINGS R73
planetary_society_pebd_mission_costs,Mission Costs,total,Deep Space 1,170.3,USD millions (nominal),,PEBD sheet 'Mission Costs' cell I4,R73; PEBD pull 2026-09-27 (workbook updated 2025-11-13); attribution: The Planetary Society; conventions in 07 FINDINGS R73
planetary_society_pebd_mission_costs,Mission Costs,total,Dragonfly,2797.2,USD millions (nominal),,PEBD sheet 'Mission Costs' cell J4,R73; PEBD pull 2026-09-27 (workbook updated 2025-11-13); attribution: The Planetary Society; conventions in 07 FINDINGS R73
planetary_society_pebd_mission_costs,Mission Costs,total,Europa Clipper,4285.3,USD millions (nominal),,PEBD sheet 'Mission Costs' cell K4,R73; PEBD pull 2026-09-27 (workbook updated 2025-11-13); attribution: The Planetary Society; conventions in 07 FINDINGS R73
planetary_society_pebd_mission_costs,Mission Costs,total,Galileo,1459.468,USD millions (nominal),,PEBD sheet 'Mission Costs' cell L4,R73; PEBD pull 2026-09-27 (workbook updated 2025-11-13); attribution: The Planetary Society; conventions in 07 FINDINGS R73
planetary_society_pebd_mission_costs,Mission Costs,total,Genesis,261.7,USD millions (nominal),,PEBD sheet 'Mission Costs' cell M4,R73; PEBD pull 2026-09-27 (workbook updated 2025-11-13); attribution: The Planetary Society; conventions in 07 FINDINGS R73
planetary_society_pebd_mission_costs,Mission Costs,total,GRAIL,488.5,USD millions (nominal),,PEBD sheet 'Mission Costs' cell N4,R73; PEBD pull 2026-09-27 (workbook updated 2025-11-13); attribution: The Planetary Society; conventions in 07 FINDINGS R73
planetary_society_pebd_mission_costs,Mission Costs,total,InSight,823,USD millions (nominal),,PEBD sheet 'Mission Costs' cell O4,R73; PEBD pull 2026-09-27 (workbook updated 2025-11-13); attribution: The Planetary Society; conventions in 07 FINDINGS R73
planetary_society_pebd_mission_costs,Mission Costs,total,Juno,1330.6,USD millions (nominal),,PEBD sheet 'Mission Costs' cell P4,R73; PEBD pull 2026-09-27 (workbook updated 2025-11-13); attribution: The Planetary Society; conventions in 07 FINDINGS R73
planetary_society_pebd_mission_costs,Mission Costs,total,LADEE,275.6,USD millions (nominal),,PEBD sheet 'Mission Costs' cell Q4,R73; PEBD pull 2026-09-27 (workbook updated 2025-11-13); attribution: The Planetary Society; conventions in 07 FINDINGS R73
planetary_society_pebd_mission_costs,Mission Costs,total,Lucy,989.1,USD millions (nominal),,PEBD sheet 'Mission Costs' cell R4,R73; PEBD pull 2026-09-27 (workbook updated 2025-11-13); attribution: The Planetary Society; conventions in 07 FINDINGS R73
planetary_society_pebd_mission_costs,Mission Costs,total,Lunar Orbiter,200.485,USD millions (nominal),,PEBD sheet 'Mission Costs' cell S4,R73; PEBD pull 2026-09-27 (workbook updated 2025-11-13); attribution: The Planetary Society; conventions in 07 FINDINGS R73
planetary_society_pebd_mission_costs,Mission Costs,total,Lunar Prospector,63.9,USD millions (nominal),,PEBD sheet 'Mission Costs' cell T4,R73; PEBD pull 2026-09-27 (workbook updated 2025-11-13); attribution: The Planetary Society; conventions in 07 FINDINGS R73
planetary_society_pebd_mission_costs,Mission Costs,total,Lunar Ranger,241.644,USD millions (nominal),,PEBD sheet 'Mission Costs' cell U4,R73; PEBD pull 2026-09-27 (workbook updated 2025-11-13); attribution: The Planetary Society; conventions in 07 FINDINGS R73
planetary_society_pebd_mission_costs,Mission Costs,total,Lunar Surveyor,575.023,USD millions (nominal),,PEBD sheet 'Mission Costs' cell V4,R73; PEBD pull 2026-09-27 (workbook updated 2025-11-13); attribution: The Planetary Society; conventions in 07 FINDINGS R73
planetary_society_pebd_mission_costs,Mission Costs,total,Magellan,628.707,USD millions (nominal),,PEBD sheet 'Mission Costs' cell W4,R73; PEBD pull 2026-09-27 (workbook updated 2025-11-13); attribution: The Planetary Society; conventions in 07 FINDINGS R73
planetary_society_pebd_mission_costs,Mission Costs,total,Mariner 1 & 2,20.926,USD millions (nominal),,PEBD sheet 'Mission Costs' cell X4,R73; PEBD pull 2026-09-27 (workbook updated 2025-11-13); attribution: The Planetary Society; conventions in 07 FINDINGS R73
planetary_society_pebd_mission_costs,Mission Costs,total,Mariner 3 & 4,79.695,USD millions (nominal),,PEBD sheet 'Mission Costs' cell Y4,R73; PEBD pull 2026-09-27 (workbook updated 2025-11-13); attribution: The Planetary Society; conventions in 07 FINDINGS R73
planetary_society_pebd_mission_costs,Mission Costs,total,Mariner 5,26.358,USD millions (nominal),,PEBD sheet 'Mission Costs' cell Z4,R73; PEBD pull 2026-09-27 (workbook updated 2025-11-13); attribution: The Planetary Society; conventions in 07 FINDINGS R73
planetary_society_pebd_mission_costs,Mission Costs,total,Mariner 6 & 7,123.013,USD millions (nominal),,PEBD sheet 'Mission Costs' cell AA4,R73; PEBD pull 2026-09-27 (workbook updated 2025-11-13); attribution: The Planetary Society; conventions in 07 FINDINGS R73
planetary_society_pebd_mission_costs,Mission Costs,total,Mariner 8 & 9,161.377,USD millions (nominal),,PEBD sheet 'Mission Costs' cell AB4,R73; PEBD pull 2026-09-27 (workbook updated 2025-11-13); attribution: The Planetary Society; conventions in 07 FINDINGS R73
planetary_society_pebd_mission_costs,Mission Costs,total,Mariner 10,120.507,USD millions (nominal),,PEBD sheet 'Mission Costs' cell AC4,R73; PEBD pull 2026-09-27 (workbook updated 2025-11-13); attribution: The Planetary Society; conventions in 07 FINDINGS R73
planetary_society_pebd_mission_costs,Mission Costs,total,Mars Observer,708.15,USD millions (nominal),,PEBD sheet 'Mission Costs' cell AD4,R73; PEBD pull 2026-09-27 (workbook updated 2025-11-13); attribution: The Planetary Society; conventions in 07 FINDINGS R73
planetary_society_pebd_mission_costs,Mission Costs,total,Mars Odyssey*,488.9,USD millions (nominal),,PEBD sheet 'Mission Costs' cell AE4,R73; PEBD pull 2026-09-27 (workbook updated 2025-11-13); attribution: The Planetary Society; conventions in 07 FINDINGS R73
planetary_society_pebd_mission_costs,Mission Costs,total,Mars Pathfinder,262.3,USD millions (nominal),,PEBD sheet 'Mission Costs' cell AF4,R73; PEBD pull 2026-09-27 (workbook updated 2025-11-13); attribution: The Planetary Society; conventions in 07 FINDINGS R73
planetary_society_pebd_mission_costs,Mission Costs,total,Mars Perseverance,3047.6,USD millions (nominal),,PEBD sheet 'Mission Costs' cell AG4,R73; PEBD pull 2026-09-27 (workbook updated 2025-11-13); attribution: The Planetary Society; conventions in 07 FINDINGS R73
planetary_society_pebd_mission_costs,Mission Costs,total,MAVEN,796.9,USD millions (nominal),,PEBD sheet 'Mission Costs' cell AH4,R73; PEBD pull 2026-09-27 (workbook updated 2025-11-13); attribution: The Planetary Society; conventions in 07 FINDINGS R73
planetary_society_pebd_mission_costs,Mission Costs,total,MESSENGER,526.2,USD millions (nominal),,PEBD sheet 'Mission Costs' cell AI4,R73; PEBD pull 2026-09-27 (workbook updated 2025-11-13); attribution: The Planetary Society; conventions in 07 FINDINGS R73
planetary_society_pebd_mission_costs,Mission Costs,total,MER,1086.8,USD millions (nominal),,PEBD sheet 'Mission Costs' cell AJ4,R73; PEBD pull 2026-09-27 (workbook updated 2025-11-13); attribution: The Planetary Society; conventions in 07 FINDINGS R73
planetary_society_pebd_mission_costs,Mission Costs,total,MGS,283.6,USD millions (nominal),,PEBD sheet 'Mission Costs' cell AK4,R73; PEBD pull 2026-09-27 (workbook updated 2025-11-13); attribution: The Planetary Society; conventions in 07 FINDINGS R73
planetary_society_pebd_mission_costs,Mission Costs,total,MOMA,142,USD millions (nominal),,PEBD sheet 'Mission Costs' cell AL4,R73; PEBD pull 2026-09-27 (workbook updated 2025-11-13); attribution: The Planetary Society; conventions in 07 FINDINGS R73
planetary_society_pebd_mission_costs,Mission Costs,total,MPL/MCO,296,USD millions (nominal),,PEBD sheet 'Mission Costs' cell AM4,R73; PEBD pull 2026-09-27 (workbook updated 2025-11-13); attribution: The Planetary Society; conventions in 07 FINDINGS R73
planetary_society_pebd_mission_costs,Mission Costs,total,MRO,1162.2,USD millions (nominal),,PEBD sheet 'Mission Costs' cell AN4,R73; PEBD pull 2026-09-27 (workbook updated 2025-11-13); attribution: The Planetary Society; conventions in 07 FINDINGS R73
planetary_society_pebd_mission_costs,Mission Costs,total,MSL Curiosity,3137.5,USD millions (nominal),,PEBD sheet 'Mission Costs' cell AO4,R73; PEBD pull 2026-09-27 (workbook updated 2025-11-13); attribution: The Planetary Society; conventions in 07 FINDINGS R73
planetary_society_pebd_mission_costs,Mission Costs,total,NEAR,230.3,USD millions (nominal),,PEBD sheet 'Mission Costs' cell AP4,R73; PEBD pull 2026-09-27 (workbook updated 2025-11-13); attribution: The Planetary Society; conventions in 07 FINDINGS R73
planetary_society_pebd_mission_costs,Mission Costs,total,NEO Surveyor,1439.9,USD millions (nominal),,PEBD sheet 'Mission Costs' cell AQ4,R73; PEBD pull 2026-09-27 (workbook updated 2025-11-13); attribution: The Planetary Society; conventions in 07 FINDINGS R73
planetary_society_pebd_mission_costs,Mission Costs,total,New Horizons,874.625,USD millions (nominal),,PEBD sheet 'Mission Costs' cell AR4,R73; PEBD pull 2026-09-27 (workbook updated 2025-11-13); attribution: The Planetary Society; conventions in 07 FINDINGS R73
planetary_society_pebd_mission_costs,Mission Costs,total,OSIRIS-REx,1017.5,USD millions (nominal),,PEBD sheet 'Mission Costs' cell AS4,R73; PEBD pull 2026-09-27 (workbook updated 2025-11-13); attribution: The Planetary Society; conventions in 07 FINDINGS R73
planetary_society_pebd_mission_costs,Mission Costs,total,Phoenix,420,USD millions (nominal),,PEBD sheet 'Mission Costs' cell AT4,R73; PEBD pull 2026-09-27 (workbook updated 2025-11-13); attribution: The Planetary Society; conventions in 07 FINDINGS R73
planetary_society_pebd_mission_costs,Mission Costs,total,Pioneer 10 & 11,181.249,USD millions (nominal),,PEBD sheet 'Mission Costs' cell AU4,R73; PEBD pull 2026-09-27 (workbook updated 2025-11-13); attribution: The Planetary Society; conventions in 07 FINDINGS R73
planetary_society_pebd_mission_costs,Mission Costs,total,Pioneer Venus,277.9553333,USD millions (nominal),,PEBD sheet 'Mission Costs' cell AV4,R73; PEBD pull 2026-09-27 (workbook updated 2025-11-13); attribution: The Planetary Society; conventions in 07 FINDINGS R73
planetary_society_pebd_mission_costs,Mission Costs,total,Psyche,975.7,USD millions (nominal),,PEBD sheet 'Mission Costs' cell AW4,R73; PEBD pull 2026-09-27 (workbook updated 2025-11-13); attribution: The Planetary Society; conventions in 07 FINDINGS R73
planetary_society_pebd_mission_costs,Mission Costs,total,Stardust,237.5,USD millions (nominal),,PEBD sheet 'Mission Costs' cell AX4,R73; PEBD pull 2026-09-27 (workbook updated 2025-11-13); attribution: The Planetary Society; conventions in 07 FINDINGS R73
planetary_society_pebd_mission_costs,Mission Costs,total,Viking,1057.879,USD millions (nominal),,PEBD sheet 'Mission Costs' cell AZ4,R73; PEBD pull 2026-09-27 (workbook updated 2025-11-13); attribution: The Planetary Society; conventions in 07 FINDINGS R73
planetary_society_pebd_mission_costs,Mission Costs,total,VIPER,492.4,USD millions (nominal),,PEBD sheet 'Mission Costs' cell BA4,R73; PEBD pull 2026-09-27 (workbook updated 2025-11-13); attribution: The Planetary Society; conventions in 07 FINDINGS R73
planetary_society_pebd_mission_costs,Mission Costs,total,Voyager,819.82,USD millions (nominal),,PEBD sheet 'Mission Costs' cell BB4,R73; PEBD pull 2026-09-27 (workbook updated 2025-11-13); attribution: The Planetary Society; conventions in 07 FINDINGS R73
planetary_society_pebd_mission_costs,Mission Costs,1960,Lunar Ranger,19.542,USD millions (nominal),,PEBD sheet 'Mission Costs' cell U5,R73; PEBD pull 2026-09-27 (workbook updated 2025-11-13); attribution: The Planetary Society; conventions in 07 FINDINGS R73
planetary_society_pebd_mission_costs,Mission Costs,1961,Lunar Ranger,45.066,USD millions (nominal),,PEBD sheet 'Mission Costs' cell U6,R73; PEBD pull 2026-09-27 (workbook updated 2025-11-13); attribution: The Planetary Society; conventions in 07 FINDINGS R73
planetary_society_pebd_mission_costs,Mission Costs,1961,Lunar Surveyor,7.054,USD millions (nominal),,PEBD sheet 'Mission Costs' cell V6,R73; PEBD pull 2026-09-27 (workbook updated 2025-11-13); attribution: The Planetary Society; conventions in 07 FINDINGS R73
planetary_society_pebd_mission_costs,Mission Costs,1962,Lunar Ranger,63.43,USD millions (nominal),,PEBD sheet 'Mission Costs' cell U7,R73; PEBD pull 2026-09-27 (workbook updated 2025-11-13); attribution: The Planetary Society; conventions in 07 FINDINGS R73
planetary_society_pebd_mission_costs,Mission Costs,1962,Lunar Surveyor,36.825,USD millions (nominal),,PEBD sheet 'Mission Costs' cell V7,R73; PEBD pull 2026-09-27 (workbook updated 2025-11-13); attribution: The Planetary Society; conventions in 07 FINDINGS R73
planetary_society_pebd_mission_costs,Mission Costs,1962,Mariner 1 & 2,13.226,USD millions (nominal),,PEBD sheet 'Mission Costs' cell X7,R73; PEBD pull 2026-09-27 (workbook updated 2025-11-13); attribution: The Planetary Society; conventions in 07 FINDINGS R73
planetary_society_pebd_mission_costs,Mission Costs,1963,Lunar Orbiter,4,USD millions (nominal),,PEBD sheet 'Mission Costs' cell S8,R73; PEBD pull 2026-09-27 (workbook updated 2025-11-13); attribution: The Planetary Society; conventions in 07 FINDINGS R73
planetary_society_pebd_mission_costs,Mission Costs,1963,Lunar Ranger,71.263,USD millions (nominal),,PEBD sheet 'Mission Costs' cell U8,R73; PEBD pull 2026-09-27 (workbook updated 2025-11-13); attribution: The Planetary Society; conventions in 07 FINDINGS R73
planetary_society_pebd_mission_costs,Mission Costs,1963,Lunar Surveyor,66.386,USD millions (nominal),,PEBD sheet 'Mission Costs' cell V8,R73; PEBD pull 2026-09-27 (workbook updated 2025-11-13); attribution: The Planetary Society; conventions in 07 FINDINGS R73
planetary_society_pebd_mission_costs,Mission Costs,1963,Mariner 1 & 2,7.7,USD millions (nominal),,PEBD sheet 'Mission Costs' cell X8,R73; PEBD pull 2026-09-27 (workbook updated 2025-11-13); attribution: The Planetary Society; conventions in 07 FINDINGS R73
planetary_society_pebd_mission_costs,Mission Costs,1963,Mariner 3 & 4,31.8,USD millions (nominal),,PEBD sheet 'Mission Costs' cell Y8,R73; PEBD pull 2026-09-27 (workbook updated 2025-11-13); attribution: The Planetary Society; conventions in 07 FINDINGS R73
planetary_society_pebd_mission_costs,Mission Costs,1964,Lunar Orbiter,20,USD millions (nominal),,PEBD sheet 'Mission Costs' cell S9,R73; PEBD pull 2026-09-27 (workbook updated 2025-11-13); attribution: The Planetary Society; conventions in 07 FINDINGS R73
planetary_society_pebd_mission_costs,Mission Costs,1964,Lunar Ranger,30.306,USD millions (nominal),,PEBD sheet 'Mission Costs' cell U9,R73; PEBD pull 2026-09-27 (workbook updated 2025-11-13); attribution: The Planetary Society; conventions in 07 FINDINGS R73
planetary_society_pebd_mission_costs,Mission Costs,1964,Lunar Surveyor,102.704,USD millions (nominal),,PEBD sheet 'Mission Costs' cell V9,R73; PEBD pull 2026-09-27 (workbook updated 2025-11-13); attribution: The Planetary Society; conventions in 07 FINDINGS R73
planetary_society_pebd_mission_costs,Mission Costs,1964,Mariner 3 & 4,28.36,USD millions (nominal),,PEBD sheet 'Mission Costs' cell Y9,R73; PEBD pull 2026-09-27 (workbook updated 2025-11-13); attribution: The Planetary Society; conventions in 07 FINDINGS R73
planetary_society_pebd_mission_costs,Mission Costs,1965,Lunar Orbiter,58.604,USD millions (nominal),,PEBD sheet 'Mission Costs' cell S10,R73; PEBD pull 2026-09-27 (workbook updated 2025-11-13); attribution: The Planetary Society; conventions in 07 FINDINGS R73
planetary_society_pebd_mission_costs,Mission Costs,1965,Lunar Ranger,11.037,USD millions (nominal),,PEBD sheet 'Mission Costs' cell U10,R73; PEBD pull 2026-09-27 (workbook updated 2025-11-13); attribution: The Planetary Society; conventions in 07 FINDINGS R73
planetary_society_pebd_mission_costs,Mission Costs,1965,Lunar Surveyor,121.878,USD millions (nominal),,PEBD sheet 'Mission Costs' cell V10,R73; PEBD pull 2026-09-27 (workbook updated 2025-11-13); attribution: The Planetary Society; conventions in 07 FINDINGS R73
planetary_society_pebd_mission_costs,Mission Costs,1965,Mariner 3 & 4,16.2,USD millions (nominal),,PEBD sheet 'Mission Costs' cell Y10,R73; PEBD pull 2026-09-27 (workbook updated 2025-11-13); attribution: The Planetary Society; conventions in 07 FINDINGS R73
planetary_society_pebd_mission_costs,Mission Costs,1966,Lunar Orbiter,72.581,USD millions (nominal),,PEBD sheet 'Mission Costs' cell S11,R73; PEBD pull 2026-09-27 (workbook updated 2025-11-13); attribution: The Planetary Society; conventions in 07 FINDINGS R73
planetary_society_pebd_mission_costs,Mission Costs,1966,Lunar Ranger,1,USD millions (nominal),,PEBD sheet 'Mission Costs' cell U11,R73; PEBD pull 2026-09-27 (workbook updated 2025-11-13); attribution: The Planetary Society; conventions in 07 FINDINGS R73
planetary_society_pebd_mission_costs,Mission Costs,1966,Lunar Surveyor,119.634,USD millions (nominal),,PEBD sheet 'Mission Costs' cell V11,R73; PEBD pull 2026-09-27 (workbook updated 2025-11-13); attribution: The Planetary Society; conventions in 07 FINDINGS R73
planetary_society_pebd_mission_costs,Mission Costs,1966,Mariner 3 & 4,2.335,USD millions (nominal),,PEBD sheet 'Mission Costs' cell Y11,R73; PEBD pull 2026-09-27 (workbook updated 2025-11-13); attribution: The Planetary Society; conventions in 07 FINDINGS R73
planetary_society_pebd_mission_costs,Mission Costs,1966,Mariner 5,10.9,USD millions (nominal),,PEBD sheet 'Mission Costs' cell Z11,R73; PEBD pull 2026-09-27 (workbook updated 2025-11-13); attribution: The Planetary Society; conventions in 07 FINDINGS R73
planetary_society_pebd_mission_costs,Mission Costs,1967,Lunar Orbiter,35.3,USD millions (nominal),,PEBD sheet 'Mission Costs' cell S12,R73; PEBD pull 2026-09-27 (workbook updated 2025-11-13); attribution: The Planetary Society; conventions in 07 FINDINGS R73
planetary_society_pebd_mission_costs,Mission Costs,1967,Lunar Surveyor,87.542,USD millions (nominal),,PEBD sheet 'Mission Costs' cell V12,R73; PEBD pull 2026-09-27 (workbook updated 2025-11-13); attribution: The Planetary Society; conventions in 07 FINDINGS R73
planetary_society_pebd_mission_costs,Mission Costs,1967,Mariner 3 & 4,1,USD millions (nominal),,PEBD sheet 'Mission Costs' cell Y12,R73; PEBD pull 2026-09-27 (workbook updated 2025-11-13); attribution: The Planetary Society; conventions in 07 FINDINGS R73
planetary_society_pebd_mission_costs,Mission Costs,1967,Mariner 5,12.058,USD millions (nominal),,PEBD sheet 'Mission Costs' cell Z12,R73; PEBD pull 2026-09-27 (workbook updated 2025-11-13); attribution: The Planetary Society; conventions in 07 FINDINGS R73
planetary_society_pebd_mission_costs,Mission Costs,1967,Mariner 6 & 7,30.13,USD millions (nominal),,PEBD sheet 'Mission Costs' cell AA12,R73; PEBD pull 2026-09-27 (workbook updated 2025-11-13); attribution: The Planetary Society; conventions in 07 FINDINGS R73
planetary_society_pebd_mission_costs,Mission Costs,1968,Lunar Orbiter,10,USD millions (nominal),,PEBD sheet 'Mission Costs' cell S13,R73; PEBD pull 2026-09-27 (workbook updated 2025-11-13); attribution: The Planetary Society; conventions in 07 FINDINGS R73
planetary_society_pebd_mission_costs,Mission Costs,1968,Lunar Surveyor,33,USD millions (nominal),,PEBD sheet 'Mission Costs' cell V13,R73; PEBD pull 2026-09-27 (workbook updated 2025-11-13); attribution: The Planetary Society; conventions in 07 FINDINGS R73
planetary_society_pebd_mission_costs,Mission Costs,1968,Mariner 5,3.4,USD millions (nominal),,PEBD sheet 'Mission Costs' cell Z13,R73; PEBD pull 2026-09-27 (workbook updated 2025-11-13); attribution: The Planetary Society; conventions in 07 FINDINGS R73
planetary_society_pebd_mission_costs,Mission Costs,1968,Mariner 6 & 7,62.85,USD millions (nominal),,PEBD sheet 'Mission Costs' cell AA13,R73; PEBD pull 2026-09-27 (workbook updated 2025-11-13); attribution: The Planetary Society; conventions in 07 FINDINGS R73
planetary_society_pebd_mission_costs,Mission Costs,1969,Mariner 6 & 7,26.13,USD millions (nominal),,PEBD sheet 'Mission Costs' cell AA14,R73; PEBD pull 2026-09-27 (workbook updated 2025-11-13); attribution: The Planetary Society; conventions in 07 FINDINGS R73
planetary_society_pebd_mission_costs,Mission Costs,1969,Mariner 8 & 9,31.619,USD millions (nominal),,PEBD sheet 'Mission Costs' cell AB14,R73; PEBD pull 2026-09-27 (workbook updated 2025-11-13); attribution: The Planetary Society; conventions in 07 FINDINGS R73
planetary_society_pebd_mission_costs,Mission Costs,1969,Pioneer 10 & 11,5.965,USD millions (nominal),,PEBD sheet 'Mission Costs' cell AU14,R73; PEBD pull 2026-09-27 (workbook updated 2025-11-13); attribution: The Planetary Society; conventions in 07 FINDINGS R73
planetary_society_pebd_mission_costs,Mission Costs,1969,Viking,12.427,USD millions (nominal),,PEBD sheet 'Mission Costs' cell AZ14,R73; PEBD pull 2026-09-27 (workbook updated 2025-11-13); attribution: The Planetary Society; conventions in 07 FINDINGS R73
planetary_society_pebd_mission_costs,Mission Costs,1970,Mariner 6 & 7,3.715,USD millions (nominal),,PEBD sheet 'Mission Costs' cell AA15,R73; PEBD pull 2026-09-27 (workbook updated 2025-11-13); attribution: The Planetary Society; conventions in 07 FINDINGS R73
planetary_society_pebd_mission_costs,Mission Costs,1970,Mariner 8 & 9,68.456,USD millions (nominal),,PEBD sheet 'Mission Costs' cell AB15,R73; PEBD pull 2026-09-27 (workbook updated 2025-11-13); attribution: The Planetary Society; conventions in 07 FINDINGS R73
planetary_society_pebd_mission_costs,Mission Costs,1970,Mariner 10,0.9,USD millions (nominal),,PEBD sheet 'Mission Costs' cell AC15,R73; PEBD pull 2026-09-27 (workbook updated 2025-11-13); attribution: The Planetary Society; conventions in 07 FINDINGS R73
planetary_society_pebd_mission_costs,Mission Costs,1970,Pioneer 10 & 11,22.9,USD millions (nominal),,PEBD sheet 'Mission Costs' cell AU15,R73; PEBD pull 2026-09-27 (workbook updated 2025-11-13); attribution: The Planetary Society; conventions in 07 FINDINGS R73
planetary_society_pebd_mission_costs,Mission Costs,1970,Viking,40.2,USD millions (nominal),,PEBD sheet 'Mission Costs' cell AZ15,R73; PEBD pull 2026-09-27 (workbook updated 2025-11-13); attribution: The Planetary Society; conventions in 07 FINDINGS R73
planetary_society_pebd_mission_costs,Mission Costs,1971,Mariner 6 & 7,0.188,USD millions (nominal),,PEBD sheet 'Mission Costs' cell AA16,R73; PEBD pull 2026-09-27 (workbook updated 2025-11-13); attribution: The Planetary Society; conventions in 07 FINDINGS R73
planetary_society_pebd_mission_costs,Mission Costs,1971,Mariner 8 & 9,31.291,USD millions (nominal),,PEBD sheet 'Mission Costs' cell AB16,R73; PEBD pull 2026-09-27 (workbook updated 2025-11-13); attribution: The Planetary Society; conventions in 07 FINDINGS R73
planetary_society_pebd_mission_costs,Mission Costs,1971,Mariner 10,13.406,USD millions (nominal),,PEBD sheet 'Mission Costs' cell AC16,R73; PEBD pull 2026-09-27 (workbook updated 2025-11-13); attribution: The Planetary Society; conventions in 07 FINDINGS R73
planetary_society_pebd_mission_costs,Mission Costs,1971,Pioneer 10 & 11,56.496,USD millions (nominal),,PEBD sheet 'Mission Costs' cell AU16,R73; PEBD pull 2026-09-27 (workbook updated 2025-11-13); attribution: The Planetary Society; conventions in 07 FINDINGS R73
planetary_society_pebd_mission_costs,Mission Costs,1971,Viking,41.1,USD millions (nominal),,PEBD sheet 'Mission Costs' cell AZ16,R73; PEBD pull 2026-09-27 (workbook updated 2025-11-13); attribution: The Planetary Society; conventions in 07 FINDINGS R73
planetary_society_pebd_mission_costs,Mission Costs,1972,Mariner 8 & 9,17,USD millions (nominal),,PEBD sheet 'Mission Costs' cell AB17,R73; PEBD pull 2026-09-27 (workbook updated 2025-11-13); attribution: The Planetary Society; conventions in 07 FINDINGS R73
planetary_society_pebd_mission_costs,Mission Costs,1972,Mariner 10,52.4,USD millions (nominal),,PEBD sheet 'Mission Costs' cell AC17,R73; PEBD pull 2026-09-27 (workbook updated 2025-11-13); attribution: The Planetary Society; conventions in 07 FINDINGS R73
planetary_society_pebd_mission_costs,Mission Costs,1972,Pioneer 10 & 11,18.964,USD millions (nominal),,PEBD sheet 'Mission Costs' cell AU17,R73; PEBD pull 2026-09-27 (workbook updated 2025-11-13); attribution: The Planetary Society; conventions in 07 FINDINGS R73
planetary_society_pebd_mission_costs,Mission Costs,1972,Viking,186.3,USD millions (nominal),,PEBD sheet 'Mission Costs' cell AZ17,R73; PEBD pull 2026-09-27 (workbook updated 2025-11-13); attribution: The Planetary Society; conventions in 07 FINDINGS R73
planetary_society_pebd_mission_costs,Mission Costs,1972,Voyager,9.165,USD millions (nominal),,PEBD sheet 'Mission Costs' cell BB17,R73; PEBD pull 2026-09-27 (workbook updated 2025-11-13); attribution: The Planetary Society; conventions in 07 FINDINGS R73
planetary_society_pebd_mission_costs,Mission Costs,1973,Mariner 8 & 9,7.176,USD millions (nominal),,PEBD sheet 'Mission Costs' cell AB18,R73; PEBD pull 2026-09-27 (workbook updated 2025-11-13); attribution: The Planetary Society; conventions in 07 FINDINGS R73
planetary_society_pebd_mission_costs,Mission Costs,1973,Mariner 10,37.307,USD millions (nominal),,PEBD sheet 'Mission Costs' cell AC18,R73; PEBD pull 2026-09-27 (workbook updated 2025-11-13); attribution: The Planetary Society; conventions in 07 FINDINGS R73
planetary_society_pebd_mission_costs,Mission Costs,1973,Pioneer 10 & 11,8.908,USD millions (nominal),,PEBD sheet 'Mission Costs' cell AU18,R73; PEBD pull 2026-09-27 (workbook updated 2025-11-13); attribution: The Planetary Society; conventions in 07 FINDINGS R73
planetary_society_pebd_mission_costs,Mission Costs,1973,Viking,265.249,USD millions (nominal),,PEBD sheet 'Mission Costs' cell AZ18,R73; PEBD pull 2026-09-27 (workbook updated 2025-11-13); attribution: The Planetary Society; conventions in 07 FINDINGS R73
planetary_society_pebd_mission_costs,Mission Costs,1973,Voyager,6.064,USD millions (nominal),,PEBD sheet 'Mission Costs' cell BB18,R73; PEBD pull 2026-09-27 (workbook updated 2025-11-13); attribution: The Planetary Society; conventions in 07 FINDINGS R73
planetary_society_pebd_mission_costs,Mission Costs,1974,Mariner 10,11.17,USD millions (nominal),,PEBD sheet 'Mission Costs' cell AC19,R73; PEBD pull 2026-09-27 (workbook updated 2025-11-13); attribution: The Planetary Society; conventions in 07 FINDINGS R73
planetary_society_pebd_mission_costs,Mission Costs,1974,Pioneer 10 & 11,5.28,USD millions (nominal),,PEBD sheet 'Mission Costs' cell AU19,R73; PEBD pull 2026-09-27 (workbook updated 2025-11-13); attribution: The Planetary Society; conventions in 07 FINDINGS R73
planetary_society_pebd_mission_costs,Mission Costs,1974,Viking,313.437,USD millions (nominal),,PEBD sheet 'Mission Costs' cell AZ19,R73; PEBD pull 2026-09-27 (workbook updated 2025-11-13); attribution: The Planetary Society; conventions in 07 FINDINGS R73
planetary_society_pebd_mission_costs,Mission Costs,1974,Voyager,46.59,USD millions (nominal),,PEBD sheet 'Mission Costs' cell BB19,R73; PEBD pull 2026-09-27 (workbook updated 2025-11-13); attribution: The Planetary Society; conventions in 07 FINDINGS R73
planetary_society_pebd_mission_costs,Mission Costs,1975,Mariner 10,5.324,USD millions (nominal),,PEBD sheet 'Mission Costs' cell AC20,R73; PEBD pull 2026-09-27 (workbook updated 2025-11-13); attribution: The Planetary Society; conventions in 07 FINDINGS R73
planetary_society_pebd_mission_costs,Mission Costs,1975,Pioneer 10 & 11,4.926,USD millions (nominal),,PEBD sheet 'Mission Costs' cell AU20,R73; PEBD pull 2026-09-27 (workbook updated 2025-11-13); attribution: The Planetary Society; conventions in 07 FINDINGS R73
planetary_society_pebd_mission_costs,Mission Costs,1975,Pioneer Venus,27.316,USD millions (nominal),,PEBD sheet 'Mission Costs' cell AV20,R73; PEBD pull 2026-09-27 (workbook updated 2025-11-13); attribution: The Planetary Society; conventions in 07 FINDINGS R73
planetary_society_pebd_mission_costs,Mission Costs,1975,Viking,95.216,USD millions (nominal),,PEBD sheet 'Mission Costs' cell AZ20,R73; PEBD pull 2026-09-27 (workbook updated 2025-11-13); attribution: The Planetary Society; conventions in 07 FINDINGS R73
planetary_society_pebd_mission_costs,Mission Costs,1975,Voyager,76.961,USD millions (nominal),,PEBD sheet 'Mission Costs' cell BB20,R73; PEBD pull 2026-09-27 (workbook updated 2025-11-13); attribution: The Planetary Society; conventions in 07 FINDINGS R73
planetary_society_pebd_mission_costs,Mission Costs,1976,Pioneer 10 & 11,3.6,USD millions (nominal),,PEBD sheet 'Mission Costs' cell AU21,R73; PEBD pull 2026-09-27 (workbook updated 2025-11-13); attribution: The Planetary Society; conventions in 07 FINDINGS R73
planetary_society_pebd_mission_costs,Mission Costs,1976,Pioneer Venus,63,USD millions (nominal),,PEBD sheet 'Mission Costs' cell AV21,R73; PEBD pull 2026-09-27 (workbook updated 2025-11-13); attribution: The Planetary Society; conventions in 07 FINDINGS R73
planetary_society_pebd_mission_costs,Mission Costs,1976,Viking,39.5,USD millions (nominal),,PEBD sheet 'Mission Costs' cell AZ21,R73; PEBD pull 2026-09-27 (workbook updated 2025-11-13); attribution: The Planetary Society; conventions in 07 FINDINGS R73
planetary_society_pebd_mission_costs,Mission Costs,1976,Voyager,112.6,USD millions (nominal),,PEBD sheet 'Mission Costs' cell BB21,R73; PEBD pull 2026-09-27 (workbook updated 2025-11-13); attribution: The Planetary Society; conventions in 07 FINDINGS R73
planetary_society_pebd_mission_costs,Mission Costs,1976 TQ,Pioneer 10 & 11,0.879,USD millions (nominal),,PEBD sheet 'Mission Costs' cell AU22,R73; PEBD pull 2026-09-27 (workbook updated 2025-11-13); attribution: The Planetary Society; conventions in 07 FINDINGS R73
planetary_society_pebd_mission_costs,Mission Costs,1976 TQ,Pioneer Venus,18,USD millions (nominal),,PEBD sheet 'Mission Costs' cell AV22,R73; PEBD pull 2026-09-27 (workbook updated 2025-11-13); attribution: The Planetary Society; conventions in 07 FINDINGS R73
planetary_society_pebd_mission_costs,Mission Costs,1976 TQ,Viking,11.6,USD millions (nominal),,PEBD sheet 'Mission Costs' cell AZ22,R73; PEBD pull 2026-09-27 (workbook updated 2025-11-13); attribution: The Planetary Society; conventions in 07 FINDINGS R73
planetary_society_pebd_mission_costs,Mission Costs,1976 TQ,Voyager,25.5,USD millions (nominal),,PEBD sheet 'Mission Costs' cell BB22,R73; PEBD pull 2026-09-27 (workbook updated 2025-11-13); attribution: The Planetary Society; conventions in 07 FINDINGS R73
planetary_society_pebd_mission_costs,Mission Costs,1977,Pioneer 10 & 11,2.3,USD millions (nominal),,PEBD sheet 'Mission Costs' cell AU23,R73; PEBD pull 2026-09-27 (workbook updated 2025-11-13); attribution: The Planetary Society; conventions in 07 FINDINGS R73
planetary_society_pebd_mission_costs,Mission Costs,1977,Pioneer Venus,65.35,USD millions (nominal),,PEBD sheet 'Mission Costs' cell AV23,R73; PEBD pull 2026-09-27 (workbook updated 2025-11-13); attribution: The Planetary Society; conventions in 07 FINDINGS R73
planetary_society_pebd_mission_costs,Mission Costs,1977,Viking,25.4,USD millions (nominal),,PEBD sheet 'Mission Costs' cell AZ23,R73; PEBD pull 2026-09-27 (workbook updated 2025-11-13); attribution: The Planetary Society; conventions in 07 FINDINGS R73
planetary_society_pebd_mission_costs,Mission Costs,1977,Voyager,59.767,USD millions (nominal),,PEBD sheet 'Mission Costs' cell BB23,R73; PEBD pull 2026-09-27 (workbook updated 2025-11-13); attribution: The Planetary Society; conventions in 07 FINDINGS R73
planetary_society_pebd_mission_costs,Mission Costs,1978,Galileo,20.95,USD millions (nominal),,PEBD sheet 'Mission Costs' cell L24,R73; PEBD pull 2026-09-27 (workbook updated 2025-11-13); attribution: The Planetary Society; conventions in 07 FINDINGS R73
planetary_society_pebd_mission_costs,Mission Costs,1978,Pioneer 10 & 11,1.806,USD millions (nominal),,PEBD sheet 'Mission Costs' cell AU24,R73; PEBD pull 2026-09-27 (workbook updated 2025-11-13); attribution: The Planetary Society; conventions in 07 FINDINGS R73
planetary_society_pebd_mission_costs,Mission Costs,1978,Pioneer Venus,23.205,USD millions (nominal),,PEBD sheet 'Mission Costs' cell AV24,R73; PEBD pull 2026-09-27 (workbook updated 2025-11-13); attribution: The Planetary Society; conventions in 07 FINDINGS R73
planetary_society_pebd_mission_costs,Mission Costs,1978,Viking,20,USD millions (nominal),,PEBD sheet 'Mission Costs' cell AZ24,R73; PEBD pull 2026-09-27 (workbook updated 2025-11-13); attribution: The Planetary Society; conventions in 07 FINDINGS R73
planetary_society_pebd_mission_costs,Mission Costs,1978,Voyager,16.025,USD millions (nominal),,PEBD sheet 'Mission Costs' cell BB24,R73; PEBD pull 2026-09-27 (workbook updated 2025-11-13); attribution: The Planetary Society; conventions in 07 FINDINGS R73
planetary_society_pebd_mission_costs,Mission Costs,1979,Galileo,78.7,USD millions (nominal),,PEBD sheet 'Mission Costs' cell L25,R73; PEBD pull 2026-09-27 (workbook updated 2025-11-13); attribution: The Planetary Society; conventions in 07 FINDINGS R73
planetary_society_pebd_mission_costs,Mission Costs,1979,Pioneer 10 & 11,2.825,USD millions (nominal),,PEBD sheet 'Mission Costs' cell AU25,R73; PEBD pull 2026-09-27 (workbook updated 2025-11-13); attribution: The Planetary Society; conventions in 07 FINDINGS R73
planetary_society_pebd_mission_costs,Mission Costs,1979,Pioneer Venus,9,USD millions (nominal),,PEBD sheet 'Mission Costs' cell AV25,R73; PEBD pull 2026-09-27 (workbook updated 2025-11-13); attribution: The Planetary Society; conventions in 07 FINDINGS R73
planetary_society_pebd_mission_costs,Mission Costs,1979,Viking,5,USD millions (nominal),,PEBD sheet 'Mission Costs' cell AZ25,R73; PEBD pull 2026-09-27 (workbook updated 2025-11-13); attribution: The Planetary Society; conventions in 07 FINDINGS R73
planetary_society_pebd_mission_costs,Mission Costs,1979,Voyager,16.742,USD millions (nominal),,PEBD sheet 'Mission Costs' cell BB25,R73; PEBD pull 2026-09-27 (workbook updated 2025-11-13); attribution: The Planetary Society; conventions in 07 FINDINGS R73
planetary_society_pebd_mission_costs,Mission Costs,1980,Galileo,116.1,USD millions (nominal),,PEBD sheet 'Mission Costs' cell L26,R73; PEBD pull 2026-09-27 (workbook updated 2025-11-13); attribution: The Planetary Society; conventions in 07 FINDINGS R73
planetary_society_pebd_mission_costs,Mission Costs,1980,Pioneer 10 & 11,2.8,USD millions (nominal),,PEBD sheet 'Mission Costs' cell AU26,R73; PEBD pull 2026-09-27 (workbook updated 2025-11-13); attribution: The Planetary Society; conventions in 07 FINDINGS R73
planetary_society_pebd_mission_costs,Mission Costs,1980,Pioneer Venus,8.251,USD millions (nominal),,PEBD sheet 'Mission Costs' cell AV26,R73; PEBD pull 2026-09-27 (workbook updated 2025-11-13); attribution: The Planetary Society; conventions in 07 FINDINGS R73
planetary_society_pebd_mission_costs,Mission Costs,1980,Viking,2.45,USD millions (nominal),,PEBD sheet 'Mission Costs' cell AZ26,R73; PEBD pull 2026-09-27 (workbook updated 2025-11-13); attribution: The Planetary Society; conventions in 07 FINDINGS R73
planetary_society_pebd_mission_costs,Mission Costs,1980,Voyager,19,USD millions (nominal),,PEBD sheet 'Mission Costs' cell BB26,R73; PEBD pull 2026-09-27 (workbook updated 2025-11-13); attribution: The Planetary Society; conventions in 07 FINDINGS R73
planetary_society_pebd_mission_costs,Mission Costs,1981,Galileo,63.1,USD millions (nominal),,PEBD sheet 'Mission Costs' cell L27,R73; PEBD pull 2026-09-27 (workbook updated 2025-11-13); attribution: The Planetary Society; conventions in 07 FINDINGS R73
planetary_society_pebd_mission_costs,Mission Costs,1981,Pioneer 10 & 11,2,USD millions (nominal),,PEBD sheet 'Mission Costs' cell AU27,R73; PEBD pull 2026-09-27 (workbook updated 2025-11-13); attribution: The Planetary Society; conventions in 07 FINDINGS R73
planetary_society_pebd_mission_costs,Mission Costs,1981,Pioneer Venus,4.7,USD millions (nominal),TRUE,PEBD sheet 'Mission Costs' cell AV27,R73; PEBD pull 2026-09-27 (workbook updated 2025-11-13); attribution: The Planetary Society; conventions in 07 FINDINGS R73
planetary_society_pebd_mission_costs,Mission Costs,1981,Voyager,28.966,USD millions (nominal),,PEBD sheet 'Mission Costs' cell BB27,R73; PEBD pull 2026-09-27 (workbook updated 2025-11-13); attribution: The Planetary Society; conventions in 07 FINDINGS R73
planetary_society_pebd_mission_costs,Mission Costs,1982,Galileo,115.7,USD millions (nominal),,PEBD sheet 'Mission Costs' cell L28,R73; PEBD pull 2026-09-27 (workbook updated 2025-11-13); attribution: The Planetary Society; conventions in 07 FINDINGS R73
planetary_society_pebd_mission_costs,Mission Costs,1982,Pioneer 10 & 11,1.9,USD millions (nominal),,PEBD sheet 'Mission Costs' cell AU28,R73; PEBD pull 2026-09-27 (workbook updated 2025-11-13); attribution: The Planetary Society; conventions in 07 FINDINGS R73
planetary_society_pebd_mission_costs,Mission Costs,1982,Pioneer Venus,5.066666667,USD millions (nominal),TRUE,PEBD sheet 'Mission Costs' cell AV28,R73; PEBD pull 2026-09-27 (workbook updated 2025-11-13); attribution: The Planetary Society; conventions in 07 FINDINGS R73
planetary_society_pebd_mission_costs,Mission Costs,1982,Voyager,17.2,USD millions (nominal),,PEBD sheet 'Mission Costs' cell BB28,R73; PEBD pull 2026-09-27 (workbook updated 2025-11-13); attribution: The Planetary Society; conventions in 07 FINDINGS R73
planetary_society_pebd_mission_costs,Mission Costs,1983,Galileo,91.6,USD millions (nominal),,PEBD sheet 'Mission Costs' cell L29,R73; PEBD pull 2026-09-27 (workbook updated 2025-11-13); attribution: The Planetary Society; conventions in 07 FINDINGS R73
planetary_society_pebd_mission_costs,Mission Costs,1983,Pioneer Venus,5.066666667,USD millions (nominal),TRUE,PEBD sheet 'Mission Costs' cell AV29,R73; PEBD pull 2026-09-27 (workbook updated 2025-11-13); attribution: The Planetary Society; conventions in 07 FINDINGS R73
planetary_society_pebd_mission_costs,Mission Costs,1983,Voyager,17.4,USD millions (nominal),,PEBD sheet 'Mission Costs' cell BB29,R73; PEBD pull 2026-09-27 (workbook updated 2025-11-13); attribution: The Planetary Society; conventions in 07 FINDINGS R73
planetary_society_pebd_mission_costs,Mission Costs,1984,Galileo,79.5,USD millions (nominal),,PEBD sheet 'Mission Costs' cell L30,R73; PEBD pull 2026-09-27 (workbook updated 2025-11-13); attribution: The Planetary Society; conventions in 07 FINDINGS R73
planetary_society_pebd_mission_costs,Mission Costs,1984,Magellan,29,USD millions (nominal),,PEBD sheet 'Mission Costs' cell W30,R73; PEBD pull 2026-09-27 (workbook updated 2025-11-13); attribution: The Planetary Society; conventions in 07 FINDINGS R73
planetary_society_pebd_mission_costs,Mission Costs,1984,Pioneer Venus,5.066666667,USD millions (nominal),TRUE,PEBD sheet 'Mission Costs' cell AV30,R73; PEBD pull 2026-09-27 (workbook updated 2025-11-13); attribution: The Planetary Society; conventions in 07 FINDINGS R73
planetary_society_pebd_mission_costs,Mission Costs,1984,Voyager,19.1,USD millions (nominal),,PEBD sheet 'Mission Costs' cell BB30,R73; PEBD pull 2026-09-27 (workbook updated 2025-11-13); attribution: The Planetary Society; conventions in 07 FINDINGS R73
planetary_society_pebd_mission_costs,Mission Costs,1985,Galileo,58.8,USD millions (nominal),,PEBD sheet 'Mission Costs' cell L31,R73; PEBD pull 2026-09-27 (workbook updated 2025-11-13); attribution: The Planetary Society; conventions in 07 FINDINGS R73
planetary_society_pebd_mission_costs,Mission Costs,1985,Magellan,92.5,USD millions (nominal),,PEBD sheet 'Mission Costs' cell W31,R73; PEBD pull 2026-09-27 (workbook updated 2025-11-13); attribution: The Planetary Society; conventions in 07 FINDINGS R73
planetary_society_pebd_mission_costs,Mission Costs,1985,Mars Observer,13,USD millions (nominal),,PEBD sheet 'Mission Costs' cell AD31,R73; PEBD pull 2026-09-27 (workbook updated 2025-11-13); attribution: The Planetary Society; conventions in 07 FINDINGS R73
planetary_society_pebd_mission_costs,Mission Costs,1985,Pioneer Venus,5.066666667,USD millions (nominal),TRUE,PEBD sheet 'Mission Costs' cell AV31,R73; PEBD pull 2026-09-27 (workbook updated 2025-11-13); attribution: The Planetary Society; conventions in 07 FINDINGS R73
planetary_society_pebd_mission_costs,Mission Costs,1985,Voyager,26.036,USD millions (nominal),,PEBD sheet 'Mission Costs' cell BB31,R73; PEBD pull 2026-09-27 (workbook updated 2025-11-13); attribution: The Planetary Society; conventions in 07 FINDINGS R73
planetary_society_pebd_mission_costs,Mission Costs,1986,Galileo,64.2,USD millions (nominal),,PEBD sheet 'Mission Costs' cell L32,R73; PEBD pull 2026-09-27 (workbook updated 2025-11-13); attribution: The Planetary Society; conventions in 07 FINDINGS R73
planetary_society_pebd_mission_costs,Mission Costs,1986,Magellan,120.3,USD millions (nominal),,PEBD sheet 'Mission Costs' cell W32,R73; PEBD pull 2026-09-27 (workbook updated 2025-11-13); attribution: The Planetary Society; conventions in 07 FINDINGS R73
planetary_society_pebd_mission_costs,Mission Costs,1986,Mars Observer,33.8,USD millions (nominal),,PEBD sheet 'Mission Costs' cell AD32,R73; PEBD pull 2026-09-27 (workbook updated 2025-11-13); attribution: The Planetary Society; conventions in 07 FINDINGS R73
planetary_society_pebd_mission_costs,Mission Costs,1986,Pioneer Venus,5.066666667,USD millions (nominal),TRUE,PEBD sheet 'Mission Costs' cell AV32,R73; PEBD pull 2026-09-27 (workbook updated 2025-11-13); attribution: The Planetary Society; conventions in 07 FINDINGS R73
planetary_society_pebd_mission_costs,Mission Costs,1986,Voyager,30.8,USD millions (nominal),,PEBD sheet 'Mission Costs' cell BB32,R73; PEBD pull 2026-09-27 (workbook updated 2025-11-13); attribution: The Planetary Society; conventions in 07 FINDINGS R73
planetary_society_pebd_mission_costs,Mission Costs,1987,Galileo,71.2,USD millions (nominal),,PEBD sheet 'Mission Costs' cell L33,R73; PEBD pull 2026-09-27 (workbook updated 2025-11-13); attribution: The Planetary Society; conventions in 07 FINDINGS R73
planetary_society_pebd_mission_costs,Mission Costs,1987,Magellan,105.3,USD millions (nominal),,PEBD sheet 'Mission Costs' cell W33,R73; PEBD pull 2026-09-27 (workbook updated 2025-11-13); attribution: The Planetary Society; conventions in 07 FINDINGS R73
planetary_society_pebd_mission_costs,Mission Costs,1987,Mars Observer,35.8,USD millions (nominal),,PEBD sheet 'Mission Costs' cell AD33,R73; PEBD pull 2026-09-27 (workbook updated 2025-11-13); attribution: The Planetary Society; conventions in 07 FINDINGS R73
planetary_society_pebd_mission_costs,Mission Costs,1987,Pioneer 10 & 11,3.7,USD millions (nominal),,PEBD sheet 'Mission Costs' cell AU33,R73; PEBD pull 2026-09-27 (workbook updated 2025-11-13); attribution: The Planetary Society; conventions in 07 FINDINGS R73
planetary_society_pebd_mission_costs,Mission Costs,1987,Pioneer Venus,5.2,USD millions (nominal),,PEBD sheet 'Mission Costs' cell AV33,R73; PEBD pull 2026-09-27 (workbook updated 2025-11-13); attribution: The Planetary Society; conventions in 07 FINDINGS R73
planetary_society_pebd_mission_costs,Mission Costs,1987,Voyager,28.905,USD millions (nominal),,PEBD sheet 'Mission Costs' cell BB33,R73; PEBD pull 2026-09-27 (workbook updated 2025-11-13); attribution: The Planetary Society; conventions in 07 FINDINGS R73
planetary_society_pebd_mission_costs,Mission Costs,1988,Galileo,51.9,USD millions (nominal),,PEBD sheet 'Mission Costs' cell L34,R73; PEBD pull 2026-09-27 (workbook updated 2025-11-13); attribution: The Planetary Society; conventions in 07 FINDINGS R73
planetary_society_pebd_mission_costs,Mission Costs,1988,Magellan,73,USD millions (nominal),,PEBD sheet 'Mission Costs' cell W34,R73; PEBD pull 2026-09-27 (workbook updated 2025-11-13); attribution: The Planetary Society; conventions in 07 FINDINGS R73
planetary_society_pebd_mission_costs,Mission Costs,1988,Mars Observer,53.9,USD millions (nominal),,PEBD sheet 'Mission Costs' cell AD34,R73; PEBD pull 2026-09-27 (workbook updated 2025-11-13); attribution: The Planetary Society; conventions in 07 FINDINGS R73
planetary_society_pebd_mission_costs,Mission Costs,1988,Pioneer 10 & 11,3.5,USD millions (nominal),TRUE,PEBD sheet 'Mission Costs' cell AU34,R73; PEBD pull 2026-09-27 (workbook updated 2025-11-13); attribution: The Planetary Society; conventions in 07 FINDINGS R73
planetary_society_pebd_mission_costs,Mission Costs,1988,Pioneer Venus,4.4,USD millions (nominal),TRUE,PEBD sheet 'Mission Costs' cell AV34,R73; PEBD pull 2026-09-27 (workbook updated 2025-11-13); attribution: The Planetary Society; conventions in 07 FINDINGS R73
planetary_society_pebd_mission_costs,Mission Costs,1988,Voyager,24.62,USD millions (nominal),,PEBD sheet 'Mission Costs' cell BB34,R73; PEBD pull 2026-09-27 (workbook updated 2025-11-13); attribution: The Planetary Society; conventions in 07 FINDINGS R73
planetary_society_pebd_mission_costs,Mission Costs,1989,Galileo,73.4,USD millions (nominal),,PEBD sheet 'Mission Costs' cell L35,R73; PEBD pull 2026-09-27 (workbook updated 2025-11-13); attribution: The Planetary Society; conventions in 07 FINDINGS R73
planetary_society_pebd_mission_costs,Mission Costs,1989,Magellan,60.2,USD millions (nominal),,PEBD sheet 'Mission Costs' cell W35,R73; PEBD pull 2026-09-27 (workbook updated 2025-11-13); attribution: The Planetary Society; conventions in 07 FINDINGS R73
planetary_society_pebd_mission_costs,Mission Costs,1989,Mars Observer,120,USD millions (nominal),,PEBD sheet 'Mission Costs' cell AD35,R73; PEBD pull 2026-09-27 (workbook updated 2025-11-13); attribution: The Planetary Society; conventions in 07 FINDINGS R73
planetary_society_pebd_mission_costs,Mission Costs,1989,Pioneer 10 & 11,3.7,USD millions (nominal),TRUE,PEBD sheet 'Mission Costs' cell AU35,R73; PEBD pull 2026-09-27 (workbook updated 2025-11-13); attribution: The Planetary Society; conventions in 07 FINDINGS R73
planetary_society_pebd_mission_costs,Mission Costs,1989,Pioneer Venus,5.6,USD millions (nominal),TRUE,PEBD sheet 'Mission Costs' cell AV35,R73; PEBD pull 2026-09-27 (workbook updated 2025-11-13); attribution: The Planetary Society; conventions in 07 FINDINGS R73
planetary_society_pebd_mission_costs,Mission Costs,1989,Voyager,42.4,USD millions (nominal),,PEBD sheet 'Mission Costs' cell BB35,R73; PEBD pull 2026-09-27 (workbook updated 2025-11-13); attribution: The Planetary Society; conventions in 07 FINDINGS R73
planetary_society_pebd_mission_costs,Mission Costs,1990,Cassini,29.5,USD millions (nominal),,PEBD sheet 'Mission Costs' cell C36,R73; PEBD pull 2026-09-27 (workbook updated 2025-11-13); attribution: The Planetary Society; conventions in 07 FINDINGS R73
planetary_society_pebd_mission_costs,Mission Costs,1990,Galileo,37.315,USD millions (nominal),,PEBD sheet 'Mission Costs' cell L36,R73; PEBD pull 2026-09-27 (workbook updated 2025-11-13); attribution: The Planetary Society; conventions in 07 FINDINGS R73
planetary_society_pebd_mission_costs,Mission Costs,1990,Magellan,41.207,USD millions (nominal),,PEBD sheet 'Mission Costs' cell W36,R73; PEBD pull 2026-09-27 (workbook updated 2025-11-13); attribution: The Planetary Society; conventions in 07 FINDINGS R73
planetary_society_pebd_mission_costs,Mission Costs,1990,Mars Observer,166.122,USD millions (nominal),,PEBD sheet 'Mission Costs' cell AD36,R73; PEBD pull 2026-09-27 (workbook updated 2025-11-13); attribution: The Planetary Society; conventions in 07 FINDINGS R73
planetary_society_pebd_mission_costs,Mission Costs,1990,Pioneer 10 & 11,3.9,USD millions (nominal),TRUE,PEBD sheet 'Mission Costs' cell AU36,R73; PEBD pull 2026-09-27 (workbook updated 2025-11-13); attribution: The Planetary Society; conventions in 07 FINDINGS R73
planetary_society_pebd_mission_costs,Mission Costs,1990,Pioneer Venus,5.9,USD millions (nominal),TRUE,PEBD sheet 'Mission Costs' cell AV36,R73; PEBD pull 2026-09-27 (workbook updated 2025-11-13); attribution: The Planetary Society; conventions in 07 FINDINGS R73
planetary_society_pebd_mission_costs,Mission Costs,1990,Voyager,25.492,USD millions (nominal),,PEBD sheet 'Mission Costs' cell BB36,R73; PEBD pull 2026-09-27 (workbook updated 2025-11-13); attribution: The Planetary Society; conventions in 07 FINDINGS R73
planetary_society_pebd_mission_costs,Mission Costs,1991,Cassini,145.4,USD millions (nominal),,PEBD sheet 'Mission Costs' cell C37,R73; PEBD pull 2026-09-27 (workbook updated 2025-11-13); attribution: The Planetary Society; conventions in 07 FINDINGS R73
planetary_society_pebd_mission_costs,Mission Costs,1991,Galileo,48.074,USD millions (nominal),,PEBD sheet 'Mission Costs' cell L37,R73; PEBD pull 2026-09-27 (workbook updated 2025-11-13); attribution: The Planetary Society; conventions in 07 FINDINGS R73
planetary_society_pebd_mission_costs,Mission Costs,1991,Magellan,43.3,USD millions (nominal),,PEBD sheet 'Mission Costs' cell W37,R73; PEBD pull 2026-09-27 (workbook updated 2025-11-13); attribution: The Planetary Society; conventions in 07 FINDINGS R73
planetary_society_pebd_mission_costs,Mission Costs,1991,Mars Observer,199.428,USD millions (nominal),,PEBD sheet 'Mission Costs' cell AD37,R73; PEBD pull 2026-09-27 (workbook updated 2025-11-13); attribution: The Planetary Society; conventions in 07 FINDINGS R73
planetary_society_pebd_mission_costs,Mission Costs,1991,Pioneer 10 & 11,4.1,USD millions (nominal),TRUE,PEBD sheet 'Mission Costs' cell AU37,R73; PEBD pull 2026-09-27 (workbook updated 2025-11-13); attribution: The Planetary Society; conventions in 07 FINDINGS R73
planetary_society_pebd_mission_costs,Mission Costs,1991,Pioneer Venus,6.2,USD millions (nominal),TRUE,PEBD sheet 'Mission Costs' cell AV37,R73; PEBD pull 2026-09-27 (workbook updated 2025-11-13); attribution: The Planetary Society; conventions in 07 FINDINGS R73
planetary_society_pebd_mission_costs,Mission Costs,1991,Voyager,17.577,USD millions (nominal),,PEBD sheet 'Mission Costs' cell BB37,R73; PEBD pull 2026-09-27 (workbook updated 2025-11-13); attribution: The Planetary Society; conventions in 07 FINDINGS R73
planetary_society_pebd_mission_costs,Mission Costs,1992,Cassini,236.1666667,USD millions (nominal),,PEBD sheet 'Mission Costs' cell C38,R73; PEBD pull 2026-09-27 (workbook updated 2025-11-13); attribution: The Planetary Society; conventions in 07 FINDINGS R73
planetary_society_pebd_mission_costs,Mission Costs,1992,Galileo,57.7,USD millions (nominal),,PEBD sheet 'Mission Costs' cell L38,R73; PEBD pull 2026-09-27 (workbook updated 2025-11-13); attribution: The Planetary Society; conventions in 07 FINDINGS R73
planetary_society_pebd_mission_costs,Mission Costs,1992,Magellan,45.1,USD millions (nominal),,PEBD sheet 'Mission Costs' cell W38,R73; PEBD pull 2026-09-27 (workbook updated 2025-11-13); attribution: The Planetary Society; conventions in 07 FINDINGS R73
planetary_society_pebd_mission_costs,Mission Costs,1992,Mars Observer,124.4,USD millions (nominal),,PEBD sheet 'Mission Costs' cell AD38,R73; PEBD pull 2026-09-27 (workbook updated 2025-11-13); attribution: The Planetary Society; conventions in 07 FINDINGS R73
planetary_society_pebd_mission_costs,Mission Costs,1992,Pioneer Venus,6.5,USD millions (nominal),TRUE,PEBD sheet 'Mission Costs' cell AV38,R73; PEBD pull 2026-09-27 (workbook updated 2025-11-13); attribution: The Planetary Society; conventions in 07 FINDINGS R73
planetary_society_pebd_mission_costs,Mission Costs,1992,Voyager,4.3,USD millions (nominal),,PEBD sheet 'Mission Costs' cell BB38,R73; PEBD pull 2026-09-27 (workbook updated 2025-11-13); attribution: The Planetary Society; conventions in 07 FINDINGS R73
planetary_society_pebd_mission_costs,Mission Costs,1993,Cassini,226.5196667,USD millions (nominal),,PEBD sheet 'Mission Costs' cell C39,R73; PEBD pull 2026-09-27 (workbook updated 2025-11-13); attribution: The Planetary Society; conventions in 07 FINDINGS R73
planetary_society_pebd_mission_costs,Mission Costs,1993,Galileo,59.429,USD millions (nominal),,PEBD sheet 'Mission Costs' cell L39,R73; PEBD pull 2026-09-27 (workbook updated 2025-11-13); attribution: The Planetary Society; conventions in 07 FINDINGS R73
planetary_society_pebd_mission_costs,Mission Costs,1993,Magellan,7,USD millions (nominal),,PEBD sheet 'Mission Costs' cell W39,R73; PEBD pull 2026-09-27 (workbook updated 2025-11-13); attribution: The Planetary Society; conventions in 07 FINDINGS R73
planetary_society_pebd_mission_costs,Mission Costs,1993,Mars Observer,21.2,USD millions (nominal),,PEBD sheet 'Mission Costs' cell AD39,R73; PEBD pull 2026-09-27 (workbook updated 2025-11-13); attribution: The Planetary Society; conventions in 07 FINDINGS R73
planetary_society_pebd_mission_costs,Mission Costs,1993,Mars Pathfinder,3.1,USD millions (nominal),,PEBD sheet 'Mission Costs' cell AF39,R73; PEBD pull 2026-09-27 (workbook updated 2025-11-13); attribution: The Planetary Society; conventions in 07 FINDINGS R73
planetary_society_pebd_mission_costs,Mission Costs,1993,Pioneer 10 & 11,8.8,USD millions (nominal),,PEBD sheet 'Mission Costs' cell AU39,R73; PEBD pull 2026-09-27 (workbook updated 2025-11-13); attribution: The Planetary Society; conventions in 07 FINDINGS R73
planetary_society_pebd_mission_costs,Mission Costs,1993,Voyager,5.01,USD millions (nominal),,PEBD sheet 'Mission Costs' cell BB39,R73; PEBD pull 2026-09-27 (workbook updated 2025-11-13); attribution: The Planetary Society; conventions in 07 FINDINGS R73
planetary_society_pebd_mission_costs,Mission Costs,1994,Cassini,358.9666667,USD millions (nominal),,PEBD sheet 'Mission Costs' cell C40,R73; PEBD pull 2026-09-27 (workbook updated 2025-11-13); attribution: The Planetary Society; conventions in 07 FINDINGS R73
planetary_society_pebd_mission_costs,Mission Costs,1994,Galileo,59.4,USD millions (nominal),,PEBD sheet 'Mission Costs' cell L40,R73; PEBD pull 2026-09-27 (workbook updated 2025-11-13); attribution: The Planetary Society; conventions in 07 FINDINGS R73
planetary_society_pebd_mission_costs,Mission Costs,1994,Magellan,11.8,USD millions (nominal),,PEBD sheet 'Mission Costs' cell W40,R73; PEBD pull 2026-09-27 (workbook updated 2025-11-13); attribution: The Planetary Society; conventions in 07 FINDINGS R73
planetary_society_pebd_mission_costs,Mission Costs,1994,Mars Pathfinder,76.3,USD millions (nominal),,PEBD sheet 'Mission Costs' cell AF40,R73; PEBD pull 2026-09-27 (workbook updated 2025-11-13); attribution: The Planetary Society; conventions in 07 FINDINGS R73
planetary_society_pebd_mission_costs,Mission Costs,1994,MGS,14.8,USD millions (nominal),,PEBD sheet 'Mission Costs' cell AK40,R73; PEBD pull 2026-09-27 (workbook updated 2025-11-13); attribution: The Planetary Society; conventions in 07 FINDINGS R73
planetary_society_pebd_mission_costs,Mission Costs,1994,NEAR,91.2,USD millions (nominal),,PEBD sheet 'Mission Costs' cell AP40,R73; PEBD pull 2026-09-27 (workbook updated 2025-11-13); attribution: The Planetary Society; conventions in 07 FINDINGS R73
planetary_society_pebd_mission_costs,Mission Costs,1994,Pioneer 10 & 11,4.5,USD millions (nominal),,PEBD sheet 'Mission Costs' cell AU40,R73; PEBD pull 2026-09-27 (workbook updated 2025-11-13); attribution: The Planetary Society; conventions in 07 FINDINGS R73
planetary_society_pebd_mission_costs,Mission Costs,1994,Voyager,17,USD millions (nominal),,PEBD sheet 'Mission Costs' cell BB40,R73; PEBD pull 2026-09-27 (workbook updated 2025-11-13); attribution: The Planetary Society; conventions in 07 FINDINGS R73
planetary_society_pebd_mission_costs,Mission Costs,1995,Cassini,346.8,USD millions (nominal),,PEBD sheet 'Mission Costs' cell C41,R73; PEBD pull 2026-09-27 (workbook updated 2025-11-13); attribution: The Planetary Society; conventions in 07 FINDINGS R73
planetary_society_pebd_mission_costs,Mission Costs,1995,Galileo,70.7,USD millions (nominal),,PEBD sheet 'Mission Costs' cell L41,R73; PEBD pull 2026-09-27 (workbook updated 2025-11-13); attribution: The Planetary Society; conventions in 07 FINDINGS R73
planetary_society_pebd_mission_costs,Mission Costs,1995,Mars Pathfinder,109.4,USD millions (nominal),,PEBD sheet 'Mission Costs' cell AF41,R73; PEBD pull 2026-09-27 (workbook updated 2025-11-13); attribution: The Planetary Society; conventions in 07 FINDINGS R73
planetary_society_pebd_mission_costs,Mission Costs,1995,MGS,80,USD millions (nominal),,PEBD sheet 'Mission Costs' cell AK41,R73; PEBD pull 2026-09-27 (workbook updated 2025-11-13); attribution: The Planetary Society; conventions in 07 FINDINGS R73
planetary_society_pebd_mission_costs,Mission Costs,1995,NEAR,66,USD millions (nominal),,PEBD sheet 'Mission Costs' cell AP41,R73; PEBD pull 2026-09-27 (workbook updated 2025-11-13); attribution: The Planetary Society; conventions in 07 FINDINGS R73
planetary_society_pebd_mission_costs,Mission Costs,1995,Pioneer 10 & 11,2.5,USD millions (nominal),TRUE,PEBD sheet 'Mission Costs' cell AU41,R73; PEBD pull 2026-09-27 (workbook updated 2025-11-13); attribution: The Planetary Society; conventions in 07 FINDINGS R73
planetary_society_pebd_mission_costs,Mission Costs,1995,Voyager,4.3,USD millions (nominal),TRUE,PEBD sheet 'Mission Costs' cell BB41,R73; PEBD pull 2026-09-27 (workbook updated 2025-11-13); attribution: The Planetary Society; conventions in 07 FINDINGS R73
planetary_society_pebd_mission_costs,Mission Costs,1996,Cassini,287.6,USD millions (nominal),,PEBD sheet 'Mission Costs' cell C42,R73; PEBD pull 2026-09-27 (workbook updated 2025-11-13); attribution: The Planetary Society; conventions in 07 FINDINGS R73
planetary_society_pebd_mission_costs,Mission Costs,1996,Deep Space 1,41.2,USD millions (nominal),,PEBD sheet 'Mission Costs' cell I42,R73; PEBD pull 2026-09-27 (workbook updated 2025-11-13); attribution: The Planetary Society; conventions in 07 FINDINGS R73
planetary_society_pebd_mission_costs,Mission Costs,1996,Galileo,71.5,USD millions (nominal),,PEBD sheet 'Mission Costs' cell L42,R73; PEBD pull 2026-09-27 (workbook updated 2025-11-13); attribution: The Planetary Society; conventions in 07 FINDINGS R73
planetary_society_pebd_mission_costs,Mission Costs,1996,Lunar Prospector,36.4,USD millions (nominal),,PEBD sheet 'Mission Costs' cell T42,R73; PEBD pull 2026-09-27 (workbook updated 2025-11-13); attribution: The Planetary Society; conventions in 07 FINDINGS R73
planetary_society_pebd_mission_costs,Mission Costs,1996,Mars Pathfinder,57.1,USD millions (nominal),,PEBD sheet 'Mission Costs' cell AF42,R73; PEBD pull 2026-09-27 (workbook updated 2025-11-13); attribution: The Planetary Society; conventions in 07 FINDINGS R73
planetary_society_pebd_mission_costs,Mission Costs,1996,MGS,82.9,USD millions (nominal),,PEBD sheet 'Mission Costs' cell AK42,R73; PEBD pull 2026-09-27 (workbook updated 2025-11-13); attribution: The Planetary Society; conventions in 07 FINDINGS R73
planetary_society_pebd_mission_costs,Mission Costs,1996,MPL/MCO,59.8,USD millions (nominal),,PEBD sheet 'Mission Costs' cell AM42,R73; PEBD pull 2026-09-27 (workbook updated 2025-11-13); attribution: The Planetary Society; conventions in 07 FINDINGS R73
planetary_society_pebd_mission_costs,Mission Costs,1996,NEAR,16.4,USD millions (nominal),,PEBD sheet 'Mission Costs' cell AP42,R73; PEBD pull 2026-09-27 (workbook updated 2025-11-13); attribution: The Planetary Society; conventions in 07 FINDINGS R73
planetary_society_pebd_mission_costs,Mission Costs,1996,Pioneer 10 & 11,2.5,USD millions (nominal),TRUE,PEBD sheet 'Mission Costs' cell AU42,R73; PEBD pull 2026-09-27 (workbook updated 2025-11-13); attribution: The Planetary Society; conventions in 07 FINDINGS R73
planetary_society_pebd_mission_costs,Mission Costs,1996,Stardust,27.7,USD millions (nominal),,PEBD sheet 'Mission Costs' cell AX42,R73; PEBD pull 2026-09-27 (workbook updated 2025-11-13); attribution: The Planetary Society; conventions in 07 FINDINGS R73
planetary_society_pebd_mission_costs,Mission Costs,1996,Voyager,8,USD millions (nominal),TRUE,PEBD sheet 'Mission Costs' cell BB42,R73; PEBD pull 2026-09-27 (workbook updated 2025-11-13); attribution: The Planetary Society; conventions in 07 FINDINGS R73
planetary_society_pebd_mission_costs,Mission Costs,1997,Cassini,187.6,USD millions (nominal),,PEBD sheet 'Mission Costs' cell C43,R73; PEBD pull 2026-09-27 (workbook updated 2025-11-13); attribution: The Planetary Society; conventions in 07 FINDINGS R73
planetary_society_pebd_mission_costs,Mission Costs,1997,Deep Space 1,40.1,USD millions (nominal),,PEBD sheet 'Mission Costs' cell I43,R73; PEBD pull 2026-09-27 (workbook updated 2025-11-13); attribution: The Planetary Society; conventions in 07 FINDINGS R73
planetary_society_pebd_mission_costs,Mission Costs,1997,Galileo,64.4,USD millions (nominal),,PEBD sheet 'Mission Costs' cell L43,R73; PEBD pull 2026-09-27 (workbook updated 2025-11-13); attribution: The Planetary Society; conventions in 07 FINDINGS R73
planetary_society_pebd_mission_costs,Mission Costs,1997,Genesis,0.8,USD millions (nominal),,PEBD sheet 'Mission Costs' cell M43,R73; PEBD pull 2026-09-27 (workbook updated 2025-11-13); attribution: The Planetary Society; conventions in 07 FINDINGS R73
planetary_society_pebd_mission_costs,Mission Costs,1997,Lunar Prospector,20.6,USD millions (nominal),,PEBD sheet 'Mission Costs' cell T43,R73; PEBD pull 2026-09-27 (workbook updated 2025-11-13); attribution: The Planetary Society; conventions in 07 FINDINGS R73
planetary_society_pebd_mission_costs,Mission Costs,1997,Mars Pathfinder,11.8,USD millions (nominal),,PEBD sheet 'Mission Costs' cell AF43,R73; PEBD pull 2026-09-27 (workbook updated 2025-11-13); attribution: The Planetary Society; conventions in 07 FINDINGS R73
planetary_society_pebd_mission_costs,Mission Costs,1997,MGS,21.4,USD millions (nominal),,PEBD sheet 'Mission Costs' cell AK43,R73; PEBD pull 2026-09-27 (workbook updated 2025-11-13); attribution: The Planetary Society; conventions in 07 FINDINGS R73
planetary_society_pebd_mission_costs,Mission Costs,1997,MPL/MCO,118.2,USD millions (nominal),,PEBD sheet 'Mission Costs' cell AM43,R73; PEBD pull 2026-09-27 (workbook updated 2025-11-13); attribution: The Planetary Society; conventions in 07 FINDINGS R73
planetary_society_pebd_mission_costs,Mission Costs,1997,NEAR,3.3,USD millions (nominal),,PEBD sheet 'Mission Costs' cell AP43,R73; PEBD pull 2026-09-27 (workbook updated 2025-11-13); attribution: The Planetary Society; conventions in 07 FINDINGS R73
planetary_society_pebd_mission_costs,Mission Costs,1997,Pioneer 10 & 11,2.5,USD millions (nominal),TRUE,PEBD sheet 'Mission Costs' cell AU43,R73; PEBD pull 2026-09-27 (workbook updated 2025-11-13); attribution: The Planetary Society; conventions in 07 FINDINGS R73
planetary_society_pebd_mission_costs,Mission Costs,1997,Stardust,63.7,USD millions (nominal),,PEBD sheet 'Mission Costs' cell AX43,R73; PEBD pull 2026-09-27 (workbook updated 2025-11-13); attribution: The Planetary Society; conventions in 07 FINDINGS R73
planetary_society_pebd_mission_costs,Mission Costs,1997,Voyager,8,USD millions (nominal),TRUE,PEBD sheet 'Mission Costs' cell BB43,R73; PEBD pull 2026-09-27 (workbook updated 2025-11-13); attribution: The Planetary Society; conventions in 07 FINDINGS R73
planetary_society_pebd_mission_costs,Mission Costs,1998,Cassini,60.4,USD millions (nominal),,PEBD sheet 'Mission Costs' cell C44,R73; PEBD pull 2026-09-27 (workbook updated 2025-11-13); attribution: The Planetary Society; conventions in 07 FINDINGS R73
planetary_society_pebd_mission_costs,Mission Costs,1998,CONTOUR,0.4,USD millions (nominal),,PEBD sheet 'Mission Costs' cell D44,R73; PEBD pull 2026-09-27 (workbook updated 2025-11-13); attribution: The Planetary Society; conventions in 07 FINDINGS R73
planetary_society_pebd_mission_costs,Mission Costs,1998,Deep Space 1,63.9,USD millions (nominal),,PEBD sheet 'Mission Costs' cell I44,R73; PEBD pull 2026-09-27 (workbook updated 2025-11-13); attribution: The Planetary Society; conventions in 07 FINDINGS R73
planetary_society_pebd_mission_costs,Mission Costs,1998,Galileo,29.8,USD millions (nominal),,PEBD sheet 'Mission Costs' cell L44,R73; PEBD pull 2026-09-27 (workbook updated 2025-11-13); attribution: The Planetary Society; conventions in 07 FINDINGS R73
planetary_society_pebd_mission_costs,Mission Costs,1998,Genesis,43.7,USD millions (nominal),,PEBD sheet 'Mission Costs' cell M44,R73; PEBD pull 2026-09-27 (workbook updated 2025-11-13); attribution: The Planetary Society; conventions in 07 FINDINGS R73
planetary_society_pebd_mission_costs,Mission Costs,1998,Lunar Prospector,4.7,USD millions (nominal),,PEBD sheet 'Mission Costs' cell T44,R73; PEBD pull 2026-09-27 (workbook updated 2025-11-13); attribution: The Planetary Society; conventions in 07 FINDINGS R73
planetary_society_pebd_mission_costs,Mission Costs,1998,Mars Odyssey*,64.9,USD millions (nominal),,PEBD sheet 'Mission Costs' cell AE44,R73; PEBD pull 2026-09-27 (workbook updated 2025-11-13); attribution: The Planetary Society; conventions in 07 FINDINGS R73
planetary_society_pebd_mission_costs,Mission Costs,1998,Mars Pathfinder,4.6,USD millions (nominal),,PEBD sheet 'Mission Costs' cell AF44,R73; PEBD pull 2026-09-27 (workbook updated 2025-11-13); attribution: The Planetary Society; conventions in 07 FINDINGS R73
planetary_society_pebd_mission_costs,Mission Costs,1998,MGS,19.5,USD millions (nominal),,PEBD sheet 'Mission Costs' cell AK44,R73; PEBD pull 2026-09-27 (workbook updated 2025-11-13); attribution: The Planetary Society; conventions in 07 FINDINGS R73
planetary_society_pebd_mission_costs,Mission Costs,1998,MPL/MCO,79.6,USD millions (nominal),,PEBD sheet 'Mission Costs' cell AM44,R73; PEBD pull 2026-09-27 (workbook updated 2025-11-13); attribution: The Planetary Society; conventions in 07 FINDINGS R73
planetary_society_pebd_mission_costs,Mission Costs,1998,NEAR,11.2,USD millions (nominal),,PEBD sheet 'Mission Costs' cell AP44,R73; PEBD pull 2026-09-27 (workbook updated 2025-11-13); attribution: The Planetary Society; conventions in 07 FINDINGS R73
planetary_society_pebd_mission_costs,Mission Costs,1998,Stardust,54.5,USD millions (nominal),,PEBD sheet 'Mission Costs' cell AX44,R73; PEBD pull 2026-09-27 (workbook updated 2025-11-13); attribution: The Planetary Society; conventions in 07 FINDINGS R73
planetary_society_pebd_mission_costs,Mission Costs,1998,Voyager,8,USD millions (nominal),TRUE,PEBD sheet 'Mission Costs' cell BB44,R73; PEBD pull 2026-09-27 (workbook updated 2025-11-13); attribution: The Planetary Society; conventions in 07 FINDINGS R73
planetary_society_pebd_mission_costs,Mission Costs,1999,Cassini,64.6,USD millions (nominal),,PEBD sheet 'Mission Costs' cell C45,R73; PEBD pull 2026-09-27 (workbook updated 2025-11-13); attribution: The Planetary Society; conventions in 07 FINDINGS R73
planetary_society_pebd_mission_costs,Mission Costs,1999,CONTOUR,8.8,USD millions (nominal),,PEBD sheet 'Mission Costs' cell D45,R73; PEBD pull 2026-09-27 (workbook updated 2025-11-13); attribution: The Planetary Society; conventions in 07 FINDINGS R73
planetary_society_pebd_mission_costs,Mission Costs,1999,Deep Impact,1.5,USD millions (nominal),,PEBD sheet 'Mission Costs' cell H45,R73; PEBD pull 2026-09-27 (workbook updated 2025-11-13); attribution: The Planetary Society; conventions in 07 FINDINGS R73
planetary_society_pebd_mission_costs,Mission Costs,1999,Deep Space 1,13.8,USD millions (nominal),,PEBD sheet 'Mission Costs' cell I45,R73; PEBD pull 2026-09-27 (workbook updated 2025-11-13); attribution: The Planetary Society; conventions in 07 FINDINGS R73
planetary_society_pebd_mission_costs,Mission Costs,1999,Galileo,16,USD millions (nominal),TRUE,PEBD sheet 'Mission Costs' cell L45,R73; PEBD pull 2026-09-27 (workbook updated 2025-11-13); attribution: The Planetary Society; conventions in 07 FINDINGS R73
planetary_society_pebd_mission_costs,Mission Costs,1999,Genesis,82.9,USD millions (nominal),,PEBD sheet 'Mission Costs' cell M45,R73; PEBD pull 2026-09-27 (workbook updated 2025-11-13); attribution: The Planetary Society; conventions in 07 FINDINGS R73
planetary_society_pebd_mission_costs,Mission Costs,1999,Lunar Prospector,2.2,USD millions (nominal),TRUE,PEBD sheet 'Mission Costs' cell T45,R73; PEBD pull 2026-09-27 (workbook updated 2025-11-13); attribution: The Planetary Society; conventions in 07 FINDINGS R73
planetary_society_pebd_mission_costs,Mission Costs,1999,Mars Odyssey*,213.5,USD millions (nominal),,PEBD sheet 'Mission Costs' cell AE45,R73; PEBD pull 2026-09-27 (workbook updated 2025-11-13); attribution: The Planetary Society; conventions in 07 FINDINGS R73
planetary_society_pebd_mission_costs,Mission Costs,1999,MESSENGER,1.7,USD millions (nominal),,PEBD sheet 'Mission Costs' cell AI45,R73; PEBD pull 2026-09-27 (workbook updated 2025-11-13); attribution: The Planetary Society; conventions in 07 FINDINGS R73
planetary_society_pebd_mission_costs,Mission Costs,1999,MGS,13.1,USD millions (nominal),,PEBD sheet 'Mission Costs' cell AK45,R73; PEBD pull 2026-09-27 (workbook updated 2025-11-13); attribution: The Planetary Society; conventions in 07 FINDINGS R73
planetary_society_pebd_mission_costs,Mission Costs,1999,MPL/MCO,27.2,USD millions (nominal),,PEBD sheet 'Mission Costs' cell AM45,R73; PEBD pull 2026-09-27 (workbook updated 2025-11-13); attribution: The Planetary Society; conventions in 07 FINDINGS R73
planetary_society_pebd_mission_costs,Mission Costs,1999,NEAR,14.5,USD millions (nominal),,PEBD sheet 'Mission Costs' cell AP45,R73; PEBD pull 2026-09-27 (workbook updated 2025-11-13); attribution: The Planetary Society; conventions in 07 FINDINGS R73
planetary_society_pebd_mission_costs,Mission Costs,1999,Stardust,24.8,USD millions (nominal),,PEBD sheet 'Mission Costs' cell AX45,R73; PEBD pull 2026-09-27 (workbook updated 2025-11-13); attribution: The Planetary Society; conventions in 07 FINDINGS R73
planetary_society_pebd_mission_costs,Mission Costs,2000,Cassini,61.2,USD millions (nominal),TRUE,PEBD sheet 'Mission Costs' cell C46,R73; PEBD pull 2026-09-27 (workbook updated 2025-11-13); attribution: The Planetary Society; conventions in 07 FINDINGS R73
planetary_society_pebd_mission_costs,Mission Costs,2000,CONTOUR,52.1,USD millions (nominal),,PEBD sheet 'Mission Costs' cell D46,R73; PEBD pull 2026-09-27 (workbook updated 2025-11-13); attribution: The Planetary Society; conventions in 07 FINDINGS R73
planetary_society_pebd_mission_costs,Mission Costs,2000,Deep Impact,22.8,USD millions (nominal),,PEBD sheet 'Mission Costs' cell H46,R73; PEBD pull 2026-09-27 (workbook updated 2025-11-13); attribution: The Planetary Society; conventions in 07 FINDINGS R73
planetary_society_pebd_mission_costs,Mission Costs,2000,Deep Space 1,4.9,USD millions (nominal),,PEBD sheet 'Mission Costs' cell I46,R73; PEBD pull 2026-09-27 (workbook updated 2025-11-13); attribution: The Planetary Society; conventions in 07 FINDINGS R73
planetary_society_pebd_mission_costs,Mission Costs,2000,Galileo,15,USD millions (nominal),TRUE,PEBD sheet 'Mission Costs' cell L46,R73; PEBD pull 2026-09-27 (workbook updated 2025-11-13); attribution: The Planetary Society; conventions in 07 FINDINGS R73
planetary_society_pebd_mission_costs,Mission Costs,2000,Genesis,62.3,USD millions (nominal),,PEBD sheet 'Mission Costs' cell M46,R73; PEBD pull 2026-09-27 (workbook updated 2025-11-13); attribution: The Planetary Society; conventions in 07 FINDINGS R73
planetary_society_pebd_mission_costs,Mission Costs,2000,Mars Odyssey*,109.2,USD millions (nominal),,PEBD sheet 'Mission Costs' cell AE46,R73; PEBD pull 2026-09-27 (workbook updated 2025-11-13); attribution: The Planetary Society; conventions in 07 FINDINGS R73
planetary_society_pebd_mission_costs,Mission Costs,2000,MESSENGER,9.6,USD millions (nominal),,PEBD sheet 'Mission Costs' cell AI46,R73; PEBD pull 2026-09-27 (workbook updated 2025-11-13); attribution: The Planetary Society; conventions in 07 FINDINGS R73
planetary_society_pebd_mission_costs,Mission Costs,2000,MER,18.9,USD millions (nominal),,PEBD sheet 'Mission Costs' cell AJ46,R73; PEBD pull 2026-09-27 (workbook updated 2025-11-13); attribution: The Planetary Society; conventions in 07 FINDINGS R73
planetary_society_pebd_mission_costs,Mission Costs,2000,MGS,12.8,USD millions (nominal),,PEBD sheet 'Mission Costs' cell AK46,R73; PEBD pull 2026-09-27 (workbook updated 2025-11-13); attribution: The Planetary Society; conventions in 07 FINDINGS R73
planetary_society_pebd_mission_costs,Mission Costs,2000,MPL/MCO,6,USD millions (nominal),,PEBD sheet 'Mission Costs' cell AM46,R73; PEBD pull 2026-09-27 (workbook updated 2025-11-13); attribution: The Planetary Society; conventions in 07 FINDINGS R73
planetary_society_pebd_mission_costs,Mission Costs,2000,NEAR,13.2,USD millions (nominal),,PEBD sheet 'Mission Costs' cell AP46,R73; PEBD pull 2026-09-27 (workbook updated 2025-11-13); attribution: The Planetary Society; conventions in 07 FINDINGS R73
planetary_society_pebd_mission_costs,Mission Costs,2000,Stardust,4.3,USD millions (nominal),,PEBD sheet 'Mission Costs' cell AX46,R73; PEBD pull 2026-09-27 (workbook updated 2025-11-13); attribution: The Planetary Society; conventions in 07 FINDINGS R73
planetary_society_pebd_mission_costs,Mission Costs,2001,Cassini,58.1,USD millions (nominal),TRUE,PEBD sheet 'Mission Costs' cell C47,R73; PEBD pull 2026-09-27 (workbook updated 2025-11-13); attribution: The Planetary Society; conventions in 07 FINDINGS R73
planetary_society_pebd_mission_costs,Mission Costs,2001,CONTOUR,62.2,USD millions (nominal),,PEBD sheet 'Mission Costs' cell D47,R73; PEBD pull 2026-09-27 (workbook updated 2025-11-13); attribution: The Planetary Society; conventions in 07 FINDINGS R73
planetary_society_pebd_mission_costs,Mission Costs,2001,Deep Impact,72.7,USD millions (nominal),,PEBD sheet 'Mission Costs' cell H47,R73; PEBD pull 2026-09-27 (workbook updated 2025-11-13); attribution: The Planetary Society; conventions in 07 FINDINGS R73
planetary_society_pebd_mission_costs,Mission Costs,2001,Deep Space 1,5.8,USD millions (nominal),TRUE,PEBD sheet 'Mission Costs' cell I47,R73; PEBD pull 2026-09-27 (workbook updated 2025-11-13); attribution: The Planetary Society; conventions in 07 FINDINGS R73
planetary_society_pebd_mission_costs,Mission Costs,2001,Galileo,15,USD millions (nominal),TRUE,PEBD sheet 'Mission Costs' cell L47,R73; PEBD pull 2026-09-27 (workbook updated 2025-11-13); attribution: The Planetary Society; conventions in 07 FINDINGS R73
planetary_society_pebd_mission_costs,Mission Costs,2001,Genesis,29.6,USD millions (nominal),,PEBD sheet 'Mission Costs' cell M47,R73; PEBD pull 2026-09-27 (workbook updated 2025-11-13); attribution: The Planetary Society; conventions in 07 FINDINGS R73
planetary_society_pebd_mission_costs,Mission Costs,2001,Mars Odyssey*,38.3,USD millions (nominal),,PEBD sheet 'Mission Costs' cell AE47,R73; PEBD pull 2026-09-27 (workbook updated 2025-11-13); attribution: The Planetary Society; conventions in 07 FINDINGS R73
planetary_society_pebd_mission_costs,Mission Costs,2001,MESSENGER,51.8,USD millions (nominal),,PEBD sheet 'Mission Costs' cell AI47,R73; PEBD pull 2026-09-27 (workbook updated 2025-11-13); attribution: The Planetary Society; conventions in 07 FINDINGS R73
planetary_society_pebd_mission_costs,Mission Costs,2001,MER,296,USD millions (nominal),,PEBD sheet 'Mission Costs' cell AJ47,R73; PEBD pull 2026-09-27 (workbook updated 2025-11-13); attribution: The Planetary Society; conventions in 07 FINDINGS R73
planetary_society_pebd_mission_costs,Mission Costs,2001,MGS,9.1,USD millions (nominal),,PEBD sheet 'Mission Costs' cell AK47,R73; PEBD pull 2026-09-27 (workbook updated 2025-11-13); attribution: The Planetary Society; conventions in 07 FINDINGS R73
planetary_society_pebd_mission_costs,Mission Costs,2001,MRO,12,USD millions (nominal),,PEBD sheet 'Mission Costs' cell AN47,R73; PEBD pull 2026-09-27 (workbook updated 2025-11-13); attribution: The Planetary Society; conventions in 07 FINDINGS R73
planetary_society_pebd_mission_costs,Mission Costs,2001,NEAR,10,USD millions (nominal),,PEBD sheet 'Mission Costs' cell AP47,R73; PEBD pull 2026-09-27 (workbook updated 2025-11-13); attribution: The Planetary Society; conventions in 07 FINDINGS R73
planetary_society_pebd_mission_costs,Mission Costs,2001,New Horizons,0.7,USD millions (nominal),,PEBD sheet 'Mission Costs' cell AR47,R73; PEBD pull 2026-09-27 (workbook updated 2025-11-13); attribution: The Planetary Society; conventions in 07 FINDINGS R73
planetary_society_pebd_mission_costs,Mission Costs,2001,Stardust,4.6,USD millions (nominal),TRUE,PEBD sheet 'Mission Costs' cell AX47,R73; PEBD pull 2026-09-27 (workbook updated 2025-11-13); attribution: The Planetary Society; conventions in 07 FINDINGS R73
planetary_society_pebd_mission_costs,Mission Costs,2002,Cassini,65.8,USD millions (nominal),TRUE,PEBD sheet 'Mission Costs' cell C48,R73; PEBD pull 2026-09-27 (workbook updated 2025-11-13); attribution: The Planetary Society; conventions in 07 FINDINGS R73
planetary_society_pebd_mission_costs,Mission Costs,2002,CONTOUR,19.7,USD millions (nominal),,PEBD sheet 'Mission Costs' cell D48,R73; PEBD pull 2026-09-27 (workbook updated 2025-11-13); attribution: The Planetary Society; conventions in 07 FINDINGS R73
planetary_society_pebd_mission_costs,Mission Costs,2002,Dawn,1,USD millions (nominal),,PEBD sheet 'Mission Costs' cell G48,R73; PEBD pull 2026-09-27 (workbook updated 2025-11-13); attribution: The Planetary Society; conventions in 07 FINDINGS R73
planetary_society_pebd_mission_costs,Mission Costs,2002,Deep Impact,113.4,USD millions (nominal),,PEBD sheet 'Mission Costs' cell H48,R73; PEBD pull 2026-09-27 (workbook updated 2025-11-13); attribution: The Planetary Society; conventions in 07 FINDINGS R73
planetary_society_pebd_mission_costs,Mission Costs,2002,Deep Space 1,0.6,USD millions (nominal),TRUE,PEBD sheet 'Mission Costs' cell I48,R73; PEBD pull 2026-09-27 (workbook updated 2025-11-13); attribution: The Planetary Society; conventions in 07 FINDINGS R73
planetary_society_pebd_mission_costs,Mission Costs,2002,Galileo,15,USD millions (nominal),TRUE,PEBD sheet 'Mission Costs' cell L48,R73; PEBD pull 2026-09-27 (workbook updated 2025-11-13); attribution: The Planetary Society; conventions in 07 FINDINGS R73
planetary_society_pebd_mission_costs,Mission Costs,2002,Genesis,10.2,USD millions (nominal),,PEBD sheet 'Mission Costs' cell M48,R73; PEBD pull 2026-09-27 (workbook updated 2025-11-13); attribution: The Planetary Society; conventions in 07 FINDINGS R73
planetary_society_pebd_mission_costs,Mission Costs,2002,Mars Odyssey*,14,USD millions (nominal),,PEBD sheet 'Mission Costs' cell AE48,R73; PEBD pull 2026-09-27 (workbook updated 2025-11-13); attribution: The Planetary Society; conventions in 07 FINDINGS R73
planetary_society_pebd_mission_costs,Mission Costs,2002,MESSENGER,97.4,USD millions (nominal),,PEBD sheet 'Mission Costs' cell AI48,R73; PEBD pull 2026-09-27 (workbook updated 2025-11-13); attribution: The Planetary Society; conventions in 07 FINDINGS R73
planetary_society_pebd_mission_costs,Mission Costs,2002,MER,277.6,USD millions (nominal),,PEBD sheet 'Mission Costs' cell AJ48,R73; PEBD pull 2026-09-27 (workbook updated 2025-11-13); attribution: The Planetary Society; conventions in 07 FINDINGS R73
planetary_society_pebd_mission_costs,Mission Costs,2002,MGS,6,USD millions (nominal),TRUE,PEBD sheet 'Mission Costs' cell AK48,R73; PEBD pull 2026-09-27 (workbook updated 2025-11-13); attribution: The Planetary Society; conventions in 07 FINDINGS R73
planetary_society_pebd_mission_costs,Mission Costs,2002,MRO,58,USD millions (nominal),,PEBD sheet 'Mission Costs' cell AN48,R73; PEBD pull 2026-09-27 (workbook updated 2025-11-13); attribution: The Planetary Society; conventions in 07 FINDINGS R73
planetary_society_pebd_mission_costs,Mission Costs,2002,MSL Curiosity,5.7,USD millions (nominal),,PEBD sheet 'Mission Costs' cell AO48,R73; PEBD pull 2026-09-27 (workbook updated 2025-11-13); attribution: The Planetary Society; conventions in 07 FINDINGS R73
planetary_society_pebd_mission_costs,Mission Costs,2002,NEAR,1.5,USD millions (nominal),,PEBD sheet 'Mission Costs' cell AP48,R73; PEBD pull 2026-09-27 (workbook updated 2025-11-13); attribution: The Planetary Society; conventions in 07 FINDINGS R73
planetary_society_pebd_mission_costs,Mission Costs,2002,New Horizons,30,USD millions (nominal),,PEBD sheet 'Mission Costs' cell AR48,R73; PEBD pull 2026-09-27 (workbook updated 2025-11-13); attribution: The Planetary Society; conventions in 07 FINDINGS R73
planetary_society_pebd_mission_costs,Mission Costs,2002,Stardust,4.3,USD millions (nominal),TRUE,PEBD sheet 'Mission Costs' cell AX48,R73; PEBD pull 2026-09-27 (workbook updated 2025-11-13); attribution: The Planetary Society; conventions in 07 FINDINGS R73
planetary_society_pebd_mission_costs,Mission Costs,2002,Voyager,1.8,USD millions (nominal),,PEBD sheet 'Mission Costs' cell BB48,R73; PEBD pull 2026-09-27 (workbook updated 2025-11-13); attribution: The Planetary Society; conventions in 07 FINDINGS R73
planetary_society_pebd_mission_costs,Mission Costs,2003,Cassini,75.7,USD millions (nominal),TRUE,PEBD sheet 'Mission Costs' cell C49,R73; PEBD pull 2026-09-27 (workbook updated 2025-11-13); attribution: The Planetary Society; conventions in 07 FINDINGS R73
planetary_society_pebd_mission_costs,Mission Costs,2003,Dawn,36.3,USD millions (nominal),,PEBD sheet 'Mission Costs' cell G49,R73; PEBD pull 2026-09-27 (workbook updated 2025-11-13); attribution: The Planetary Society; conventions in 07 FINDINGS R73
planetary_society_pebd_mission_costs,Mission Costs,2003,Deep Impact,80.5,USD millions (nominal),,PEBD sheet 'Mission Costs' cell H49,R73; PEBD pull 2026-09-27 (workbook updated 2025-11-13); attribution: The Planetary Society; conventions in 07 FINDINGS R73
planetary_society_pebd_mission_costs,Mission Costs,2003,Galileo,15,USD millions (nominal),TRUE,PEBD sheet 'Mission Costs' cell L49,R73; PEBD pull 2026-09-27 (workbook updated 2025-11-13); attribution: The Planetary Society; conventions in 07 FINDINGS R73
planetary_society_pebd_mission_costs,Mission Costs,2003,Genesis,10,USD millions (nominal),,PEBD sheet 'Mission Costs' cell M49,R73; PEBD pull 2026-09-27 (workbook updated 2025-11-13); attribution: The Planetary Society; conventions in 07 FINDINGS R73
planetary_society_pebd_mission_costs,Mission Costs,2003,Mars Odyssey*,10.5,USD millions (nominal),,PEBD sheet 'Mission Costs' cell AE49,R73; PEBD pull 2026-09-27 (workbook updated 2025-11-13); attribution: The Planetary Society; conventions in 07 FINDINGS R73
planetary_society_pebd_mission_costs,Mission Costs,2003,MESSENGER,86.7,USD millions (nominal),,PEBD sheet 'Mission Costs' cell AI49,R73; PEBD pull 2026-09-27 (workbook updated 2025-11-13); attribution: The Planetary Society; conventions in 07 FINDINGS R73
planetary_society_pebd_mission_costs,Mission Costs,2003,MER,172.4,USD millions (nominal),,PEBD sheet 'Mission Costs' cell AJ49,R73; PEBD pull 2026-09-27 (workbook updated 2025-11-13); attribution: The Planetary Society; conventions in 07 FINDINGS R73
planetary_society_pebd_mission_costs,Mission Costs,2003,MGS,6,USD millions (nominal),TRUE,PEBD sheet 'Mission Costs' cell AK49,R73; PEBD pull 2026-09-27 (workbook updated 2025-11-13); attribution: The Planetary Society; conventions in 07 FINDINGS R73
planetary_society_pebd_mission_costs,Mission Costs,2003,MRO,146.9,USD millions (nominal),,PEBD sheet 'Mission Costs' cell AN49,R73; PEBD pull 2026-09-27 (workbook updated 2025-11-13); attribution: The Planetary Society; conventions in 07 FINDINGS R73
planetary_society_pebd_mission_costs,Mission Costs,2003,MSL Curiosity,60.6,USD millions (nominal),,PEBD sheet 'Mission Costs' cell AO49,R73; PEBD pull 2026-09-27 (workbook updated 2025-11-13); attribution: The Planetary Society; conventions in 07 FINDINGS R73
planetary_society_pebd_mission_costs,Mission Costs,2003,NEAR,3,USD millions (nominal),,PEBD sheet 'Mission Costs' cell AP49,R73; PEBD pull 2026-09-27 (workbook updated 2025-11-13); attribution: The Planetary Society; conventions in 07 FINDINGS R73
planetary_society_pebd_mission_costs,Mission Costs,2003,New Horizons,123.6,USD millions (nominal),,PEBD sheet 'Mission Costs' cell AR49,R73; PEBD pull 2026-09-27 (workbook updated 2025-11-13); attribution: The Planetary Society; conventions in 07 FINDINGS R73
planetary_society_pebd_mission_costs,Mission Costs,2003,Phoenix,12.1,USD millions (nominal),,PEBD sheet 'Mission Costs' cell AT49,R73; PEBD pull 2026-09-27 (workbook updated 2025-11-13); attribution: The Planetary Society; conventions in 07 FINDINGS R73
planetary_society_pebd_mission_costs,Mission Costs,2003,Stardust,5.6,USD millions (nominal),TRUE,PEBD sheet 'Mission Costs' cell AX49,R73; PEBD pull 2026-09-27 (workbook updated 2025-11-13); attribution: The Planetary Society; conventions in 07 FINDINGS R73
planetary_society_pebd_mission_costs,Mission Costs,2003,Voyager,0.8,USD millions (nominal),TRUE,PEBD sheet 'Mission Costs' cell BB49,R73; PEBD pull 2026-09-27 (workbook updated 2025-11-13); attribution: The Planetary Society; conventions in 07 FINDINGS R73
planetary_society_pebd_mission_costs,Mission Costs,2004,"(no header, column A)",full-cost accounting begins,,,PEBD sheet 'Mission Costs' cell A50,R73; PEBD pull 2026-09-27 (workbook updated 2025-11-13); attribution: The Planetary Society; conventions in 07 FINDINGS R73
planetary_society_pebd_mission_costs,Mission Costs,2004,Cassini,81.21428571,USD millions (nominal),TRUE,PEBD sheet 'Mission Costs' cell C50,R73; PEBD pull 2026-09-27 (workbook updated 2025-11-13); attribution: The Planetary Society; conventions in 07 FINDINGS R73
planetary_society_pebd_mission_costs,Mission Costs,2004,Dawn,126.5,USD millions (nominal),,PEBD sheet 'Mission Costs' cell G50,R73; PEBD pull 2026-09-27 (workbook updated 2025-11-13); attribution: The Planetary Society; conventions in 07 FINDINGS R73
planetary_society_pebd_mission_costs,Mission Costs,2004,Deep Impact,17.8,USD millions (nominal),,PEBD sheet 'Mission Costs' cell H50,R73; PEBD pull 2026-09-27 (workbook updated 2025-11-13); attribution: The Planetary Society; conventions in 07 FINDINGS R73
planetary_society_pebd_mission_costs,Mission Costs,2004,Genesis,9.3,USD millions (nominal),,PEBD sheet 'Mission Costs' cell M50,R73; PEBD pull 2026-09-27 (workbook updated 2025-11-13); attribution: The Planetary Society; conventions in 07 FINDINGS R73
planetary_society_pebd_mission_costs,Mission Costs,2004,Mars Odyssey*,9.9,USD millions (nominal),TRUE,PEBD sheet 'Mission Costs' cell AE50,R73; PEBD pull 2026-09-27 (workbook updated 2025-11-13); attribution: The Planetary Society; conventions in 07 FINDINGS R73
planetary_society_pebd_mission_costs,Mission Costs,2004,MESSENGER,42.3,USD millions (nominal),,PEBD sheet 'Mission Costs' cell AI50,R73; PEBD pull 2026-09-27 (workbook updated 2025-11-13); attribution: The Planetary Society; conventions in 07 FINDINGS R73
planetary_society_pebd_mission_costs,Mission Costs,2004,MER,51.6,USD millions (nominal),,PEBD sheet 'Mission Costs' cell AJ50,R73; PEBD pull 2026-09-27 (workbook updated 2025-11-13); attribution: The Planetary Society; conventions in 07 FINDINGS R73
planetary_society_pebd_mission_costs,Mission Costs,2004,MGS,6,USD millions (nominal),TRUE,PEBD sheet 'Mission Costs' cell AK50,R73; PEBD pull 2026-09-27 (workbook updated 2025-11-13); attribution: The Planetary Society; conventions in 07 FINDINGS R73
planetary_society_pebd_mission_costs,Mission Costs,2004,MRO,185.5,USD millions (nominal),,PEBD sheet 'Mission Costs' cell AN50,R73; PEBD pull 2026-09-27 (workbook updated 2025-11-13); attribution: The Planetary Society; conventions in 07 FINDINGS R73
planetary_society_pebd_mission_costs,Mission Costs,2004,MSL Curiosity,118.1,USD millions (nominal),,PEBD sheet 'Mission Costs' cell AO50,R73; PEBD pull 2026-09-27 (workbook updated 2025-11-13); attribution: The Planetary Society; conventions in 07 FINDINGS R73
planetary_society_pebd_mission_costs,Mission Costs,2004,New Horizons,140.1,USD millions (nominal),,PEBD sheet 'Mission Costs' cell AR50,R73; PEBD pull 2026-09-27 (workbook updated 2025-11-13); attribution: The Planetary Society; conventions in 07 FINDINGS R73
planetary_society_pebd_mission_costs,Mission Costs,2004,Phoenix,25.5,USD millions (nominal),,PEBD sheet 'Mission Costs' cell AT50,R73; PEBD pull 2026-09-27 (workbook updated 2025-11-13); attribution: The Planetary Society; conventions in 07 FINDINGS R73
planetary_society_pebd_mission_costs,Mission Costs,2004,Stardust,6.8,USD millions (nominal),TRUE,PEBD sheet 'Mission Costs' cell AX50,R73; PEBD pull 2026-09-27 (workbook updated 2025-11-13); attribution: The Planetary Society; conventions in 07 FINDINGS R73
planetary_society_pebd_mission_costs,Mission Costs,2004,Voyager,2,USD millions (nominal),TRUE,PEBD sheet 'Mission Costs' cell BB50,R73; PEBD pull 2026-09-27 (workbook updated 2025-11-13); attribution: The Planetary Society; conventions in 07 FINDINGS R73
planetary_society_pebd_mission_costs,Mission Costs,2005,Cassini,81,USD millions (nominal),,PEBD sheet 'Mission Costs' cell C51,R73; PEBD pull 2026-09-27 (workbook updated 2025-11-13); attribution: The Planetary Society; conventions in 07 FINDINGS R73
planetary_society_pebd_mission_costs,Mission Costs,2005,Dawn,85.9,USD millions (nominal),,PEBD sheet 'Mission Costs' cell G51,R73; PEBD pull 2026-09-27 (workbook updated 2025-11-13); attribution: The Planetary Society; conventions in 07 FINDINGS R73
planetary_society_pebd_mission_costs,Mission Costs,2005,Deep Impact,31.9,USD millions (nominal),,PEBD sheet 'Mission Costs' cell H51,R73; PEBD pull 2026-09-27 (workbook updated 2025-11-13); attribution: The Planetary Society; conventions in 07 FINDINGS R73
planetary_society_pebd_mission_costs,Mission Costs,2005,Genesis,9.7,USD millions (nominal),,PEBD sheet 'Mission Costs' cell M51,R73; PEBD pull 2026-09-27 (workbook updated 2025-11-13); attribution: The Planetary Society; conventions in 07 FINDINGS R73
planetary_society_pebd_mission_costs,Mission Costs,2005,Juno,2.7,USD millions (nominal),,PEBD sheet 'Mission Costs' cell P51,R73; PEBD pull 2026-09-27 (workbook updated 2025-11-13); attribution: The Planetary Society; conventions in 07 FINDINGS R73
planetary_society_pebd_mission_costs,Mission Costs,2005,Mars Odyssey*,10,USD millions (nominal),TRUE,PEBD sheet 'Mission Costs' cell AE51,R73; PEBD pull 2026-09-27 (workbook updated 2025-11-13); attribution: The Planetary Society; conventions in 07 FINDINGS R73
planetary_society_pebd_mission_costs,Mission Costs,2005,MESSENGER,7.7,USD millions (nominal),TRUE,PEBD sheet 'Mission Costs' cell AI51,R73; PEBD pull 2026-09-27 (workbook updated 2025-11-13); attribution: The Planetary Society; conventions in 07 FINDINGS R73
planetary_society_pebd_mission_costs,Mission Costs,2005,MER,37.33333333,USD millions (nominal),TRUE,PEBD sheet 'Mission Costs' cell AJ51,R73; PEBD pull 2026-09-27 (workbook updated 2025-11-13); attribution: The Planetary Society; conventions in 07 FINDINGS R73
planetary_society_pebd_mission_costs,Mission Costs,2005,MGS,6,USD millions (nominal),TRUE,PEBD sheet 'Mission Costs' cell AK51,R73; PEBD pull 2026-09-27 (workbook updated 2025-11-13); attribution: The Planetary Society; conventions in 07 FINDINGS R73
planetary_society_pebd_mission_costs,Mission Costs,2005,MRO,143.7,USD millions (nominal),,PEBD sheet 'Mission Costs' cell AN51,R73; PEBD pull 2026-09-27 (workbook updated 2025-11-13); attribution: The Planetary Society; conventions in 07 FINDINGS R73
planetary_society_pebd_mission_costs,Mission Costs,2005,MSL Curiosity,117.5,USD millions (nominal),,PEBD sheet 'Mission Costs' cell AO51,R73; PEBD pull 2026-09-27 (workbook updated 2025-11-13); attribution: The Planetary Society; conventions in 07 FINDINGS R73
planetary_society_pebd_mission_costs,Mission Costs,2005,New Horizons,193.5,USD millions (nominal),,PEBD sheet 'Mission Costs' cell AR51,R73; PEBD pull 2026-09-27 (workbook updated 2025-11-13); attribution: The Planetary Society; conventions in 07 FINDINGS R73
planetary_society_pebd_mission_costs,Mission Costs,2005,Phoenix,108.9,USD millions (nominal),,PEBD sheet 'Mission Costs' cell AT51,R73; PEBD pull 2026-09-27 (workbook updated 2025-11-13); attribution: The Planetary Society; conventions in 07 FINDINGS R73
planetary_society_pebd_mission_costs,Mission Costs,2005,Stardust,5.6,USD millions (nominal),TRUE,PEBD sheet 'Mission Costs' cell AX51,R73; PEBD pull 2026-09-27 (workbook updated 2025-11-13); attribution: The Planetary Society; conventions in 07 FINDINGS R73
planetary_society_pebd_mission_costs,Mission Costs,2006,Cassini,81.25,USD millions (nominal),TRUE,PEBD sheet 'Mission Costs' cell C52,R73; PEBD pull 2026-09-27 (workbook updated 2025-11-13); attribution: The Planetary Society; conventions in 07 FINDINGS R73
planetary_society_pebd_mission_costs,Mission Costs,2006,Dawn,59.6,USD millions (nominal),,PEBD sheet 'Mission Costs' cell G52,R73; PEBD pull 2026-09-27 (workbook updated 2025-11-13); attribution: The Planetary Society; conventions in 07 FINDINGS R73
planetary_society_pebd_mission_costs,Mission Costs,2006,Deep Impact,7.7,USD millions (nominal),TRUE,PEBD sheet 'Mission Costs' cell H52,R73; PEBD pull 2026-09-27 (workbook updated 2025-11-13); attribution: The Planetary Society; conventions in 07 FINDINGS R73
planetary_society_pebd_mission_costs,Mission Costs,2006,Genesis,1.9,USD millions (nominal),,PEBD sheet 'Mission Costs' cell M52,R73; PEBD pull 2026-09-27 (workbook updated 2025-11-13); attribution: The Planetary Society; conventions in 07 FINDINGS R73
planetary_society_pebd_mission_costs,Mission Costs,2006,Juno,40.4,USD millions (nominal),,PEBD sheet 'Mission Costs' cell P52,R73; PEBD pull 2026-09-27 (workbook updated 2025-11-13); attribution: The Planetary Society; conventions in 07 FINDINGS R73
planetary_society_pebd_mission_costs,Mission Costs,2006,Mars Odyssey*,10,USD millions (nominal),TRUE,PEBD sheet 'Mission Costs' cell AE52,R73; PEBD pull 2026-09-27 (workbook updated 2025-11-13); attribution: The Planetary Society; conventions in 07 FINDINGS R73
planetary_society_pebd_mission_costs,Mission Costs,2006,MESSENGER,8.2,USD millions (nominal),TRUE,PEBD sheet 'Mission Costs' cell AI52,R73; PEBD pull 2026-09-27 (workbook updated 2025-11-13); attribution: The Planetary Society; conventions in 07 FINDINGS R73
planetary_society_pebd_mission_costs,Mission Costs,2006,MER,30.33333333,USD millions (nominal),TRUE,PEBD sheet 'Mission Costs' cell AJ52,R73; PEBD pull 2026-09-27 (workbook updated 2025-11-13); attribution: The Planetary Society; conventions in 07 FINDINGS R73
planetary_society_pebd_mission_costs,Mission Costs,2006,MGS,6,USD millions (nominal),TRUE,PEBD sheet 'Mission Costs' cell AK52,R73; PEBD pull 2026-09-27 (workbook updated 2025-11-13); attribution: The Planetary Society; conventions in 07 FINDINGS R73
planetary_society_pebd_mission_costs,Mission Costs,2006,MRO,46.4,USD millions (nominal),TRUE,PEBD sheet 'Mission Costs' cell AN52,R73; PEBD pull 2026-09-27 (workbook updated 2025-11-13); attribution: The Planetary Society; conventions in 07 FINDINGS R73
planetary_society_pebd_mission_costs,Mission Costs,2006,MSL Curiosity,251,USD millions (nominal),,PEBD sheet 'Mission Costs' cell AO52,R73; PEBD pull 2026-09-27 (workbook updated 2025-11-13); attribution: The Planetary Society; conventions in 07 FINDINGS R73
planetary_society_pebd_mission_costs,Mission Costs,2006,New Horizons,77.8,USD millions (nominal),,PEBD sheet 'Mission Costs' cell AR52,R73; PEBD pull 2026-09-27 (workbook updated 2025-11-13); attribution: The Planetary Society; conventions in 07 FINDINGS R73
planetary_society_pebd_mission_costs,Mission Costs,2006,Phoenix,141.5,USD millions (nominal),,PEBD sheet 'Mission Costs' cell AT52,R73; PEBD pull 2026-09-27 (workbook updated 2025-11-13); attribution: The Planetary Society; conventions in 07 FINDINGS R73
planetary_society_pebd_mission_costs,Mission Costs,2006,Stardust,6.6,USD millions (nominal),TRUE,PEBD sheet 'Mission Costs' cell AX52,R73; PEBD pull 2026-09-27 (workbook updated 2025-11-13); attribution: The Planetary Society; conventions in 07 FINDINGS R73
planetary_society_pebd_mission_costs,Mission Costs,2007,Cassini,81.25,USD millions (nominal),TRUE,PEBD sheet 'Mission Costs' cell C53,R73; PEBD pull 2026-09-27 (workbook updated 2025-11-13); attribution: The Planetary Society; conventions in 07 FINDINGS R73
planetary_society_pebd_mission_costs,Mission Costs,2007,Dawn,63.7,USD millions (nominal),,PEBD sheet 'Mission Costs' cell G53,R73; PEBD pull 2026-09-27 (workbook updated 2025-11-13); attribution: The Planetary Society; conventions in 07 FINDINGS R73
planetary_society_pebd_mission_costs,Mission Costs,2007,Deep Impact,9.175,USD millions (nominal),TRUE,PEBD sheet 'Mission Costs' cell H53,R73; PEBD pull 2026-09-27 (workbook updated 2025-11-13); attribution: The Planetary Society; conventions in 07 FINDINGS R73
planetary_society_pebd_mission_costs,Mission Costs,2007,GRAIL,1.2,USD millions (nominal),,PEBD sheet 'Mission Costs' cell N53,R73; PEBD pull 2026-09-27 (workbook updated 2025-11-13); attribution: The Planetary Society; conventions in 07 FINDINGS R73
planetary_society_pebd_mission_costs,Mission Costs,2007,Juno,87.8,USD millions (nominal),,PEBD sheet 'Mission Costs' cell P53,R73; PEBD pull 2026-09-27 (workbook updated 2025-11-13); attribution: The Planetary Society; conventions in 07 FINDINGS R73
planetary_society_pebd_mission_costs,Mission Costs,2007,Mars Odyssey*,10,USD millions (nominal),TRUE,PEBD sheet 'Mission Costs' cell AE53,R73; PEBD pull 2026-09-27 (workbook updated 2025-11-13); attribution: The Planetary Society; conventions in 07 FINDINGS R73
planetary_society_pebd_mission_costs,Mission Costs,2007,MAVEN,5.3,USD millions (nominal),,PEBD sheet 'Mission Costs' cell AH53,R73; PEBD pull 2026-09-27 (workbook updated 2025-11-13); attribution: The Planetary Society; conventions in 07 FINDINGS R73
planetary_society_pebd_mission_costs,Mission Costs,2007,MESSENGER,9.4,USD millions (nominal),TRUE,PEBD sheet 'Mission Costs' cell AI53,R73; PEBD pull 2026-09-27 (workbook updated 2025-11-13); attribution: The Planetary Society; conventions in 07 FINDINGS R73
planetary_society_pebd_mission_costs,Mission Costs,2007,MER,30.33333333,USD millions (nominal),TRUE,PEBD sheet 'Mission Costs' cell AJ53,R73; PEBD pull 2026-09-27 (workbook updated 2025-11-13); attribution: The Planetary Society; conventions in 07 FINDINGS R73
planetary_society_pebd_mission_costs,Mission Costs,2007,MRO,47.6,USD millions (nominal),TRUE,PEBD sheet 'Mission Costs' cell AN53,R73; PEBD pull 2026-09-27 (workbook updated 2025-11-13); attribution: The Planetary Society; conventions in 07 FINDINGS R73
planetary_society_pebd_mission_costs,Mission Costs,2007,MSL Curiosity,416.8,USD millions (nominal),,PEBD sheet 'Mission Costs' cell AO53,R73; PEBD pull 2026-09-27 (workbook updated 2025-11-13); attribution: The Planetary Society; conventions in 07 FINDINGS R73
planetary_society_pebd_mission_costs,Mission Costs,2007,New Horizons,18.8,USD millions (nominal),TRUE,PEBD sheet 'Mission Costs' cell AR53,R73; PEBD pull 2026-09-27 (workbook updated 2025-11-13); attribution: The Planetary Society; conventions in 07 FINDINGS R73
planetary_society_pebd_mission_costs,Mission Costs,2007,Phoenix,119.4,USD millions (nominal),TRUE,PEBD sheet 'Mission Costs' cell AT53,R73; PEBD pull 2026-09-27 (workbook updated 2025-11-13); attribution: The Planetary Society; conventions in 07 FINDINGS R73
planetary_society_pebd_mission_costs,Mission Costs,2007,Stardust,5.8,USD millions (nominal),TRUE,PEBD sheet 'Mission Costs' cell AX53,R73; PEBD pull 2026-09-27 (workbook updated 2025-11-13); attribution: The Planetary Society; conventions in 07 FINDINGS R73
planetary_society_pebd_mission_costs,Mission Costs,2008,Cassini,81.25,USD millions (nominal),TRUE,PEBD sheet 'Mission Costs' cell C54,R73; PEBD pull 2026-09-27 (workbook updated 2025-11-13); attribution: The Planetary Society; conventions in 07 FINDINGS R73
planetary_society_pebd_mission_costs,Mission Costs,2008,Dawn,7.8,USD millions (nominal),TRUE,PEBD sheet 'Mission Costs' cell G54,R73; PEBD pull 2026-09-27 (workbook updated 2025-11-13); attribution: The Planetary Society; conventions in 07 FINDINGS R73
planetary_society_pebd_mission_costs,Mission Costs,2008,Deep Impact,9.175,USD millions (nominal),TRUE,PEBD sheet 'Mission Costs' cell H54,R73; PEBD pull 2026-09-27 (workbook updated 2025-11-13); attribution: The Planetary Society; conventions in 07 FINDINGS R73
planetary_society_pebd_mission_costs,Mission Costs,2008,GRAIL,67.1,USD millions (nominal),,PEBD sheet 'Mission Costs' cell N54,R73; PEBD pull 2026-09-27 (workbook updated 2025-11-13); attribution: The Planetary Society; conventions in 07 FINDINGS R73
planetary_society_pebd_mission_costs,Mission Costs,2008,Juno,95,USD millions (nominal),,PEBD sheet 'Mission Costs' cell P54,R73; PEBD pull 2026-09-27 (workbook updated 2025-11-13); attribution: The Planetary Society; conventions in 07 FINDINGS R73
planetary_society_pebd_mission_costs,Mission Costs,2008,LADEE,5.1,USD millions (nominal),,PEBD sheet 'Mission Costs' cell Q54,R73; PEBD pull 2026-09-27 (workbook updated 2025-11-13); attribution: The Planetary Society; conventions in 07 FINDINGS R73
planetary_society_pebd_mission_costs,Mission Costs,2008,Mars Odyssey*,10,USD millions (nominal),TRUE,PEBD sheet 'Mission Costs' cell AE54,R73; PEBD pull 2026-09-27 (workbook updated 2025-11-13); attribution: The Planetary Society; conventions in 07 FINDINGS R73
planetary_society_pebd_mission_costs,Mission Costs,2008,MAVEN,1,USD millions (nominal),,PEBD sheet 'Mission Costs' cell AH54,R73; PEBD pull 2026-09-27 (workbook updated 2025-11-13); attribution: The Planetary Society; conventions in 07 FINDINGS R73
planetary_society_pebd_mission_costs,Mission Costs,2008,MESSENGER,11.5,USD millions (nominal),TRUE,PEBD sheet 'Mission Costs' cell AI54,R73; PEBD pull 2026-09-27 (workbook updated 2025-11-13); attribution: The Planetary Society; conventions in 07 FINDINGS R73
planetary_society_pebd_mission_costs,Mission Costs,2008,MER,20,USD millions (nominal),TRUE,PEBD sheet 'Mission Costs' cell AJ54,R73; PEBD pull 2026-09-27 (workbook updated 2025-11-13); attribution: The Planetary Society; conventions in 07 FINDINGS R73
planetary_society_pebd_mission_costs,Mission Costs,2008,MRO,38.9,USD millions (nominal),TRUE,PEBD sheet 'Mission Costs' cell AN54,R73; PEBD pull 2026-09-27 (workbook updated 2025-11-13); attribution: The Planetary Society; conventions in 07 FINDINGS R73
planetary_society_pebd_mission_costs,Mission Costs,2008,MSL Curiosity,545,USD millions (nominal),,PEBD sheet 'Mission Costs' cell AO54,R73; PEBD pull 2026-09-27 (workbook updated 2025-11-13); attribution: The Planetary Society; conventions in 07 FINDINGS R73
planetary_society_pebd_mission_costs,Mission Costs,2008,New Horizons,20.2,USD millions (nominal),TRUE,PEBD sheet 'Mission Costs' cell AR54,R73; PEBD pull 2026-09-27 (workbook updated 2025-11-13); attribution: The Planetary Society; conventions in 07 FINDINGS R73
planetary_society_pebd_mission_costs,Mission Costs,2008,Phoenix,11.4,USD millions (nominal),TRUE,PEBD sheet 'Mission Costs' cell AT54,R73; PEBD pull 2026-09-27 (workbook updated 2025-11-13); attribution: The Planetary Society; conventions in 07 FINDINGS R73
planetary_society_pebd_mission_costs,Mission Costs,2008,Stardust,5.8,USD millions (nominal),TRUE,PEBD sheet 'Mission Costs' cell AX54,R73; PEBD pull 2026-09-27 (workbook updated 2025-11-13); attribution: The Planetary Society; conventions in 07 FINDINGS R73
planetary_society_pebd_mission_costs,Mission Costs,2009,Cassini,81.25,USD millions (nominal),TRUE,PEBD sheet 'Mission Costs' cell C55,R73; PEBD pull 2026-09-27 (workbook updated 2025-11-13); attribution: The Planetary Society; conventions in 07 FINDINGS R73
planetary_society_pebd_mission_costs,Mission Costs,2009,Dawn,7.6,USD millions (nominal),TRUE,PEBD sheet 'Mission Costs' cell G55,R73; PEBD pull 2026-09-27 (workbook updated 2025-11-13); attribution: The Planetary Society; conventions in 07 FINDINGS R73
planetary_society_pebd_mission_costs,Mission Costs,2009,Deep Impact,9.175,USD millions (nominal),TRUE,PEBD sheet 'Mission Costs' cell H55,R73; PEBD pull 2026-09-27 (workbook updated 2025-11-13); attribution: The Planetary Society; conventions in 07 FINDINGS R73
planetary_society_pebd_mission_costs,Mission Costs,2009,GRAIL,152.9,USD millions (nominal),,PEBD sheet 'Mission Costs' cell N55,R73; PEBD pull 2026-09-27 (workbook updated 2025-11-13); attribution: The Planetary Society; conventions in 07 FINDINGS R73
planetary_society_pebd_mission_costs,Mission Costs,2009,Juno,260.1,USD millions (nominal),,PEBD sheet 'Mission Costs' cell P55,R73; PEBD pull 2026-09-27 (workbook updated 2025-11-13); attribution: The Planetary Society; conventions in 07 FINDINGS R73
planetary_society_pebd_mission_costs,Mission Costs,2009,LADEE,30.2,USD millions (nominal),,PEBD sheet 'Mission Costs' cell Q55,R73; PEBD pull 2026-09-27 (workbook updated 2025-11-13); attribution: The Planetary Society; conventions in 07 FINDINGS R73
planetary_society_pebd_mission_costs,Mission Costs,2009,Mars Odyssey*,10,USD millions (nominal),TRUE,PEBD sheet 'Mission Costs' cell AE55,R73; PEBD pull 2026-09-27 (workbook updated 2025-11-13); attribution: The Planetary Society; conventions in 07 FINDINGS R73
planetary_society_pebd_mission_costs,Mission Costs,2009,MAVEN,6.7,USD millions (nominal),,PEBD sheet 'Mission Costs' cell AH55,R73; PEBD pull 2026-09-27 (workbook updated 2025-11-13); attribution: The Planetary Society; conventions in 07 FINDINGS R73
planetary_society_pebd_mission_costs,Mission Costs,2009,MESSENGER,16.3,USD millions (nominal),TRUE,PEBD sheet 'Mission Costs' cell AI55,R73; PEBD pull 2026-09-27 (workbook updated 2025-11-13); attribution: The Planetary Society; conventions in 07 FINDINGS R73
planetary_society_pebd_mission_costs,Mission Costs,2009,MER,20,USD millions (nominal),TRUE,PEBD sheet 'Mission Costs' cell AJ55,R73; PEBD pull 2026-09-27 (workbook updated 2025-11-13); attribution: The Planetary Society; conventions in 07 FINDINGS R73
planetary_society_pebd_mission_costs,Mission Costs,2009,MRO,23.9,USD millions (nominal),TRUE,PEBD sheet 'Mission Costs' cell AN55,R73; PEBD pull 2026-09-27 (workbook updated 2025-11-13); attribution: The Planetary Society; conventions in 07 FINDINGS R73
planetary_society_pebd_mission_costs,Mission Costs,2009,MSL Curiosity,229.3,USD millions (nominal),,PEBD sheet 'Mission Costs' cell AO55,R73; PEBD pull 2026-09-27 (workbook updated 2025-11-13); attribution: The Planetary Society; conventions in 07 FINDINGS R73
planetary_society_pebd_mission_costs,Mission Costs,2009,New Horizons,19,USD millions (nominal),TRUE,PEBD sheet 'Mission Costs' cell AR55,R73; PEBD pull 2026-09-27 (workbook updated 2025-11-13); attribution: The Planetary Society; conventions in 07 FINDINGS R73
planetary_society_pebd_mission_costs,Mission Costs,2009,Phoenix,1.2,USD millions (nominal),TRUE,PEBD sheet 'Mission Costs' cell AT55,R73; PEBD pull 2026-09-27 (workbook updated 2025-11-13); attribution: The Planetary Society; conventions in 07 FINDINGS R73
planetary_society_pebd_mission_costs,Mission Costs,2009,Stardust,5.8,USD millions (nominal),TRUE,PEBD sheet 'Mission Costs' cell AX55,R73; PEBD pull 2026-09-27 (workbook updated 2025-11-13); attribution: The Planetary Society; conventions in 07 FINDINGS R73
planetary_society_pebd_mission_costs,Mission Costs,2010,Cassini,81.25,USD millions (nominal),TRUE,PEBD sheet 'Mission Costs' cell C56,R73; PEBD pull 2026-09-27 (workbook updated 2025-11-13); attribution: The Planetary Society; conventions in 07 FINDINGS R73
planetary_society_pebd_mission_costs,Mission Costs,2010,Dawn,8.1,USD millions (nominal),TRUE,PEBD sheet 'Mission Costs' cell G56,R73; PEBD pull 2026-09-27 (workbook updated 2025-11-13); attribution: The Planetary Society; conventions in 07 FINDINGS R73
planetary_society_pebd_mission_costs,Mission Costs,2010,Deep Impact,9.175,USD millions (nominal),TRUE,PEBD sheet 'Mission Costs' cell H56,R73; PEBD pull 2026-09-27 (workbook updated 2025-11-13); attribution: The Planetary Society; conventions in 07 FINDINGS R73
planetary_society_pebd_mission_costs,Mission Costs,2010,GRAIL,124.1,USD millions (nominal),,PEBD sheet 'Mission Costs' cell N56,R73; PEBD pull 2026-09-27 (workbook updated 2025-11-13); attribution: The Planetary Society; conventions in 07 FINDINGS R73
planetary_society_pebd_mission_costs,Mission Costs,2010,Juno,257.1,USD millions (nominal),,PEBD sheet 'Mission Costs' cell P56,R73; PEBD pull 2026-09-27 (workbook updated 2025-11-13); attribution: The Planetary Society; conventions in 07 FINDINGS R73
planetary_society_pebd_mission_costs,Mission Costs,2010,LADEE,48.2,USD millions (nominal),,PEBD sheet 'Mission Costs' cell Q56,R73; PEBD pull 2026-09-27 (workbook updated 2025-11-13); attribution: The Planetary Society; conventions in 07 FINDINGS R73
planetary_society_pebd_mission_costs,Mission Costs,2010,Mars Odyssey*,10,USD millions (nominal),TRUE,PEBD sheet 'Mission Costs' cell AE56,R73; PEBD pull 2026-09-27 (workbook updated 2025-11-13); attribution: The Planetary Society; conventions in 07 FINDINGS R73
planetary_society_pebd_mission_costs,Mission Costs,2010,MAVEN,48.1,USD millions (nominal),,PEBD sheet 'Mission Costs' cell AH56,R73; PEBD pull 2026-09-27 (workbook updated 2025-11-13); attribution: The Planetary Society; conventions in 07 FINDINGS R73
planetary_society_pebd_mission_costs,Mission Costs,2010,MESSENGER,15.8,USD millions (nominal),TRUE,PEBD sheet 'Mission Costs' cell AI56,R73; PEBD pull 2026-09-27 (workbook updated 2025-11-13); attribution: The Planetary Society; conventions in 07 FINDINGS R73
planetary_society_pebd_mission_costs,Mission Costs,2010,MER,20,USD millions (nominal),,PEBD sheet 'Mission Costs' cell AJ56,R73; PEBD pull 2026-09-27 (workbook updated 2025-11-13); attribution: The Planetary Society; conventions in 07 FINDINGS R73
planetary_society_pebd_mission_costs,Mission Costs,2010,MRO,23.2,USD millions (nominal),TRUE,PEBD sheet 'Mission Costs' cell AN56,R73; PEBD pull 2026-09-27 (workbook updated 2025-11-13); attribution: The Planetary Society; conventions in 07 FINDINGS R73
planetary_society_pebd_mission_costs,Mission Costs,2010,MSL Curiosity,258.4,USD millions (nominal),,PEBD sheet 'Mission Costs' cell AO56,R73; PEBD pull 2026-09-27 (workbook updated 2025-11-13); attribution: The Planetary Society; conventions in 07 FINDINGS R73
planetary_society_pebd_mission_costs,Mission Costs,2010,New Horizons,18.425,USD millions (nominal),TRUE,PEBD sheet 'Mission Costs' cell AR56,R73; PEBD pull 2026-09-27 (workbook updated 2025-11-13); attribution: The Planetary Society; conventions in 07 FINDINGS R73
planetary_society_pebd_mission_costs,Mission Costs,2010,Stardust,5.8,USD millions (nominal),TRUE,PEBD sheet 'Mission Costs' cell AX56,R73; PEBD pull 2026-09-27 (workbook updated 2025-11-13); attribution: The Planetary Society; conventions in 07 FINDINGS R73
planetary_society_pebd_mission_costs,Mission Costs,2011,Cassini,65.8,USD millions (nominal),,PEBD sheet 'Mission Costs' cell C57,R73; PEBD pull 2026-09-27 (workbook updated 2025-11-13); attribution: The Planetary Society; conventions in 07 FINDINGS R73
planetary_society_pebd_mission_costs,Mission Costs,2011,Dawn,14.8,USD millions (nominal),,PEBD sheet 'Mission Costs' cell G57,R73; PEBD pull 2026-09-27 (workbook updated 2025-11-13); attribution: The Planetary Society; conventions in 07 FINDINGS R73
planetary_society_pebd_mission_costs,Mission Costs,2011,Deep Impact,5.3,USD millions (nominal),,PEBD sheet 'Mission Costs' cell H57,R73; PEBD pull 2026-09-27 (workbook updated 2025-11-13); attribution: The Planetary Society; conventions in 07 FINDINGS R73
planetary_society_pebd_mission_costs,Mission Costs,2011,GRAIL,103.4,USD millions (nominal),,PEBD sheet 'Mission Costs' cell N57,R73; PEBD pull 2026-09-27 (workbook updated 2025-11-13); attribution: The Planetary Society; conventions in 07 FINDINGS R73
planetary_society_pebd_mission_costs,Mission Costs,2011,InSight,3,USD millions (nominal),,PEBD sheet 'Mission Costs' cell O57,R73; PEBD pull 2026-09-27 (workbook updated 2025-11-13); attribution: The Planetary Society; conventions in 07 FINDINGS R73
planetary_society_pebd_mission_costs,Mission Costs,2011,Juno,189.2,USD millions (nominal),,PEBD sheet 'Mission Costs' cell P57,R73; PEBD pull 2026-09-27 (workbook updated 2025-11-13); attribution: The Planetary Society; conventions in 07 FINDINGS R73
planetary_society_pebd_mission_costs,Mission Costs,2011,LADEE,64.5,USD millions (nominal),,PEBD sheet 'Mission Costs' cell Q57,R73; PEBD pull 2026-09-27 (workbook updated 2025-11-13); attribution: The Planetary Society; conventions in 07 FINDINGS R73
planetary_society_pebd_mission_costs,Mission Costs,2011,Mars Odyssey*,10.1,USD millions (nominal),,PEBD sheet 'Mission Costs' cell AE57,R73; PEBD pull 2026-09-27 (workbook updated 2025-11-13); attribution: The Planetary Society; conventions in 07 FINDINGS R73
planetary_society_pebd_mission_costs,Mission Costs,2011,MAVEN,160.5,USD millions (nominal),,PEBD sheet 'Mission Costs' cell AH57,R73; PEBD pull 2026-09-27 (workbook updated 2025-11-13); attribution: The Planetary Society; conventions in 07 FINDINGS R73
planetary_society_pebd_mission_costs,Mission Costs,2011,MESSENGER,22.7,USD millions (nominal),,PEBD sheet 'Mission Costs' cell AI57,R73; PEBD pull 2026-09-27 (workbook updated 2025-11-13); attribution: The Planetary Society; conventions in 07 FINDINGS R73
planetary_society_pebd_mission_costs,Mission Costs,2011,MER,13.6,USD millions (nominal),,PEBD sheet 'Mission Costs' cell AJ57,R73; PEBD pull 2026-09-27 (workbook updated 2025-11-13); attribution: The Planetary Society; conventions in 07 FINDINGS R73
planetary_society_pebd_mission_costs,Mission Costs,2011,MOMA,6,USD millions (nominal),,PEBD sheet 'Mission Costs' cell AL57,R73; PEBD pull 2026-09-27 (workbook updated 2025-11-13); attribution: The Planetary Society; conventions in 07 FINDINGS R73
planetary_society_pebd_mission_costs,Mission Costs,2011,MRO,30.1,USD millions (nominal),,PEBD sheet 'Mission Costs' cell AN57,R73; PEBD pull 2026-09-27 (workbook updated 2025-11-13); attribution: The Planetary Society; conventions in 07 FINDINGS R73
planetary_society_pebd_mission_costs,Mission Costs,2011,MSL Curiosity,242.9,USD millions (nominal),,PEBD sheet 'Mission Costs' cell AO57,R73; PEBD pull 2026-09-27 (workbook updated 2025-11-13); attribution: The Planetary Society; conventions in 07 FINDINGS R73
planetary_society_pebd_mission_costs,Mission Costs,2011,New Horizons,9.7,USD millions (nominal),,PEBD sheet 'Mission Costs' cell AR57,R73; PEBD pull 2026-09-27 (workbook updated 2025-11-13); attribution: The Planetary Society; conventions in 07 FINDINGS R73
planetary_society_pebd_mission_costs,Mission Costs,2011,OSIRIS-REx,4.9,USD millions (nominal),,PEBD sheet 'Mission Costs' cell AS57,R73; PEBD pull 2026-09-27 (workbook updated 2025-11-13); attribution: The Planetary Society; conventions in 07 FINDINGS R73
planetary_society_pebd_mission_costs,Mission Costs,2011,Stardust,5.8,USD millions (nominal),TRUE,PEBD sheet 'Mission Costs' cell AX57,R73; PEBD pull 2026-09-27 (workbook updated 2025-11-13); attribution: The Planetary Society; conventions in 07 FINDINGS R73
planetary_society_pebd_mission_costs,Mission Costs,2011,Voyager,4.4,USD millions (nominal),,PEBD sheet 'Mission Costs' cell BB57,R73; PEBD pull 2026-09-27 (workbook updated 2025-11-13); attribution: The Planetary Society; conventions in 07 FINDINGS R73
planetary_society_pebd_mission_costs,Mission Costs,2012,Cassini,60.3,USD millions (nominal),,PEBD sheet 'Mission Costs' cell C58,R73; PEBD pull 2026-09-27 (workbook updated 2025-11-13); attribution: The Planetary Society; conventions in 07 FINDINGS R73
planetary_society_pebd_mission_costs,Mission Costs,2012,Dawn,14.3,USD millions (nominal),,PEBD sheet 'Mission Costs' cell G58,R73; PEBD pull 2026-09-27 (workbook updated 2025-11-13); attribution: The Planetary Society; conventions in 07 FINDINGS R73
planetary_society_pebd_mission_costs,Mission Costs,2012,Deep Impact,4,USD millions (nominal),,PEBD sheet 'Mission Costs' cell H58,R73; PEBD pull 2026-09-27 (workbook updated 2025-11-13); attribution: The Planetary Society; conventions in 07 FINDINGS R73
planetary_society_pebd_mission_costs,Mission Costs,2012,GRAIL,29.8,USD millions (nominal),,PEBD sheet 'Mission Costs' cell N58,R73; PEBD pull 2026-09-27 (workbook updated 2025-11-13); attribution: The Planetary Society; conventions in 07 FINDINGS R73
planetary_society_pebd_mission_costs,Mission Costs,2012,InSight,62,USD millions (nominal),,PEBD sheet 'Mission Costs' cell O58,R73; PEBD pull 2026-09-27 (workbook updated 2025-11-13); attribution: The Planetary Society; conventions in 07 FINDINGS R73
planetary_society_pebd_mission_costs,Mission Costs,2012,Juno,14.4,USD millions (nominal),,PEBD sheet 'Mission Costs' cell P58,R73; PEBD pull 2026-09-27 (workbook updated 2025-11-13); attribution: The Planetary Society; conventions in 07 FINDINGS R73
planetary_society_pebd_mission_costs,Mission Costs,2012,LADEE,70.4,USD millions (nominal),,PEBD sheet 'Mission Costs' cell Q58,R73; PEBD pull 2026-09-27 (workbook updated 2025-11-13); attribution: The Planetary Society; conventions in 07 FINDINGS R73
planetary_society_pebd_mission_costs,Mission Costs,2012,Mars Odyssey*,13.3,USD millions (nominal),,PEBD sheet 'Mission Costs' cell AE58,R73; PEBD pull 2026-09-27 (workbook updated 2025-11-13); attribution: The Planetary Society; conventions in 07 FINDINGS R73
planetary_society_pebd_mission_costs,Mission Costs,2012,MAVEN,245.7,USD millions (nominal),,PEBD sheet 'Mission Costs' cell AH58,R73; PEBD pull 2026-09-27 (workbook updated 2025-11-13); attribution: The Planetary Society; conventions in 07 FINDINGS R73
planetary_society_pebd_mission_costs,Mission Costs,2012,MESSENGER,34.9,USD millions (nominal),,PEBD sheet 'Mission Costs' cell AI58,R73; PEBD pull 2026-09-27 (workbook updated 2025-11-13); attribution: The Planetary Society; conventions in 07 FINDINGS R73
planetary_society_pebd_mission_costs,Mission Costs,2012,MER,15,USD millions (nominal),,PEBD sheet 'Mission Costs' cell AJ58,R73; PEBD pull 2026-09-27 (workbook updated 2025-11-13); attribution: The Planetary Society; conventions in 07 FINDINGS R73
planetary_society_pebd_mission_costs,Mission Costs,2012,MOMA,12.6,USD millions (nominal),,PEBD sheet 'Mission Costs' cell AL58,R73; PEBD pull 2026-09-27 (workbook updated 2025-11-13); attribution: The Planetary Society; conventions in 07 FINDINGS R73
planetary_society_pebd_mission_costs,Mission Costs,2012,MRO,39.9,USD millions (nominal),,PEBD sheet 'Mission Costs' cell AN58,R73; PEBD pull 2026-09-27 (workbook updated 2025-11-13); attribution: The Planetary Society; conventions in 07 FINDINGS R73
planetary_society_pebd_mission_costs,Mission Costs,2012,MSL Curiosity,174,USD millions (nominal),,PEBD sheet 'Mission Costs' cell AO58,R73; PEBD pull 2026-09-27 (workbook updated 2025-11-13); attribution: The Planetary Society; conventions in 07 FINDINGS R73
planetary_society_pebd_mission_costs,Mission Costs,2012,New Horizons,26.5,USD millions (nominal),,PEBD sheet 'Mission Costs' cell AR58,R73; PEBD pull 2026-09-27 (workbook updated 2025-11-13); attribution: The Planetary Society; conventions in 07 FINDINGS R73
planetary_society_pebd_mission_costs,Mission Costs,2012,OSIRIS-REx,99.8,USD millions (nominal),,PEBD sheet 'Mission Costs' cell AS58,R73; PEBD pull 2026-09-27 (workbook updated 2025-11-13); attribution: The Planetary Society; conventions in 07 FINDINGS R73
planetary_society_pebd_mission_costs,Mission Costs,2012,Voyager,5.3,USD millions (nominal),,PEBD sheet 'Mission Costs' cell BB58,R73; PEBD pull 2026-09-27 (workbook updated 2025-11-13); attribution: The Planetary Society; conventions in 07 FINDINGS R73
planetary_society_pebd_mission_costs,Mission Costs,2013,Cassini,57.9,USD millions (nominal),,PEBD sheet 'Mission Costs' cell C59,R73; PEBD pull 2026-09-27 (workbook updated 2025-11-13); attribution: The Planetary Society; conventions in 07 FINDINGS R73
planetary_society_pebd_mission_costs,Mission Costs,2013,Dawn,23.3,USD millions (nominal),,PEBD sheet 'Mission Costs' cell G59,R73; PEBD pull 2026-09-27 (workbook updated 2025-11-13); attribution: The Planetary Society; conventions in 07 FINDINGS R73
planetary_society_pebd_mission_costs,Mission Costs,2013,Deep Impact,3,USD millions (nominal),,PEBD sheet 'Mission Costs' cell H59,R73; PEBD pull 2026-09-27 (workbook updated 2025-11-13); attribution: The Planetary Society; conventions in 07 FINDINGS R73
planetary_society_pebd_mission_costs,Mission Costs,2013,GRAIL,7,USD millions (nominal),,PEBD sheet 'Mission Costs' cell N59,R73; PEBD pull 2026-09-27 (workbook updated 2025-11-13); attribution: The Planetary Society; conventions in 07 FINDINGS R73
planetary_society_pebd_mission_costs,Mission Costs,2013,InSight,122.7,USD millions (nominal),,PEBD sheet 'Mission Costs' cell O59,R73; PEBD pull 2026-09-27 (workbook updated 2025-11-13); attribution: The Planetary Society; conventions in 07 FINDINGS R73
planetary_society_pebd_mission_costs,Mission Costs,2013,Juno,17.8,USD millions (nominal),,PEBD sheet 'Mission Costs' cell P59,R73; PEBD pull 2026-09-27 (workbook updated 2025-11-13); attribution: The Planetary Society; conventions in 07 FINDINGS R73
planetary_society_pebd_mission_costs,Mission Costs,2013,LADEE,48.7,USD millions (nominal),,PEBD sheet 'Mission Costs' cell Q59,R73; PEBD pull 2026-09-27 (workbook updated 2025-11-13); attribution: The Planetary Society; conventions in 07 FINDINGS R73
planetary_society_pebd_mission_costs,Mission Costs,2013,Mars Odyssey*,13.2,USD millions (nominal),,PEBD sheet 'Mission Costs' cell AE59,R73; PEBD pull 2026-09-27 (workbook updated 2025-11-13); attribution: The Planetary Society; conventions in 07 FINDINGS R73
planetary_society_pebd_mission_costs,Mission Costs,2013,Mars Perseverance,78.43333333,USD millions (nominal),,PEBD sheet 'Mission Costs' cell AG59,R73; PEBD pull 2026-09-27 (workbook updated 2025-11-13); attribution: The Planetary Society; conventions in 07 FINDINGS R73
planetary_society_pebd_mission_costs,Mission Costs,2013,MAVEN,86.5,USD millions (nominal),,PEBD sheet 'Mission Costs' cell AH59,R73; PEBD pull 2026-09-27 (workbook updated 2025-11-13); attribution: The Planetary Society; conventions in 07 FINDINGS R73
planetary_society_pebd_mission_costs,Mission Costs,2013,MESSENGER,16.6,USD millions (nominal),,PEBD sheet 'Mission Costs' cell AI59,R73; PEBD pull 2026-09-27 (workbook updated 2025-11-13); attribution: The Planetary Society; conventions in 07 FINDINGS R73
planetary_society_pebd_mission_costs,Mission Costs,2013,MER,13.2,USD millions (nominal),,PEBD sheet 'Mission Costs' cell AJ59,R73; PEBD pull 2026-09-27 (workbook updated 2025-11-13); attribution: The Planetary Society; conventions in 07 FINDINGS R73
planetary_society_pebd_mission_costs,Mission Costs,2013,MOMA,14.4,USD millions (nominal),,PEBD sheet 'Mission Costs' cell AL59,R73; PEBD pull 2026-09-27 (workbook updated 2025-11-13); attribution: The Planetary Society; conventions in 07 FINDINGS R73
planetary_society_pebd_mission_costs,Mission Costs,2013,MRO,20.6,USD millions (nominal),,PEBD sheet 'Mission Costs' cell AN59,R73; PEBD pull 2026-09-27 (workbook updated 2025-11-13); attribution: The Planetary Society; conventions in 07 FINDINGS R73
planetary_society_pebd_mission_costs,Mission Costs,2013,MSL Curiosity,63.8,USD millions (nominal),,PEBD sheet 'Mission Costs' cell AO59,R73; PEBD pull 2026-09-27 (workbook updated 2025-11-13); attribution: The Planetary Society; conventions in 07 FINDINGS R73
planetary_society_pebd_mission_costs,Mission Costs,2013,New Horizons,9.6,USD millions (nominal),,PEBD sheet 'Mission Costs' cell AR59,R73; PEBD pull 2026-09-27 (workbook updated 2025-11-13); attribution: The Planetary Society; conventions in 07 FINDINGS R73
planetary_society_pebd_mission_costs,Mission Costs,2013,OSIRIS-REx,125.5,USD millions (nominal),,PEBD sheet 'Mission Costs' cell AS59,R73; PEBD pull 2026-09-27 (workbook updated 2025-11-13); attribution: The Planetary Society; conventions in 07 FINDINGS R73
planetary_society_pebd_mission_costs,Mission Costs,2013,Voyager,5.3,USD millions (nominal),,PEBD sheet 'Mission Costs' cell BB59,R73; PEBD pull 2026-09-27 (workbook updated 2025-11-13); attribution: The Planetary Society; conventions in 07 FINDINGS R73
planetary_society_pebd_mission_costs,Mission Costs,2014,Cassini,51.6,USD millions (nominal),,PEBD sheet 'Mission Costs' cell C60,R73; PEBD pull 2026-09-27 (workbook updated 2025-11-13); attribution: The Planetary Society; conventions in 07 FINDINGS R73
planetary_society_pebd_mission_costs,Mission Costs,2014,Dawn,1.5,USD millions (nominal),,PEBD sheet 'Mission Costs' cell G60,R73; PEBD pull 2026-09-27 (workbook updated 2025-11-13); attribution: The Planetary Society; conventions in 07 FINDINGS R73
planetary_society_pebd_mission_costs,Mission Costs,2014,GRAIL,3,USD millions (nominal),,PEBD sheet 'Mission Costs' cell N60,R73; PEBD pull 2026-09-27 (workbook updated 2025-11-13); attribution: The Planetary Society; conventions in 07 FINDINGS R73
planetary_society_pebd_mission_costs,Mission Costs,2014,InSight,203.3,USD millions (nominal),,PEBD sheet 'Mission Costs' cell O60,R73; PEBD pull 2026-09-27 (workbook updated 2025-11-13); attribution: The Planetary Society; conventions in 07 FINDINGS R73
planetary_society_pebd_mission_costs,Mission Costs,2014,Juno,7.7,USD millions (nominal),,PEBD sheet 'Mission Costs' cell P60,R73; PEBD pull 2026-09-27 (workbook updated 2025-11-13); attribution: The Planetary Society; conventions in 07 FINDINGS R73
planetary_society_pebd_mission_costs,Mission Costs,2014,LADEE,8.5,USD millions (nominal),,PEBD sheet 'Mission Costs' cell Q60,R73; PEBD pull 2026-09-27 (workbook updated 2025-11-13); attribution: The Planetary Society; conventions in 07 FINDINGS R73
planetary_society_pebd_mission_costs,Mission Costs,2014,Mars Odyssey*,12.3,USD millions (nominal),,PEBD sheet 'Mission Costs' cell AE60,R73; PEBD pull 2026-09-27 (workbook updated 2025-11-13); attribution: The Planetary Society; conventions in 07 FINDINGS R73
planetary_society_pebd_mission_costs,Mission Costs,2014,Mars Perseverance,85.33333333,USD millions (nominal),,PEBD sheet 'Mission Costs' cell AG60,R73; PEBD pull 2026-09-27 (workbook updated 2025-11-13); attribution: The Planetary Society; conventions in 07 FINDINGS R73
planetary_society_pebd_mission_costs,Mission Costs,2014,MAVEN,14.9,USD millions (nominal),,PEBD sheet 'Mission Costs' cell AH60,R73; PEBD pull 2026-09-27 (workbook updated 2025-11-13); attribution: The Planetary Society; conventions in 07 FINDINGS R73
planetary_society_pebd_mission_costs,Mission Costs,2014,MESSENGER,12.2,USD millions (nominal),,PEBD sheet 'Mission Costs' cell AI60,R73; PEBD pull 2026-09-27 (workbook updated 2025-11-13); attribution: The Planetary Society; conventions in 07 FINDINGS R73
planetary_society_pebd_mission_costs,Mission Costs,2014,MER,14,USD millions (nominal),,PEBD sheet 'Mission Costs' cell AJ60,R73; PEBD pull 2026-09-27 (workbook updated 2025-11-13); attribution: The Planetary Society; conventions in 07 FINDINGS R73
planetary_society_pebd_mission_costs,Mission Costs,2014,MOMA,20.9,USD millions (nominal),,PEBD sheet 'Mission Costs' cell AL60,R73; PEBD pull 2026-09-27 (workbook updated 2025-11-13); attribution: The Planetary Society; conventions in 07 FINDINGS R73
planetary_society_pebd_mission_costs,Mission Costs,2014,MRO,29.2,USD millions (nominal),,PEBD sheet 'Mission Costs' cell AN60,R73; PEBD pull 2026-09-27 (workbook updated 2025-11-13); attribution: The Planetary Society; conventions in 07 FINDINGS R73
planetary_society_pebd_mission_costs,Mission Costs,2014,MSL Curiosity,69.6,USD millions (nominal),,PEBD sheet 'Mission Costs' cell AO60,R73; PEBD pull 2026-09-27 (workbook updated 2025-11-13); attribution: The Planetary Society; conventions in 07 FINDINGS R73
planetary_society_pebd_mission_costs,Mission Costs,2014,New Horizons,12.9,USD millions (nominal),,PEBD sheet 'Mission Costs' cell AR60,R73; PEBD pull 2026-09-27 (workbook updated 2025-11-13); attribution: The Planetary Society; conventions in 07 FINDINGS R73
planetary_society_pebd_mission_costs,Mission Costs,2014,OSIRIS-REx,207.3,USD millions (nominal),,PEBD sheet 'Mission Costs' cell AS60,R73; PEBD pull 2026-09-27 (workbook updated 2025-11-13); attribution: The Planetary Society; conventions in 07 FINDINGS R73
planetary_society_pebd_mission_costs,Mission Costs,2014,Voyager,5.4,USD millions (nominal),,PEBD sheet 'Mission Costs' cell BB60,R73; PEBD pull 2026-09-27 (workbook updated 2025-11-13); attribution: The Planetary Society; conventions in 07 FINDINGS R73
planetary_society_pebd_mission_costs,Mission Costs,2015,Cassini,68.1,USD millions (nominal),,PEBD sheet 'Mission Costs' cell C61,R73; PEBD pull 2026-09-27 (workbook updated 2025-11-13); attribution: The Planetary Society; conventions in 07 FINDINGS R73
planetary_society_pebd_mission_costs,Mission Costs,2015,Dawn,17.2,USD millions (nominal),,PEBD sheet 'Mission Costs' cell G61,R73; PEBD pull 2026-09-27 (workbook updated 2025-11-13); attribution: The Planetary Society; conventions in 07 FINDINGS R73
planetary_society_pebd_mission_costs,Mission Costs,2015,Europa Clipper,100,USD millions (nominal),,PEBD sheet 'Mission Costs' cell K61,R73; PEBD pull 2026-09-27 (workbook updated 2025-11-13); attribution: The Planetary Society; conventions in 07 FINDINGS R73
planetary_society_pebd_mission_costs,Mission Costs,2015,InSight,170,USD millions (nominal),,PEBD sheet 'Mission Costs' cell O61,R73; PEBD pull 2026-09-27 (workbook updated 2025-11-13); attribution: The Planetary Society; conventions in 07 FINDINGS R73
planetary_society_pebd_mission_costs,Mission Costs,2015,Juno,35.4,USD millions (nominal),,PEBD sheet 'Mission Costs' cell P61,R73; PEBD pull 2026-09-27 (workbook updated 2025-11-13); attribution: The Planetary Society; conventions in 07 FINDINGS R73
planetary_society_pebd_mission_costs,Mission Costs,2015,Mars Odyssey*,12,USD millions (nominal),,PEBD sheet 'Mission Costs' cell AE61,R73; PEBD pull 2026-09-27 (workbook updated 2025-11-13); attribution: The Planetary Society; conventions in 07 FINDINGS R73
planetary_society_pebd_mission_costs,Mission Costs,2015,Mars Perseverance,110.6333333,USD millions (nominal),,PEBD sheet 'Mission Costs' cell AG61,R73; PEBD pull 2026-09-27 (workbook updated 2025-11-13); attribution: The Planetary Society; conventions in 07 FINDINGS R73
planetary_society_pebd_mission_costs,Mission Costs,2015,MAVEN,13.8,USD millions (nominal),,PEBD sheet 'Mission Costs' cell AH61,R73; PEBD pull 2026-09-27 (workbook updated 2025-11-13); attribution: The Planetary Society; conventions in 07 FINDINGS R73
planetary_society_pebd_mission_costs,Mission Costs,2015,MESSENGER,6,USD millions (nominal),,PEBD sheet 'Mission Costs' cell AI61,R73; PEBD pull 2026-09-27 (workbook updated 2025-11-13); attribution: The Planetary Society; conventions in 07 FINDINGS R73
planetary_society_pebd_mission_costs,Mission Costs,2015,MER,13.7,USD millions (nominal),,PEBD sheet 'Mission Costs' cell AJ61,R73; PEBD pull 2026-09-27 (workbook updated 2025-11-13); attribution: The Planetary Society; conventions in 07 FINDINGS R73
planetary_society_pebd_mission_costs,Mission Costs,2015,MOMA,24.5,USD millions (nominal),,PEBD sheet 'Mission Costs' cell AL61,R73; PEBD pull 2026-09-27 (workbook updated 2025-11-13); attribution: The Planetary Society; conventions in 07 FINDINGS R73
planetary_society_pebd_mission_costs,Mission Costs,2015,MRO,27.9,USD millions (nominal),,PEBD sheet 'Mission Costs' cell AN61,R73; PEBD pull 2026-09-27 (workbook updated 2025-11-13); attribution: The Planetary Society; conventions in 07 FINDINGS R73
planetary_society_pebd_mission_costs,Mission Costs,2015,MSL Curiosity,63.5,USD millions (nominal),,PEBD sheet 'Mission Costs' cell AO61,R73; PEBD pull 2026-09-27 (workbook updated 2025-11-13); attribution: The Planetary Society; conventions in 07 FINDINGS R73
planetary_society_pebd_mission_costs,Mission Costs,2015,New Horizons,28.8,USD millions (nominal),,PEBD sheet 'Mission Costs' cell AR61,R73; PEBD pull 2026-09-27 (workbook updated 2025-11-13); attribution: The Planetary Society; conventions in 07 FINDINGS R73
planetary_society_pebd_mission_costs,Mission Costs,2015,OSIRIS-REx,209.8,USD millions (nominal),,PEBD sheet 'Mission Costs' cell AS61,R73; PEBD pull 2026-09-27 (workbook updated 2025-11-13); attribution: The Planetary Society; conventions in 07 FINDINGS R73
planetary_society_pebd_mission_costs,Mission Costs,2015,Voyager,5.5,USD millions (nominal),,PEBD sheet 'Mission Costs' cell BB61,R73; PEBD pull 2026-09-27 (workbook updated 2025-11-13); attribution: The Planetary Society; conventions in 07 FINDINGS R73
planetary_society_pebd_mission_costs,Mission Costs,2016,Cassini,58.8,USD millions (nominal),,PEBD sheet 'Mission Costs' cell C62,R73; PEBD pull 2026-09-27 (workbook updated 2025-11-13); attribution: The Planetary Society; conventions in 07 FINDINGS R73
planetary_society_pebd_mission_costs,Mission Costs,2016,DART,6.4,USD millions (nominal),,PEBD sheet 'Mission Costs' cell E62,R73; PEBD pull 2026-09-27 (workbook updated 2025-11-13); attribution: The Planetary Society; conventions in 07 FINDINGS R73
planetary_society_pebd_mission_costs,Mission Costs,2016,Dawn,22.2,USD millions (nominal),,PEBD sheet 'Mission Costs' cell G62,R73; PEBD pull 2026-09-27 (workbook updated 2025-11-13); attribution: The Planetary Society; conventions in 07 FINDINGS R73
planetary_society_pebd_mission_costs,Mission Costs,2016,Europa Clipper,146.3,USD millions (nominal),,PEBD sheet 'Mission Costs' cell K62,R73; PEBD pull 2026-09-27 (workbook updated 2025-11-13); attribution: The Planetary Society; conventions in 07 FINDINGS R73
planetary_society_pebd_mission_costs,Mission Costs,2016,InSight,92.1,USD millions (nominal),,PEBD sheet 'Mission Costs' cell O62,R73; PEBD pull 2026-09-27 (workbook updated 2025-11-13); attribution: The Planetary Society; conventions in 07 FINDINGS R73
planetary_society_pebd_mission_costs,Mission Costs,2016,Juno,45.8,USD millions (nominal),,PEBD sheet 'Mission Costs' cell P62,R73; PEBD pull 2026-09-27 (workbook updated 2025-11-13); attribution: The Planetary Society; conventions in 07 FINDINGS R73
planetary_society_pebd_mission_costs,Mission Costs,2016,Lucy,3,USD millions (nominal),,PEBD sheet 'Mission Costs' cell R62,R73; PEBD pull 2026-09-27 (workbook updated 2025-11-13); attribution: The Planetary Society; conventions in 07 FINDINGS R73
planetary_society_pebd_mission_costs,Mission Costs,2016,Mars Odyssey*,9.7,USD millions (nominal),,PEBD sheet 'Mission Costs' cell AE62,R73; PEBD pull 2026-09-27 (workbook updated 2025-11-13); attribution: The Planetary Society; conventions in 07 FINDINGS R73
planetary_society_pebd_mission_costs,Mission Costs,2016,Mars Perseverance,346.5,USD millions (nominal),,PEBD sheet 'Mission Costs' cell AG62,R73; PEBD pull 2026-09-27 (workbook updated 2025-11-13); attribution: The Planetary Society; conventions in 07 FINDINGS R73
planetary_society_pebd_mission_costs,Mission Costs,2016,MAVEN,21.3,USD millions (nominal),,PEBD sheet 'Mission Costs' cell AH62,R73; PEBD pull 2026-09-27 (workbook updated 2025-11-13); attribution: The Planetary Society; conventions in 07 FINDINGS R73
planetary_society_pebd_mission_costs,Mission Costs,2016,MESSENGER,6.8,USD millions (nominal),,PEBD sheet 'Mission Costs' cell AI62,R73; PEBD pull 2026-09-27 (workbook updated 2025-11-13); attribution: The Planetary Society; conventions in 07 FINDINGS R73
planetary_society_pebd_mission_costs,Mission Costs,2016,MER,14.2,USD millions (nominal),,PEBD sheet 'Mission Costs' cell AJ62,R73; PEBD pull 2026-09-27 (workbook updated 2025-11-13); attribution: The Planetary Society; conventions in 07 FINDINGS R73
planetary_society_pebd_mission_costs,Mission Costs,2016,MOMA,12.5,USD millions (nominal),,PEBD sheet 'Mission Costs' cell AL62,R73; PEBD pull 2026-09-27 (workbook updated 2025-11-13); attribution: The Planetary Society; conventions in 07 FINDINGS R73
planetary_society_pebd_mission_costs,Mission Costs,2016,MRO,27.7,USD millions (nominal),,PEBD sheet 'Mission Costs' cell AN62,R73; PEBD pull 2026-09-27 (workbook updated 2025-11-13); attribution: The Planetary Society; conventions in 07 FINDINGS R73
planetary_society_pebd_mission_costs,Mission Costs,2016,MSL Curiosity,50.3,USD millions (nominal),,PEBD sheet 'Mission Costs' cell AO62,R73; PEBD pull 2026-09-27 (workbook updated 2025-11-13); attribution: The Planetary Society; conventions in 07 FINDINGS R73
planetary_society_pebd_mission_costs,Mission Costs,2016,New Horizons,21.5,USD millions (nominal),,PEBD sheet 'Mission Costs' cell AR62,R73; PEBD pull 2026-09-27 (workbook updated 2025-11-13); attribution: The Planetary Society; conventions in 07 FINDINGS R73
planetary_society_pebd_mission_costs,Mission Costs,2016,OSIRIS-REx,124.7,USD millions (nominal),,PEBD sheet 'Mission Costs' cell AS62,R73; PEBD pull 2026-09-27 (workbook updated 2025-11-13); attribution: The Planetary Society; conventions in 07 FINDINGS R73
planetary_society_pebd_mission_costs,Mission Costs,2016,Psyche,3,USD millions (nominal),,PEBD sheet 'Mission Costs' cell AW62,R73; PEBD pull 2026-09-27 (workbook updated 2025-11-13); attribution: The Planetary Society; conventions in 07 FINDINGS R73
planetary_society_pebd_mission_costs,Mission Costs,2016,Voyager,5.7,USD millions (nominal),,PEBD sheet 'Mission Costs' cell BB62,R73; PEBD pull 2026-09-27 (workbook updated 2025-11-13); attribution: The Planetary Society; conventions in 07 FINDINGS R73
planetary_society_pebd_mission_costs,Mission Costs,2017,Cassini,54.1,USD millions (nominal),,PEBD sheet 'Mission Costs' cell C63,R73; PEBD pull 2026-09-27 (workbook updated 2025-11-13); attribution: The Planetary Society; conventions in 07 FINDINGS R73
planetary_society_pebd_mission_costs,Mission Costs,2017,DART,16.1,USD millions (nominal),,PEBD sheet 'Mission Costs' cell E63,R73; PEBD pull 2026-09-27 (workbook updated 2025-11-13); attribution: The Planetary Society; conventions in 07 FINDINGS R73
planetary_society_pebd_mission_costs,Mission Costs,2017,Dawn,1,USD millions (nominal),,PEBD sheet 'Mission Costs' cell G63,R73; PEBD pull 2026-09-27 (workbook updated 2025-11-13); attribution: The Planetary Society; conventions in 07 FINDINGS R73
planetary_society_pebd_mission_costs,Mission Costs,2017,Europa Clipper,237.4,USD millions (nominal),,PEBD sheet 'Mission Costs' cell K63,R73; PEBD pull 2026-09-27 (workbook updated 2025-11-13); attribution: The Planetary Society; conventions in 07 FINDINGS R73
planetary_society_pebd_mission_costs,Mission Costs,2017,InSight,32.3,USD millions (nominal),,PEBD sheet 'Mission Costs' cell O63,R73; PEBD pull 2026-09-27 (workbook updated 2025-11-13); attribution: The Planetary Society; conventions in 07 FINDINGS R73
planetary_society_pebd_mission_costs,Mission Costs,2017,Juno,61.9,USD millions (nominal),,PEBD sheet 'Mission Costs' cell P63,R73; PEBD pull 2026-09-27 (workbook updated 2025-11-13); attribution: The Planetary Society; conventions in 07 FINDINGS R73
planetary_society_pebd_mission_costs,Mission Costs,2017,Lucy,54.5,USD millions (nominal),,PEBD sheet 'Mission Costs' cell R63,R73; PEBD pull 2026-09-27 (workbook updated 2025-11-13); attribution: The Planetary Society; conventions in 07 FINDINGS R73
planetary_society_pebd_mission_costs,Mission Costs,2017,Mars Odyssey*,10.8,USD millions (nominal),,PEBD sheet 'Mission Costs' cell AE63,R73; PEBD pull 2026-09-27 (workbook updated 2025-11-13); attribution: The Planetary Society; conventions in 07 FINDINGS R73
planetary_society_pebd_mission_costs,Mission Costs,2017,Mars Perseverance,425.2,USD millions (nominal),,PEBD sheet 'Mission Costs' cell AG63,R73; PEBD pull 2026-09-27 (workbook updated 2025-11-13); attribution: The Planetary Society; conventions in 07 FINDINGS R73
planetary_society_pebd_mission_costs,Mission Costs,2017,MAVEN,20.5,USD millions (nominal),,PEBD sheet 'Mission Costs' cell AH63,R73; PEBD pull 2026-09-27 (workbook updated 2025-11-13); attribution: The Planetary Society; conventions in 07 FINDINGS R73
planetary_society_pebd_mission_costs,Mission Costs,2017,MER,12.5,USD millions (nominal),,PEBD sheet 'Mission Costs' cell AJ63,R73; PEBD pull 2026-09-27 (workbook updated 2025-11-13); attribution: The Planetary Society; conventions in 07 FINDINGS R73
planetary_society_pebd_mission_costs,Mission Costs,2017,MOMA,12.1,USD millions (nominal),,PEBD sheet 'Mission Costs' cell AL63,R73; PEBD pull 2026-09-27 (workbook updated 2025-11-13); attribution: The Planetary Society; conventions in 07 FINDINGS R73
planetary_society_pebd_mission_costs,Mission Costs,2017,MRO,28,USD millions (nominal),,PEBD sheet 'Mission Costs' cell AN63,R73; PEBD pull 2026-09-27 (workbook updated 2025-11-13); attribution: The Planetary Society; conventions in 07 FINDINGS R73
planetary_society_pebd_mission_costs,Mission Costs,2017,MSL Curiosity,56.2,USD millions (nominal),,PEBD sheet 'Mission Costs' cell AO63,R73; PEBD pull 2026-09-27 (workbook updated 2025-11-13); attribution: The Planetary Society; conventions in 07 FINDINGS R73
planetary_society_pebd_mission_costs,Mission Costs,2017,New Horizons,29.4,USD millions (nominal),,PEBD sheet 'Mission Costs' cell AR63,R73; PEBD pull 2026-09-27 (workbook updated 2025-11-13); attribution: The Planetary Society; conventions in 07 FINDINGS R73
planetary_society_pebd_mission_costs,Mission Costs,2017,OSIRIS-REx,39.5,USD millions (nominal),,PEBD sheet 'Mission Costs' cell AS63,R73; PEBD pull 2026-09-27 (workbook updated 2025-11-13); attribution: The Planetary Society; conventions in 07 FINDINGS R73
planetary_society_pebd_mission_costs,Mission Costs,2017,Psyche,47.3,USD millions (nominal),,PEBD sheet 'Mission Costs' cell AW63,R73; PEBD pull 2026-09-27 (workbook updated 2025-11-13); attribution: The Planetary Society; conventions in 07 FINDINGS R73
planetary_society_pebd_mission_costs,Mission Costs,2017,Voyager,5.6,USD millions (nominal),,PEBD sheet 'Mission Costs' cell BB63,R73; PEBD pull 2026-09-27 (workbook updated 2025-11-13); attribution: The Planetary Society; conventions in 07 FINDINGS R73
planetary_society_pebd_mission_costs,Mission Costs,2018,Cassini,19.2,USD millions (nominal),,PEBD sheet 'Mission Costs' cell C64,R73; PEBD pull 2026-09-27 (workbook updated 2025-11-13); attribution: The Planetary Society; conventions in 07 FINDINGS R73
planetary_society_pebd_mission_costs,Mission Costs,2018,DART,41,USD millions (nominal),,PEBD sheet 'Mission Costs' cell E64,R73; PEBD pull 2026-09-27 (workbook updated 2025-11-13); attribution: The Planetary Society; conventions in 07 FINDINGS R73
planetary_society_pebd_mission_costs,Mission Costs,2018,Dawn,11.1,USD millions (nominal),,PEBD sheet 'Mission Costs' cell G64,R73; PEBD pull 2026-09-27 (workbook updated 2025-11-13); attribution: The Planetary Society; conventions in 07 FINDINGS R73
planetary_society_pebd_mission_costs,Mission Costs,2018,Europa Clipper,525,USD millions (nominal),,PEBD sheet 'Mission Costs' cell K64,R73; PEBD pull 2026-09-27 (workbook updated 2025-11-13); attribution: The Planetary Society; conventions in 07 FINDINGS R73
planetary_society_pebd_mission_costs,Mission Costs,2018,InSight,74.3,USD millions (nominal),,PEBD sheet 'Mission Costs' cell O64,R73; PEBD pull 2026-09-27 (workbook updated 2025-11-13); attribution: The Planetary Society; conventions in 07 FINDINGS R73
planetary_society_pebd_mission_costs,Mission Costs,2018,Juno,17.8,USD millions (nominal),,PEBD sheet 'Mission Costs' cell P64,R73; PEBD pull 2026-09-27 (workbook updated 2025-11-13); attribution: The Planetary Society; conventions in 07 FINDINGS R73
planetary_society_pebd_mission_costs,Mission Costs,2018,Lucy,81.4,USD millions (nominal),,PEBD sheet 'Mission Costs' cell R64,R73; PEBD pull 2026-09-27 (workbook updated 2025-11-13); attribution: The Planetary Society; conventions in 07 FINDINGS R73
planetary_society_pebd_mission_costs,Mission Costs,2018,Mars Odyssey*,11.3,USD millions (nominal),,PEBD sheet 'Mission Costs' cell AE64,R73; PEBD pull 2026-09-27 (workbook updated 2025-11-13); attribution: The Planetary Society; conventions in 07 FINDINGS R73
planetary_society_pebd_mission_costs,Mission Costs,2018,Mars Perseverance,536.6,USD millions (nominal),,PEBD sheet 'Mission Costs' cell AG64,R73; PEBD pull 2026-09-27 (workbook updated 2025-11-13); attribution: The Planetary Society; conventions in 07 FINDINGS R73
planetary_society_pebd_mission_costs,Mission Costs,2018,MAVEN,22.2,USD millions (nominal),,PEBD sheet 'Mission Costs' cell AH64,R73; PEBD pull 2026-09-27 (workbook updated 2025-11-13); attribution: The Planetary Society; conventions in 07 FINDINGS R73
planetary_society_pebd_mission_costs,Mission Costs,2018,MER,12.5,USD millions (nominal),,PEBD sheet 'Mission Costs' cell AJ64,R73; PEBD pull 2026-09-27 (workbook updated 2025-11-13); attribution: The Planetary Society; conventions in 07 FINDINGS R73
planetary_society_pebd_mission_costs,Mission Costs,2018,MOMA,12.9,USD millions (nominal),,PEBD sheet 'Mission Costs' cell AL64,R73; PEBD pull 2026-09-27 (workbook updated 2025-11-13); attribution: The Planetary Society; conventions in 07 FINDINGS R73
planetary_society_pebd_mission_costs,Mission Costs,2018,MRO,26.3,USD millions (nominal),,PEBD sheet 'Mission Costs' cell AN64,R73; PEBD pull 2026-09-27 (workbook updated 2025-11-13); attribution: The Planetary Society; conventions in 07 FINDINGS R73
planetary_society_pebd_mission_costs,Mission Costs,2018,MSL Curiosity,51.4,USD millions (nominal),,PEBD sheet 'Mission Costs' cell AO64,R73; PEBD pull 2026-09-27 (workbook updated 2025-11-13); attribution: The Planetary Society; conventions in 07 FINDINGS R73
planetary_society_pebd_mission_costs,Mission Costs,2018,New Horizons,12,USD millions (nominal),,PEBD sheet 'Mission Costs' cell AR64,R73; PEBD pull 2026-09-27 (workbook updated 2025-11-13); attribution: The Planetary Society; conventions in 07 FINDINGS R73
planetary_society_pebd_mission_costs,Mission Costs,2018,OSIRIS-REx,42.8,USD millions (nominal),,PEBD sheet 'Mission Costs' cell AS64,R73; PEBD pull 2026-09-27 (workbook updated 2025-11-13); attribution: The Planetary Society; conventions in 07 FINDINGS R73
planetary_society_pebd_mission_costs,Mission Costs,2018,Psyche,42,USD millions (nominal),,PEBD sheet 'Mission Costs' cell AW64,R73; PEBD pull 2026-09-27 (workbook updated 2025-11-13); attribution: The Planetary Society; conventions in 07 FINDINGS R73
planetary_society_pebd_mission_costs,Mission Costs,2018,Voyager,5.6,USD millions (nominal),,PEBD sheet 'Mission Costs' cell BB64,R73; PEBD pull 2026-09-27 (workbook updated 2025-11-13); attribution: The Planetary Society; conventions in 07 FINDINGS R73
planetary_society_pebd_mission_costs,Mission Costs,2019,Cassini,3.9,USD millions (nominal),,PEBD sheet 'Mission Costs' cell C65,R73; PEBD pull 2026-09-27 (workbook updated 2025-11-13); attribution: The Planetary Society; conventions in 07 FINDINGS R73
planetary_society_pebd_mission_costs,Mission Costs,2019,DART,98,USD millions (nominal),,PEBD sheet 'Mission Costs' cell E65,R73; PEBD pull 2026-09-27 (workbook updated 2025-11-13); attribution: The Planetary Society; conventions in 07 FINDINGS R73
planetary_society_pebd_mission_costs,Mission Costs,2019,Dawn,0.2,USD millions (nominal),,PEBD sheet 'Mission Costs' cell G65,R73; PEBD pull 2026-09-27 (workbook updated 2025-11-13); attribution: The Planetary Society; conventions in 07 FINDINGS R73
planetary_society_pebd_mission_costs,Mission Costs,2019,Dragonfly,8,USD millions (nominal),,PEBD sheet 'Mission Costs' cell J65,R73; PEBD pull 2026-09-27 (workbook updated 2025-11-13); attribution: The Planetary Society; conventions in 07 FINDINGS R73
planetary_society_pebd_mission_costs,Mission Costs,2019,Europa Clipper,545,USD millions (nominal),,PEBD sheet 'Mission Costs' cell K65,R73; PEBD pull 2026-09-27 (workbook updated 2025-11-13); attribution: The Planetary Society; conventions in 07 FINDINGS R73
planetary_society_pebd_mission_costs,Mission Costs,2019,InSight,23.1,USD millions (nominal),,PEBD sheet 'Mission Costs' cell O65,R73; PEBD pull 2026-09-27 (workbook updated 2025-11-13); attribution: The Planetary Society; conventions in 07 FINDINGS R73
planetary_society_pebd_mission_costs,Mission Costs,2019,Juno,11.8,USD millions (nominal),,PEBD sheet 'Mission Costs' cell P65,R73; PEBD pull 2026-09-27 (workbook updated 2025-11-13); attribution: The Planetary Society; conventions in 07 FINDINGS R73
planetary_society_pebd_mission_costs,Mission Costs,2019,Lucy,165.5,USD millions (nominal),,PEBD sheet 'Mission Costs' cell R65,R73; PEBD pull 2026-09-27 (workbook updated 2025-11-13); attribution: The Planetary Society; conventions in 07 FINDINGS R73
planetary_society_pebd_mission_costs,Mission Costs,2019,Mars Odyssey*,11.5,USD millions (nominal),,PEBD sheet 'Mission Costs' cell AE65,R73; PEBD pull 2026-09-27 (workbook updated 2025-11-13); attribution: The Planetary Society; conventions in 07 FINDINGS R73
planetary_society_pebd_mission_costs,Mission Costs,2019,Mars Perseverance,515.3,USD millions (nominal),,PEBD sheet 'Mission Costs' cell AG65,R73; PEBD pull 2026-09-27 (workbook updated 2025-11-13); attribution: The Planetary Society; conventions in 07 FINDINGS R73
planetary_society_pebd_mission_costs,Mission Costs,2019,MAVEN,17.9,USD millions (nominal),,PEBD sheet 'Mission Costs' cell AH65,R73; PEBD pull 2026-09-27 (workbook updated 2025-11-13); attribution: The Planetary Society; conventions in 07 FINDINGS R73
planetary_society_pebd_mission_costs,Mission Costs,2019,MER,3.6,USD millions (nominal),,PEBD sheet 'Mission Costs' cell AJ65,R73; PEBD pull 2026-09-27 (workbook updated 2025-11-13); attribution: The Planetary Society; conventions in 07 FINDINGS R73
planetary_society_pebd_mission_costs,Mission Costs,2019,MOMA,6.9,USD millions (nominal),,PEBD sheet 'Mission Costs' cell AL65,R73; PEBD pull 2026-09-27 (workbook updated 2025-11-13); attribution: The Planetary Society; conventions in 07 FINDINGS R73
planetary_society_pebd_mission_costs,Mission Costs,2019,MRO,26,USD millions (nominal),,PEBD sheet 'Mission Costs' cell AN65,R73; PEBD pull 2026-09-27 (workbook updated 2025-11-13); attribution: The Planetary Society; conventions in 07 FINDINGS R73
planetary_society_pebd_mission_costs,Mission Costs,2019,MSL Curiosity,51.1,USD millions (nominal),,PEBD sheet 'Mission Costs' cell AO65,R73; PEBD pull 2026-09-27 (workbook updated 2025-11-13); attribution: The Planetary Society; conventions in 07 FINDINGS R73
planetary_society_pebd_mission_costs,Mission Costs,2019,NEO Surveyor,12,USD millions (nominal),,PEBD sheet 'Mission Costs' cell AQ65,R73; PEBD pull 2026-09-27 (workbook updated 2025-11-13); attribution: The Planetary Society; conventions in 07 FINDINGS R73
planetary_society_pebd_mission_costs,Mission Costs,2019,New Horizons,12.7,USD millions (nominal),,PEBD sheet 'Mission Costs' cell AR65,R73; PEBD pull 2026-09-27 (workbook updated 2025-11-13); attribution: The Planetary Society; conventions in 07 FINDINGS R73
planetary_society_pebd_mission_costs,Mission Costs,2019,OSIRIS-REx,50.3,USD millions (nominal),,PEBD sheet 'Mission Costs' cell AS65,R73; PEBD pull 2026-09-27 (workbook updated 2025-11-13); attribution: The Planetary Society; conventions in 07 FINDINGS R73
planetary_society_pebd_mission_costs,Mission Costs,2019,Psyche,174.2,USD millions (nominal),,PEBD sheet 'Mission Costs' cell AW65,R73; PEBD pull 2026-09-27 (workbook updated 2025-11-13); attribution: The Planetary Society; conventions in 07 FINDINGS R73
planetary_society_pebd_mission_costs,Mission Costs,2019,VIPER,39.7,USD millions (nominal),,PEBD sheet 'Mission Costs' cell BA65,R73; PEBD pull 2026-09-27 (workbook updated 2025-11-13); attribution: The Planetary Society; conventions in 07 FINDINGS R73
planetary_society_pebd_mission_costs,Mission Costs,2019,Voyager,5.8,USD millions (nominal),,PEBD sheet 'Mission Costs' cell BB65,R73; PEBD pull 2026-09-27 (workbook updated 2025-11-13); attribution: The Planetary Society; conventions in 07 FINDINGS R73
planetary_society_pebd_mission_costs,Mission Costs,2020,DART,72.4,USD millions (nominal),,PEBD sheet 'Mission Costs' cell E66,R73; PEBD pull 2026-09-27 (workbook updated 2025-11-13); attribution: The Planetary Society; conventions in 07 FINDINGS R73
planetary_society_pebd_mission_costs,Mission Costs,2020,Dragonfly,41,USD millions (nominal),,PEBD sheet 'Mission Costs' cell J66,R73; PEBD pull 2026-09-27 (workbook updated 2025-11-13); attribution: The Planetary Society; conventions in 07 FINDINGS R73
planetary_society_pebd_mission_costs,Mission Costs,2020,Europa Clipper,592.6,USD millions (nominal),,PEBD sheet 'Mission Costs' cell K66,R73; PEBD pull 2026-09-27 (workbook updated 2025-11-13); attribution: The Planetary Society; conventions in 07 FINDINGS R73
planetary_society_pebd_mission_costs,Mission Costs,2020,InSight,13.6,USD millions (nominal),,PEBD sheet 'Mission Costs' cell O66,R73; PEBD pull 2026-09-27 (workbook updated 2025-11-13); attribution: The Planetary Society; conventions in 07 FINDINGS R73
planetary_society_pebd_mission_costs,Mission Costs,2020,Juno,33.8,USD millions (nominal),,PEBD sheet 'Mission Costs' cell P66,R73; PEBD pull 2026-09-27 (workbook updated 2025-11-13); attribution: The Planetary Society; conventions in 07 FINDINGS R73
planetary_society_pebd_mission_costs,Mission Costs,2020,Lucy,208.6,USD millions (nominal),,PEBD sheet 'Mission Costs' cell R66,R73; PEBD pull 2026-09-27 (workbook updated 2025-11-13); attribution: The Planetary Society; conventions in 07 FINDINGS R73
planetary_society_pebd_mission_costs,Mission Costs,2020,Mars Odyssey*,11.7,USD millions (nominal),,PEBD sheet 'Mission Costs' cell AE66,R73; PEBD pull 2026-09-27 (workbook updated 2025-11-13); attribution: The Planetary Society; conventions in 07 FINDINGS R73
planetary_society_pebd_mission_costs,Mission Costs,2020,Mars Perseverance,353,USD millions (nominal),,PEBD sheet 'Mission Costs' cell AG66,R73; PEBD pull 2026-09-27 (workbook updated 2025-11-13); attribution: The Planetary Society; conventions in 07 FINDINGS R73
planetary_society_pebd_mission_costs,Mission Costs,2020,MAVEN,20.5,USD millions (nominal),,PEBD sheet 'Mission Costs' cell AH66,R73; PEBD pull 2026-09-27 (workbook updated 2025-11-13); attribution: The Planetary Society; conventions in 07 FINDINGS R73
planetary_society_pebd_mission_costs,Mission Costs,2020,MOMA,7.3,USD millions (nominal),,PEBD sheet 'Mission Costs' cell AL66,R73; PEBD pull 2026-09-27 (workbook updated 2025-11-13); attribution: The Planetary Society; conventions in 07 FINDINGS R73
planetary_society_pebd_mission_costs,Mission Costs,2020,MRO,26.9,USD millions (nominal),,PEBD sheet 'Mission Costs' cell AN66,R73; PEBD pull 2026-09-27 (workbook updated 2025-11-13); attribution: The Planetary Society; conventions in 07 FINDINGS R73
planetary_society_pebd_mission_costs,Mission Costs,2020,MSL Curiosity,47,USD millions (nominal),,PEBD sheet 'Mission Costs' cell AO66,R73; PEBD pull 2026-09-27 (workbook updated 2025-11-13); attribution: The Planetary Society; conventions in 07 FINDINGS R73
planetary_society_pebd_mission_costs,Mission Costs,2020,NEO Surveyor,30.3,USD millions (nominal),,PEBD sheet 'Mission Costs' cell AQ66,R73; PEBD pull 2026-09-27 (workbook updated 2025-11-13); attribution: The Planetary Society; conventions in 07 FINDINGS R73
planetary_society_pebd_mission_costs,Mission Costs,2020,New Horizons,17.3,USD millions (nominal),,PEBD sheet 'Mission Costs' cell AR66,R73; PEBD pull 2026-09-27 (workbook updated 2025-11-13); attribution: The Planetary Society; conventions in 07 FINDINGS R73
planetary_society_pebd_mission_costs,Mission Costs,2020,OSIRIS-REx,37.1,USD millions (nominal),,PEBD sheet 'Mission Costs' cell AS66,R73; PEBD pull 2026-09-27 (workbook updated 2025-11-13); attribution: The Planetary Society; conventions in 07 FINDINGS R73
planetary_society_pebd_mission_costs,Mission Costs,2020,Psyche,214,USD millions (nominal),,PEBD sheet 'Mission Costs' cell AW66,R73; PEBD pull 2026-09-27 (workbook updated 2025-11-13); attribution: The Planetary Society; conventions in 07 FINDINGS R73
planetary_society_pebd_mission_costs,Mission Costs,2020,VIPER,54.9,USD millions (nominal),,PEBD sheet 'Mission Costs' cell BA66,R73; PEBD pull 2026-09-27 (workbook updated 2025-11-13); attribution: The Planetary Society; conventions in 07 FINDINGS R73
planetary_society_pebd_mission_costs,Mission Costs,2020,Voyager,6.7,USD millions (nominal),,PEBD sheet 'Mission Costs' cell BB66,R73; PEBD pull 2026-09-27 (workbook updated 2025-11-13); attribution: The Planetary Society; conventions in 07 FINDINGS R73
planetary_society_pebd_mission_costs,Mission Costs,2021,DART,75.5,USD millions (nominal),,PEBD sheet 'Mission Costs' cell E67,R73; PEBD pull 2026-09-27 (workbook updated 2025-11-13); attribution: The Planetary Society; conventions in 07 FINDINGS R73
planetary_society_pebd_mission_costs,Mission Costs,2021,DAVINCI,3.5,USD millions (nominal),,PEBD sheet 'Mission Costs' cell F67,R73; PEBD pull 2026-09-27 (workbook updated 2025-11-13); attribution: The Planetary Society; conventions in 07 FINDINGS R73
planetary_society_pebd_mission_costs,Mission Costs,2021,Dragonfly,86,USD millions (nominal),,PEBD sheet 'Mission Costs' cell J67,R73; PEBD pull 2026-09-27 (workbook updated 2025-11-13); attribution: The Planetary Society; conventions in 07 FINDINGS R73
planetary_society_pebd_mission_costs,Mission Costs,2021,Europa Clipper,434.8,USD millions (nominal),,PEBD sheet 'Mission Costs' cell K67,R73; PEBD pull 2026-09-27 (workbook updated 2025-11-13); attribution: The Planetary Society; conventions in 07 FINDINGS R73
planetary_society_pebd_mission_costs,Mission Costs,2021,InSight,14.9,USD millions (nominal),,PEBD sheet 'Mission Costs' cell O67,R73; PEBD pull 2026-09-27 (workbook updated 2025-11-13); attribution: The Planetary Society; conventions in 07 FINDINGS R73
planetary_society_pebd_mission_costs,Mission Costs,2021,Juno,35,USD millions (nominal),,PEBD sheet 'Mission Costs' cell P67,R73; PEBD pull 2026-09-27 (workbook updated 2025-11-13); attribution: The Planetary Society; conventions in 07 FINDINGS R73
planetary_society_pebd_mission_costs,Mission Costs,2021,Lucy,139.9,USD millions (nominal),,PEBD sheet 'Mission Costs' cell R67,R73; PEBD pull 2026-09-27 (workbook updated 2025-11-13); attribution: The Planetary Society; conventions in 07 FINDINGS R73
planetary_society_pebd_mission_costs,Mission Costs,2021,Mars Odyssey*,11.4,USD millions (nominal),,PEBD sheet 'Mission Costs' cell AE67,R73; PEBD pull 2026-09-27 (workbook updated 2025-11-13); attribution: The Planetary Society; conventions in 07 FINDINGS R73
planetary_society_pebd_mission_costs,Mission Costs,2021,Mars Perseverance,155,USD millions (nominal),,PEBD sheet 'Mission Costs' cell AG67,R73; PEBD pull 2026-09-27 (workbook updated 2025-11-13); attribution: The Planetary Society; conventions in 07 FINDINGS R73
planetary_society_pebd_mission_costs,Mission Costs,2021,MAVEN,21,USD millions (nominal),,PEBD sheet 'Mission Costs' cell AH67,R73; PEBD pull 2026-09-27 (workbook updated 2025-11-13); attribution: The Planetary Society; conventions in 07 FINDINGS R73
planetary_society_pebd_mission_costs,Mission Costs,2021,MOMA,5.1,USD millions (nominal),,PEBD sheet 'Mission Costs' cell AL67,R73; PEBD pull 2026-09-27 (workbook updated 2025-11-13); attribution: The Planetary Society; conventions in 07 FINDINGS R73
planetary_society_pebd_mission_costs,Mission Costs,2021,MRO,28.3,USD millions (nominal),,PEBD sheet 'Mission Costs' cell AN67,R73; PEBD pull 2026-09-27 (workbook updated 2025-11-13); attribution: The Planetary Society; conventions in 07 FINDINGS R73
planetary_society_pebd_mission_costs,Mission Costs,2021,MSL Curiosity,48.9,USD millions (nominal),,PEBD sheet 'Mission Costs' cell AO67,R73; PEBD pull 2026-09-27 (workbook updated 2025-11-13); attribution: The Planetary Society; conventions in 07 FINDINGS R73
planetary_society_pebd_mission_costs,Mission Costs,2021,NEO Surveyor,31.3,USD millions (nominal),,PEBD sheet 'Mission Costs' cell AQ67,R73; PEBD pull 2026-09-27 (workbook updated 2025-11-13); attribution: The Planetary Society; conventions in 07 FINDINGS R73
planetary_society_pebd_mission_costs,Mission Costs,2021,New Horizons,12.5,USD millions (nominal),,PEBD sheet 'Mission Costs' cell AR67,R73; PEBD pull 2026-09-27 (workbook updated 2025-11-13); attribution: The Planetary Society; conventions in 07 FINDINGS R73
planetary_society_pebd_mission_costs,Mission Costs,2021,OSIRIS-REx,10.4,USD millions (nominal),,PEBD sheet 'Mission Costs' cell AS67,R73; PEBD pull 2026-09-27 (workbook updated 2025-11-13); attribution: The Planetary Society; conventions in 07 FINDINGS R73
planetary_society_pebd_mission_costs,Mission Costs,2021,Psyche,175.6,USD millions (nominal),,PEBD sheet 'Mission Costs' cell AW67,R73; PEBD pull 2026-09-27 (workbook updated 2025-11-13); attribution: The Planetary Society; conventions in 07 FINDINGS R73
planetary_society_pebd_mission_costs,Mission Costs,2021,VERITAS,6.5,USD millions (nominal),,PEBD sheet 'Mission Costs' cell AY67,R73; PEBD pull 2026-09-27 (workbook updated 2025-11-13); attribution: The Planetary Society; conventions in 07 FINDINGS R73
planetary_society_pebd_mission_costs,Mission Costs,2021,VIPER,99.1,USD millions (nominal),,PEBD sheet 'Mission Costs' cell BA67,R73; PEBD pull 2026-09-27 (workbook updated 2025-11-13); attribution: The Planetary Society; conventions in 07 FINDINGS R73
planetary_society_pebd_mission_costs,Mission Costs,2021,Voyager,6.5,USD millions (nominal),,PEBD sheet 'Mission Costs' cell BB67,R73; PEBD pull 2026-09-27 (workbook updated 2025-11-13); attribution: The Planetary Society; conventions in 07 FINDINGS R73
planetary_society_pebd_mission_costs,Mission Costs,2022,DART,13.8,USD millions (nominal),,PEBD sheet 'Mission Costs' cell E68,R73; PEBD pull 2026-09-27 (workbook updated 2025-11-13); attribution: The Planetary Society; conventions in 07 FINDINGS R73
planetary_society_pebd_mission_costs,Mission Costs,2022,DAVINCI,12.4,USD millions (nominal),,PEBD sheet 'Mission Costs' cell F68,R73; PEBD pull 2026-09-27 (workbook updated 2025-11-13); attribution: The Planetary Society; conventions in 07 FINDINGS R73
planetary_society_pebd_mission_costs,Mission Costs,2022,Dragonfly,219.1,USD millions (nominal),,PEBD sheet 'Mission Costs' cell J68,R73; PEBD pull 2026-09-27 (workbook updated 2025-11-13); attribution: The Planetary Society; conventions in 07 FINDINGS R73
planetary_society_pebd_mission_costs,Mission Costs,2022,Europa Clipper,472.1,USD millions (nominal),,PEBD sheet 'Mission Costs' cell K68,R73; PEBD pull 2026-09-27 (workbook updated 2025-11-13); attribution: The Planetary Society; conventions in 07 FINDINGS R73
planetary_society_pebd_mission_costs,Mission Costs,2022,InSight,11.4,USD millions (nominal),,PEBD sheet 'Mission Costs' cell O68,R73; PEBD pull 2026-09-27 (workbook updated 2025-11-13); attribution: The Planetary Society; conventions in 07 FINDINGS R73
planetary_society_pebd_mission_costs,Mission Costs,2022,Juno,31.8,USD millions (nominal),,PEBD sheet 'Mission Costs' cell P68,R73; PEBD pull 2026-09-27 (workbook updated 2025-11-13); attribution: The Planetary Society; conventions in 07 FINDINGS R73
planetary_society_pebd_mission_costs,Mission Costs,2022,Lucy,44.6,USD millions (nominal),,PEBD sheet 'Mission Costs' cell R68,R73; PEBD pull 2026-09-27 (workbook updated 2025-11-13); attribution: The Planetary Society; conventions in 07 FINDINGS R73
planetary_society_pebd_mission_costs,Mission Costs,2022,Mars Odyssey*,10.6,USD millions (nominal),,PEBD sheet 'Mission Costs' cell AE68,R73; PEBD pull 2026-09-27 (workbook updated 2025-11-13); attribution: The Planetary Society; conventions in 07 FINDINGS R73
planetary_society_pebd_mission_costs,Mission Costs,2022,Mars Perseverance,109.6,USD millions (nominal),,PEBD sheet 'Mission Costs' cell AG68,R73; PEBD pull 2026-09-27 (workbook updated 2025-11-13); attribution: The Planetary Society; conventions in 07 FINDINGS R73
planetary_society_pebd_mission_costs,Mission Costs,2022,MAVEN,22,USD millions (nominal),,PEBD sheet 'Mission Costs' cell AH68,R73; PEBD pull 2026-09-27 (workbook updated 2025-11-13); attribution: The Planetary Society; conventions in 07 FINDINGS R73
planetary_society_pebd_mission_costs,Mission Costs,2022,MOMA,3.4,USD millions (nominal),,PEBD sheet 'Mission Costs' cell AL68,R73; PEBD pull 2026-09-27 (workbook updated 2025-11-13); attribution: The Planetary Society; conventions in 07 FINDINGS R73
planetary_society_pebd_mission_costs,Mission Costs,2022,MRO,24.4,USD millions (nominal),,PEBD sheet 'Mission Costs' cell AN68,R73; PEBD pull 2026-09-27 (workbook updated 2025-11-13); attribution: The Planetary Society; conventions in 07 FINDINGS R73
planetary_society_pebd_mission_costs,Mission Costs,2022,MSL Curiosity,43.3,USD millions (nominal),,PEBD sheet 'Mission Costs' cell AO68,R73; PEBD pull 2026-09-27 (workbook updated 2025-11-13); attribution: The Planetary Society; conventions in 07 FINDINGS R73
planetary_society_pebd_mission_costs,Mission Costs,2022,NEO Surveyor,110,USD millions (nominal),,PEBD sheet 'Mission Costs' cell AQ68,R73; PEBD pull 2026-09-27 (workbook updated 2025-11-13); attribution: The Planetary Society; conventions in 07 FINDINGS R73
planetary_society_pebd_mission_costs,Mission Costs,2022,New Horizons,9.5,USD millions (nominal),,PEBD sheet 'Mission Costs' cell AR68,R73; PEBD pull 2026-09-27 (workbook updated 2025-11-13); attribution: The Planetary Society; conventions in 07 FINDINGS R73
planetary_society_pebd_mission_costs,Mission Costs,2022,OSIRIS-REx,12.5,USD millions (nominal),,PEBD sheet 'Mission Costs' cell AS68,R73; PEBD pull 2026-09-27 (workbook updated 2025-11-13); attribution: The Planetary Society; conventions in 07 FINDINGS R73
planetary_society_pebd_mission_costs,Mission Costs,2022,Psyche,163.8,USD millions (nominal),,PEBD sheet 'Mission Costs' cell AW68,R73; PEBD pull 2026-09-27 (workbook updated 2025-11-13); attribution: The Planetary Society; conventions in 07 FINDINGS R73
planetary_society_pebd_mission_costs,Mission Costs,2022,VERITAS,14.4,USD millions (nominal),,PEBD sheet 'Mission Costs' cell AY68,R73; PEBD pull 2026-09-27 (workbook updated 2025-11-13); attribution: The Planetary Society; conventions in 07 FINDINGS R73
planetary_society_pebd_mission_costs,Mission Costs,2022,VIPER,112.2,USD millions (nominal),,PEBD sheet 'Mission Costs' cell BA68,R73; PEBD pull 2026-09-27 (workbook updated 2025-11-13); attribution: The Planetary Society; conventions in 07 FINDINGS R73
planetary_society_pebd_mission_costs,Mission Costs,2022,Voyager,5.6,USD millions (nominal),,PEBD sheet 'Mission Costs' cell BB68,R73; PEBD pull 2026-09-27 (workbook updated 2025-11-13); attribution: The Planetary Society; conventions in 07 FINDINGS R73
planetary_society_pebd_mission_costs,Mission Costs,2023,DART,3.1,USD millions (nominal),,PEBD sheet 'Mission Costs' cell E69,R73; PEBD pull 2026-09-27 (workbook updated 2025-11-13); attribution: The Planetary Society; conventions in 07 FINDINGS R73
planetary_society_pebd_mission_costs,Mission Costs,2023,DAVINCI,20.2,USD millions (nominal),,PEBD sheet 'Mission Costs' cell F69,R73; PEBD pull 2026-09-27 (workbook updated 2025-11-13); attribution: The Planetary Society; conventions in 07 FINDINGS R73
planetary_society_pebd_mission_costs,Mission Costs,2023,Dragonfly,400.1,USD millions (nominal),,PEBD sheet 'Mission Costs' cell J69,R73; PEBD pull 2026-09-27 (workbook updated 2025-11-13); attribution: The Planetary Society; conventions in 07 FINDINGS R73
planetary_society_pebd_mission_costs,Mission Costs,2023,Europa Clipper,345,USD millions (nominal),,PEBD sheet 'Mission Costs' cell K69,R73; PEBD pull 2026-09-27 (workbook updated 2025-11-13); attribution: The Planetary Society; conventions in 07 FINDINGS R73
planetary_society_pebd_mission_costs,Mission Costs,2023,InSight,0.3,USD millions (nominal),TRUE,PEBD sheet 'Mission Costs' cell O69,R73; PEBD pull 2026-09-27 (workbook updated 2025-11-13); attribution: The Planetary Society; conventions in 07 FINDINGS R73
planetary_society_pebd_mission_costs,Mission Costs,2023,Juno,30.5,USD millions (nominal),,PEBD sheet 'Mission Costs' cell P69,R73; PEBD pull 2026-09-27 (workbook updated 2025-11-13); attribution: The Planetary Society; conventions in 07 FINDINGS R73
planetary_society_pebd_mission_costs,Mission Costs,2023,Lucy,18.9,USD millions (nominal),,PEBD sheet 'Mission Costs' cell R69,R73; PEBD pull 2026-09-27 (workbook updated 2025-11-13); attribution: The Planetary Society; conventions in 07 FINDINGS R73
planetary_society_pebd_mission_costs,Mission Costs,2023,Mars Odyssey*,11.2,USD millions (nominal),,PEBD sheet 'Mission Costs' cell AE69,R73; PEBD pull 2026-09-27 (workbook updated 2025-11-13); attribution: The Planetary Society; conventions in 07 FINDINGS R73
planetary_society_pebd_mission_costs,Mission Costs,2023,Mars Perseverance,91.1,USD millions (nominal),,PEBD sheet 'Mission Costs' cell AG69,R73; PEBD pull 2026-09-27 (workbook updated 2025-11-13); attribution: The Planetary Society; conventions in 07 FINDINGS R73
planetary_society_pebd_mission_costs,Mission Costs,2023,MAVEN,22.5,USD millions (nominal),,PEBD sheet 'Mission Costs' cell AH69,R73; PEBD pull 2026-09-27 (workbook updated 2025-11-13); attribution: The Planetary Society; conventions in 07 FINDINGS R73
planetary_society_pebd_mission_costs,Mission Costs,2023,MOMA,3.4,USD millions (nominal),,PEBD sheet 'Mission Costs' cell AL69,R73; PEBD pull 2026-09-27 (workbook updated 2025-11-13); attribution: The Planetary Society; conventions in 07 FINDINGS R73
planetary_society_pebd_mission_costs,Mission Costs,2023,MRO,25.5,USD millions (nominal),,PEBD sheet 'Mission Costs' cell AN69,R73; PEBD pull 2026-09-27 (workbook updated 2025-11-13); attribution: The Planetary Society; conventions in 07 FINDINGS R73
planetary_society_pebd_mission_costs,Mission Costs,2023,MSL Curiosity,42.1,USD millions (nominal),,PEBD sheet 'Mission Costs' cell AO69,R73; PEBD pull 2026-09-27 (workbook updated 2025-11-13); attribution: The Planetary Society; conventions in 07 FINDINGS R73
planetary_society_pebd_mission_costs,Mission Costs,2023,NEO Surveyor,90,USD millions (nominal),,PEBD sheet 'Mission Costs' cell AQ69,R73; PEBD pull 2026-09-27 (workbook updated 2025-11-13); attribution: The Planetary Society; conventions in 07 FINDINGS R73
planetary_society_pebd_mission_costs,Mission Costs,2023,New Horizons,10.4,USD millions (nominal),,PEBD sheet 'Mission Costs' cell AR69,R73; PEBD pull 2026-09-27 (workbook updated 2025-11-13); attribution: The Planetary Society; conventions in 07 FINDINGS R73
planetary_society_pebd_mission_costs,Mission Costs,2023,OSIRIS-REx,30.7,USD millions (nominal),,PEBD sheet 'Mission Costs' cell AS69,R73; PEBD pull 2026-09-27 (workbook updated 2025-11-13); attribution: The Planetary Society; conventions in 07 FINDINGS R73
planetary_society_pebd_mission_costs,Mission Costs,2023,Psyche,109.3,USD millions (nominal),,PEBD sheet 'Mission Costs' cell AW69,R73; PEBD pull 2026-09-27 (workbook updated 2025-11-13); attribution: The Planetary Society; conventions in 07 FINDINGS R73
planetary_society_pebd_mission_costs,Mission Costs,2023,VERITAS,9.5,USD millions (nominal),,PEBD sheet 'Mission Costs' cell AY69,R73; PEBD pull 2026-09-27 (workbook updated 2025-11-13); attribution: The Planetary Society; conventions in 07 FINDINGS R73
planetary_society_pebd_mission_costs,Mission Costs,2023,VIPER,97.2,USD millions (nominal),,PEBD sheet 'Mission Costs' cell BA69,R73; PEBD pull 2026-09-27 (workbook updated 2025-11-13); attribution: The Planetary Society; conventions in 07 FINDINGS R73
planetary_society_pebd_mission_costs,Mission Costs,2023,Voyager,6.5,USD millions (nominal),,PEBD sheet 'Mission Costs' cell BB69,R73; PEBD pull 2026-09-27 (workbook updated 2025-11-13); attribution: The Planetary Society; conventions in 07 FINDINGS R73
planetary_society_pebd_mission_costs,Mission Costs,2024,DAVINCI,30.3,USD millions (nominal),,PEBD sheet 'Mission Costs' cell F70,R73; PEBD pull 2026-09-27 (workbook updated 2025-11-13); attribution: The Planetary Society; conventions in 07 FINDINGS R73
planetary_society_pebd_mission_costs,Mission Costs,2024,Dragonfly,360,USD millions (nominal),,PEBD sheet 'Mission Costs' cell J70,R73; PEBD pull 2026-09-27 (workbook updated 2025-11-13); attribution: The Planetary Society; conventions in 07 FINDINGS R73
planetary_society_pebd_mission_costs,Mission Costs,2024,Europa Clipper,339.9,USD millions (nominal),,PEBD sheet 'Mission Costs' cell K70,R73; PEBD pull 2026-09-27 (workbook updated 2025-11-13); attribution: The Planetary Society; conventions in 07 FINDINGS R73
planetary_society_pebd_mission_costs,Mission Costs,2024,Juno,28.4,USD millions (nominal),,PEBD sheet 'Mission Costs' cell P70,R73; PEBD pull 2026-09-27 (workbook updated 2025-11-13); attribution: The Planetary Society; conventions in 07 FINDINGS R73
planetary_society_pebd_mission_costs,Mission Costs,2024,Lucy,25.6,USD millions (nominal),,PEBD sheet 'Mission Costs' cell R70,R73; PEBD pull 2026-09-27 (workbook updated 2025-11-13); attribution: The Planetary Society; conventions in 07 FINDINGS R73
planetary_society_pebd_mission_costs,Mission Costs,2024,Mars Odyssey*,10.6,USD millions (nominal),,PEBD sheet 'Mission Costs' cell AE70,R73; PEBD pull 2026-09-27 (workbook updated 2025-11-13); attribution: The Planetary Society; conventions in 07 FINDINGS R73
planetary_society_pebd_mission_costs,Mission Costs,2024,Mars Perseverance,87.5,USD millions (nominal),,PEBD sheet 'Mission Costs' cell AG70,R73; PEBD pull 2026-09-27 (workbook updated 2025-11-13); attribution: The Planetary Society; conventions in 07 FINDINGS R73
planetary_society_pebd_mission_costs,Mission Costs,2024,MAVEN,22.5,USD millions (nominal),,PEBD sheet 'Mission Costs' cell AH70,R73; PEBD pull 2026-09-27 (workbook updated 2025-11-13); attribution: The Planetary Society; conventions in 07 FINDINGS R73
planetary_society_pebd_mission_costs,Mission Costs,2024,MRO,25.1,USD millions (nominal),,PEBD sheet 'Mission Costs' cell AN70,R73; PEBD pull 2026-09-27 (workbook updated 2025-11-13); attribution: The Planetary Society; conventions in 07 FINDINGS R73
planetary_society_pebd_mission_costs,Mission Costs,2024,MSL Curiosity,40,USD millions (nominal),,PEBD sheet 'Mission Costs' cell AO70,R73; PEBD pull 2026-09-27 (workbook updated 2025-11-13); attribution: The Planetary Society; conventions in 07 FINDINGS R73
planetary_society_pebd_mission_costs,Mission Costs,2024,NEO Surveyor,255.7,USD millions (nominal),,PEBD sheet 'Mission Costs' cell AQ70,R73; PEBD pull 2026-09-27 (workbook updated 2025-11-13); attribution: The Planetary Society; conventions in 07 FINDINGS R73
planetary_society_pebd_mission_costs,Mission Costs,2024,New Horizons,9.7,USD millions (nominal),,PEBD sheet 'Mission Costs' cell AR70,R73; PEBD pull 2026-09-27 (workbook updated 2025-11-13); attribution: The Planetary Society; conventions in 07 FINDINGS R73
planetary_society_pebd_mission_costs,Mission Costs,2024,OSIRIS-REx,16.8,USD millions (nominal),,PEBD sheet 'Mission Costs' cell AS70,R73; PEBD pull 2026-09-27 (workbook updated 2025-11-13); attribution: The Planetary Society; conventions in 07 FINDINGS R73
planetary_society_pebd_mission_costs,Mission Costs,2024,Psyche,57.7,USD millions (nominal),,PEBD sheet 'Mission Costs' cell AW70,R73; PEBD pull 2026-09-27 (workbook updated 2025-11-13); attribution: The Planetary Society; conventions in 07 FINDINGS R73
planetary_society_pebd_mission_costs,Mission Costs,2024,VERITAS,5,USD millions (nominal),,PEBD sheet 'Mission Costs' cell AY70,R73; PEBD pull 2026-09-27 (workbook updated 2025-11-13); attribution: The Planetary Society; conventions in 07 FINDINGS R73
planetary_society_pebd_mission_costs,Mission Costs,2024,VIPER,89.3,USD millions (nominal),,PEBD sheet 'Mission Costs' cell BA70,R73; PEBD pull 2026-09-27 (workbook updated 2025-11-13); attribution: The Planetary Society; conventions in 07 FINDINGS R73
planetary_society_pebd_mission_costs,Mission Costs,2024,Voyager,7.8,USD millions (nominal),,PEBD sheet 'Mission Costs' cell BB70,R73; PEBD pull 2026-09-27 (workbook updated 2025-11-13); attribution: The Planetary Society; conventions in 07 FINDINGS R73
planetary_society_pebd_mission_costs,Mission Costs,2025,"(no header, column A)",Estimates,,,PEBD sheet 'Mission Costs' cell A71,R73; PEBD pull 2026-09-27 (workbook updated 2025-11-13); attribution: The Planetary Society; conventions in 07 FINDINGS R73
planetary_society_pebd_mission_costs,Mission Costs,2025,DAVINCI,40.1,USD millions (nominal),TRUE,PEBD sheet 'Mission Costs' cell F71,R73; PEBD pull 2026-09-27 (workbook updated 2025-11-13); attribution: The Planetary Society; conventions in 07 FINDINGS R73
planetary_society_pebd_mission_costs,Mission Costs,2025,Dragonfly,434.6,USD millions (nominal),,PEBD sheet 'Mission Costs' cell J71,R73; PEBD pull 2026-09-27 (workbook updated 2025-11-13); attribution: The Planetary Society; conventions in 07 FINDINGS R73
planetary_society_pebd_mission_costs,Mission Costs,2025,Europa Clipper,101.2,USD millions (nominal),,PEBD sheet 'Mission Costs' cell K71,R73; PEBD pull 2026-09-27 (workbook updated 2025-11-13); attribution: The Planetary Society; conventions in 07 FINDINGS R73
planetary_society_pebd_mission_costs,Mission Costs,2025,Juno,26.2,USD millions (nominal),TRUE,PEBD sheet 'Mission Costs' cell P71,R73; PEBD pull 2026-09-27 (workbook updated 2025-11-13); attribution: The Planetary Society; conventions in 07 FINDINGS R73
planetary_society_pebd_mission_costs,Mission Costs,2025,Lucy,25.9,USD millions (nominal),TRUE,PEBD sheet 'Mission Costs' cell R71,R73; PEBD pull 2026-09-27 (workbook updated 2025-11-13); attribution: The Planetary Society; conventions in 07 FINDINGS R73
planetary_society_pebd_mission_costs,Mission Costs,2025,Mars Odyssey*,11,USD millions (nominal),TRUE,PEBD sheet 'Mission Costs' cell AE71,R73; PEBD pull 2026-09-27 (workbook updated 2025-11-13); attribution: The Planetary Society; conventions in 07 FINDINGS R73
planetary_society_pebd_mission_costs,Mission Costs,2025,Mars Perseverance,85.5,USD millions (nominal),TRUE,PEBD sheet 'Mission Costs' cell AG71,R73; PEBD pull 2026-09-27 (workbook updated 2025-11-13); attribution: The Planetary Society; conventions in 07 FINDINGS R73
planetary_society_pebd_mission_costs,Mission Costs,2025,MAVEN,24,USD millions (nominal),TRUE,PEBD sheet 'Mission Costs' cell AH71,R73; PEBD pull 2026-09-27 (workbook updated 2025-11-13); attribution: The Planetary Society; conventions in 07 FINDINGS R73
planetary_society_pebd_mission_costs,Mission Costs,2025,MRO,25.4,USD millions (nominal),TRUE,PEBD sheet 'Mission Costs' cell AN71,R73; PEBD pull 2026-09-27 (workbook updated 2025-11-13); attribution: The Planetary Society; conventions in 07 FINDINGS R73
planetary_society_pebd_mission_costs,Mission Costs,2025,MSL Curiosity,53,USD millions (nominal),TRUE,PEBD sheet 'Mission Costs' cell AO71,R73; PEBD pull 2026-09-27 (workbook updated 2025-11-13); attribution: The Planetary Society; conventions in 07 FINDINGS R73
planetary_society_pebd_mission_costs,Mission Costs,2025,NEO Surveyor,235.6,USD millions (nominal),TRUE,PEBD sheet 'Mission Costs' cell AQ71,R73; PEBD pull 2026-09-27 (workbook updated 2025-11-13); attribution: The Planetary Society; conventions in 07 FINDINGS R73
planetary_society_pebd_mission_costs,Mission Costs,2025,New Horizons,10,USD millions (nominal),TRUE,PEBD sheet 'Mission Costs' cell AR71,R73; PEBD pull 2026-09-27 (workbook updated 2025-11-13); attribution: The Planetary Society; conventions in 07 FINDINGS R73
planetary_society_pebd_mission_costs,Mission Costs,2025,OSIRIS-REx,5.4,USD millions (nominal),TRUE,PEBD sheet 'Mission Costs' cell AS71,R73; PEBD pull 2026-09-27 (workbook updated 2025-11-13); attribution: The Planetary Society; conventions in 07 FINDINGS R73
planetary_society_pebd_mission_costs,Mission Costs,2025,Psyche,32.6,USD millions (nominal),TRUE,PEBD sheet 'Mission Costs' cell AW71,R73; PEBD pull 2026-09-27 (workbook updated 2025-11-13); attribution: The Planetary Society; conventions in 07 FINDINGS R73
planetary_society_pebd_mission_costs,Mission Costs,2025,VERITAS,36.1,USD millions (nominal),TRUE,PEBD sheet 'Mission Costs' cell AY71,R73; PEBD pull 2026-09-27 (workbook updated 2025-11-13); attribution: The Planetary Society; conventions in 07 FINDINGS R73
planetary_society_pebd_mission_costs,Mission Costs,2025,VIPER,17.3,USD millions (nominal),TRUE,PEBD sheet 'Mission Costs' cell BA71,R73; PEBD pull 2026-09-27 (workbook updated 2025-11-13); attribution: The Planetary Society; conventions in 07 FINDINGS R73
planetary_society_pebd_mission_costs,Mission Costs,2026,DAVINCI,0,USD millions (nominal),TRUE,PEBD sheet 'Mission Costs' cell F72,R73; PEBD pull 2026-09-27 (workbook updated 2025-11-13); attribution: The Planetary Society; conventions in 07 FINDINGS R73
planetary_society_pebd_mission_costs,Mission Costs,2026,Dragonfly,494.1,USD millions (nominal),,PEBD sheet 'Mission Costs' cell J72,R73; PEBD pull 2026-09-27 (workbook updated 2025-11-13); attribution: The Planetary Society; conventions in 07 FINDINGS R73
planetary_society_pebd_mission_costs,Mission Costs,2026,Europa Clipper,71.4,USD millions (nominal),,PEBD sheet 'Mission Costs' cell K72,R73; PEBD pull 2026-09-27 (workbook updated 2025-11-13); attribution: The Planetary Society; conventions in 07 FINDINGS R73
planetary_society_pebd_mission_costs,Mission Costs,2026,Juno,0,USD millions (nominal),TRUE,PEBD sheet 'Mission Costs' cell P72,R73; PEBD pull 2026-09-27 (workbook updated 2025-11-13); attribution: The Planetary Society; conventions in 07 FINDINGS R73
planetary_society_pebd_mission_costs,Mission Costs,2026,Lucy,28.1,USD millions (nominal),TRUE,PEBD sheet 'Mission Costs' cell R72,R73; PEBD pull 2026-09-27 (workbook updated 2025-11-13); attribution: The Planetary Society; conventions in 07 FINDINGS R73
planetary_society_pebd_mission_costs,Mission Costs,2026,Mars Odyssey*,0,USD millions (nominal),TRUE,PEBD sheet 'Mission Costs' cell AE72,R73; PEBD pull 2026-09-27 (workbook updated 2025-11-13); attribution: The Planetary Society; conventions in 07 FINDINGS R73
planetary_society_pebd_mission_costs,Mission Costs,2026,Mars Perseverance,67.9,USD millions (nominal),TRUE,PEBD sheet 'Mission Costs' cell AG72,R73; PEBD pull 2026-09-27 (workbook updated 2025-11-13); attribution: The Planetary Society; conventions in 07 FINDINGS R73
planetary_society_pebd_mission_costs,Mission Costs,2026,MAVEN,0,USD millions (nominal),TRUE,PEBD sheet 'Mission Costs' cell AH72,R73; PEBD pull 2026-09-27 (workbook updated 2025-11-13); attribution: The Planetary Society; conventions in 07 FINDINGS R73
planetary_society_pebd_mission_costs,Mission Costs,2026,MRO,24.8,USD millions (nominal),TRUE,PEBD sheet 'Mission Costs' cell AN72,R73; PEBD pull 2026-09-27 (workbook updated 2025-11-13); attribution: The Planetary Society; conventions in 07 FINDINGS R73
planetary_society_pebd_mission_costs,Mission Costs,2026,MSL Curiosity,38,USD millions (nominal),TRUE,PEBD sheet 'Mission Costs' cell AO72,R73; PEBD pull 2026-09-27 (workbook updated 2025-11-13); attribution: The Planetary Society; conventions in 07 FINDINGS R73
planetary_society_pebd_mission_costs,Mission Costs,2026,NEO Surveyor,266.3,USD millions (nominal),TRUE,PEBD sheet 'Mission Costs' cell AQ72,R73; PEBD pull 2026-09-27 (workbook updated 2025-11-13); attribution: The Planetary Society; conventions in 07 FINDINGS R73
planetary_society_pebd_mission_costs,Mission Costs,2026,New Horizons,0,USD millions (nominal),TRUE,PEBD sheet 'Mission Costs' cell AR72,R73; PEBD pull 2026-09-27 (workbook updated 2025-11-13); attribution: The Planetary Society; conventions in 07 FINDINGS R73
planetary_society_pebd_mission_costs,Mission Costs,2026,OSIRIS-REx,0,USD millions (nominal),TRUE,PEBD sheet 'Mission Costs' cell AS72,R73; PEBD pull 2026-09-27 (workbook updated 2025-11-13); attribution: The Planetary Society; conventions in 07 FINDINGS R73
planetary_society_pebd_mission_costs,Mission Costs,2026,Psyche,30.8,USD millions (nominal),TRUE,PEBD sheet 'Mission Costs' cell AW72,R73; PEBD pull 2026-09-27 (workbook updated 2025-11-13); attribution: The Planetary Society; conventions in 07 FINDINGS R73
planetary_society_pebd_mission_costs,Mission Costs,2026,VERITAS,0,USD millions (nominal),TRUE,PEBD sheet 'Mission Costs' cell AY72,R73; PEBD pull 2026-09-27 (workbook updated 2025-11-13); attribution: The Planetary Society; conventions in 07 FINDINGS R73
planetary_society_pebd_mission_costs,Mission Costs,2026,VIPER,0,USD millions (nominal),TRUE,PEBD sheet 'Mission Costs' cell BA72,R73; PEBD pull 2026-09-27 (workbook updated 2025-11-13); attribution: The Planetary Society; conventions in 07 FINDINGS R73
