source_id,sheet,row_label,column_header,value,unit,italic_estimate,location_in_source,notes
planetary_society_pebd_mission_costs,NNSI,NNSI Year,value,2025,base year,,PEBD sheet 'NNSI' cell B2,R73; PEBD pull 2026-09-27 (workbook updated 2025-11-13); attribution: The Planetary Society; conventions in 07 FINDINGS R73
planetary_society_pebd_mission_costs,NNSI,Inflation Rate,value,0.038,fraction per year,,PEBD sheet 'NNSI' cell B3,R73; PEBD pull 2026-09-27 (workbook updated 2025-11-13); attribution: The Planetary Society; conventions in 07 FINDINGS R73
planetary_society_pebd_mission_costs,NNSI,Factors,value,1.038,dimensionless,,PEBD sheet 'NNSI' cell B4,R73; PEBD pull 2026-09-27 (workbook updated 2025-11-13); attribution: The Planetary Society; conventions in 07 FINDINGS R73
planetary_society_pebd_mission_costs,NNSI,1959,NNSI factor to 2025 dollars,16.636,inflation factor to 2025 (dimensionless),,PEBD sheet 'NNSI' cell B5,R73; PEBD pull 2026-09-27 (workbook updated 2025-11-13); attribution: The Planetary Society; conventions in 07 FINDINGS R73
planetary_society_pebd_mission_costs,NNSI,1960,NNSI factor to 2025 dollars,15.95,inflation factor to 2025 (dimensionless),,PEBD sheet 'NNSI' cell B6,R73; PEBD pull 2026-09-27 (workbook updated 2025-11-13); attribution: The Planetary Society; conventions in 07 FINDINGS R73
planetary_society_pebd_mission_costs,NNSI,1961,NNSI factor to 2025 dollars,15.455,inflation factor to 2025 (dimensionless),,PEBD sheet 'NNSI' cell B7,R73; PEBD pull 2026-09-27 (workbook updated 2025-11-13); attribution: The Planetary Society; conventions in 07 FINDINGS R73
planetary_society_pebd_mission_costs,NNSI,1962,NNSI factor to 2025 dollars,14.861,inflation factor to 2025 (dimensionless),,PEBD sheet 'NNSI' cell B8,R73; PEBD pull 2026-09-27 (workbook updated 2025-11-13); attribution: The Planetary Society; conventions in 07 FINDINGS R73
planetary_society_pebd_mission_costs,NNSI,1963,NNSI factor to 2025 dollars,14.358,inflation factor to 2025 (dimensionless),,PEBD sheet 'NNSI' cell B9,R73; PEBD pull 2026-09-27 (workbook updated 2025-11-13); attribution: The Planetary Society; conventions in 07 FINDINGS R73
planetary_society_pebd_mission_costs,NNSI,1964,NNSI factor to 2025 dollars,13.74,inflation factor to 2025 (dimensionless),,PEBD sheet 'NNSI' cell B10,R73; PEBD pull 2026-09-27 (workbook updated 2025-11-13); attribution: The Planetary Society; conventions in 07 FINDINGS R73
planetary_society_pebd_mission_costs,NNSI,1965,NNSI factor to 2025 dollars,13.288,inflation factor to 2025 (dimensionless),,PEBD sheet 'NNSI' cell B11,R73; PEBD pull 2026-09-27 (workbook updated 2025-11-13); attribution: The Planetary Society; conventions in 07 FINDINGS R73
planetary_society_pebd_mission_costs,NNSI,1966,NNSI factor to 2025 dollars,12.536,inflation factor to 2025 (dimensionless),,PEBD sheet 'NNSI' cell B12,R73; PEBD pull 2026-09-27 (workbook updated 2025-11-13); attribution: The Planetary Society; conventions in 07 FINDINGS R73
planetary_society_pebd_mission_costs,NNSI,1967,NNSI factor to 2025 dollars,11.951,inflation factor to 2025 (dimensionless),,PEBD sheet 'NNSI' cell B13,R73; PEBD pull 2026-09-27 (workbook updated 2025-11-13); attribution: The Planetary Society; conventions in 07 FINDINGS R73
planetary_society_pebd_mission_costs,NNSI,1968,NNSI factor to 2025 dollars,11.338,inflation factor to 2025 (dimensionless),,PEBD sheet 'NNSI' cell B14,R73; PEBD pull 2026-09-27 (workbook updated 2025-11-13); attribution: The Planetary Society; conventions in 07 FINDINGS R73
planetary_society_pebd_mission_costs,NNSI,1969,NNSI factor to 2025 dollars,10.727,inflation factor to 2025 (dimensionless),,PEBD sheet 'NNSI' cell B15,R73; PEBD pull 2026-09-27 (workbook updated 2025-11-13); attribution: The Planetary Society; conventions in 07 FINDINGS R73
planetary_society_pebd_mission_costs,NNSI,1970,NNSI factor to 2025 dollars,10.035,inflation factor to 2025 (dimensionless),,PEBD sheet 'NNSI' cell B16,R73; PEBD pull 2026-09-27 (workbook updated 2025-11-13); attribution: The Planetary Society; conventions in 07 FINDINGS R73
planetary_society_pebd_mission_costs,NNSI,1971,NNSI factor to 2025 dollars,9.44,inflation factor to 2025 (dimensionless),,PEBD sheet 'NNSI' cell B17,R73; PEBD pull 2026-09-27 (workbook updated 2025-11-13); attribution: The Planetary Society; conventions in 07 FINDINGS R73
planetary_society_pebd_mission_costs,NNSI,1972,NNSI factor to 2025 dollars,8.931,inflation factor to 2025 (dimensionless),,PEBD sheet 'NNSI' cell B18,R73; PEBD pull 2026-09-27 (workbook updated 2025-11-13); attribution: The Planetary Society; conventions in 07 FINDINGS R73
planetary_society_pebd_mission_costs,NNSI,1973,NNSI factor to 2025 dollars,8.449,inflation factor to 2025 (dimensionless),,PEBD sheet 'NNSI' cell B19,R73; PEBD pull 2026-09-27 (workbook updated 2025-11-13); attribution: The Planetary Society; conventions in 07 FINDINGS R73
planetary_society_pebd_mission_costs,NNSI,1974,NNSI factor to 2025 dollars,7.882,inflation factor to 2025 (dimensionless),,PEBD sheet 'NNSI' cell B20,R73; PEBD pull 2026-09-27 (workbook updated 2025-11-13); attribution: The Planetary Society; conventions in 07 FINDINGS R73
planetary_society_pebd_mission_costs,NNSI,1975,NNSI factor to 2025 dollars,7.113,inflation factor to 2025 (dimensionless),,PEBD sheet 'NNSI' cell B21,R73; PEBD pull 2026-09-27 (workbook updated 2025-11-13); attribution: The Planetary Society; conventions in 07 FINDINGS R73
planetary_society_pebd_mission_costs,NNSI,1976,NNSI factor to 2025 dollars,6.526,inflation factor to 2025 (dimensionless),,PEBD sheet 'NNSI' cell B22,R73; PEBD pull 2026-09-27 (workbook updated 2025-11-13); attribution: The Planetary Society; conventions in 07 FINDINGS R73
planetary_society_pebd_mission_costs,NNSI,1976 TQ,value,6.392,,,PEBD sheet 'NNSI' cell B23,R73; PEBD pull 2026-09-27 (workbook updated 2025-11-13); attribution: The Planetary Society; conventions in 07 FINDINGS R73
planetary_society_pebd_mission_costs,NNSI,1977,NNSI factor to 2025 dollars,5.891,inflation factor to 2025 (dimensionless),,PEBD sheet 'NNSI' cell B24,R73; PEBD pull 2026-09-27 (workbook updated 2025-11-13); attribution: The Planetary Society; conventions in 07 FINDINGS R73
planetary_society_pebd_mission_costs,NNSI,1978,NNSI factor to 2025 dollars,5.465,inflation factor to 2025 (dimensionless),,PEBD sheet 'NNSI' cell B25,R73; PEBD pull 2026-09-27 (workbook updated 2025-11-13); attribution: The Planetary Society; conventions in 07 FINDINGS R73
planetary_society_pebd_mission_costs,NNSI,1979,NNSI factor to 2025 dollars,4.991,inflation factor to 2025 (dimensionless),,PEBD sheet 'NNSI' cell B26,R73; PEBD pull 2026-09-27 (workbook updated 2025-11-13); attribution: The Planetary Society; conventions in 07 FINDINGS R73
planetary_society_pebd_mission_costs,NNSI,1980,NNSI factor to 2025 dollars,4.508,inflation factor to 2025 (dimensionless),,PEBD sheet 'NNSI' cell B27,R73; PEBD pull 2026-09-27 (workbook updated 2025-11-13); attribution: The Planetary Society; conventions in 07 FINDINGS R73
planetary_society_pebd_mission_costs,NNSI,1981,NNSI factor to 2025 dollars,4.095,inflation factor to 2025 (dimensionless),,PEBD sheet 'NNSI' cell B28,R73; PEBD pull 2026-09-27 (workbook updated 2025-11-13); attribution: The Planetary Society; conventions in 07 FINDINGS R73
planetary_society_pebd_mission_costs,NNSI,1982,NNSI factor to 2025 dollars,3.798,inflation factor to 2025 (dimensionless),,PEBD sheet 'NNSI' cell B29,R73; PEBD pull 2026-09-27 (workbook updated 2025-11-13); attribution: The Planetary Society; conventions in 07 FINDINGS R73
planetary_society_pebd_mission_costs,NNSI,1983,NNSI factor to 2025 dollars,3.57,inflation factor to 2025 (dimensionless),,PEBD sheet 'NNSI' cell B30,R73; PEBD pull 2026-09-27 (workbook updated 2025-11-13); attribution: The Planetary Society; conventions in 07 FINDINGS R73
planetary_society_pebd_mission_costs,NNSI,1984,NNSI factor to 2025 dollars,3.387,inflation factor to 2025 (dimensionless),,PEBD sheet 'NNSI' cell B31,R73; PEBD pull 2026-09-27 (workbook updated 2025-11-13); attribution: The Planetary Society; conventions in 07 FINDINGS R73
planetary_society_pebd_mission_costs,NNSI,1985,NNSI factor to 2025 dollars,3.276,inflation factor to 2025 (dimensionless),,PEBD sheet 'NNSI' cell B32,R73; PEBD pull 2026-09-27 (workbook updated 2025-11-13); attribution: The Planetary Society; conventions in 07 FINDINGS R73
planetary_society_pebd_mission_costs,NNSI,1986,NNSI factor to 2025 dollars,3.18,inflation factor to 2025 (dimensionless),,PEBD sheet 'NNSI' cell B33,R73; PEBD pull 2026-09-27 (workbook updated 2025-11-13); attribution: The Planetary Society; conventions in 07 FINDINGS R73
planetary_society_pebd_mission_costs,NNSI,1987,NNSI factor to 2025 dollars,3.055,inflation factor to 2025 (dimensionless),,PEBD sheet 'NNSI' cell B34,R73; PEBD pull 2026-09-27 (workbook updated 2025-11-13); attribution: The Planetary Society; conventions in 07 FINDINGS R73
planetary_society_pebd_mission_costs,NNSI,1988,NNSI factor to 2025 dollars,2.901,inflation factor to 2025 (dimensionless),,PEBD sheet 'NNSI' cell B35,R73; PEBD pull 2026-09-27 (workbook updated 2025-11-13); attribution: The Planetary Society; conventions in 07 FINDINGS R73
planetary_society_pebd_mission_costs,NNSI,1989,NNSI factor to 2025 dollars,2.768,inflation factor to 2025 (dimensionless),,PEBD sheet 'NNSI' cell B36,R73; PEBD pull 2026-09-27 (workbook updated 2025-11-13); attribution: The Planetary Society; conventions in 07 FINDINGS R73
planetary_society_pebd_mission_costs,NNSI,1990,NNSI factor to 2025 dollars,2.649,inflation factor to 2025 (dimensionless),,PEBD sheet 'NNSI' cell B37,R73; PEBD pull 2026-09-27 (workbook updated 2025-11-13); attribution: The Planetary Society; conventions in 07 FINDINGS R73
planetary_society_pebd_mission_costs,NNSI,1991,NNSI factor to 2025 dollars,2.557,inflation factor to 2025 (dimensionless),,PEBD sheet 'NNSI' cell B38,R73; PEBD pull 2026-09-27 (workbook updated 2025-11-13); attribution: The Planetary Society; conventions in 07 FINDINGS R73
planetary_society_pebd_mission_costs,NNSI,1992,NNSI factor to 2025 dollars,2.431,inflation factor to 2025 (dimensionless),,PEBD sheet 'NNSI' cell B39,R73; PEBD pull 2026-09-27 (workbook updated 2025-11-13); attribution: The Planetary Society; conventions in 07 FINDINGS R73
planetary_society_pebd_mission_costs,NNSI,1993,NNSI factor to 2025 dollars,2.333,inflation factor to 2025 (dimensionless),,PEBD sheet 'NNSI' cell B40,R73; PEBD pull 2026-09-27 (workbook updated 2025-11-13); attribution: The Planetary Society; conventions in 07 FINDINGS R73
planetary_society_pebd_mission_costs,NNSI,1994,NNSI factor to 2025 dollars,2.263,inflation factor to 2025 (dimensionless),,PEBD sheet 'NNSI' cell B41,R73; PEBD pull 2026-09-27 (workbook updated 2025-11-13); attribution: The Planetary Society; conventions in 07 FINDINGS R73
planetary_society_pebd_mission_costs,NNSI,1995,NNSI factor to 2025 dollars,2.205,inflation factor to 2025 (dimensionless),,PEBD sheet 'NNSI' cell B42,R73; PEBD pull 2026-09-27 (workbook updated 2025-11-13); attribution: The Planetary Society; conventions in 07 FINDINGS R73
planetary_society_pebd_mission_costs,NNSI,1996,NNSI factor to 2025 dollars,2.151,inflation factor to 2025 (dimensionless),,PEBD sheet 'NNSI' cell B43,R73; PEBD pull 2026-09-27 (workbook updated 2025-11-13); attribution: The Planetary Society; conventions in 07 FINDINGS R73
planetary_society_pebd_mission_costs,NNSI,1997,NNSI factor to 2025 dollars,2.122,inflation factor to 2025 (dimensionless),,PEBD sheet 'NNSI' cell B44,R73; PEBD pull 2026-09-27 (workbook updated 2025-11-13); attribution: The Planetary Society; conventions in 07 FINDINGS R73
planetary_society_pebd_mission_costs,NNSI,1998,NNSI factor to 2025 dollars,2.07,inflation factor to 2025 (dimensionless),,PEBD sheet 'NNSI' cell B45,R73; PEBD pull 2026-09-27 (workbook updated 2025-11-13); attribution: The Planetary Society; conventions in 07 FINDINGS R73
planetary_society_pebd_mission_costs,NNSI,1999,NNSI factor to 2025 dollars,2.021,inflation factor to 2025 (dimensionless),,PEBD sheet 'NNSI' cell B46,R73; PEBD pull 2026-09-27 (workbook updated 2025-11-13); attribution: The Planetary Society; conventions in 07 FINDINGS R73
planetary_society_pebd_mission_costs,NNSI,2000,NNSI factor to 2025 dollars,1.942,inflation factor to 2025 (dimensionless),,PEBD sheet 'NNSI' cell B47,R73; PEBD pull 2026-09-27 (workbook updated 2025-11-13); attribution: The Planetary Society; conventions in 07 FINDINGS R73
planetary_society_pebd_mission_costs,NNSI,2001,NNSI factor to 2025 dollars,1.874,inflation factor to 2025 (dimensionless),,PEBD sheet 'NNSI' cell B48,R73; PEBD pull 2026-09-27 (workbook updated 2025-11-13); attribution: The Planetary Society; conventions in 07 FINDINGS R73
planetary_society_pebd_mission_costs,NNSI,2002,NNSI factor to 2025 dollars,1.823,inflation factor to 2025 (dimensionless),,PEBD sheet 'NNSI' cell B49,R73; PEBD pull 2026-09-27 (workbook updated 2025-11-13); attribution: The Planetary Society; conventions in 07 FINDINGS R73
planetary_society_pebd_mission_costs,NNSI,2003,NNSI factor to 2025 dollars,1.784,inflation factor to 2025 (dimensionless),,PEBD sheet 'NNSI' cell B50,R73; PEBD pull 2026-09-27 (workbook updated 2025-11-13); attribution: The Planetary Society; conventions in 07 FINDINGS R73
planetary_society_pebd_mission_costs,NNSI,2004,NNSI factor to 2025 dollars,1.725,inflation factor to 2025 (dimensionless),,PEBD sheet 'NNSI' cell B51,R73; PEBD pull 2026-09-27 (workbook updated 2025-11-13); attribution: The Planetary Society; conventions in 07 FINDINGS R73
planetary_society_pebd_mission_costs,NNSI,2005,NNSI factor to 2025 dollars,1.674,inflation factor to 2025 (dimensionless),,PEBD sheet 'NNSI' cell B52,R73; PEBD pull 2026-09-27 (workbook updated 2025-11-13); attribution: The Planetary Society; conventions in 07 FINDINGS R73
planetary_society_pebd_mission_costs,NNSI,2006,NNSI factor to 2025 dollars,1.622,inflation factor to 2025 (dimensionless),,PEBD sheet 'NNSI' cell B53,R73; PEBD pull 2026-09-27 (workbook updated 2025-11-13); attribution: The Planetary Society; conventions in 07 FINDINGS R73
planetary_society_pebd_mission_costs,NNSI,2007,NNSI factor to 2025 dollars,1.562,inflation factor to 2025 (dimensionless),,PEBD sheet 'NNSI' cell B54,R73; PEBD pull 2026-09-27 (workbook updated 2025-11-13); attribution: The Planetary Society; conventions in 07 FINDINGS R73
planetary_society_pebd_mission_costs,NNSI,2008,NNSI factor to 2025 dollars,1.508,inflation factor to 2025 (dimensionless),,PEBD sheet 'NNSI' cell B55,R73; PEBD pull 2026-09-27 (workbook updated 2025-11-13); attribution: The Planetary Society; conventions in 07 FINDINGS R73
planetary_society_pebd_mission_costs,NNSI,2009,NNSI factor to 2025 dollars,1.48,inflation factor to 2025 (dimensionless),,PEBD sheet 'NNSI' cell B56,R73; PEBD pull 2026-09-27 (workbook updated 2025-11-13); attribution: The Planetary Society; conventions in 07 FINDINGS R73
planetary_society_pebd_mission_costs,NNSI,2010,NNSI factor to 2025 dollars,1.46,inflation factor to 2025 (dimensionless),,PEBD sheet 'NNSI' cell B57,R73; PEBD pull 2026-09-27 (workbook updated 2025-11-13); attribution: The Planetary Society; conventions in 07 FINDINGS R73
planetary_society_pebd_mission_costs,NNSI,2011,NNSI factor to 2025 dollars,1.437,inflation factor to 2025 (dimensionless),,PEBD sheet 'NNSI' cell B58,R73; PEBD pull 2026-09-27 (workbook updated 2025-11-13); attribution: The Planetary Society; conventions in 07 FINDINGS R73
planetary_society_pebd_mission_costs,NNSI,2012,NNSI factor to 2025 dollars,1.422,inflation factor to 2025 (dimensionless),,PEBD sheet 'NNSI' cell B59,R73; PEBD pull 2026-09-27 (workbook updated 2025-11-13); attribution: The Planetary Society; conventions in 07 FINDINGS R73
planetary_society_pebd_mission_costs,NNSI,2013,NNSI factor to 2025 dollars,1.401,inflation factor to 2025 (dimensionless),,PEBD sheet 'NNSI' cell B60,R73; PEBD pull 2026-09-27 (workbook updated 2025-11-13); attribution: The Planetary Society; conventions in 07 FINDINGS R73
planetary_society_pebd_mission_costs,NNSI,2014,NNSI factor to 2025 dollars,1.374,inflation factor to 2025 (dimensionless),,PEBD sheet 'NNSI' cell B61,R73; PEBD pull 2026-09-27 (workbook updated 2025-11-13); attribution: The Planetary Society; conventions in 07 FINDINGS R73
planetary_society_pebd_mission_costs,NNSI,2015,NNSI factor to 2025 dollars,1.347,inflation factor to 2025 (dimensionless),,PEBD sheet 'NNSI' cell B62,R73; PEBD pull 2026-09-27 (workbook updated 2025-11-13); attribution: The Planetary Society; conventions in 07 FINDINGS R73
planetary_society_pebd_mission_costs,NNSI,2016,NNSI factor to 2025 dollars,1.331,inflation factor to 2025 (dimensionless),,PEBD sheet 'NNSI' cell B63,R73; PEBD pull 2026-09-27 (workbook updated 2025-11-13); attribution: The Planetary Society; conventions in 07 FINDINGS R73
planetary_society_pebd_mission_costs,NNSI,2017,NNSI factor to 2025 dollars,1.303,inflation factor to 2025 (dimensionless),,PEBD sheet 'NNSI' cell B64,R73; PEBD pull 2026-09-27 (workbook updated 2025-11-13); attribution: The Planetary Society; conventions in 07 FINDINGS R73
planetary_society_pebd_mission_costs,NNSI,2018,NNSI factor to 2025 dollars,1.271,inflation factor to 2025 (dimensionless),,PEBD sheet 'NNSI' cell B65,R73; PEBD pull 2026-09-27 (workbook updated 2025-11-13); attribution: The Planetary Society; conventions in 07 FINDINGS R73
planetary_society_pebd_mission_costs,NNSI,2019,NNSI factor to 2025 dollars,1.247,inflation factor to 2025 (dimensionless),,PEBD sheet 'NNSI' cell B66,R73; PEBD pull 2026-09-27 (workbook updated 2025-11-13); attribution: The Planetary Society; conventions in 07 FINDINGS R73
planetary_society_pebd_mission_costs,NNSI,2020,NNSI factor to 2025 dollars,1.22,inflation factor to 2025 (dimensionless),,PEBD sheet 'NNSI' cell B67,R73; PEBD pull 2026-09-27 (workbook updated 2025-11-13); attribution: The Planetary Society; conventions in 07 FINDINGS R73
planetary_society_pebd_mission_costs,NNSI,2021,NNSI factor to 2025 dollars,1.176,inflation factor to 2025 (dimensionless),,PEBD sheet 'NNSI' cell B68,R73; PEBD pull 2026-09-27 (workbook updated 2025-11-13); attribution: The Planetary Society; conventions in 07 FINDINGS R73
planetary_society_pebd_mission_costs,NNSI,2022,NNSI factor to 2025 dollars,1.114,inflation factor to 2025 (dimensionless),,PEBD sheet 'NNSI' cell B69,R73; PEBD pull 2026-09-27 (workbook updated 2025-11-13); attribution: The Planetary Society; conventions in 07 FINDINGS R73
planetary_society_pebd_mission_costs,NNSI,2023,NNSI factor to 2025 dollars,1.072,inflation factor to 2025 (dimensionless),,PEBD sheet 'NNSI' cell B70,R73; PEBD pull 2026-09-27 (workbook updated 2025-11-13); attribution: The Planetary Society; conventions in 07 FINDINGS R73
planetary_society_pebd_mission_costs,NNSI,2024,NNSI factor to 2025 dollars,1.038,inflation factor to 2025 (dimensionless),,PEBD sheet 'NNSI' cell B71,R73; PEBD pull 2026-09-27 (workbook updated 2025-11-13); attribution: The Planetary Society; conventions in 07 FINDINGS R73
planetary_society_pebd_mission_costs,NNSI,2025,NNSI factor to 2025 dollars,1,inflation factor to 2025 (dimensionless),,PEBD sheet 'NNSI' cell B72,R73; PEBD pull 2026-09-27 (workbook updated 2025-11-13); attribution: The Planetary Society; conventions in 07 FINDINGS R73
planetary_society_pebd_mission_costs,NAICS,Series Id:,"(no header, column B)",CIU1010000000000A,,,PEBD sheet 'NAICS' cell B4,R73; PEBD pull 2026-09-27 (workbook updated 2025-11-13); attribution: The Planetary Society; conventions in 07 FINDINGS R73
planetary_society_pebd_mission_costs,NAICS,Series Title:,"(no header, column B)","Total compensation for All Civilian workers in All industries and occupations, 12-month percent change",,,PEBD sheet 'NAICS' cell B6,R73; PEBD pull 2026-09-27 (workbook updated 2025-11-13); attribution: The Planetary Society; conventions in 07 FINDINGS R73
planetary_society_pebd_mission_costs,NAICS,Ownership:,"(no header, column B)",Civilian workers,,,PEBD sheet 'NAICS' cell B7,R73; PEBD pull 2026-09-27 (workbook updated 2025-11-13); attribution: The Planetary Society; conventions in 07 FINDINGS R73
planetary_society_pebd_mission_costs,NAICS,Component:,"(no header, column B)",Total compensation,,,PEBD sheet 'NAICS' cell B8,R73; PEBD pull 2026-09-27 (workbook updated 2025-11-13); attribution: The Planetary Society; conventions in 07 FINDINGS R73
planetary_society_pebd_mission_costs,NAICS,Occupation:,"(no header, column B)",All workers,,,PEBD sheet 'NAICS' cell B9,R73; PEBD pull 2026-09-27 (workbook updated 2025-11-13); attribution: The Planetary Society; conventions in 07 FINDINGS R73
planetary_society_pebd_mission_costs,NAICS,Industry:,"(no header, column B)",All workers,,,PEBD sheet 'NAICS' cell B10,R73; PEBD pull 2026-09-27 (workbook updated 2025-11-13); attribution: The Planetary Society; conventions in 07 FINDINGS R73
planetary_society_pebd_mission_costs,NAICS,Subcategory:,"(no header, column B)",All workers,,,PEBD sheet 'NAICS' cell B11,R73; PEBD pull 2026-09-27 (workbook updated 2025-11-13); attribution: The Planetary Society; conventions in 07 FINDINGS R73
planetary_society_pebd_mission_costs,NAICS,Area:,"(no header, column B)",United States (National),,,PEBD sheet 'NAICS' cell B12,R73; PEBD pull 2026-09-27 (workbook updated 2025-11-13); attribution: The Planetary Society; conventions in 07 FINDINGS R73
planetary_society_pebd_mission_costs,NAICS,Periodicity:,"(no header, column B)",12-month percent change,,,PEBD sheet 'NAICS' cell B13,R73; PEBD pull 2026-09-27 (workbook updated 2025-11-13); attribution: The Planetary Society; conventions in 07 FINDINGS R73
planetary_society_pebd_mission_costs,NAICS,Years:,"(no header, column B)",2001 to 2025,,,PEBD sheet 'NAICS' cell B14,R73; PEBD pull 2026-09-27 (workbook updated 2025-11-13); attribution: The Planetary Society; conventions in 07 FINDINGS R73
planetary_society_pebd_mission_costs,NAICS,2001 Qtr1,Period,Qtr1,,,PEBD sheet 'NAICS' cell B17,R73; PEBD pull 2026-09-27 (workbook updated 2025-11-13); attribution: The Planetary Society; conventions in 07 FINDINGS R73
planetary_society_pebd_mission_costs,NAICS,2001 Qtr1,Estimate Value,3.9,percent (12-month change),,PEBD sheet 'NAICS' cell C17,R73; PEBD pull 2026-09-27 (workbook updated 2025-11-13); attribution: The Planetary Society; conventions in 07 FINDINGS R73
planetary_society_pebd_mission_costs,NAICS,2001 Qtr1,quarterly factor (= 1 + Estimate Value / 100),1.039,dimensionless factor,,PEBD sheet 'NAICS' cell D17,R73; PEBD pull 2026-09-27 (workbook updated 2025-11-13); attribution: The Planetary Society; conventions in 07 FINDINGS R73
planetary_society_pebd_mission_costs,NAICS,FY 2001,Average,1.04,dimensionless factor,,PEBD sheet 'NAICS' cell G17,R73; PEBD pull 2026-09-27 (workbook updated 2025-11-13); attribution: The Planetary Society; conventions in 07 FINDINGS R73
planetary_society_pebd_mission_costs,NAICS,FY 2001,Wage Inflation Factor,2.016259446,dimensionless factor,,PEBD sheet 'NAICS' cell H17,R73; PEBD pull 2026-09-27 (workbook updated 2025-11-13); attribution: The Planetary Society; conventions in 07 FINDINGS R73
planetary_society_pebd_mission_costs,NAICS,2001 Qtr2,Period,Qtr2,,,PEBD sheet 'NAICS' cell B18,R73; PEBD pull 2026-09-27 (workbook updated 2025-11-13); attribution: The Planetary Society; conventions in 07 FINDINGS R73
planetary_society_pebd_mission_costs,NAICS,2001 Qtr2,Estimate Value,4,percent (12-month change),,PEBD sheet 'NAICS' cell C18,R73; PEBD pull 2026-09-27 (workbook updated 2025-11-13); attribution: The Planetary Society; conventions in 07 FINDINGS R73
planetary_society_pebd_mission_costs,NAICS,2001 Qtr2,quarterly factor (= 1 + Estimate Value / 100),1.04,dimensionless factor,,PEBD sheet 'NAICS' cell D18,R73; PEBD pull 2026-09-27 (workbook updated 2025-11-13); attribution: The Planetary Society; conventions in 07 FINDINGS R73
planetary_society_pebd_mission_costs,NAICS,FY 2002,Average,1.038,dimensionless factor,,PEBD sheet 'NAICS' cell G18,R73; PEBD pull 2026-09-27 (workbook updated 2025-11-13); attribution: The Planetary Society; conventions in 07 FINDINGS R73
planetary_society_pebd_mission_costs,NAICS,FY 2002,Wage Inflation Factor,1.938711005,dimensionless factor,,PEBD sheet 'NAICS' cell H18,R73; PEBD pull 2026-09-27 (workbook updated 2025-11-13); attribution: The Planetary Society; conventions in 07 FINDINGS R73
planetary_society_pebd_mission_costs,NAICS,2001 Qtr3,Period,Qtr3,,,PEBD sheet 'NAICS' cell B19,R73; PEBD pull 2026-09-27 (workbook updated 2025-11-13); attribution: The Planetary Society; conventions in 07 FINDINGS R73
planetary_society_pebd_mission_costs,NAICS,2001 Qtr3,Estimate Value,4.1,percent (12-month change),,PEBD sheet 'NAICS' cell C19,R73; PEBD pull 2026-09-27 (workbook updated 2025-11-13); attribution: The Planetary Society; conventions in 07 FINDINGS R73
planetary_society_pebd_mission_costs,NAICS,2001 Qtr3,quarterly factor (= 1 + Estimate Value / 100),1.041,dimensionless factor,,PEBD sheet 'NAICS' cell D19,R73; PEBD pull 2026-09-27 (workbook updated 2025-11-13); attribution: The Planetary Society; conventions in 07 FINDINGS R73
planetary_society_pebd_mission_costs,NAICS,FY 2003,Average,1.03675,dimensionless factor,,PEBD sheet 'NAICS' cell G19,R73; PEBD pull 2026-09-27 (workbook updated 2025-11-13); attribution: The Planetary Society; conventions in 07 FINDINGS R73
planetary_society_pebd_mission_costs,NAICS,FY 2003,Wage Inflation Factor,1.867736999,dimensionless factor,,PEBD sheet 'NAICS' cell H19,R73; PEBD pull 2026-09-27 (workbook updated 2025-11-13); attribution: The Planetary Society; conventions in 07 FINDINGS R73
planetary_society_pebd_mission_costs,NAICS,2001 Qtr4,Period,Qtr4,,,PEBD sheet 'NAICS' cell B20,R73; PEBD pull 2026-09-27 (workbook updated 2025-11-13); attribution: The Planetary Society; conventions in 07 FINDINGS R73
planetary_society_pebd_mission_costs,NAICS,2001 Qtr4,Estimate Value,4.2,percent (12-month change),,PEBD sheet 'NAICS' cell C20,R73; PEBD pull 2026-09-27 (workbook updated 2025-11-13); attribution: The Planetary Society; conventions in 07 FINDINGS R73
planetary_society_pebd_mission_costs,NAICS,2001 Qtr4,quarterly factor (= 1 + Estimate Value / 100),1.042,dimensionless factor,,PEBD sheet 'NAICS' cell D20,R73; PEBD pull 2026-09-27 (workbook updated 2025-11-13); attribution: The Planetary Society; conventions in 07 FINDINGS R73
planetary_society_pebd_mission_costs,NAICS,FY 2004,Average,1.038,dimensionless factor,,PEBD sheet 'NAICS' cell G20,R73; PEBD pull 2026-09-27 (workbook updated 2025-11-13); attribution: The Planetary Society; conventions in 07 FINDINGS R73
planetary_society_pebd_mission_costs,NAICS,FY 2004,Wage Inflation Factor,1.801530745,dimensionless factor,,PEBD sheet 'NAICS' cell H20,R73; PEBD pull 2026-09-27 (workbook updated 2025-11-13); attribution: The Planetary Society; conventions in 07 FINDINGS R73
planetary_society_pebd_mission_costs,NAICS,2002 Qtr1,Period,Qtr1,,,PEBD sheet 'NAICS' cell B21,R73; PEBD pull 2026-09-27 (workbook updated 2025-11-13); attribution: The Planetary Society; conventions in 07 FINDINGS R73
planetary_society_pebd_mission_costs,NAICS,2002 Qtr1,Estimate Value,3.8,percent (12-month change),,PEBD sheet 'NAICS' cell C21,R73; PEBD pull 2026-09-27 (workbook updated 2025-11-13); attribution: The Planetary Society; conventions in 07 FINDINGS R73
planetary_society_pebd_mission_costs,NAICS,2002 Qtr1,quarterly factor (= 1 + Estimate Value / 100),1.038,dimensionless factor,,PEBD sheet 'NAICS' cell D21,R73; PEBD pull 2026-09-27 (workbook updated 2025-11-13); attribution: The Planetary Society; conventions in 07 FINDINGS R73
planetary_society_pebd_mission_costs,NAICS,FY 2005,Average,1.03375,dimensionless factor,,PEBD sheet 'NAICS' cell G21,R73; PEBD pull 2026-09-27 (workbook updated 2025-11-13); attribution: The Planetary Society; conventions in 07 FINDINGS R73
planetary_society_pebd_mission_costs,NAICS,FY 2005,Wage Inflation Factor,1.735578752,dimensionless factor,,PEBD sheet 'NAICS' cell H21,R73; PEBD pull 2026-09-27 (workbook updated 2025-11-13); attribution: The Planetary Society; conventions in 07 FINDINGS R73
planetary_society_pebd_mission_costs,NAICS,2002 Qtr2,Period,Qtr2,,,PEBD sheet 'NAICS' cell B22,R73; PEBD pull 2026-09-27 (workbook updated 2025-11-13); attribution: The Planetary Society; conventions in 07 FINDINGS R73
planetary_society_pebd_mission_costs,NAICS,2002 Qtr2,Estimate Value,3.7,percent (12-month change),,PEBD sheet 'NAICS' cell C22,R73; PEBD pull 2026-09-27 (workbook updated 2025-11-13); attribution: The Planetary Society; conventions in 07 FINDINGS R73
planetary_society_pebd_mission_costs,NAICS,2002 Qtr2,quarterly factor (= 1 + Estimate Value / 100),1.037,dimensionless factor,,PEBD sheet 'NAICS' cell D22,R73; PEBD pull 2026-09-27 (workbook updated 2025-11-13); attribution: The Planetary Society; conventions in 07 FINDINGS R73
planetary_society_pebd_mission_costs,NAICS,FY 2006,Average,1.0305,dimensionless factor,,PEBD sheet 'NAICS' cell G22,R73; PEBD pull 2026-09-27 (workbook updated 2025-11-13); attribution: The Planetary Society; conventions in 07 FINDINGS R73
planetary_society_pebd_mission_costs,NAICS,FY 2006,Wage Inflation Factor,1.678915359,dimensionless factor,,PEBD sheet 'NAICS' cell H22,R73; PEBD pull 2026-09-27 (workbook updated 2025-11-13); attribution: The Planetary Society; conventions in 07 FINDINGS R73
planetary_society_pebd_mission_costs,NAICS,2002 Qtr3,Period,Qtr3,,,PEBD sheet 'NAICS' cell B23,R73; PEBD pull 2026-09-27 (workbook updated 2025-11-13); attribution: The Planetary Society; conventions in 07 FINDINGS R73
planetary_society_pebd_mission_costs,NAICS,2002 Qtr3,Estimate Value,3.5,percent (12-month change),,PEBD sheet 'NAICS' cell C23,R73; PEBD pull 2026-09-27 (workbook updated 2025-11-13); attribution: The Planetary Society; conventions in 07 FINDINGS R73
planetary_society_pebd_mission_costs,NAICS,2002 Qtr3,quarterly factor (= 1 + Estimate Value / 100),1.035,dimensionless factor,,PEBD sheet 'NAICS' cell D23,R73; PEBD pull 2026-09-27 (workbook updated 2025-11-13); attribution: The Planetary Society; conventions in 07 FINDINGS R73
planetary_society_pebd_mission_costs,NAICS,FY 2007,Average,1.0335,dimensionless factor,,PEBD sheet 'NAICS' cell G23,R73; PEBD pull 2026-09-27 (workbook updated 2025-11-13); attribution: The Planetary Society; conventions in 07 FINDINGS R73
planetary_society_pebd_mission_costs,NAICS,FY 2007,Wage Inflation Factor,1.629224026,dimensionless factor,,PEBD sheet 'NAICS' cell H23,R73; PEBD pull 2026-09-27 (workbook updated 2025-11-13); attribution: The Planetary Society; conventions in 07 FINDINGS R73
planetary_society_pebd_mission_costs,NAICS,2002 Qtr4,Period,Qtr4,,,PEBD sheet 'NAICS' cell B24,R73; PEBD pull 2026-09-27 (workbook updated 2025-11-13); attribution: The Planetary Society; conventions in 07 FINDINGS R73
planetary_society_pebd_mission_costs,NAICS,2002 Qtr4,Estimate Value,3.3,percent (12-month change),,PEBD sheet 'NAICS' cell C24,R73; PEBD pull 2026-09-27 (workbook updated 2025-11-13); attribution: The Planetary Society; conventions in 07 FINDINGS R73
planetary_society_pebd_mission_costs,NAICS,2002 Qtr4,quarterly factor (= 1 + Estimate Value / 100),1.033,dimensionless factor,,PEBD sheet 'NAICS' cell D24,R73; PEBD pull 2026-09-27 (workbook updated 2025-11-13); attribution: The Planetary Society; conventions in 07 FINDINGS R73
planetary_society_pebd_mission_costs,NAICS,FY 2008,Average,1.0315,dimensionless factor,,PEBD sheet 'NAICS' cell G24,R73; PEBD pull 2026-09-27 (workbook updated 2025-11-13); attribution: The Planetary Society; conventions in 07 FINDINGS R73
planetary_society_pebd_mission_costs,NAICS,FY 2008,Wage Inflation Factor,1.576414152,dimensionless factor,,PEBD sheet 'NAICS' cell H24,R73; PEBD pull 2026-09-27 (workbook updated 2025-11-13); attribution: The Planetary Society; conventions in 07 FINDINGS R73
planetary_society_pebd_mission_costs,NAICS,2003 Qtr1,Period,Qtr1,,,PEBD sheet 'NAICS' cell B25,R73; PEBD pull 2026-09-27 (workbook updated 2025-11-13); attribution: The Planetary Society; conventions in 07 FINDINGS R73
planetary_society_pebd_mission_costs,NAICS,2003 Qtr1,Estimate Value,3.8,percent (12-month change),,PEBD sheet 'NAICS' cell C25,R73; PEBD pull 2026-09-27 (workbook updated 2025-11-13); attribution: The Planetary Society; conventions in 07 FINDINGS R73
planetary_society_pebd_mission_costs,NAICS,2003 Qtr1,quarterly factor (= 1 + Estimate Value / 100),1.038,dimensionless factor,,PEBD sheet 'NAICS' cell D25,R73; PEBD pull 2026-09-27 (workbook updated 2025-11-13); attribution: The Planetary Society; conventions in 07 FINDINGS R73
planetary_society_pebd_mission_costs,NAICS,FY 2009,Average,1.02,dimensionless factor,,PEBD sheet 'NAICS' cell G25,R73; PEBD pull 2026-09-27 (workbook updated 2025-11-13); attribution: The Planetary Society; conventions in 07 FINDINGS R73
planetary_society_pebd_mission_costs,NAICS,FY 2009,Wage Inflation Factor,1.528273535,dimensionless factor,,PEBD sheet 'NAICS' cell H25,R73; PEBD pull 2026-09-27 (workbook updated 2025-11-13); attribution: The Planetary Society; conventions in 07 FINDINGS R73
planetary_society_pebd_mission_costs,NAICS,2003 Qtr2,Period,Qtr2,,,PEBD sheet 'NAICS' cell B26,R73; PEBD pull 2026-09-27 (workbook updated 2025-11-13); attribution: The Planetary Society; conventions in 07 FINDINGS R73
planetary_society_pebd_mission_costs,NAICS,2003 Qtr2,Estimate Value,3.7,percent (12-month change),,PEBD sheet 'NAICS' cell C26,R73; PEBD pull 2026-09-27 (workbook updated 2025-11-13); attribution: The Planetary Society; conventions in 07 FINDINGS R73
planetary_society_pebd_mission_costs,NAICS,2003 Qtr2,quarterly factor (= 1 + Estimate Value / 100),1.037,dimensionless factor,,PEBD sheet 'NAICS' cell D26,R73; PEBD pull 2026-09-27 (workbook updated 2025-11-13); attribution: The Planetary Society; conventions in 07 FINDINGS R73
planetary_society_pebd_mission_costs,NAICS,FY 2010,Average,1.01725,dimensionless factor,,PEBD sheet 'NAICS' cell G26,R73; PEBD pull 2026-09-27 (workbook updated 2025-11-13); attribution: The Planetary Society; conventions in 07 FINDINGS R73
planetary_society_pebd_mission_costs,NAICS,FY 2010,Wage Inflation Factor,1.498307388,dimensionless factor,,PEBD sheet 'NAICS' cell H26,R73; PEBD pull 2026-09-27 (workbook updated 2025-11-13); attribution: The Planetary Society; conventions in 07 FINDINGS R73
planetary_society_pebd_mission_costs,NAICS,2003 Qtr3,Period,Qtr3,,,PEBD sheet 'NAICS' cell B27,R73; PEBD pull 2026-09-27 (workbook updated 2025-11-13); attribution: The Planetary Society; conventions in 07 FINDINGS R73
planetary_society_pebd_mission_costs,NAICS,2003 Qtr3,Estimate Value,3.9,percent (12-month change),,PEBD sheet 'NAICS' cell C27,R73; PEBD pull 2026-09-27 (workbook updated 2025-11-13); attribution: The Planetary Society; conventions in 07 FINDINGS R73
planetary_society_pebd_mission_costs,NAICS,2003 Qtr3,quarterly factor (= 1 + Estimate Value / 100),1.039,dimensionless factor,,PEBD sheet 'NAICS' cell D27,R73; PEBD pull 2026-09-27 (workbook updated 2025-11-13); attribution: The Planetary Society; conventions in 07 FINDINGS R73
planetary_society_pebd_mission_costs,NAICS,FY 2011,Average,1.0205,dimensionless factor,,PEBD sheet 'NAICS' cell G27,R73; PEBD pull 2026-09-27 (workbook updated 2025-11-13); attribution: The Planetary Society; conventions in 07 FINDINGS R73
planetary_society_pebd_mission_costs,NAICS,FY 2011,Wage Inflation Factor,1.472899865,dimensionless factor,,PEBD sheet 'NAICS' cell H27,R73; PEBD pull 2026-09-27 (workbook updated 2025-11-13); attribution: The Planetary Society; conventions in 07 FINDINGS R73
planetary_society_pebd_mission_costs,NAICS,2003 Qtr4,Period,Qtr4,,,PEBD sheet 'NAICS' cell B28,R73; PEBD pull 2026-09-27 (workbook updated 2025-11-13); attribution: The Planetary Society; conventions in 07 FINDINGS R73
planetary_society_pebd_mission_costs,NAICS,2003 Qtr4,Estimate Value,3.9,percent (12-month change),,PEBD sheet 'NAICS' cell C28,R73; PEBD pull 2026-09-27 (workbook updated 2025-11-13); attribution: The Planetary Society; conventions in 07 FINDINGS R73
planetary_society_pebd_mission_costs,NAICS,2003 Qtr4,quarterly factor (= 1 + Estimate Value / 100),1.039,dimensionless factor,,PEBD sheet 'NAICS' cell D28,R73; PEBD pull 2026-09-27 (workbook updated 2025-11-13); attribution: The Planetary Society; conventions in 07 FINDINGS R73
planetary_society_pebd_mission_costs,NAICS,FY 2012,Average,1.01875,dimensionless factor,,PEBD sheet 'NAICS' cell G28,R73; PEBD pull 2026-09-27 (workbook updated 2025-11-13); attribution: The Planetary Society; conventions in 07 FINDINGS R73
planetary_society_pebd_mission_costs,NAICS,FY 2012,Wage Inflation Factor,1.44331197,dimensionless factor,,PEBD sheet 'NAICS' cell H28,R73; PEBD pull 2026-09-27 (workbook updated 2025-11-13); attribution: The Planetary Society; conventions in 07 FINDINGS R73
planetary_society_pebd_mission_costs,NAICS,2004 Qtr1,Period,Qtr1,,,PEBD sheet 'NAICS' cell B29,R73; PEBD pull 2026-09-27 (workbook updated 2025-11-13); attribution: The Planetary Society; conventions in 07 FINDINGS R73
planetary_society_pebd_mission_costs,NAICS,2004 Qtr1,Estimate Value,3.7,percent (12-month change),,PEBD sheet 'NAICS' cell C29,R73; PEBD pull 2026-09-27 (workbook updated 2025-11-13); attribution: The Planetary Society; conventions in 07 FINDINGS R73
planetary_society_pebd_mission_costs,NAICS,2004 Qtr1,quarterly factor (= 1 + Estimate Value / 100),1.037,dimensionless factor,,PEBD sheet 'NAICS' cell D29,R73; PEBD pull 2026-09-27 (workbook updated 2025-11-13); attribution: The Planetary Society; conventions in 07 FINDINGS R73
planetary_society_pebd_mission_costs,NAICS,FY 2013,Average,1.019,dimensionless factor,,PEBD sheet 'NAICS' cell G29,R73; PEBD pull 2026-09-27 (workbook updated 2025-11-13); attribution: The Planetary Society; conventions in 07 FINDINGS R73
planetary_society_pebd_mission_costs,NAICS,FY 2013,Wage Inflation Factor,1.416747946,dimensionless factor,,PEBD sheet 'NAICS' cell H29,R73; PEBD pull 2026-09-27 (workbook updated 2025-11-13); attribution: The Planetary Society; conventions in 07 FINDINGS R73
planetary_society_pebd_mission_costs,NAICS,2004 Qtr2,Period,Qtr2,,,PEBD sheet 'NAICS' cell B30,R73; PEBD pull 2026-09-27 (workbook updated 2025-11-13); attribution: The Planetary Society; conventions in 07 FINDINGS R73
planetary_society_pebd_mission_costs,NAICS,2004 Qtr2,Estimate Value,3.8,percent (12-month change),,PEBD sheet 'NAICS' cell C30,R73; PEBD pull 2026-09-27 (workbook updated 2025-11-13); attribution: The Planetary Society; conventions in 07 FINDINGS R73
planetary_society_pebd_mission_costs,NAICS,2004 Qtr2,quarterly factor (= 1 + Estimate Value / 100),1.038,dimensionless factor,,PEBD sheet 'NAICS' cell D30,R73; PEBD pull 2026-09-27 (workbook updated 2025-11-13); attribution: The Planetary Society; conventions in 07 FINDINGS R73
planetary_society_pebd_mission_costs,NAICS,FY 2014,Average,1.02,dimensionless factor,,PEBD sheet 'NAICS' cell G30,R73; PEBD pull 2026-09-27 (workbook updated 2025-11-13); attribution: The Planetary Society; conventions in 07 FINDINGS R73
planetary_society_pebd_mission_costs,NAICS,FY 2014,Wage Inflation Factor,1.390331644,dimensionless factor,,PEBD sheet 'NAICS' cell H30,R73; PEBD pull 2026-09-27 (workbook updated 2025-11-13); attribution: The Planetary Society; conventions in 07 FINDINGS R73
planetary_society_pebd_mission_costs,NAICS,2004 Qtr3,Period,Qtr3,,,PEBD sheet 'NAICS' cell B31,R73; PEBD pull 2026-09-27 (workbook updated 2025-11-13); attribution: The Planetary Society; conventions in 07 FINDINGS R73
planetary_society_pebd_mission_costs,NAICS,2004 Qtr3,Estimate Value,3.8,percent (12-month change),,PEBD sheet 'NAICS' cell C31,R73; PEBD pull 2026-09-27 (workbook updated 2025-11-13); attribution: The Planetary Society; conventions in 07 FINDINGS R73
planetary_society_pebd_mission_costs,NAICS,2004 Qtr3,quarterly factor (= 1 + Estimate Value / 100),1.038,dimensionless factor,,PEBD sheet 'NAICS' cell D31,R73; PEBD pull 2026-09-27 (workbook updated 2025-11-13); attribution: The Planetary Society; conventions in 07 FINDINGS R73
planetary_society_pebd_mission_costs,NAICS,FY 2015,Average,1.022,dimensionless factor,,PEBD sheet 'NAICS' cell G31,R73; PEBD pull 2026-09-27 (workbook updated 2025-11-13); attribution: The Planetary Society; conventions in 07 FINDINGS R73
planetary_society_pebd_mission_costs,NAICS,FY 2015,Wage Inflation Factor,1.36307024,dimensionless factor,,PEBD sheet 'NAICS' cell H31,R73; PEBD pull 2026-09-27 (workbook updated 2025-11-13); attribution: The Planetary Society; conventions in 07 FINDINGS R73
planetary_society_pebd_mission_costs,NAICS,2004 Qtr4,Period,Qtr4,,,PEBD sheet 'NAICS' cell B32,R73; PEBD pull 2026-09-27 (workbook updated 2025-11-13); attribution: The Planetary Society; conventions in 07 FINDINGS R73
planetary_society_pebd_mission_costs,NAICS,2004 Qtr4,Estimate Value,3.7,percent (12-month change),,PEBD sheet 'NAICS' cell C32,R73; PEBD pull 2026-09-27 (workbook updated 2025-11-13); attribution: The Planetary Society; conventions in 07 FINDINGS R73
planetary_society_pebd_mission_costs,NAICS,2004 Qtr4,quarterly factor (= 1 + Estimate Value / 100),1.037,dimensionless factor,,PEBD sheet 'NAICS' cell D32,R73; PEBD pull 2026-09-27 (workbook updated 2025-11-13); attribution: The Planetary Society; conventions in 07 FINDINGS R73
planetary_society_pebd_mission_costs,NAICS,FY 2016,Average,1.02125,dimensionless factor,,PEBD sheet 'NAICS' cell G32,R73; PEBD pull 2026-09-27 (workbook updated 2025-11-13); attribution: The Planetary Society; conventions in 07 FINDINGS R73
planetary_society_pebd_mission_costs,NAICS,FY 2016,Wage Inflation Factor,1.333728219,dimensionless factor,,PEBD sheet 'NAICS' cell H32,R73; PEBD pull 2026-09-27 (workbook updated 2025-11-13); attribution: The Planetary Society; conventions in 07 FINDINGS R73
planetary_society_pebd_mission_costs,NAICS,2005 Qtr1,Period,Qtr1,,,PEBD sheet 'NAICS' cell B33,R73; PEBD pull 2026-09-27 (workbook updated 2025-11-13); attribution: The Planetary Society; conventions in 07 FINDINGS R73
planetary_society_pebd_mission_costs,NAICS,2005 Qtr1,Estimate Value,3.6,percent (12-month change),,PEBD sheet 'NAICS' cell C33,R73; PEBD pull 2026-09-27 (workbook updated 2025-11-13); attribution: The Planetary Society; conventions in 07 FINDINGS R73
planetary_society_pebd_mission_costs,NAICS,2005 Qtr1,quarterly factor (= 1 + Estimate Value / 100),1.036,dimensionless factor,,PEBD sheet 'NAICS' cell D33,R73; PEBD pull 2026-09-27 (workbook updated 2025-11-13); attribution: The Planetary Society; conventions in 07 FINDINGS R73
planetary_society_pebd_mission_costs,NAICS,FY 2017,Average,1.02375,dimensionless factor,,PEBD sheet 'NAICS' cell G33,R73; PEBD pull 2026-09-27 (workbook updated 2025-11-13); attribution: The Planetary Society; conventions in 07 FINDINGS R73
planetary_society_pebd_mission_costs,NAICS,FY 2017,Wage Inflation Factor,1.305976224,dimensionless factor,,PEBD sheet 'NAICS' cell H33,R73; PEBD pull 2026-09-27 (workbook updated 2025-11-13); attribution: The Planetary Society; conventions in 07 FINDINGS R73
planetary_society_pebd_mission_costs,NAICS,2005 Qtr2,Period,Qtr2,,,PEBD sheet 'NAICS' cell B34,R73; PEBD pull 2026-09-27 (workbook updated 2025-11-13); attribution: The Planetary Society; conventions in 07 FINDINGS R73
planetary_society_pebd_mission_costs,NAICS,2005 Qtr2,Estimate Value,3.2,percent (12-month change),,PEBD sheet 'NAICS' cell C34,R73; PEBD pull 2026-09-27 (workbook updated 2025-11-13); attribution: The Planetary Society; conventions in 07 FINDINGS R73
planetary_society_pebd_mission_costs,NAICS,2005 Qtr2,quarterly factor (= 1 + Estimate Value / 100),1.032,dimensionless factor,,PEBD sheet 'NAICS' cell D34,R73; PEBD pull 2026-09-27 (workbook updated 2025-11-13); attribution: The Planetary Society; conventions in 07 FINDINGS R73
planetary_society_pebd_mission_costs,NAICS,FY 2018,Average,1.02725,dimensionless factor,,PEBD sheet 'NAICS' cell G34,R73; PEBD pull 2026-09-27 (workbook updated 2025-11-13); attribution: The Planetary Society; conventions in 07 FINDINGS R73
planetary_society_pebd_mission_costs,NAICS,FY 2018,Wage Inflation Factor,1.275678851,dimensionless factor,,PEBD sheet 'NAICS' cell H34,R73; PEBD pull 2026-09-27 (workbook updated 2025-11-13); attribution: The Planetary Society; conventions in 07 FINDINGS R73
planetary_society_pebd_mission_costs,NAICS,2005 Qtr3,Period,Qtr3,,,PEBD sheet 'NAICS' cell B35,R73; PEBD pull 2026-09-27 (workbook updated 2025-11-13); attribution: The Planetary Society; conventions in 07 FINDINGS R73
planetary_society_pebd_mission_costs,NAICS,2005 Qtr3,Estimate Value,3,percent (12-month change),,PEBD sheet 'NAICS' cell C35,R73; PEBD pull 2026-09-27 (workbook updated 2025-11-13); attribution: The Planetary Society; conventions in 07 FINDINGS R73
planetary_society_pebd_mission_costs,NAICS,2005 Qtr3,quarterly factor (= 1 + Estimate Value / 100),1.03,dimensionless factor,,PEBD sheet 'NAICS' cell D35,R73; PEBD pull 2026-09-27 (workbook updated 2025-11-13); attribution: The Planetary Society; conventions in 07 FINDINGS R73
planetary_society_pebd_mission_costs,NAICS,FY 2019,Average,1.028,dimensionless factor,,PEBD sheet 'NAICS' cell G35,R73; PEBD pull 2026-09-27 (workbook updated 2025-11-13); attribution: The Planetary Society; conventions in 07 FINDINGS R73
planetary_society_pebd_mission_costs,NAICS,FY 2019,Wage Inflation Factor,1.241838745,dimensionless factor,,PEBD sheet 'NAICS' cell H35,R73; PEBD pull 2026-09-27 (workbook updated 2025-11-13); attribution: The Planetary Society; conventions in 07 FINDINGS R73
planetary_society_pebd_mission_costs,NAICS,2005 Qtr4,Period,Qtr4,,,PEBD sheet 'NAICS' cell B36,R73; PEBD pull 2026-09-27 (workbook updated 2025-11-13); attribution: The Planetary Society; conventions in 07 FINDINGS R73
planetary_society_pebd_mission_costs,NAICS,2005 Qtr4,Estimate Value,3.1,percent (12-month change),,PEBD sheet 'NAICS' cell C36,R73; PEBD pull 2026-09-27 (workbook updated 2025-11-13); attribution: The Planetary Society; conventions in 07 FINDINGS R73
planetary_society_pebd_mission_costs,NAICS,2005 Qtr4,quarterly factor (= 1 + Estimate Value / 100),1.031,dimensionless factor,,PEBD sheet 'NAICS' cell D36,R73; PEBD pull 2026-09-27 (workbook updated 2025-11-13); attribution: The Planetary Society; conventions in 07 FINDINGS R73
planetary_society_pebd_mission_costs,NAICS,FY 2020,Average,1.0265,dimensionless factor,,PEBD sheet 'NAICS' cell G36,R73; PEBD pull 2026-09-27 (workbook updated 2025-11-13); attribution: The Planetary Society; conventions in 07 FINDINGS R73
planetary_society_pebd_mission_costs,NAICS,FY 2020,Wage Inflation Factor,1.208014344,dimensionless factor,,PEBD sheet 'NAICS' cell H36,R73; PEBD pull 2026-09-27 (workbook updated 2025-11-13); attribution: The Planetary Society; conventions in 07 FINDINGS R73
planetary_society_pebd_mission_costs,NAICS,2006 Qtr1,Period,Qtr1,,,PEBD sheet 'NAICS' cell B37,R73; PEBD pull 2026-09-27 (workbook updated 2025-11-13); attribution: The Planetary Society; conventions in 07 FINDINGS R73
planetary_society_pebd_mission_costs,NAICS,2006 Qtr1,Estimate Value,2.8,percent (12-month change),,PEBD sheet 'NAICS' cell C37,R73; PEBD pull 2026-09-27 (workbook updated 2025-11-13); attribution: The Planetary Society; conventions in 07 FINDINGS R73
planetary_society_pebd_mission_costs,NAICS,2006 Qtr1,quarterly factor (= 1 + Estimate Value / 100),1.028,dimensionless factor,,PEBD sheet 'NAICS' cell D37,R73; PEBD pull 2026-09-27 (workbook updated 2025-11-13); attribution: The Planetary Society; conventions in 07 FINDINGS R73
planetary_society_pebd_mission_costs,NAICS,FY 2021,Average,1.033,dimensionless factor,,PEBD sheet 'NAICS' cell G37,R73; PEBD pull 2026-09-27 (workbook updated 2025-11-13); attribution: The Planetary Society; conventions in 07 FINDINGS R73
planetary_society_pebd_mission_costs,NAICS,FY 2021,Wage Inflation Factor,1.176828391,dimensionless factor,,PEBD sheet 'NAICS' cell H37,R73; PEBD pull 2026-09-27 (workbook updated 2025-11-13); attribution: The Planetary Society; conventions in 07 FINDINGS R73
planetary_society_pebd_mission_costs,NAICS,2006 Qtr2,Period,Qtr2,,,PEBD sheet 'NAICS' cell B38,R73; PEBD pull 2026-09-27 (workbook updated 2025-11-13); attribution: The Planetary Society; conventions in 07 FINDINGS R73
planetary_society_pebd_mission_costs,NAICS,2006 Qtr2,Estimate Value,3,percent (12-month change),,PEBD sheet 'NAICS' cell C38,R73; PEBD pull 2026-09-27 (workbook updated 2025-11-13); attribution: The Planetary Society; conventions in 07 FINDINGS R73
planetary_society_pebd_mission_costs,NAICS,2006 Qtr2,quarterly factor (= 1 + Estimate Value / 100),1.03,dimensionless factor,,PEBD sheet 'NAICS' cell D38,R73; PEBD pull 2026-09-27 (workbook updated 2025-11-13); attribution: The Planetary Society; conventions in 07 FINDINGS R73
planetary_society_pebd_mission_costs,NAICS,FY 2022,Average,1.04925,dimensionless factor,,PEBD sheet 'NAICS' cell G38,R73; PEBD pull 2026-09-27 (workbook updated 2025-11-13); attribution: The Planetary Society; conventions in 07 FINDINGS R73
planetary_society_pebd_mission_costs,NAICS,FY 2022,Wage Inflation Factor,1.13923368,dimensionless factor,,PEBD sheet 'NAICS' cell H38,R73; PEBD pull 2026-09-27 (workbook updated 2025-11-13); attribution: The Planetary Society; conventions in 07 FINDINGS R73
planetary_society_pebd_mission_costs,NAICS,2006 Qtr3,Period,Qtr3,,,PEBD sheet 'NAICS' cell B39,R73; PEBD pull 2026-09-27 (workbook updated 2025-11-13); attribution: The Planetary Society; conventions in 07 FINDINGS R73
planetary_society_pebd_mission_costs,NAICS,2006 Qtr3,Estimate Value,3.3,percent (12-month change),,PEBD sheet 'NAICS' cell C39,R73; PEBD pull 2026-09-27 (workbook updated 2025-11-13); attribution: The Planetary Society; conventions in 07 FINDINGS R73
planetary_society_pebd_mission_costs,NAICS,2006 Qtr3,quarterly factor (= 1 + Estimate Value / 100),1.033,dimensionless factor,,PEBD sheet 'NAICS' cell D39,R73; PEBD pull 2026-09-27 (workbook updated 2025-11-13); attribution: The Planetary Society; conventions in 07 FINDINGS R73
planetary_society_pebd_mission_costs,NAICS,FY 2023,Average,1.044,dimensionless factor,,PEBD sheet 'NAICS' cell G39,R73; PEBD pull 2026-09-27 (workbook updated 2025-11-13); attribution: The Planetary Society; conventions in 07 FINDINGS R73
planetary_society_pebd_mission_costs,NAICS,FY 2023,Wage Inflation Factor,1.08576,dimensionless factor,,PEBD sheet 'NAICS' cell H39,R73; PEBD pull 2026-09-27 (workbook updated 2025-11-13); attribution: The Planetary Society; conventions in 07 FINDINGS R73
planetary_society_pebd_mission_costs,NAICS,2006 Qtr4,Period,Qtr4,,,PEBD sheet 'NAICS' cell B40,R73; PEBD pull 2026-09-27 (workbook updated 2025-11-13); attribution: The Planetary Society; conventions in 07 FINDINGS R73
planetary_society_pebd_mission_costs,NAICS,2006 Qtr4,Estimate Value,3.3,percent (12-month change),,PEBD sheet 'NAICS' cell C40,R73; PEBD pull 2026-09-27 (workbook updated 2025-11-13); attribution: The Planetary Society; conventions in 07 FINDINGS R73
planetary_society_pebd_mission_costs,NAICS,2006 Qtr4,quarterly factor (= 1 + Estimate Value / 100),1.033,dimensionless factor,,PEBD sheet 'NAICS' cell D40,R73; PEBD pull 2026-09-27 (workbook updated 2025-11-13); attribution: The Planetary Society; conventions in 07 FINDINGS R73
planetary_society_pebd_mission_costs,NAICS,FY 2024,Average,1.04,dimensionless factor,,PEBD sheet 'NAICS' cell G40,R73; PEBD pull 2026-09-27 (workbook updated 2025-11-13); attribution: The Planetary Society; conventions in 07 FINDINGS R73
planetary_society_pebd_mission_costs,NAICS,FY 2024,Wage Inflation Factor,1.04,dimensionless factor,,PEBD sheet 'NAICS' cell H40,R73; PEBD pull 2026-09-27 (workbook updated 2025-11-13); attribution: The Planetary Society; conventions in 07 FINDINGS R73
planetary_society_pebd_mission_costs,NAICS,2007 Qtr1,Period,Qtr1,,,PEBD sheet 'NAICS' cell B41,R73; PEBD pull 2026-09-27 (workbook updated 2025-11-13); attribution: The Planetary Society; conventions in 07 FINDINGS R73
planetary_society_pebd_mission_costs,NAICS,2007 Qtr1,Estimate Value,3.5,percent (12-month change),,PEBD sheet 'NAICS' cell C41,R73; PEBD pull 2026-09-27 (workbook updated 2025-11-13); attribution: The Planetary Society; conventions in 07 FINDINGS R73
planetary_society_pebd_mission_costs,NAICS,2007 Qtr1,quarterly factor (= 1 + Estimate Value / 100),1.035,dimensionless factor,,PEBD sheet 'NAICS' cell D41,R73; PEBD pull 2026-09-27 (workbook updated 2025-11-13); attribution: The Planetary Society; conventions in 07 FINDINGS R73
planetary_society_pebd_mission_costs,NAICS,2007 Qtr2,Period,Qtr2,,,PEBD sheet 'NAICS' cell B42,R73; PEBD pull 2026-09-27 (workbook updated 2025-11-13); attribution: The Planetary Society; conventions in 07 FINDINGS R73
planetary_society_pebd_mission_costs,NAICS,2007 Qtr2,Estimate Value,3.3,percent (12-month change),,PEBD sheet 'NAICS' cell C42,R73; PEBD pull 2026-09-27 (workbook updated 2025-11-13); attribution: The Planetary Society; conventions in 07 FINDINGS R73
planetary_society_pebd_mission_costs,NAICS,2007 Qtr2,quarterly factor (= 1 + Estimate Value / 100),1.033,dimensionless factor,,PEBD sheet 'NAICS' cell D42,R73; PEBD pull 2026-09-27 (workbook updated 2025-11-13); attribution: The Planetary Society; conventions in 07 FINDINGS R73
planetary_society_pebd_mission_costs,NAICS,2007 Qtr3,Period,Qtr3,,,PEBD sheet 'NAICS' cell B43,R73; PEBD pull 2026-09-27 (workbook updated 2025-11-13); attribution: The Planetary Society; conventions in 07 FINDINGS R73
planetary_society_pebd_mission_costs,NAICS,2007 Qtr3,Estimate Value,3.3,percent (12-month change),,PEBD sheet 'NAICS' cell C43,R73; PEBD pull 2026-09-27 (workbook updated 2025-11-13); attribution: The Planetary Society; conventions in 07 FINDINGS R73
planetary_society_pebd_mission_costs,NAICS,2007 Qtr3,quarterly factor (= 1 + Estimate Value / 100),1.033,dimensionless factor,,PEBD sheet 'NAICS' cell D43,R73; PEBD pull 2026-09-27 (workbook updated 2025-11-13); attribution: The Planetary Society; conventions in 07 FINDINGS R73
planetary_society_pebd_mission_costs,NAICS,2007 Qtr4,Period,Qtr4,,,PEBD sheet 'NAICS' cell B44,R73; PEBD pull 2026-09-27 (workbook updated 2025-11-13); attribution: The Planetary Society; conventions in 07 FINDINGS R73
planetary_society_pebd_mission_costs,NAICS,2007 Qtr4,Estimate Value,3.3,percent (12-month change),,PEBD sheet 'NAICS' cell C44,R73; PEBD pull 2026-09-27 (workbook updated 2025-11-13); attribution: The Planetary Society; conventions in 07 FINDINGS R73
planetary_society_pebd_mission_costs,NAICS,2007 Qtr4,quarterly factor (= 1 + Estimate Value / 100),1.033,dimensionless factor,,PEBD sheet 'NAICS' cell D44,R73; PEBD pull 2026-09-27 (workbook updated 2025-11-13); attribution: The Planetary Society; conventions in 07 FINDINGS R73
planetary_society_pebd_mission_costs,NAICS,2008 Qtr1,Period,Qtr1,,,PEBD sheet 'NAICS' cell B45,R73; PEBD pull 2026-09-27 (workbook updated 2025-11-13); attribution: The Planetary Society; conventions in 07 FINDINGS R73
planetary_society_pebd_mission_costs,NAICS,2008 Qtr1,Estimate Value,3.3,percent (12-month change),,PEBD sheet 'NAICS' cell C45,R73; PEBD pull 2026-09-27 (workbook updated 2025-11-13); attribution: The Planetary Society; conventions in 07 FINDINGS R73
planetary_society_pebd_mission_costs,NAICS,2008 Qtr1,quarterly factor (= 1 + Estimate Value / 100),1.033,dimensionless factor,,PEBD sheet 'NAICS' cell D45,R73; PEBD pull 2026-09-27 (workbook updated 2025-11-13); attribution: The Planetary Society; conventions in 07 FINDINGS R73
planetary_society_pebd_mission_costs,NAICS,2008 Qtr2,Period,Qtr2,,,PEBD sheet 'NAICS' cell B46,R73; PEBD pull 2026-09-27 (workbook updated 2025-11-13); attribution: The Planetary Society; conventions in 07 FINDINGS R73
planetary_society_pebd_mission_costs,NAICS,2008 Qtr2,Estimate Value,3.1,percent (12-month change),,PEBD sheet 'NAICS' cell C46,R73; PEBD pull 2026-09-27 (workbook updated 2025-11-13); attribution: The Planetary Society; conventions in 07 FINDINGS R73
planetary_society_pebd_mission_costs,NAICS,2008 Qtr2,quarterly factor (= 1 + Estimate Value / 100),1.031,dimensionless factor,,PEBD sheet 'NAICS' cell D46,R73; PEBD pull 2026-09-27 (workbook updated 2025-11-13); attribution: The Planetary Society; conventions in 07 FINDINGS R73
planetary_society_pebd_mission_costs,NAICS,2008 Qtr3,Period,Qtr3,,,PEBD sheet 'NAICS' cell B47,R73; PEBD pull 2026-09-27 (workbook updated 2025-11-13); attribution: The Planetary Society; conventions in 07 FINDINGS R73
planetary_society_pebd_mission_costs,NAICS,2008 Qtr3,Estimate Value,2.9,percent (12-month change),,PEBD sheet 'NAICS' cell C47,R73; PEBD pull 2026-09-27 (workbook updated 2025-11-13); attribution: The Planetary Society; conventions in 07 FINDINGS R73
planetary_society_pebd_mission_costs,NAICS,2008 Qtr3,quarterly factor (= 1 + Estimate Value / 100),1.029,dimensionless factor,,PEBD sheet 'NAICS' cell D47,R73; PEBD pull 2026-09-27 (workbook updated 2025-11-13); attribution: The Planetary Society; conventions in 07 FINDINGS R73
planetary_society_pebd_mission_costs,NAICS,2008 Qtr4,Period,Qtr4,,,PEBD sheet 'NAICS' cell B48,R73; PEBD pull 2026-09-27 (workbook updated 2025-11-13); attribution: The Planetary Society; conventions in 07 FINDINGS R73
planetary_society_pebd_mission_costs,NAICS,2008 Qtr4,Estimate Value,2.6,percent (12-month change),,PEBD sheet 'NAICS' cell C48,R73; PEBD pull 2026-09-27 (workbook updated 2025-11-13); attribution: The Planetary Society; conventions in 07 FINDINGS R73
planetary_society_pebd_mission_costs,NAICS,2008 Qtr4,quarterly factor (= 1 + Estimate Value / 100),1.026,dimensionless factor,,PEBD sheet 'NAICS' cell D48,R73; PEBD pull 2026-09-27 (workbook updated 2025-11-13); attribution: The Planetary Society; conventions in 07 FINDINGS R73
planetary_society_pebd_mission_costs,NAICS,2009 Qtr1,Period,Qtr1,,,PEBD sheet 'NAICS' cell B49,R73; PEBD pull 2026-09-27 (workbook updated 2025-11-13); attribution: The Planetary Society; conventions in 07 FINDINGS R73
planetary_society_pebd_mission_costs,NAICS,2009 Qtr1,Estimate Value,2.1,percent (12-month change),,PEBD sheet 'NAICS' cell C49,R73; PEBD pull 2026-09-27 (workbook updated 2025-11-13); attribution: The Planetary Society; conventions in 07 FINDINGS R73
planetary_society_pebd_mission_costs,NAICS,2009 Qtr1,quarterly factor (= 1 + Estimate Value / 100),1.021,dimensionless factor,,PEBD sheet 'NAICS' cell D49,R73; PEBD pull 2026-09-27 (workbook updated 2025-11-13); attribution: The Planetary Society; conventions in 07 FINDINGS R73
planetary_society_pebd_mission_costs,NAICS,2009 Qtr2,Period,Qtr2,,,PEBD sheet 'NAICS' cell B50,R73; PEBD pull 2026-09-27 (workbook updated 2025-11-13); attribution: The Planetary Society; conventions in 07 FINDINGS R73
planetary_society_pebd_mission_costs,NAICS,2009 Qtr2,Estimate Value,1.8,percent (12-month change),,PEBD sheet 'NAICS' cell C50,R73; PEBD pull 2026-09-27 (workbook updated 2025-11-13); attribution: The Planetary Society; conventions in 07 FINDINGS R73
planetary_society_pebd_mission_costs,NAICS,2009 Qtr2,quarterly factor (= 1 + Estimate Value / 100),1.018,dimensionless factor,,PEBD sheet 'NAICS' cell D50,R73; PEBD pull 2026-09-27 (workbook updated 2025-11-13); attribution: The Planetary Society; conventions in 07 FINDINGS R73
planetary_society_pebd_mission_costs,NAICS,2009 Qtr3,Period,Qtr3,,,PEBD sheet 'NAICS' cell B51,R73; PEBD pull 2026-09-27 (workbook updated 2025-11-13); attribution: The Planetary Society; conventions in 07 FINDINGS R73
planetary_society_pebd_mission_costs,NAICS,2009 Qtr3,Estimate Value,1.5,percent (12-month change),,PEBD sheet 'NAICS' cell C51,R73; PEBD pull 2026-09-27 (workbook updated 2025-11-13); attribution: The Planetary Society; conventions in 07 FINDINGS R73
planetary_society_pebd_mission_costs,NAICS,2009 Qtr3,quarterly factor (= 1 + Estimate Value / 100),1.015,dimensionless factor,,PEBD sheet 'NAICS' cell D51,R73; PEBD pull 2026-09-27 (workbook updated 2025-11-13); attribution: The Planetary Society; conventions in 07 FINDINGS R73
planetary_society_pebd_mission_costs,NAICS,2009 Qtr4,Period,Qtr4,,,PEBD sheet 'NAICS' cell B52,R73; PEBD pull 2026-09-27 (workbook updated 2025-11-13); attribution: The Planetary Society; conventions in 07 FINDINGS R73
planetary_society_pebd_mission_costs,NAICS,2009 Qtr4,Estimate Value,1.4,percent (12-month change),,PEBD sheet 'NAICS' cell C52,R73; PEBD pull 2026-09-27 (workbook updated 2025-11-13); attribution: The Planetary Society; conventions in 07 FINDINGS R73
planetary_society_pebd_mission_costs,NAICS,2009 Qtr4,quarterly factor (= 1 + Estimate Value / 100),1.014,dimensionless factor,,PEBD sheet 'NAICS' cell D52,R73; PEBD pull 2026-09-27 (workbook updated 2025-11-13); attribution: The Planetary Society; conventions in 07 FINDINGS R73
planetary_society_pebd_mission_costs,NAICS,2010 Qtr1,Period,Qtr1,,,PEBD sheet 'NAICS' cell B53,R73; PEBD pull 2026-09-27 (workbook updated 2025-11-13); attribution: The Planetary Society; conventions in 07 FINDINGS R73
planetary_society_pebd_mission_costs,NAICS,2010 Qtr1,Estimate Value,1.7,percent (12-month change),,PEBD sheet 'NAICS' cell C53,R73; PEBD pull 2026-09-27 (workbook updated 2025-11-13); attribution: The Planetary Society; conventions in 07 FINDINGS R73
planetary_society_pebd_mission_costs,NAICS,2010 Qtr1,quarterly factor (= 1 + Estimate Value / 100),1.017,dimensionless factor,,PEBD sheet 'NAICS' cell D53,R73; PEBD pull 2026-09-27 (workbook updated 2025-11-13); attribution: The Planetary Society; conventions in 07 FINDINGS R73
planetary_society_pebd_mission_costs,NAICS,2010 Qtr2,Period,Qtr2,,,PEBD sheet 'NAICS' cell B54,R73; PEBD pull 2026-09-27 (workbook updated 2025-11-13); attribution: The Planetary Society; conventions in 07 FINDINGS R73
planetary_society_pebd_mission_costs,NAICS,2010 Qtr2,Estimate Value,1.9,percent (12-month change),,PEBD sheet 'NAICS' cell C54,R73; PEBD pull 2026-09-27 (workbook updated 2025-11-13); attribution: The Planetary Society; conventions in 07 FINDINGS R73
planetary_society_pebd_mission_costs,NAICS,2010 Qtr2,quarterly factor (= 1 + Estimate Value / 100),1.019,dimensionless factor,,PEBD sheet 'NAICS' cell D54,R73; PEBD pull 2026-09-27 (workbook updated 2025-11-13); attribution: The Planetary Society; conventions in 07 FINDINGS R73
planetary_society_pebd_mission_costs,NAICS,2010 Qtr3,Period,Qtr3,,,PEBD sheet 'NAICS' cell B55,R73; PEBD pull 2026-09-27 (workbook updated 2025-11-13); attribution: The Planetary Society; conventions in 07 FINDINGS R73
planetary_society_pebd_mission_costs,NAICS,2010 Qtr3,Estimate Value,1.9,percent (12-month change),,PEBD sheet 'NAICS' cell C55,R73; PEBD pull 2026-09-27 (workbook updated 2025-11-13); attribution: The Planetary Society; conventions in 07 FINDINGS R73
planetary_society_pebd_mission_costs,NAICS,2010 Qtr3,quarterly factor (= 1 + Estimate Value / 100),1.019,dimensionless factor,,PEBD sheet 'NAICS' cell D55,R73; PEBD pull 2026-09-27 (workbook updated 2025-11-13); attribution: The Planetary Society; conventions in 07 FINDINGS R73
planetary_society_pebd_mission_costs,NAICS,2010 Qtr4,Period,Qtr4,,,PEBD sheet 'NAICS' cell B56,R73; PEBD pull 2026-09-27 (workbook updated 2025-11-13); attribution: The Planetary Society; conventions in 07 FINDINGS R73
planetary_society_pebd_mission_costs,NAICS,2010 Qtr4,Estimate Value,2,percent (12-month change),,PEBD sheet 'NAICS' cell C56,R73; PEBD pull 2026-09-27 (workbook updated 2025-11-13); attribution: The Planetary Society; conventions in 07 FINDINGS R73
planetary_society_pebd_mission_costs,NAICS,2010 Qtr4,quarterly factor (= 1 + Estimate Value / 100),1.02,dimensionless factor,,PEBD sheet 'NAICS' cell D56,R73; PEBD pull 2026-09-27 (workbook updated 2025-11-13); attribution: The Planetary Society; conventions in 07 FINDINGS R73
planetary_society_pebd_mission_costs,NAICS,2011 Qtr1,Period,Qtr1,,,PEBD sheet 'NAICS' cell B57,R73; PEBD pull 2026-09-27 (workbook updated 2025-11-13); attribution: The Planetary Society; conventions in 07 FINDINGS R73
planetary_society_pebd_mission_costs,NAICS,2011 Qtr1,Estimate Value,2,percent (12-month change),,PEBD sheet 'NAICS' cell C57,R73; PEBD pull 2026-09-27 (workbook updated 2025-11-13); attribution: The Planetary Society; conventions in 07 FINDINGS R73
planetary_society_pebd_mission_costs,NAICS,2011 Qtr1,quarterly factor (= 1 + Estimate Value / 100),1.02,dimensionless factor,,PEBD sheet 'NAICS' cell D57,R73; PEBD pull 2026-09-27 (workbook updated 2025-11-13); attribution: The Planetary Society; conventions in 07 FINDINGS R73
planetary_society_pebd_mission_costs,NAICS,2011 Qtr2,Period,Qtr2,,,PEBD sheet 'NAICS' cell B58,R73; PEBD pull 2026-09-27 (workbook updated 2025-11-13); attribution: The Planetary Society; conventions in 07 FINDINGS R73
planetary_society_pebd_mission_costs,NAICS,2011 Qtr2,Estimate Value,2.2,percent (12-month change),,PEBD sheet 'NAICS' cell C58,R73; PEBD pull 2026-09-27 (workbook updated 2025-11-13); attribution: The Planetary Society; conventions in 07 FINDINGS R73
planetary_society_pebd_mission_costs,NAICS,2011 Qtr2,quarterly factor (= 1 + Estimate Value / 100),1.022,dimensionless factor,,PEBD sheet 'NAICS' cell D58,R73; PEBD pull 2026-09-27 (workbook updated 2025-11-13); attribution: The Planetary Society; conventions in 07 FINDINGS R73
planetary_society_pebd_mission_costs,NAICS,2011 Qtr3,Period,Qtr3,,,PEBD sheet 'NAICS' cell B59,R73; PEBD pull 2026-09-27 (workbook updated 2025-11-13); attribution: The Planetary Society; conventions in 07 FINDINGS R73
planetary_society_pebd_mission_costs,NAICS,2011 Qtr3,Estimate Value,2,percent (12-month change),,PEBD sheet 'NAICS' cell C59,R73; PEBD pull 2026-09-27 (workbook updated 2025-11-13); attribution: The Planetary Society; conventions in 07 FINDINGS R73
planetary_society_pebd_mission_costs,NAICS,2011 Qtr3,quarterly factor (= 1 + Estimate Value / 100),1.02,dimensionless factor,,PEBD sheet 'NAICS' cell D59,R73; PEBD pull 2026-09-27 (workbook updated 2025-11-13); attribution: The Planetary Society; conventions in 07 FINDINGS R73
planetary_society_pebd_mission_costs,NAICS,2011 Qtr4,Period,Qtr4,,,PEBD sheet 'NAICS' cell B60,R73; PEBD pull 2026-09-27 (workbook updated 2025-11-13); attribution: The Planetary Society; conventions in 07 FINDINGS R73
planetary_society_pebd_mission_costs,NAICS,2011 Qtr4,Estimate Value,2,percent (12-month change),,PEBD sheet 'NAICS' cell C60,R73; PEBD pull 2026-09-27 (workbook updated 2025-11-13); attribution: The Planetary Society; conventions in 07 FINDINGS R73
planetary_society_pebd_mission_costs,NAICS,2011 Qtr4,quarterly factor (= 1 + Estimate Value / 100),1.02,dimensionless factor,,PEBD sheet 'NAICS' cell D60,R73; PEBD pull 2026-09-27 (workbook updated 2025-11-13); attribution: The Planetary Society; conventions in 07 FINDINGS R73
planetary_society_pebd_mission_costs,NAICS,2012 Qtr1,Period,Qtr1,,,PEBD sheet 'NAICS' cell B61,R73; PEBD pull 2026-09-27 (workbook updated 2025-11-13); attribution: The Planetary Society; conventions in 07 FINDINGS R73
planetary_society_pebd_mission_costs,NAICS,2012 Qtr1,Estimate Value,1.9,percent (12-month change),,PEBD sheet 'NAICS' cell C61,R73; PEBD pull 2026-09-27 (workbook updated 2025-11-13); attribution: The Planetary Society; conventions in 07 FINDINGS R73
planetary_society_pebd_mission_costs,NAICS,2012 Qtr1,quarterly factor (= 1 + Estimate Value / 100),1.019,dimensionless factor,,PEBD sheet 'NAICS' cell D61,R73; PEBD pull 2026-09-27 (workbook updated 2025-11-13); attribution: The Planetary Society; conventions in 07 FINDINGS R73
planetary_society_pebd_mission_costs,NAICS,2012 Qtr2,Period,Qtr2,,,PEBD sheet 'NAICS' cell B62,R73; PEBD pull 2026-09-27 (workbook updated 2025-11-13); attribution: The Planetary Society; conventions in 07 FINDINGS R73
planetary_society_pebd_mission_costs,NAICS,2012 Qtr2,Estimate Value,1.7,percent (12-month change),,PEBD sheet 'NAICS' cell C62,R73; PEBD pull 2026-09-27 (workbook updated 2025-11-13); attribution: The Planetary Society; conventions in 07 FINDINGS R73
planetary_society_pebd_mission_costs,NAICS,2012 Qtr2,quarterly factor (= 1 + Estimate Value / 100),1.017,dimensionless factor,,PEBD sheet 'NAICS' cell D62,R73; PEBD pull 2026-09-27 (workbook updated 2025-11-13); attribution: The Planetary Society; conventions in 07 FINDINGS R73
planetary_society_pebd_mission_costs,NAICS,2012 Qtr3,Period,Qtr3,,,PEBD sheet 'NAICS' cell B63,R73; PEBD pull 2026-09-27 (workbook updated 2025-11-13); attribution: The Planetary Society; conventions in 07 FINDINGS R73
planetary_society_pebd_mission_costs,NAICS,2012 Qtr3,Estimate Value,1.9,percent (12-month change),,PEBD sheet 'NAICS' cell C63,R73; PEBD pull 2026-09-27 (workbook updated 2025-11-13); attribution: The Planetary Society; conventions in 07 FINDINGS R73
planetary_society_pebd_mission_costs,NAICS,2012 Qtr3,quarterly factor (= 1 + Estimate Value / 100),1.019,dimensionless factor,,PEBD sheet 'NAICS' cell D63,R73; PEBD pull 2026-09-27 (workbook updated 2025-11-13); attribution: The Planetary Society; conventions in 07 FINDINGS R73
planetary_society_pebd_mission_costs,NAICS,2012 Qtr4,Period,Qtr4,,,PEBD sheet 'NAICS' cell B64,R73; PEBD pull 2026-09-27 (workbook updated 2025-11-13); attribution: The Planetary Society; conventions in 07 FINDINGS R73
planetary_society_pebd_mission_costs,NAICS,2012 Qtr4,Estimate Value,1.9,percent (12-month change),,PEBD sheet 'NAICS' cell C64,R73; PEBD pull 2026-09-27 (workbook updated 2025-11-13); attribution: The Planetary Society; conventions in 07 FINDINGS R73
planetary_society_pebd_mission_costs,NAICS,2012 Qtr4,quarterly factor (= 1 + Estimate Value / 100),1.019,dimensionless factor,,PEBD sheet 'NAICS' cell D64,R73; PEBD pull 2026-09-27 (workbook updated 2025-11-13); attribution: The Planetary Society; conventions in 07 FINDINGS R73
planetary_society_pebd_mission_costs,NAICS,2013 Qtr1,Period,Qtr1,,,PEBD sheet 'NAICS' cell B65,R73; PEBD pull 2026-09-27 (workbook updated 2025-11-13); attribution: The Planetary Society; conventions in 07 FINDINGS R73
planetary_society_pebd_mission_costs,NAICS,2013 Qtr1,Estimate Value,1.9,percent (12-month change),,PEBD sheet 'NAICS' cell C65,R73; PEBD pull 2026-09-27 (workbook updated 2025-11-13); attribution: The Planetary Society; conventions in 07 FINDINGS R73
planetary_society_pebd_mission_costs,NAICS,2013 Qtr1,quarterly factor (= 1 + Estimate Value / 100),1.019,dimensionless factor,,PEBD sheet 'NAICS' cell D65,R73; PEBD pull 2026-09-27 (workbook updated 2025-11-13); attribution: The Planetary Society; conventions in 07 FINDINGS R73
planetary_society_pebd_mission_costs,NAICS,2013 Qtr2,Period,Qtr2,,,PEBD sheet 'NAICS' cell B66,R73; PEBD pull 2026-09-27 (workbook updated 2025-11-13); attribution: The Planetary Society; conventions in 07 FINDINGS R73
planetary_society_pebd_mission_costs,NAICS,2013 Qtr2,Estimate Value,1.9,percent (12-month change),,PEBD sheet 'NAICS' cell C66,R73; PEBD pull 2026-09-27 (workbook updated 2025-11-13); attribution: The Planetary Society; conventions in 07 FINDINGS R73
planetary_society_pebd_mission_costs,NAICS,2013 Qtr2,quarterly factor (= 1 + Estimate Value / 100),1.019,dimensionless factor,,PEBD sheet 'NAICS' cell D66,R73; PEBD pull 2026-09-27 (workbook updated 2025-11-13); attribution: The Planetary Society; conventions in 07 FINDINGS R73
planetary_society_pebd_mission_costs,NAICS,2013 Qtr3,Period,Qtr3,,,PEBD sheet 'NAICS' cell B67,R73; PEBD pull 2026-09-27 (workbook updated 2025-11-13); attribution: The Planetary Society; conventions in 07 FINDINGS R73
planetary_society_pebd_mission_costs,NAICS,2013 Qtr3,Estimate Value,1.9,percent (12-month change),,PEBD sheet 'NAICS' cell C67,R73; PEBD pull 2026-09-27 (workbook updated 2025-11-13); attribution: The Planetary Society; conventions in 07 FINDINGS R73
planetary_society_pebd_mission_costs,NAICS,2013 Qtr3,quarterly factor (= 1 + Estimate Value / 100),1.019,dimensionless factor,,PEBD sheet 'NAICS' cell D67,R73; PEBD pull 2026-09-27 (workbook updated 2025-11-13); attribution: The Planetary Society; conventions in 07 FINDINGS R73
planetary_society_pebd_mission_costs,NAICS,2013 Qtr4,Period,Qtr4,,,PEBD sheet 'NAICS' cell B68,R73; PEBD pull 2026-09-27 (workbook updated 2025-11-13); attribution: The Planetary Society; conventions in 07 FINDINGS R73
planetary_society_pebd_mission_costs,NAICS,2013 Qtr4,Estimate Value,2,percent (12-month change),,PEBD sheet 'NAICS' cell C68,R73; PEBD pull 2026-09-27 (workbook updated 2025-11-13); attribution: The Planetary Society; conventions in 07 FINDINGS R73
planetary_society_pebd_mission_costs,NAICS,2013 Qtr4,quarterly factor (= 1 + Estimate Value / 100),1.02,dimensionless factor,,PEBD sheet 'NAICS' cell D68,R73; PEBD pull 2026-09-27 (workbook updated 2025-11-13); attribution: The Planetary Society; conventions in 07 FINDINGS R73
planetary_society_pebd_mission_costs,NAICS,2014 Qtr1,Period,Qtr1,,,PEBD sheet 'NAICS' cell B69,R73; PEBD pull 2026-09-27 (workbook updated 2025-11-13); attribution: The Planetary Society; conventions in 07 FINDINGS R73
planetary_society_pebd_mission_costs,NAICS,2014 Qtr1,Estimate Value,1.8,percent (12-month change),,PEBD sheet 'NAICS' cell C69,R73; PEBD pull 2026-09-27 (workbook updated 2025-11-13); attribution: The Planetary Society; conventions in 07 FINDINGS R73
planetary_society_pebd_mission_costs,NAICS,2014 Qtr1,quarterly factor (= 1 + Estimate Value / 100),1.018,dimensionless factor,,PEBD sheet 'NAICS' cell D69,R73; PEBD pull 2026-09-27 (workbook updated 2025-11-13); attribution: The Planetary Society; conventions in 07 FINDINGS R73
planetary_society_pebd_mission_costs,NAICS,2014 Qtr2,Period,Qtr2,,,PEBD sheet 'NAICS' cell B70,R73; PEBD pull 2026-09-27 (workbook updated 2025-11-13); attribution: The Planetary Society; conventions in 07 FINDINGS R73
planetary_society_pebd_mission_costs,NAICS,2014 Qtr2,Estimate Value,2,percent (12-month change),,PEBD sheet 'NAICS' cell C70,R73; PEBD pull 2026-09-27 (workbook updated 2025-11-13); attribution: The Planetary Society; conventions in 07 FINDINGS R73
planetary_society_pebd_mission_costs,NAICS,2014 Qtr2,quarterly factor (= 1 + Estimate Value / 100),1.02,dimensionless factor,,PEBD sheet 'NAICS' cell D70,R73; PEBD pull 2026-09-27 (workbook updated 2025-11-13); attribution: The Planetary Society; conventions in 07 FINDINGS R73
planetary_society_pebd_mission_costs,NAICS,2014 Qtr3,Period,Qtr3,,,PEBD sheet 'NAICS' cell B71,R73; PEBD pull 2026-09-27 (workbook updated 2025-11-13); attribution: The Planetary Society; conventions in 07 FINDINGS R73
planetary_society_pebd_mission_costs,NAICS,2014 Qtr3,Estimate Value,2.2,percent (12-month change),,PEBD sheet 'NAICS' cell C71,R73; PEBD pull 2026-09-27 (workbook updated 2025-11-13); attribution: The Planetary Society; conventions in 07 FINDINGS R73
planetary_society_pebd_mission_costs,NAICS,2014 Qtr3,quarterly factor (= 1 + Estimate Value / 100),1.022,dimensionless factor,,PEBD sheet 'NAICS' cell D71,R73; PEBD pull 2026-09-27 (workbook updated 2025-11-13); attribution: The Planetary Society; conventions in 07 FINDINGS R73
planetary_society_pebd_mission_costs,NAICS,2014 Qtr4,Period,Qtr4,,,PEBD sheet 'NAICS' cell B72,R73; PEBD pull 2026-09-27 (workbook updated 2025-11-13); attribution: The Planetary Society; conventions in 07 FINDINGS R73
planetary_society_pebd_mission_costs,NAICS,2014 Qtr4,Estimate Value,2.2,percent (12-month change),,PEBD sheet 'NAICS' cell C72,R73; PEBD pull 2026-09-27 (workbook updated 2025-11-13); attribution: The Planetary Society; conventions in 07 FINDINGS R73
planetary_society_pebd_mission_costs,NAICS,2014 Qtr4,quarterly factor (= 1 + Estimate Value / 100),1.022,dimensionless factor,,PEBD sheet 'NAICS' cell D72,R73; PEBD pull 2026-09-27 (workbook updated 2025-11-13); attribution: The Planetary Society; conventions in 07 FINDINGS R73
planetary_society_pebd_mission_costs,NAICS,2015 Qtr1,Period,Qtr1,,,PEBD sheet 'NAICS' cell B73,R73; PEBD pull 2026-09-27 (workbook updated 2025-11-13); attribution: The Planetary Society; conventions in 07 FINDINGS R73
planetary_society_pebd_mission_costs,NAICS,2015 Qtr1,Estimate Value,2.6,percent (12-month change),,PEBD sheet 'NAICS' cell C73,R73; PEBD pull 2026-09-27 (workbook updated 2025-11-13); attribution: The Planetary Society; conventions in 07 FINDINGS R73
planetary_society_pebd_mission_costs,NAICS,2015 Qtr1,quarterly factor (= 1 + Estimate Value / 100),1.026,dimensionless factor,,PEBD sheet 'NAICS' cell D73,R73; PEBD pull 2026-09-27 (workbook updated 2025-11-13); attribution: The Planetary Society; conventions in 07 FINDINGS R73
planetary_society_pebd_mission_costs,NAICS,2015 Qtr2,Period,Qtr2,,,PEBD sheet 'NAICS' cell B74,R73; PEBD pull 2026-09-27 (workbook updated 2025-11-13); attribution: The Planetary Society; conventions in 07 FINDINGS R73
planetary_society_pebd_mission_costs,NAICS,2015 Qtr2,Estimate Value,2,percent (12-month change),,PEBD sheet 'NAICS' cell C74,R73; PEBD pull 2026-09-27 (workbook updated 2025-11-13); attribution: The Planetary Society; conventions in 07 FINDINGS R73
planetary_society_pebd_mission_costs,NAICS,2015 Qtr2,quarterly factor (= 1 + Estimate Value / 100),1.02,dimensionless factor,,PEBD sheet 'NAICS' cell D74,R73; PEBD pull 2026-09-27 (workbook updated 2025-11-13); attribution: The Planetary Society; conventions in 07 FINDINGS R73
planetary_society_pebd_mission_costs,NAICS,2015 Qtr3,Period,Qtr3,,,PEBD sheet 'NAICS' cell B75,R73; PEBD pull 2026-09-27 (workbook updated 2025-11-13); attribution: The Planetary Society; conventions in 07 FINDINGS R73
planetary_society_pebd_mission_costs,NAICS,2015 Qtr3,Estimate Value,2,percent (12-month change),,PEBD sheet 'NAICS' cell C75,R73; PEBD pull 2026-09-27 (workbook updated 2025-11-13); attribution: The Planetary Society; conventions in 07 FINDINGS R73
planetary_society_pebd_mission_costs,NAICS,2015 Qtr3,quarterly factor (= 1 + Estimate Value / 100),1.02,dimensionless factor,,PEBD sheet 'NAICS' cell D75,R73; PEBD pull 2026-09-27 (workbook updated 2025-11-13); attribution: The Planetary Society; conventions in 07 FINDINGS R73
planetary_society_pebd_mission_costs,NAICS,2015 Qtr4,Period,Qtr4,,,PEBD sheet 'NAICS' cell B76,R73; PEBD pull 2026-09-27 (workbook updated 2025-11-13); attribution: The Planetary Society; conventions in 07 FINDINGS R73
planetary_society_pebd_mission_costs,NAICS,2015 Qtr4,Estimate Value,2,percent (12-month change),,PEBD sheet 'NAICS' cell C76,R73; PEBD pull 2026-09-27 (workbook updated 2025-11-13); attribution: The Planetary Society; conventions in 07 FINDINGS R73
planetary_society_pebd_mission_costs,NAICS,2015 Qtr4,quarterly factor (= 1 + Estimate Value / 100),1.02,dimensionless factor,,PEBD sheet 'NAICS' cell D76,R73; PEBD pull 2026-09-27 (workbook updated 2025-11-13); attribution: The Planetary Society; conventions in 07 FINDINGS R73
planetary_society_pebd_mission_costs,NAICS,2016 Qtr1,Period,Qtr1,,,PEBD sheet 'NAICS' cell B77,R73; PEBD pull 2026-09-27 (workbook updated 2025-11-13); attribution: The Planetary Society; conventions in 07 FINDINGS R73
planetary_society_pebd_mission_costs,NAICS,2016 Qtr1,Estimate Value,1.9,percent (12-month change),,PEBD sheet 'NAICS' cell C77,R73; PEBD pull 2026-09-27 (workbook updated 2025-11-13); attribution: The Planetary Society; conventions in 07 FINDINGS R73
planetary_society_pebd_mission_costs,NAICS,2016 Qtr1,quarterly factor (= 1 + Estimate Value / 100),1.019,dimensionless factor,,PEBD sheet 'NAICS' cell D77,R73; PEBD pull 2026-09-27 (workbook updated 2025-11-13); attribution: The Planetary Society; conventions in 07 FINDINGS R73
planetary_society_pebd_mission_costs,NAICS,2016 Qtr2,Period,Qtr2,,,PEBD sheet 'NAICS' cell B78,R73; PEBD pull 2026-09-27 (workbook updated 2025-11-13); attribution: The Planetary Society; conventions in 07 FINDINGS R73
planetary_society_pebd_mission_costs,NAICS,2016 Qtr2,Estimate Value,2.3,percent (12-month change),,PEBD sheet 'NAICS' cell C78,R73; PEBD pull 2026-09-27 (workbook updated 2025-11-13); attribution: The Planetary Society; conventions in 07 FINDINGS R73
planetary_society_pebd_mission_costs,NAICS,2016 Qtr2,quarterly factor (= 1 + Estimate Value / 100),1.023,dimensionless factor,,PEBD sheet 'NAICS' cell D78,R73; PEBD pull 2026-09-27 (workbook updated 2025-11-13); attribution: The Planetary Society; conventions in 07 FINDINGS R73
planetary_society_pebd_mission_costs,NAICS,2016 Qtr3,Period,Qtr3,,,PEBD sheet 'NAICS' cell B79,R73; PEBD pull 2026-09-27 (workbook updated 2025-11-13); attribution: The Planetary Society; conventions in 07 FINDINGS R73
planetary_society_pebd_mission_costs,NAICS,2016 Qtr3,Estimate Value,2.3,percent (12-month change),,PEBD sheet 'NAICS' cell C79,R73; PEBD pull 2026-09-27 (workbook updated 2025-11-13); attribution: The Planetary Society; conventions in 07 FINDINGS R73
planetary_society_pebd_mission_costs,NAICS,2016 Qtr3,quarterly factor (= 1 + Estimate Value / 100),1.023,dimensionless factor,,PEBD sheet 'NAICS' cell D79,R73; PEBD pull 2026-09-27 (workbook updated 2025-11-13); attribution: The Planetary Society; conventions in 07 FINDINGS R73
planetary_society_pebd_mission_costs,NAICS,2016 Qtr4,Period,Qtr4,,,PEBD sheet 'NAICS' cell B80,R73; PEBD pull 2026-09-27 (workbook updated 2025-11-13); attribution: The Planetary Society; conventions in 07 FINDINGS R73
planetary_society_pebd_mission_costs,NAICS,2016 Qtr4,Estimate Value,2.2,percent (12-month change),,PEBD sheet 'NAICS' cell C80,R73; PEBD pull 2026-09-27 (workbook updated 2025-11-13); attribution: The Planetary Society; conventions in 07 FINDINGS R73
planetary_society_pebd_mission_costs,NAICS,2016 Qtr4,quarterly factor (= 1 + Estimate Value / 100),1.022,dimensionless factor,,PEBD sheet 'NAICS' cell D80,R73; PEBD pull 2026-09-27 (workbook updated 2025-11-13); attribution: The Planetary Society; conventions in 07 FINDINGS R73
planetary_society_pebd_mission_costs,NAICS,2017 Qtr1,Period,Qtr1,,,PEBD sheet 'NAICS' cell B81,R73; PEBD pull 2026-09-27 (workbook updated 2025-11-13); attribution: The Planetary Society; conventions in 07 FINDINGS R73
planetary_society_pebd_mission_costs,NAICS,2017 Qtr1,Estimate Value,2.4,percent (12-month change),,PEBD sheet 'NAICS' cell C81,R73; PEBD pull 2026-09-27 (workbook updated 2025-11-13); attribution: The Planetary Society; conventions in 07 FINDINGS R73
planetary_society_pebd_mission_costs,NAICS,2017 Qtr1,quarterly factor (= 1 + Estimate Value / 100),1.024,dimensionless factor,,PEBD sheet 'NAICS' cell D81,R73; PEBD pull 2026-09-27 (workbook updated 2025-11-13); attribution: The Planetary Society; conventions in 07 FINDINGS R73
planetary_society_pebd_mission_costs,NAICS,2017 Qtr2,Period,Qtr2,,,PEBD sheet 'NAICS' cell B82,R73; PEBD pull 2026-09-27 (workbook updated 2025-11-13); attribution: The Planetary Society; conventions in 07 FINDINGS R73
planetary_society_pebd_mission_costs,NAICS,2017 Qtr2,Estimate Value,2.4,percent (12-month change),,PEBD sheet 'NAICS' cell C82,R73; PEBD pull 2026-09-27 (workbook updated 2025-11-13); attribution: The Planetary Society; conventions in 07 FINDINGS R73
planetary_society_pebd_mission_costs,NAICS,2017 Qtr2,quarterly factor (= 1 + Estimate Value / 100),1.024,dimensionless factor,,PEBD sheet 'NAICS' cell D82,R73; PEBD pull 2026-09-27 (workbook updated 2025-11-13); attribution: The Planetary Society; conventions in 07 FINDINGS R73
planetary_society_pebd_mission_costs,NAICS,2017 Qtr3,Period,Qtr3,,,PEBD sheet 'NAICS' cell B83,R73; PEBD pull 2026-09-27 (workbook updated 2025-11-13); attribution: The Planetary Society; conventions in 07 FINDINGS R73
planetary_society_pebd_mission_costs,NAICS,2017 Qtr3,Estimate Value,2.5,percent (12-month change),,PEBD sheet 'NAICS' cell C83,R73; PEBD pull 2026-09-27 (workbook updated 2025-11-13); attribution: The Planetary Society; conventions in 07 FINDINGS R73
planetary_society_pebd_mission_costs,NAICS,2017 Qtr3,quarterly factor (= 1 + Estimate Value / 100),1.025,dimensionless factor,,PEBD sheet 'NAICS' cell D83,R73; PEBD pull 2026-09-27 (workbook updated 2025-11-13); attribution: The Planetary Society; conventions in 07 FINDINGS R73
planetary_society_pebd_mission_costs,NAICS,2017 Qtr4,Period,Qtr4,,,PEBD sheet 'NAICS' cell B84,R73; PEBD pull 2026-09-27 (workbook updated 2025-11-13); attribution: The Planetary Society; conventions in 07 FINDINGS R73
planetary_society_pebd_mission_costs,NAICS,2017 Qtr4,Estimate Value,2.6,percent (12-month change),,PEBD sheet 'NAICS' cell C84,R73; PEBD pull 2026-09-27 (workbook updated 2025-11-13); attribution: The Planetary Society; conventions in 07 FINDINGS R73
planetary_society_pebd_mission_costs,NAICS,2017 Qtr4,quarterly factor (= 1 + Estimate Value / 100),1.026,dimensionless factor,,PEBD sheet 'NAICS' cell D84,R73; PEBD pull 2026-09-27 (workbook updated 2025-11-13); attribution: The Planetary Society; conventions in 07 FINDINGS R73
planetary_society_pebd_mission_costs,NAICS,2018 Qtr1,Period,Qtr1,,,PEBD sheet 'NAICS' cell B85,R73; PEBD pull 2026-09-27 (workbook updated 2025-11-13); attribution: The Planetary Society; conventions in 07 FINDINGS R73
planetary_society_pebd_mission_costs,NAICS,2018 Qtr1,Estimate Value,2.7,percent (12-month change),,PEBD sheet 'NAICS' cell C85,R73; PEBD pull 2026-09-27 (workbook updated 2025-11-13); attribution: The Planetary Society; conventions in 07 FINDINGS R73
planetary_society_pebd_mission_costs,NAICS,2018 Qtr1,quarterly factor (= 1 + Estimate Value / 100),1.027,dimensionless factor,,PEBD sheet 'NAICS' cell D85,R73; PEBD pull 2026-09-27 (workbook updated 2025-11-13); attribution: The Planetary Society; conventions in 07 FINDINGS R73
planetary_society_pebd_mission_costs,NAICS,2018 Qtr2,Period,Qtr2,,,PEBD sheet 'NAICS' cell B86,R73; PEBD pull 2026-09-27 (workbook updated 2025-11-13); attribution: The Planetary Society; conventions in 07 FINDINGS R73
planetary_society_pebd_mission_costs,NAICS,2018 Qtr2,Estimate Value,2.8,percent (12-month change),,PEBD sheet 'NAICS' cell C86,R73; PEBD pull 2026-09-27 (workbook updated 2025-11-13); attribution: The Planetary Society; conventions in 07 FINDINGS R73
planetary_society_pebd_mission_costs,NAICS,2018 Qtr2,quarterly factor (= 1 + Estimate Value / 100),1.028,dimensionless factor,,PEBD sheet 'NAICS' cell D86,R73; PEBD pull 2026-09-27 (workbook updated 2025-11-13); attribution: The Planetary Society; conventions in 07 FINDINGS R73
planetary_society_pebd_mission_costs,NAICS,2018 Qtr3,Period,Qtr3,,,PEBD sheet 'NAICS' cell B87,R73; PEBD pull 2026-09-27 (workbook updated 2025-11-13); attribution: The Planetary Society; conventions in 07 FINDINGS R73
planetary_society_pebd_mission_costs,NAICS,2018 Qtr3,Estimate Value,2.8,percent (12-month change),,PEBD sheet 'NAICS' cell C87,R73; PEBD pull 2026-09-27 (workbook updated 2025-11-13); attribution: The Planetary Society; conventions in 07 FINDINGS R73
planetary_society_pebd_mission_costs,NAICS,2018 Qtr3,quarterly factor (= 1 + Estimate Value / 100),1.028,dimensionless factor,,PEBD sheet 'NAICS' cell D87,R73; PEBD pull 2026-09-27 (workbook updated 2025-11-13); attribution: The Planetary Society; conventions in 07 FINDINGS R73
planetary_society_pebd_mission_costs,NAICS,2018 Qtr4,Period,Qtr4,,,PEBD sheet 'NAICS' cell B88,R73; PEBD pull 2026-09-27 (workbook updated 2025-11-13); attribution: The Planetary Society; conventions in 07 FINDINGS R73
planetary_society_pebd_mission_costs,NAICS,2018 Qtr4,Estimate Value,2.9,percent (12-month change),,PEBD sheet 'NAICS' cell C88,R73; PEBD pull 2026-09-27 (workbook updated 2025-11-13); attribution: The Planetary Society; conventions in 07 FINDINGS R73
planetary_society_pebd_mission_costs,NAICS,2018 Qtr4,quarterly factor (= 1 + Estimate Value / 100),1.029,dimensionless factor,,PEBD sheet 'NAICS' cell D88,R73; PEBD pull 2026-09-27 (workbook updated 2025-11-13); attribution: The Planetary Society; conventions in 07 FINDINGS R73
planetary_society_pebd_mission_costs,NAICS,2019 Qtr1,Period,Qtr1,,,PEBD sheet 'NAICS' cell B89,R73; PEBD pull 2026-09-27 (workbook updated 2025-11-13); attribution: The Planetary Society; conventions in 07 FINDINGS R73
planetary_society_pebd_mission_costs,NAICS,2019 Qtr1,Estimate Value,2.8,percent (12-month change),,PEBD sheet 'NAICS' cell C89,R73; PEBD pull 2026-09-27 (workbook updated 2025-11-13); attribution: The Planetary Society; conventions in 07 FINDINGS R73
planetary_society_pebd_mission_costs,NAICS,2019 Qtr1,quarterly factor (= 1 + Estimate Value / 100),1.028,dimensionless factor,,PEBD sheet 'NAICS' cell D89,R73; PEBD pull 2026-09-27 (workbook updated 2025-11-13); attribution: The Planetary Society; conventions in 07 FINDINGS R73
planetary_society_pebd_mission_costs,NAICS,2019 Qtr2,Period,Qtr2,,,PEBD sheet 'NAICS' cell B90,R73; PEBD pull 2026-09-27 (workbook updated 2025-11-13); attribution: The Planetary Society; conventions in 07 FINDINGS R73
planetary_society_pebd_mission_costs,NAICS,2019 Qtr2,Estimate Value,2.7,percent (12-month change),,PEBD sheet 'NAICS' cell C90,R73; PEBD pull 2026-09-27 (workbook updated 2025-11-13); attribution: The Planetary Society; conventions in 07 FINDINGS R73
planetary_society_pebd_mission_costs,NAICS,2019 Qtr2,quarterly factor (= 1 + Estimate Value / 100),1.027,dimensionless factor,,PEBD sheet 'NAICS' cell D90,R73; PEBD pull 2026-09-27 (workbook updated 2025-11-13); attribution: The Planetary Society; conventions in 07 FINDINGS R73
planetary_society_pebd_mission_costs,NAICS,2019 Qtr3,Period,Qtr3,,,PEBD sheet 'NAICS' cell B91,R73; PEBD pull 2026-09-27 (workbook updated 2025-11-13); attribution: The Planetary Society; conventions in 07 FINDINGS R73
planetary_society_pebd_mission_costs,NAICS,2019 Qtr3,Estimate Value,2.8,percent (12-month change),,PEBD sheet 'NAICS' cell C91,R73; PEBD pull 2026-09-27 (workbook updated 2025-11-13); attribution: The Planetary Society; conventions in 07 FINDINGS R73
planetary_society_pebd_mission_costs,NAICS,2019 Qtr3,quarterly factor (= 1 + Estimate Value / 100),1.028,dimensionless factor,,PEBD sheet 'NAICS' cell D91,R73; PEBD pull 2026-09-27 (workbook updated 2025-11-13); attribution: The Planetary Society; conventions in 07 FINDINGS R73
planetary_society_pebd_mission_costs,NAICS,2019 Qtr4,Period,Qtr4,,,PEBD sheet 'NAICS' cell B92,R73; PEBD pull 2026-09-27 (workbook updated 2025-11-13); attribution: The Planetary Society; conventions in 07 FINDINGS R73
planetary_society_pebd_mission_costs,NAICS,2019 Qtr4,Estimate Value,2.7,percent (12-month change),,PEBD sheet 'NAICS' cell C92,R73; PEBD pull 2026-09-27 (workbook updated 2025-11-13); attribution: The Planetary Society; conventions in 07 FINDINGS R73
planetary_society_pebd_mission_costs,NAICS,2019 Qtr4,quarterly factor (= 1 + Estimate Value / 100),1.027,dimensionless factor,,PEBD sheet 'NAICS' cell D92,R73; PEBD pull 2026-09-27 (workbook updated 2025-11-13); attribution: The Planetary Society; conventions in 07 FINDINGS R73
planetary_society_pebd_mission_costs,NAICS,2020 Qtr1,Period,Qtr1,,,PEBD sheet 'NAICS' cell B93,R73; PEBD pull 2026-09-27 (workbook updated 2025-11-13); attribution: The Planetary Society; conventions in 07 FINDINGS R73
planetary_society_pebd_mission_costs,NAICS,2020 Qtr1,Estimate Value,2.8,percent (12-month change),,PEBD sheet 'NAICS' cell C93,R73; PEBD pull 2026-09-27 (workbook updated 2025-11-13); attribution: The Planetary Society; conventions in 07 FINDINGS R73
planetary_society_pebd_mission_costs,NAICS,2020 Qtr1,quarterly factor (= 1 + Estimate Value / 100),1.028,dimensionless factor,,PEBD sheet 'NAICS' cell D93,R73; PEBD pull 2026-09-27 (workbook updated 2025-11-13); attribution: The Planetary Society; conventions in 07 FINDINGS R73
planetary_society_pebd_mission_costs,NAICS,2020 Qtr2,Period,Qtr2,,,PEBD sheet 'NAICS' cell B94,R73; PEBD pull 2026-09-27 (workbook updated 2025-11-13); attribution: The Planetary Society; conventions in 07 FINDINGS R73
planetary_society_pebd_mission_costs,NAICS,2020 Qtr2,Estimate Value,2.7,percent (12-month change),,PEBD sheet 'NAICS' cell C94,R73; PEBD pull 2026-09-27 (workbook updated 2025-11-13); attribution: The Planetary Society; conventions in 07 FINDINGS R73
planetary_society_pebd_mission_costs,NAICS,2020 Qtr2,quarterly factor (= 1 + Estimate Value / 100),1.027,dimensionless factor,,PEBD sheet 'NAICS' cell D94,R73; PEBD pull 2026-09-27 (workbook updated 2025-11-13); attribution: The Planetary Society; conventions in 07 FINDINGS R73
planetary_society_pebd_mission_costs,NAICS,2020 Qtr3,Period,Qtr3,,,PEBD sheet 'NAICS' cell B95,R73; PEBD pull 2026-09-27 (workbook updated 2025-11-13); attribution: The Planetary Society; conventions in 07 FINDINGS R73
planetary_society_pebd_mission_costs,NAICS,2020 Qtr3,Estimate Value,2.4,percent (12-month change),,PEBD sheet 'NAICS' cell C95,R73; PEBD pull 2026-09-27 (workbook updated 2025-11-13); attribution: The Planetary Society; conventions in 07 FINDINGS R73
planetary_society_pebd_mission_costs,NAICS,2020 Qtr3,quarterly factor (= 1 + Estimate Value / 100),1.024,dimensionless factor,,PEBD sheet 'NAICS' cell D95,R73; PEBD pull 2026-09-27 (workbook updated 2025-11-13); attribution: The Planetary Society; conventions in 07 FINDINGS R73
planetary_society_pebd_mission_costs,NAICS,2020 Qtr4,Period,Qtr4,,,PEBD sheet 'NAICS' cell B96,R73; PEBD pull 2026-09-27 (workbook updated 2025-11-13); attribution: The Planetary Society; conventions in 07 FINDINGS R73
planetary_society_pebd_mission_costs,NAICS,2020 Qtr4,Estimate Value,2.5,percent (12-month change),,PEBD sheet 'NAICS' cell C96,R73; PEBD pull 2026-09-27 (workbook updated 2025-11-13); attribution: The Planetary Society; conventions in 07 FINDINGS R73
planetary_society_pebd_mission_costs,NAICS,2020 Qtr4,quarterly factor (= 1 + Estimate Value / 100),1.025,dimensionless factor,,PEBD sheet 'NAICS' cell D96,R73; PEBD pull 2026-09-27 (workbook updated 2025-11-13); attribution: The Planetary Society; conventions in 07 FINDINGS R73
planetary_society_pebd_mission_costs,NAICS,2021 Qtr1,Period,Qtr1,,,PEBD sheet 'NAICS' cell B97,R73; PEBD pull 2026-09-27 (workbook updated 2025-11-13); attribution: The Planetary Society; conventions in 07 FINDINGS R73
planetary_society_pebd_mission_costs,NAICS,2021 Qtr1,Estimate Value,2.6,percent (12-month change),,PEBD sheet 'NAICS' cell C97,R73; PEBD pull 2026-09-27 (workbook updated 2025-11-13); attribution: The Planetary Society; conventions in 07 FINDINGS R73
planetary_society_pebd_mission_costs,NAICS,2021 Qtr1,quarterly factor (= 1 + Estimate Value / 100),1.026,dimensionless factor,,PEBD sheet 'NAICS' cell D97,R73; PEBD pull 2026-09-27 (workbook updated 2025-11-13); attribution: The Planetary Society; conventions in 07 FINDINGS R73
planetary_society_pebd_mission_costs,NAICS,2021 Qtr2,Period,Qtr2,,,PEBD sheet 'NAICS' cell B98,R73; PEBD pull 2026-09-27 (workbook updated 2025-11-13); attribution: The Planetary Society; conventions in 07 FINDINGS R73
planetary_society_pebd_mission_costs,NAICS,2021 Qtr2,Estimate Value,2.9,percent (12-month change),,PEBD sheet 'NAICS' cell C98,R73; PEBD pull 2026-09-27 (workbook updated 2025-11-13); attribution: The Planetary Society; conventions in 07 FINDINGS R73
planetary_society_pebd_mission_costs,NAICS,2021 Qtr2,quarterly factor (= 1 + Estimate Value / 100),1.029,dimensionless factor,,PEBD sheet 'NAICS' cell D98,R73; PEBD pull 2026-09-27 (workbook updated 2025-11-13); attribution: The Planetary Society; conventions in 07 FINDINGS R73
planetary_society_pebd_mission_costs,NAICS,2021 Qtr3,Period,Qtr3,,,PEBD sheet 'NAICS' cell B99,R73; PEBD pull 2026-09-27 (workbook updated 2025-11-13); attribution: The Planetary Society; conventions in 07 FINDINGS R73
planetary_society_pebd_mission_costs,NAICS,2021 Qtr3,Estimate Value,3.7,percent (12-month change),,PEBD sheet 'NAICS' cell C99,R73; PEBD pull 2026-09-27 (workbook updated 2025-11-13); attribution: The Planetary Society; conventions in 07 FINDINGS R73
planetary_society_pebd_mission_costs,NAICS,2021 Qtr3,quarterly factor (= 1 + Estimate Value / 100),1.037,dimensionless factor,,PEBD sheet 'NAICS' cell D99,R73; PEBD pull 2026-09-27 (workbook updated 2025-11-13); attribution: The Planetary Society; conventions in 07 FINDINGS R73
planetary_society_pebd_mission_costs,NAICS,2021 Qtr4,Period,Qtr4,,,PEBD sheet 'NAICS' cell B100,R73; PEBD pull 2026-09-27 (workbook updated 2025-11-13); attribution: The Planetary Society; conventions in 07 FINDINGS R73
planetary_society_pebd_mission_costs,NAICS,2021 Qtr4,Estimate Value,4,percent (12-month change),,PEBD sheet 'NAICS' cell C100,R73; PEBD pull 2026-09-27 (workbook updated 2025-11-13); attribution: The Planetary Society; conventions in 07 FINDINGS R73
planetary_society_pebd_mission_costs,NAICS,2021 Qtr4,quarterly factor (= 1 + Estimate Value / 100),1.04,dimensionless factor,,PEBD sheet 'NAICS' cell D100,R73; PEBD pull 2026-09-27 (workbook updated 2025-11-13); attribution: The Planetary Society; conventions in 07 FINDINGS R73
planetary_society_pebd_mission_costs,NAICS,2022 Qtr1,Period,Qtr1,,,PEBD sheet 'NAICS' cell B101,R73; PEBD pull 2026-09-27 (workbook updated 2025-11-13); attribution: The Planetary Society; conventions in 07 FINDINGS R73
planetary_society_pebd_mission_costs,NAICS,2022 Qtr1,Estimate Value,4.5,percent (12-month change),,PEBD sheet 'NAICS' cell C101,R73; PEBD pull 2026-09-27 (workbook updated 2025-11-13); attribution: The Planetary Society; conventions in 07 FINDINGS R73
planetary_society_pebd_mission_costs,NAICS,2022 Qtr1,quarterly factor (= 1 + Estimate Value / 100),1.045,dimensionless factor,,PEBD sheet 'NAICS' cell D101,R73; PEBD pull 2026-09-27 (workbook updated 2025-11-13); attribution: The Planetary Society; conventions in 07 FINDINGS R73
planetary_society_pebd_mission_costs,NAICS,2022 Qtr2,Period,Qtr2,,,PEBD sheet 'NAICS' cell B102,R73; PEBD pull 2026-09-27 (workbook updated 2025-11-13); attribution: The Planetary Society; conventions in 07 FINDINGS R73
planetary_society_pebd_mission_costs,NAICS,2022 Qtr2,Estimate Value,5.1,percent (12-month change),,PEBD sheet 'NAICS' cell C102,R73; PEBD pull 2026-09-27 (workbook updated 2025-11-13); attribution: The Planetary Society; conventions in 07 FINDINGS R73
planetary_society_pebd_mission_costs,NAICS,2022 Qtr2,quarterly factor (= 1 + Estimate Value / 100),1.051,dimensionless factor,,PEBD sheet 'NAICS' cell D102,R73; PEBD pull 2026-09-27 (workbook updated 2025-11-13); attribution: The Planetary Society; conventions in 07 FINDINGS R73
planetary_society_pebd_mission_costs,NAICS,2022 Qtr3,Period,Qtr3,,,PEBD sheet 'NAICS' cell B103,R73; PEBD pull 2026-09-27 (workbook updated 2025-11-13); attribution: The Planetary Society; conventions in 07 FINDINGS R73
planetary_society_pebd_mission_costs,NAICS,2022 Qtr3,Estimate Value,5,percent (12-month change),,PEBD sheet 'NAICS' cell C103,R73; PEBD pull 2026-09-27 (workbook updated 2025-11-13); attribution: The Planetary Society; conventions in 07 FINDINGS R73
planetary_society_pebd_mission_costs,NAICS,2022 Qtr3,quarterly factor (= 1 + Estimate Value / 100),1.05,dimensionless factor,,PEBD sheet 'NAICS' cell D103,R73; PEBD pull 2026-09-27 (workbook updated 2025-11-13); attribution: The Planetary Society; conventions in 07 FINDINGS R73
planetary_society_pebd_mission_costs,NAICS,2022 Qtr4,Period,Qtr4,,,PEBD sheet 'NAICS' cell B104,R73; PEBD pull 2026-09-27 (workbook updated 2025-11-13); attribution: The Planetary Society; conventions in 07 FINDINGS R73
planetary_society_pebd_mission_costs,NAICS,2022 Qtr4,Estimate Value,5.1,percent (12-month change),,PEBD sheet 'NAICS' cell C104,R73; PEBD pull 2026-09-27 (workbook updated 2025-11-13); attribution: The Planetary Society; conventions in 07 FINDINGS R73
planetary_society_pebd_mission_costs,NAICS,2022 Qtr4,quarterly factor (= 1 + Estimate Value / 100),1.051,dimensionless factor,,PEBD sheet 'NAICS' cell D104,R73; PEBD pull 2026-09-27 (workbook updated 2025-11-13); attribution: The Planetary Society; conventions in 07 FINDINGS R73
planetary_society_pebd_mission_costs,NAICS,2023 Qtr1,Period,Qtr1,,,PEBD sheet 'NAICS' cell B105,R73; PEBD pull 2026-09-27 (workbook updated 2025-11-13); attribution: The Planetary Society; conventions in 07 FINDINGS R73
planetary_society_pebd_mission_costs,NAICS,2023 Qtr1,Estimate Value,4.8,percent (12-month change),,PEBD sheet 'NAICS' cell C105,R73; PEBD pull 2026-09-27 (workbook updated 2025-11-13); attribution: The Planetary Society; conventions in 07 FINDINGS R73
planetary_society_pebd_mission_costs,NAICS,2023 Qtr1,quarterly factor (= 1 + Estimate Value / 100),1.048,dimensionless factor,,PEBD sheet 'NAICS' cell D105,R73; PEBD pull 2026-09-27 (workbook updated 2025-11-13); attribution: The Planetary Society; conventions in 07 FINDINGS R73
planetary_society_pebd_mission_costs,NAICS,2023 Qtr2,Period,Qtr2,,,PEBD sheet 'NAICS' cell B106,R73; PEBD pull 2026-09-27 (workbook updated 2025-11-13); attribution: The Planetary Society; conventions in 07 FINDINGS R73
planetary_society_pebd_mission_costs,NAICS,2023 Qtr2,Estimate Value,4.5,percent (12-month change),,PEBD sheet 'NAICS' cell C106,R73; PEBD pull 2026-09-27 (workbook updated 2025-11-13); attribution: The Planetary Society; conventions in 07 FINDINGS R73
planetary_society_pebd_mission_costs,NAICS,2023 Qtr2,quarterly factor (= 1 + Estimate Value / 100),1.045,dimensionless factor,,PEBD sheet 'NAICS' cell D106,R73; PEBD pull 2026-09-27 (workbook updated 2025-11-13); attribution: The Planetary Society; conventions in 07 FINDINGS R73
planetary_society_pebd_mission_costs,NAICS,2023 Qtr3,Period,Qtr3,,,PEBD sheet 'NAICS' cell B107,R73; PEBD pull 2026-09-27 (workbook updated 2025-11-13); attribution: The Planetary Society; conventions in 07 FINDINGS R73
planetary_society_pebd_mission_costs,NAICS,2023 Qtr3,Estimate Value,4.3,percent (12-month change),,PEBD sheet 'NAICS' cell C107,R73; PEBD pull 2026-09-27 (workbook updated 2025-11-13); attribution: The Planetary Society; conventions in 07 FINDINGS R73
planetary_society_pebd_mission_costs,NAICS,2023 Qtr3,quarterly factor (= 1 + Estimate Value / 100),1.043,dimensionless factor,,PEBD sheet 'NAICS' cell D107,R73; PEBD pull 2026-09-27 (workbook updated 2025-11-13); attribution: The Planetary Society; conventions in 07 FINDINGS R73
planetary_society_pebd_mission_costs,NAICS,2023 Qtr4,Period,Qtr4,,,PEBD sheet 'NAICS' cell B108,R73; PEBD pull 2026-09-27 (workbook updated 2025-11-13); attribution: The Planetary Society; conventions in 07 FINDINGS R73
planetary_society_pebd_mission_costs,NAICS,2023 Qtr4,Estimate Value,4.2,percent (12-month change),,PEBD sheet 'NAICS' cell C108,R73; PEBD pull 2026-09-27 (workbook updated 2025-11-13); attribution: The Planetary Society; conventions in 07 FINDINGS R73
planetary_society_pebd_mission_costs,NAICS,2023 Qtr4,quarterly factor (= 1 + Estimate Value / 100),1.042,dimensionless factor,,PEBD sheet 'NAICS' cell D108,R73; PEBD pull 2026-09-27 (workbook updated 2025-11-13); attribution: The Planetary Society; conventions in 07 FINDINGS R73
planetary_society_pebd_mission_costs,NAICS,2024 Qtr1,Period,Qtr1,,,PEBD sheet 'NAICS' cell B109,R73; PEBD pull 2026-09-27 (workbook updated 2025-11-13); attribution: The Planetary Society; conventions in 07 FINDINGS R73
planetary_society_pebd_mission_costs,NAICS,2024 Qtr1,Estimate Value,4.2,percent (12-month change),,PEBD sheet 'NAICS' cell C109,R73; PEBD pull 2026-09-27 (workbook updated 2025-11-13); attribution: The Planetary Society; conventions in 07 FINDINGS R73
planetary_society_pebd_mission_costs,NAICS,2024 Qtr1,quarterly factor (= 1 + Estimate Value / 100),1.042,dimensionless factor,,PEBD sheet 'NAICS' cell D109,R73; PEBD pull 2026-09-27 (workbook updated 2025-11-13); attribution: The Planetary Society; conventions in 07 FINDINGS R73
planetary_society_pebd_mission_costs,NAICS,2024 Qtr2,Period,Qtr2,,,PEBD sheet 'NAICS' cell B110,R73; PEBD pull 2026-09-27 (workbook updated 2025-11-13); attribution: The Planetary Society; conventions in 07 FINDINGS R73
planetary_society_pebd_mission_costs,NAICS,2024 Qtr2,Estimate Value,4.1,percent (12-month change),,PEBD sheet 'NAICS' cell C110,R73; PEBD pull 2026-09-27 (workbook updated 2025-11-13); attribution: The Planetary Society; conventions in 07 FINDINGS R73
planetary_society_pebd_mission_costs,NAICS,2024 Qtr2,quarterly factor (= 1 + Estimate Value / 100),1.041,dimensionless factor,,PEBD sheet 'NAICS' cell D110,R73; PEBD pull 2026-09-27 (workbook updated 2025-11-13); attribution: The Planetary Society; conventions in 07 FINDINGS R73
planetary_society_pebd_mission_costs,NAICS,2024 Qtr3,Period,Qtr3,,,PEBD sheet 'NAICS' cell B111,R73; PEBD pull 2026-09-27 (workbook updated 2025-11-13); attribution: The Planetary Society; conventions in 07 FINDINGS R73
planetary_society_pebd_mission_costs,NAICS,2024 Qtr3,Estimate Value,3.9,percent (12-month change),,PEBD sheet 'NAICS' cell C111,R73; PEBD pull 2026-09-27 (workbook updated 2025-11-13); attribution: The Planetary Society; conventions in 07 FINDINGS R73
planetary_society_pebd_mission_costs,NAICS,2024 Qtr3,quarterly factor (= 1 + Estimate Value / 100),1.039,dimensionless factor,,PEBD sheet 'NAICS' cell D111,R73; PEBD pull 2026-09-27 (workbook updated 2025-11-13); attribution: The Planetary Society; conventions in 07 FINDINGS R73
planetary_society_pebd_mission_costs,NAICS,2024 Qtr4,Period,Qtr4,,,PEBD sheet 'NAICS' cell B112,R73; PEBD pull 2026-09-27 (workbook updated 2025-11-13); attribution: The Planetary Society; conventions in 07 FINDINGS R73
planetary_society_pebd_mission_costs,NAICS,2024 Qtr4,Estimate Value,3.8,percent (12-month change),,PEBD sheet 'NAICS' cell C112,R73; PEBD pull 2026-09-27 (workbook updated 2025-11-13); attribution: The Planetary Society; conventions in 07 FINDINGS R73
planetary_society_pebd_mission_costs,NAICS,2024 Qtr4,quarterly factor (= 1 + Estimate Value / 100),1.038,dimensionless factor,,PEBD sheet 'NAICS' cell D112,R73; PEBD pull 2026-09-27 (workbook updated 2025-11-13); attribution: The Planetary Society; conventions in 07 FINDINGS R73
planetary_society_pebd_mission_costs,NAICS,2025 Qtr1,Period,Qtr1,,,PEBD sheet 'NAICS' cell B113,R73; PEBD pull 2026-09-27 (workbook updated 2025-11-13); attribution: The Planetary Society; conventions in 07 FINDINGS R73
planetary_society_pebd_mission_costs,NAICS,2025 Qtr1,Estimate Value,3.6,percent (12-month change),,PEBD sheet 'NAICS' cell C113,R73; PEBD pull 2026-09-27 (workbook updated 2025-11-13); attribution: The Planetary Society; conventions in 07 FINDINGS R73
planetary_society_pebd_mission_costs,NAICS,2025 Qtr1,quarterly factor (= 1 + Estimate Value / 100),1.036,dimensionless factor,,PEBD sheet 'NAICS' cell D113,R73; PEBD pull 2026-09-27 (workbook updated 2025-11-13); attribution: The Planetary Society; conventions in 07 FINDINGS R73
planetary_society_pebd_mission_costs,NAICS,2025 Qtr2,Period,Qtr2,,,PEBD sheet 'NAICS' cell B114,R73; PEBD pull 2026-09-27 (workbook updated 2025-11-13); attribution: The Planetary Society; conventions in 07 FINDINGS R73
planetary_society_pebd_mission_costs,NAICS,2025 Qtr2,Estimate Value,3.6,percent (12-month change),,PEBD sheet 'NAICS' cell C114,R73; PEBD pull 2026-09-27 (workbook updated 2025-11-13); attribution: The Planetary Society; conventions in 07 FINDINGS R73
planetary_society_pebd_mission_costs,NAICS,2025 Qtr2,quarterly factor (= 1 + Estimate Value / 100),1.036,dimensionless factor,,PEBD sheet 'NAICS' cell D114,R73; PEBD pull 2026-09-27 (workbook updated 2025-11-13); attribution: The Planetary Society; conventions in 07 FINDINGS R73
planetary_society_pebd_mission_costs,US Spending & Outlays,1958,Total Outlays (millions),82405,USD millions (nominal),,PEBD sheet 'US Spending & Outlays' cell B2,R73; PEBD pull 2026-09-27 (workbook updated 2025-11-13); attribution: The Planetary Society; conventions in 07 FINDINGS R73
planetary_society_pebd_mission_costs,US Spending & Outlays,1958,GDP (millions),473500,USD millions (nominal),,PEBD sheet 'US Spending & Outlays' cell D2,R73; PEBD pull 2026-09-27 (workbook updated 2025-11-13); attribution: The Planetary Society; conventions in 07 FINDINGS R73
planetary_society_pebd_mission_costs,US Spending & Outlays,1959,Total Outlays (millions),92098,USD millions (nominal),,PEBD sheet 'US Spending & Outlays' cell B3,R73; PEBD pull 2026-09-27 (workbook updated 2025-11-13); attribution: The Planetary Society; conventions in 07 FINDINGS R73
planetary_society_pebd_mission_costs,US Spending & Outlays,1959,GDP (millions),504600,USD millions (nominal),,PEBD sheet 'US Spending & Outlays' cell D3,R73; PEBD pull 2026-09-27 (workbook updated 2025-11-13); attribution: The Planetary Society; conventions in 07 FINDINGS R73
planetary_society_pebd_mission_costs,US Spending & Outlays,1960,Total Outlays (millions),92191,USD millions (nominal),,PEBD sheet 'US Spending & Outlays' cell B4,R73; PEBD pull 2026-09-27 (workbook updated 2025-11-13); attribution: The Planetary Society; conventions in 07 FINDINGS R73
planetary_society_pebd_mission_costs,US Spending & Outlays,1960,GDP (millions),534300,USD millions (nominal),,PEBD sheet 'US Spending & Outlays' cell D4,R73; PEBD pull 2026-09-27 (workbook updated 2025-11-13); attribution: The Planetary Society; conventions in 07 FINDINGS R73
planetary_society_pebd_mission_costs,US Spending & Outlays,1961,Total Outlays (millions),97723,USD millions (nominal),,PEBD sheet 'US Spending & Outlays' cell B5,R73; PEBD pull 2026-09-27 (workbook updated 2025-11-13); attribution: The Planetary Society; conventions in 07 FINDINGS R73
planetary_society_pebd_mission_costs,US Spending & Outlays,1961,GDP (millions),546600,USD millions (nominal),,PEBD sheet 'US Spending & Outlays' cell D5,R73; PEBD pull 2026-09-27 (workbook updated 2025-11-13); attribution: The Planetary Society; conventions in 07 FINDINGS R73
planetary_society_pebd_mission_costs,US Spending & Outlays,1962,Total Outlays (millions),106821,USD millions (nominal),,PEBD sheet 'US Spending & Outlays' cell B6,R73; PEBD pull 2026-09-27 (workbook updated 2025-11-13); attribution: The Planetary Society; conventions in 07 FINDINGS R73
planetary_society_pebd_mission_costs,US Spending & Outlays,1962,Discretionary Outlays (millions),72075,USD millions (nominal),,PEBD sheet 'US Spending & Outlays' cell C6,R73; PEBD pull 2026-09-27 (workbook updated 2025-11-13); attribution: The Planetary Society; conventions in 07 FINDINGS R73
planetary_society_pebd_mission_costs,US Spending & Outlays,1962,GDP (millions),585700,USD millions (nominal),,PEBD sheet 'US Spending & Outlays' cell D6,R73; PEBD pull 2026-09-27 (workbook updated 2025-11-13); attribution: The Planetary Society; conventions in 07 FINDINGS R73
planetary_society_pebd_mission_costs,US Spending & Outlays,1963,Total Outlays (millions),111316,USD millions (nominal),,PEBD sheet 'US Spending & Outlays' cell B7,R73; PEBD pull 2026-09-27 (workbook updated 2025-11-13); attribution: The Planetary Society; conventions in 07 FINDINGS R73
planetary_society_pebd_mission_costs,US Spending & Outlays,1963,Discretionary Outlays (millions),75294,USD millions (nominal),,PEBD sheet 'US Spending & Outlays' cell C7,R73; PEBD pull 2026-09-27 (workbook updated 2025-11-13); attribution: The Planetary Society; conventions in 07 FINDINGS R73
planetary_society_pebd_mission_costs,US Spending & Outlays,1963,GDP (millions),618200,USD millions (nominal),,PEBD sheet 'US Spending & Outlays' cell D7,R73; PEBD pull 2026-09-27 (workbook updated 2025-11-13); attribution: The Planetary Society; conventions in 07 FINDINGS R73
planetary_society_pebd_mission_costs,US Spending & Outlays,1964,Total Outlays (millions),118528,USD millions (nominal),,PEBD sheet 'US Spending & Outlays' cell B8,R73; PEBD pull 2026-09-27 (workbook updated 2025-11-13); attribution: The Planetary Society; conventions in 07 FINDINGS R73
planetary_society_pebd_mission_costs,US Spending & Outlays,1964,Discretionary Outlays (millions),79136,USD millions (nominal),,PEBD sheet 'US Spending & Outlays' cell C8,R73; PEBD pull 2026-09-27 (workbook updated 2025-11-13); attribution: The Planetary Society; conventions in 07 FINDINGS R73
planetary_society_pebd_mission_costs,US Spending & Outlays,1964,GDP (millions),661700,USD millions (nominal),,PEBD sheet 'US Spending & Outlays' cell D8,R73; PEBD pull 2026-09-27 (workbook updated 2025-11-13); attribution: The Planetary Society; conventions in 07 FINDINGS R73
planetary_society_pebd_mission_costs,US Spending & Outlays,1965,Total Outlays (millions),118228,USD millions (nominal),,PEBD sheet 'US Spending & Outlays' cell B9,R73; PEBD pull 2026-09-27 (workbook updated 2025-11-13); attribution: The Planetary Society; conventions in 07 FINDINGS R73
planetary_society_pebd_mission_costs,US Spending & Outlays,1965,Discretionary Outlays (millions),77793,USD millions (nominal),,PEBD sheet 'US Spending & Outlays' cell C9,R73; PEBD pull 2026-09-27 (workbook updated 2025-11-13); attribution: The Planetary Society; conventions in 07 FINDINGS R73
planetary_society_pebd_mission_costs,US Spending & Outlays,1965,GDP (millions),709300,USD millions (nominal),,PEBD sheet 'US Spending & Outlays' cell D9,R73; PEBD pull 2026-09-27 (workbook updated 2025-11-13); attribution: The Planetary Society; conventions in 07 FINDINGS R73
planetary_society_pebd_mission_costs,US Spending & Outlays,1966,Total Outlays (millions),134532,USD millions (nominal),,PEBD sheet 'US Spending & Outlays' cell B10,R73; PEBD pull 2026-09-27 (workbook updated 2025-11-13); attribution: The Planetary Society; conventions in 07 FINDINGS R73
planetary_society_pebd_mission_costs,US Spending & Outlays,1966,Discretionary Outlays (millions),90143,USD millions (nominal),,PEBD sheet 'US Spending & Outlays' cell C10,R73; PEBD pull 2026-09-27 (workbook updated 2025-11-13); attribution: The Planetary Society; conventions in 07 FINDINGS R73
planetary_society_pebd_mission_costs,US Spending & Outlays,1966,GDP (millions),780500,USD millions (nominal),,PEBD sheet 'US Spending & Outlays' cell D10,R73; PEBD pull 2026-09-27 (workbook updated 2025-11-13); attribution: The Planetary Society; conventions in 07 FINDINGS R73
planetary_society_pebd_mission_costs,US Spending & Outlays,1967,Total Outlays (millions),157464,USD millions (nominal),,PEBD sheet 'US Spending & Outlays' cell B11,R73; PEBD pull 2026-09-27 (workbook updated 2025-11-13); attribution: The Planetary Society; conventions in 07 FINDINGS R73
planetary_society_pebd_mission_costs,US Spending & Outlays,1967,Discretionary Outlays (millions),106473,USD millions (nominal),,PEBD sheet 'US Spending & Outlays' cell C11,R73; PEBD pull 2026-09-27 (workbook updated 2025-11-13); attribution: The Planetary Society; conventions in 07 FINDINGS R73
planetary_society_pebd_mission_costs,US Spending & Outlays,1967,GDP (millions),836500,USD millions (nominal),,PEBD sheet 'US Spending & Outlays' cell D11,R73; PEBD pull 2026-09-27 (workbook updated 2025-11-13); attribution: The Planetary Society; conventions in 07 FINDINGS R73
planetary_society_pebd_mission_costs,US Spending & Outlays,1968,Total Outlays (millions),178134,USD millions (nominal),,PEBD sheet 'US Spending & Outlays' cell B12,R73; PEBD pull 2026-09-27 (workbook updated 2025-11-13); attribution: The Planetary Society; conventions in 07 FINDINGS R73
planetary_society_pebd_mission_costs,US Spending & Outlays,1968,Discretionary Outlays (millions),117978,USD millions (nominal),,PEBD sheet 'US Spending & Outlays' cell C12,R73; PEBD pull 2026-09-27 (workbook updated 2025-11-13); attribution: The Planetary Society; conventions in 07 FINDINGS R73
planetary_society_pebd_mission_costs,US Spending & Outlays,1968,GDP (millions),897600,USD millions (nominal),,PEBD sheet 'US Spending & Outlays' cell D12,R73; PEBD pull 2026-09-27 (workbook updated 2025-11-13); attribution: The Planetary Society; conventions in 07 FINDINGS R73
planetary_society_pebd_mission_costs,US Spending & Outlays,1969,Total Outlays (millions),183640,USD millions (nominal),,PEBD sheet 'US Spending & Outlays' cell B13,R73; PEBD pull 2026-09-27 (workbook updated 2025-11-13); attribution: The Planetary Society; conventions in 07 FINDINGS R73
planetary_society_pebd_mission_costs,US Spending & Outlays,1969,Discretionary Outlays (millions),117318,USD millions (nominal),,PEBD sheet 'US Spending & Outlays' cell C13,R73; PEBD pull 2026-09-27 (workbook updated 2025-11-13); attribution: The Planetary Society; conventions in 07 FINDINGS R73
planetary_society_pebd_mission_costs,US Spending & Outlays,1969,GDP (millions),980300,USD millions (nominal),,PEBD sheet 'US Spending & Outlays' cell D13,R73; PEBD pull 2026-09-27 (workbook updated 2025-11-13); attribution: The Planetary Society; conventions in 07 FINDINGS R73
planetary_society_pebd_mission_costs,US Spending & Outlays,1970,Total Outlays (millions),195649,USD millions (nominal),,PEBD sheet 'US Spending & Outlays' cell B14,R73; PEBD pull 2026-09-27 (workbook updated 2025-11-13); attribution: The Planetary Society; conventions in 07 FINDINGS R73
planetary_society_pebd_mission_costs,US Spending & Outlays,1970,Discretionary Outlays (millions),120254,USD millions (nominal),,PEBD sheet 'US Spending & Outlays' cell C14,R73; PEBD pull 2026-09-27 (workbook updated 2025-11-13); attribution: The Planetary Society; conventions in 07 FINDINGS R73
planetary_society_pebd_mission_costs,US Spending & Outlays,1970,GDP (millions),1046700,USD millions (nominal),,PEBD sheet 'US Spending & Outlays' cell D14,R73; PEBD pull 2026-09-27 (workbook updated 2025-11-13); attribution: The Planetary Society; conventions in 07 FINDINGS R73
planetary_society_pebd_mission_costs,US Spending & Outlays,1971,Total Outlays (millions),210172,USD millions (nominal),,PEBD sheet 'US Spending & Outlays' cell B15,R73; PEBD pull 2026-09-27 (workbook updated 2025-11-13); attribution: The Planetary Society; conventions in 07 FINDINGS R73
planetary_society_pebd_mission_costs,US Spending & Outlays,1971,Discretionary Outlays (millions),122531,USD millions (nominal),,PEBD sheet 'US Spending & Outlays' cell C15,R73; PEBD pull 2026-09-27 (workbook updated 2025-11-13); attribution: The Planetary Society; conventions in 07 FINDINGS R73
planetary_society_pebd_mission_costs,US Spending & Outlays,1971,GDP (millions),1116600,USD millions (nominal),,PEBD sheet 'US Spending & Outlays' cell D15,R73; PEBD pull 2026-09-27 (workbook updated 2025-11-13); attribution: The Planetary Society; conventions in 07 FINDINGS R73
planetary_society_pebd_mission_costs,US Spending & Outlays,1972,Total Outlays (millions),230681,USD millions (nominal),,PEBD sheet 'US Spending & Outlays' cell B16,R73; PEBD pull 2026-09-27 (workbook updated 2025-11-13); attribution: The Planetary Society; conventions in 07 FINDINGS R73
planetary_society_pebd_mission_costs,US Spending & Outlays,1972,Discretionary Outlays (millions),128544,USD millions (nominal),,PEBD sheet 'US Spending & Outlays' cell C16,R73; PEBD pull 2026-09-27 (workbook updated 2025-11-13); attribution: The Planetary Society; conventions in 07 FINDINGS R73
planetary_society_pebd_mission_costs,US Spending & Outlays,1972,GDP (millions),1216300,USD millions (nominal),,PEBD sheet 'US Spending & Outlays' cell D16,R73; PEBD pull 2026-09-27 (workbook updated 2025-11-13); attribution: The Planetary Society; conventions in 07 FINDINGS R73
planetary_society_pebd_mission_costs,US Spending & Outlays,1973,Total Outlays (millions),245707,USD millions (nominal),,PEBD sheet 'US Spending & Outlays' cell B17,R73; PEBD pull 2026-09-27 (workbook updated 2025-11-13); attribution: The Planetary Society; conventions in 07 FINDINGS R73
planetary_society_pebd_mission_costs,US Spending & Outlays,1973,Discretionary Outlays (millions),130394,USD millions (nominal),,PEBD sheet 'US Spending & Outlays' cell C17,R73; PEBD pull 2026-09-27 (workbook updated 2025-11-13); attribution: The Planetary Society; conventions in 07 FINDINGS R73
planetary_society_pebd_mission_costs,US Spending & Outlays,1973,GDP (millions),1352700,USD millions (nominal),,PEBD sheet 'US Spending & Outlays' cell D17,R73; PEBD pull 2026-09-27 (workbook updated 2025-11-13); attribution: The Planetary Society; conventions in 07 FINDINGS R73
planetary_society_pebd_mission_costs,US Spending & Outlays,1974,Total Outlays (millions),269359,USD millions (nominal),,PEBD sheet 'US Spending & Outlays' cell B18,R73; PEBD pull 2026-09-27 (workbook updated 2025-11-13); attribution: The Planetary Society; conventions in 07 FINDINGS R73
planetary_society_pebd_mission_costs,US Spending & Outlays,1974,Discretionary Outlays (millions),138207,USD millions (nominal),,PEBD sheet 'US Spending & Outlays' cell C18,R73; PEBD pull 2026-09-27 (workbook updated 2025-11-13); attribution: The Planetary Society; conventions in 07 FINDINGS R73
planetary_society_pebd_mission_costs,US Spending & Outlays,1974,GDP (millions),1482900,USD millions (nominal),,PEBD sheet 'US Spending & Outlays' cell D18,R73; PEBD pull 2026-09-27 (workbook updated 2025-11-13); attribution: The Planetary Society; conventions in 07 FINDINGS R73
planetary_society_pebd_mission_costs,US Spending & Outlays,1975,Total Outlays (millions),332332,USD millions (nominal),,PEBD sheet 'US Spending & Outlays' cell B19,R73; PEBD pull 2026-09-27 (workbook updated 2025-11-13); attribution: The Planetary Society; conventions in 07 FINDINGS R73
planetary_society_pebd_mission_costs,US Spending & Outlays,1975,Discretionary Outlays (millions),157965,USD millions (nominal),,PEBD sheet 'US Spending & Outlays' cell C19,R73; PEBD pull 2026-09-27 (workbook updated 2025-11-13); attribution: The Planetary Society; conventions in 07 FINDINGS R73
planetary_society_pebd_mission_costs,US Spending & Outlays,1975,GDP (millions),1606900,USD millions (nominal),,PEBD sheet 'US Spending & Outlays' cell D19,R73; PEBD pull 2026-09-27 (workbook updated 2025-11-13); attribution: The Planetary Society; conventions in 07 FINDINGS R73
planetary_society_pebd_mission_costs,US Spending & Outlays,1976,Total Outlays (millions),371792,USD millions (nominal),,PEBD sheet 'US Spending & Outlays' cell B20,R73; PEBD pull 2026-09-27 (workbook updated 2025-11-13); attribution: The Planetary Society; conventions in 07 FINDINGS R73
planetary_society_pebd_mission_costs,US Spending & Outlays,1976,Discretionary Outlays (millions),175577,USD millions (nominal),,PEBD sheet 'US Spending & Outlays' cell C20,R73; PEBD pull 2026-09-27 (workbook updated 2025-11-13); attribution: The Planetary Society; conventions in 07 FINDINGS R73
planetary_society_pebd_mission_costs,US Spending & Outlays,1976,GDP (millions),1786100,USD millions (nominal),,PEBD sheet 'US Spending & Outlays' cell D20,R73; PEBD pull 2026-09-27 (workbook updated 2025-11-13); attribution: The Planetary Society; conventions in 07 FINDINGS R73
planetary_society_pebd_mission_costs,US Spending & Outlays,1977,Total Outlays (millions),409218,USD millions (nominal),,PEBD sheet 'US Spending & Outlays' cell B21,R73; PEBD pull 2026-09-27 (workbook updated 2025-11-13); attribution: The Planetary Society; conventions in 07 FINDINGS R73
planetary_society_pebd_mission_costs,US Spending & Outlays,1977,Discretionary Outlays (millions),197073,USD millions (nominal),,PEBD sheet 'US Spending & Outlays' cell C21,R73; PEBD pull 2026-09-27 (workbook updated 2025-11-13); attribution: The Planetary Society; conventions in 07 FINDINGS R73
planetary_society_pebd_mission_costs,US Spending & Outlays,1977,GDP (millions),2024300,USD millions (nominal),,PEBD sheet 'US Spending & Outlays' cell D21,R73; PEBD pull 2026-09-27 (workbook updated 2025-11-13); attribution: The Planetary Society; conventions in 07 FINDINGS R73
planetary_society_pebd_mission_costs,US Spending & Outlays,1978,Total Outlays (millions),458746,USD millions (nominal),,PEBD sheet 'US Spending & Outlays' cell B22,R73; PEBD pull 2026-09-27 (workbook updated 2025-11-13); attribution: The Planetary Society; conventions in 07 FINDINGS R73
planetary_society_pebd_mission_costs,US Spending & Outlays,1978,Discretionary Outlays (millions),218710,USD millions (nominal),,PEBD sheet 'US Spending & Outlays' cell C22,R73; PEBD pull 2026-09-27 (workbook updated 2025-11-13); attribution: The Planetary Society; conventions in 07 FINDINGS R73
planetary_society_pebd_mission_costs,US Spending & Outlays,1978,GDP (millions),2273500,USD millions (nominal),,PEBD sheet 'US Spending & Outlays' cell D22,R73; PEBD pull 2026-09-27 (workbook updated 2025-11-13); attribution: The Planetary Society; conventions in 07 FINDINGS R73
planetary_society_pebd_mission_costs,US Spending & Outlays,1979,Total Outlays (millions),504028,USD millions (nominal),,PEBD sheet 'US Spending & Outlays' cell B23,R73; PEBD pull 2026-09-27 (workbook updated 2025-11-13); attribution: The Planetary Society; conventions in 07 FINDINGS R73
planetary_society_pebd_mission_costs,US Spending & Outlays,1979,Discretionary Outlays (millions),239998,USD millions (nominal),,PEBD sheet 'US Spending & Outlays' cell C23,R73; PEBD pull 2026-09-27 (workbook updated 2025-11-13); attribution: The Planetary Society; conventions in 07 FINDINGS R73
planetary_society_pebd_mission_costs,US Spending & Outlays,1979,GDP (millions),2565600,USD millions (nominal),,PEBD sheet 'US Spending & Outlays' cell D23,R73; PEBD pull 2026-09-27 (workbook updated 2025-11-13); attribution: The Planetary Society; conventions in 07 FINDINGS R73
planetary_society_pebd_mission_costs,US Spending & Outlays,1980,Total Outlays (millions),590941,USD millions (nominal),,PEBD sheet 'US Spending & Outlays' cell B24,R73; PEBD pull 2026-09-27 (workbook updated 2025-11-13); attribution: The Planetary Society; conventions in 07 FINDINGS R73
planetary_society_pebd_mission_costs,US Spending & Outlays,1980,Discretionary Outlays (millions),276324,USD millions (nominal),,PEBD sheet 'US Spending & Outlays' cell C24,R73; PEBD pull 2026-09-27 (workbook updated 2025-11-13); attribution: The Planetary Society; conventions in 07 FINDINGS R73
planetary_society_pebd_mission_costs,US Spending & Outlays,1980,GDP (millions),2791900,USD millions (nominal),,PEBD sheet 'US Spending & Outlays' cell D24,R73; PEBD pull 2026-09-27 (workbook updated 2025-11-13); attribution: The Planetary Society; conventions in 07 FINDINGS R73
planetary_society_pebd_mission_costs,US Spending & Outlays,1981,Total Outlays (millions),678241,USD millions (nominal),,PEBD sheet 'US Spending & Outlays' cell B25,R73; PEBD pull 2026-09-27 (workbook updated 2025-11-13); attribution: The Planetary Society; conventions in 07 FINDINGS R73
planetary_society_pebd_mission_costs,US Spending & Outlays,1981,Discretionary Outlays (millions),307913,USD millions (nominal),,PEBD sheet 'US Spending & Outlays' cell C25,R73; PEBD pull 2026-09-27 (workbook updated 2025-11-13); attribution: The Planetary Society; conventions in 07 FINDINGS R73
planetary_society_pebd_mission_costs,US Spending & Outlays,1981,GDP (millions),3133200,USD millions (nominal),,PEBD sheet 'US Spending & Outlays' cell D25,R73; PEBD pull 2026-09-27 (workbook updated 2025-11-13); attribution: The Planetary Society; conventions in 07 FINDINGS R73
planetary_society_pebd_mission_costs,US Spending & Outlays,1982,Total Outlays (millions),745743,USD millions (nominal),,PEBD sheet 'US Spending & Outlays' cell B26,R73; PEBD pull 2026-09-27 (workbook updated 2025-11-13); attribution: The Planetary Society; conventions in 07 FINDINGS R73
planetary_society_pebd_mission_costs,US Spending & Outlays,1982,Discretionary Outlays (millions),325952,USD millions (nominal),,PEBD sheet 'US Spending & Outlays' cell C26,R73; PEBD pull 2026-09-27 (workbook updated 2025-11-13); attribution: The Planetary Society; conventions in 07 FINDINGS R73
planetary_society_pebd_mission_costs,US Spending & Outlays,1982,GDP (millions),3313400,USD millions (nominal),,PEBD sheet 'US Spending & Outlays' cell D26,R73; PEBD pull 2026-09-27 (workbook updated 2025-11-13); attribution: The Planetary Society; conventions in 07 FINDINGS R73
planetary_society_pebd_mission_costs,US Spending & Outlays,1983,Total Outlays (millions),808364,USD millions (nominal),,PEBD sheet 'US Spending & Outlays' cell B27,R73; PEBD pull 2026-09-27 (workbook updated 2025-11-13); attribution: The Planetary Society; conventions in 07 FINDINGS R73
planetary_society_pebd_mission_costs,US Spending & Outlays,1983,Discretionary Outlays (millions),353310,USD millions (nominal),,PEBD sheet 'US Spending & Outlays' cell C27,R73; PEBD pull 2026-09-27 (workbook updated 2025-11-13); attribution: The Planetary Society; conventions in 07 FINDINGS R73
planetary_society_pebd_mission_costs,US Spending & Outlays,1983,GDP (millions),3536000,USD millions (nominal),,PEBD sheet 'US Spending & Outlays' cell D27,R73; PEBD pull 2026-09-27 (workbook updated 2025-11-13); attribution: The Planetary Society; conventions in 07 FINDINGS R73
planetary_society_pebd_mission_costs,US Spending & Outlays,1984,Total Outlays (millions),851805,USD millions (nominal),,PEBD sheet 'US Spending & Outlays' cell B28,R73; PEBD pull 2026-09-27 (workbook updated 2025-11-13); attribution: The Planetary Society; conventions in 07 FINDINGS R73
planetary_society_pebd_mission_costs,US Spending & Outlays,1984,Discretionary Outlays (millions),379447,USD millions (nominal),,PEBD sheet 'US Spending & Outlays' cell C28,R73; PEBD pull 2026-09-27 (workbook updated 2025-11-13); attribution: The Planetary Society; conventions in 07 FINDINGS R73
planetary_society_pebd_mission_costs,US Spending & Outlays,1984,GDP (millions),3949200,USD millions (nominal),,PEBD sheet 'US Spending & Outlays' cell D28,R73; PEBD pull 2026-09-27 (workbook updated 2025-11-13); attribution: The Planetary Society; conventions in 07 FINDINGS R73
planetary_society_pebd_mission_costs,US Spending & Outlays,1985,Total Outlays (millions),946344,USD millions (nominal),,PEBD sheet 'US Spending & Outlays' cell B29,R73; PEBD pull 2026-09-27 (workbook updated 2025-11-13); attribution: The Planetary Society; conventions in 07 FINDINGS R73
planetary_society_pebd_mission_costs,US Spending & Outlays,1985,Discretionary Outlays (millions),415793,USD millions (nominal),,PEBD sheet 'US Spending & Outlays' cell C29,R73; PEBD pull 2026-09-27 (workbook updated 2025-11-13); attribution: The Planetary Society; conventions in 07 FINDINGS R73
planetary_society_pebd_mission_costs,US Spending & Outlays,1985,GDP (millions),4265100,USD millions (nominal),,PEBD sheet 'US Spending & Outlays' cell D29,R73; PEBD pull 2026-09-27 (workbook updated 2025-11-13); attribution: The Planetary Society; conventions in 07 FINDINGS R73
planetary_society_pebd_mission_costs,US Spending & Outlays,1986,Total Outlays (millions),990382,USD millions (nominal),,PEBD sheet 'US Spending & Outlays' cell B30,R73; PEBD pull 2026-09-27 (workbook updated 2025-11-13); attribution: The Planetary Society; conventions in 07 FINDINGS R73
planetary_society_pebd_mission_costs,US Spending & Outlays,1986,Discretionary Outlays (millions),438520,USD millions (nominal),,PEBD sheet 'US Spending & Outlays' cell C30,R73; PEBD pull 2026-09-27 (workbook updated 2025-11-13); attribution: The Planetary Society; conventions in 07 FINDINGS R73
planetary_society_pebd_mission_costs,US Spending & Outlays,1986,GDP (millions),4526300,USD millions (nominal),,PEBD sheet 'US Spending & Outlays' cell D30,R73; PEBD pull 2026-09-27 (workbook updated 2025-11-13); attribution: The Planetary Society; conventions in 07 FINDINGS R73
planetary_society_pebd_mission_costs,US Spending & Outlays,1987,Total Outlays (millions),1004017,USD millions (nominal),,PEBD sheet 'US Spending & Outlays' cell B31,R73; PEBD pull 2026-09-27 (workbook updated 2025-11-13); attribution: The Planetary Society; conventions in 07 FINDINGS R73
planetary_society_pebd_mission_costs,US Spending & Outlays,1987,Discretionary Outlays (millions),444161,USD millions (nominal),,PEBD sheet 'US Spending & Outlays' cell C31,R73; PEBD pull 2026-09-27 (workbook updated 2025-11-13); attribution: The Planetary Society; conventions in 07 FINDINGS R73
planetary_society_pebd_mission_costs,US Spending & Outlays,1987,GDP (millions),4767700,USD millions (nominal),,PEBD sheet 'US Spending & Outlays' cell D31,R73; PEBD pull 2026-09-27 (workbook updated 2025-11-13); attribution: The Planetary Society; conventions in 07 FINDINGS R73
planetary_society_pebd_mission_costs,US Spending & Outlays,1988,Total Outlays (millions),1064416,USD millions (nominal),,PEBD sheet 'US Spending & Outlays' cell B32,R73; PEBD pull 2026-09-27 (workbook updated 2025-11-13); attribution: The Planetary Society; conventions in 07 FINDINGS R73
planetary_society_pebd_mission_costs,US Spending & Outlays,1988,Discretionary Outlays (millions),464418,USD millions (nominal),,PEBD sheet 'US Spending & Outlays' cell C32,R73; PEBD pull 2026-09-27 (workbook updated 2025-11-13); attribution: The Planetary Society; conventions in 07 FINDINGS R73
planetary_society_pebd_mission_costs,US Spending & Outlays,1988,GDP (millions),5138600,USD millions (nominal),,PEBD sheet 'US Spending & Outlays' cell D32,R73; PEBD pull 2026-09-27 (workbook updated 2025-11-13); attribution: The Planetary Society; conventions in 07 FINDINGS R73
planetary_society_pebd_mission_costs,US Spending & Outlays,1989,Total Outlays (millions),1143743,USD millions (nominal),,PEBD sheet 'US Spending & Outlays' cell B33,R73; PEBD pull 2026-09-27 (workbook updated 2025-11-13); attribution: The Planetary Society; conventions in 07 FINDINGS R73
planetary_society_pebd_mission_costs,US Spending & Outlays,1989,Discretionary Outlays (millions),488832,USD millions (nominal),,PEBD sheet 'US Spending & Outlays' cell C33,R73; PEBD pull 2026-09-27 (workbook updated 2025-11-13); attribution: The Planetary Society; conventions in 07 FINDINGS R73
planetary_society_pebd_mission_costs,US Spending & Outlays,1989,GDP (millions),5554700,USD millions (nominal),,PEBD sheet 'US Spending & Outlays' cell D33,R73; PEBD pull 2026-09-27 (workbook updated 2025-11-13); attribution: The Planetary Society; conventions in 07 FINDINGS R73
planetary_society_pebd_mission_costs,US Spending & Outlays,1990,Total Outlays (millions),1252993,USD millions (nominal),,PEBD sheet 'US Spending & Outlays' cell B34,R73; PEBD pull 2026-09-27 (workbook updated 2025-11-13); attribution: The Planetary Society; conventions in 07 FINDINGS R73
planetary_society_pebd_mission_costs,US Spending & Outlays,1990,Discretionary Outlays (millions),500578,USD millions (nominal),,PEBD sheet 'US Spending & Outlays' cell C34,R73; PEBD pull 2026-09-27 (workbook updated 2025-11-13); attribution: The Planetary Society; conventions in 07 FINDINGS R73
planetary_society_pebd_mission_costs,US Spending & Outlays,1990,GDP (millions),5898800,USD millions (nominal),,PEBD sheet 'US Spending & Outlays' cell D34,R73; PEBD pull 2026-09-27 (workbook updated 2025-11-13); attribution: The Planetary Society; conventions in 07 FINDINGS R73
planetary_society_pebd_mission_costs,US Spending & Outlays,1991,Total Outlays (millions),1324226,USD millions (nominal),,PEBD sheet 'US Spending & Outlays' cell B35,R73; PEBD pull 2026-09-27 (workbook updated 2025-11-13); attribution: The Planetary Society; conventions in 07 FINDINGS R73
planetary_society_pebd_mission_costs,US Spending & Outlays,1991,Discretionary Outlays (millions),533278,USD millions (nominal),,PEBD sheet 'US Spending & Outlays' cell C35,R73; PEBD pull 2026-09-27 (workbook updated 2025-11-13); attribution: The Planetary Society; conventions in 07 FINDINGS R73
planetary_society_pebd_mission_costs,US Spending & Outlays,1991,GDP (millions),6093200,USD millions (nominal),,PEBD sheet 'US Spending & Outlays' cell D35,R73; PEBD pull 2026-09-27 (workbook updated 2025-11-13); attribution: The Planetary Society; conventions in 07 FINDINGS R73
planetary_society_pebd_mission_costs,US Spending & Outlays,1992,Total Outlays (millions),1381529,USD millions (nominal),,PEBD sheet 'US Spending & Outlays' cell B36,R73; PEBD pull 2026-09-27 (workbook updated 2025-11-13); attribution: The Planetary Society; conventions in 07 FINDINGS R73
planetary_society_pebd_mission_costs,US Spending & Outlays,1992,Discretionary Outlays (millions),533803,USD millions (nominal),,PEBD sheet 'US Spending & Outlays' cell C36,R73; PEBD pull 2026-09-27 (workbook updated 2025-11-13); attribution: The Planetary Society; conventions in 07 FINDINGS R73
planetary_society_pebd_mission_costs,US Spending & Outlays,1992,GDP (millions),6416300,USD millions (nominal),,PEBD sheet 'US Spending & Outlays' cell D36,R73; PEBD pull 2026-09-27 (workbook updated 2025-11-13); attribution: The Planetary Society; conventions in 07 FINDINGS R73
planetary_society_pebd_mission_costs,US Spending & Outlays,1993,Total Outlays (millions),1409386,USD millions (nominal),,PEBD sheet 'US Spending & Outlays' cell B37,R73; PEBD pull 2026-09-27 (workbook updated 2025-11-13); attribution: The Planetary Society; conventions in 07 FINDINGS R73
planetary_society_pebd_mission_costs,US Spending & Outlays,1993,Discretionary Outlays (millions),539753,USD millions (nominal),,PEBD sheet 'US Spending & Outlays' cell C37,R73; PEBD pull 2026-09-27 (workbook updated 2025-11-13); attribution: The Planetary Society; conventions in 07 FINDINGS R73
planetary_society_pebd_mission_costs,US Spending & Outlays,1993,GDP (millions),6775300,USD millions (nominal),,PEBD sheet 'US Spending & Outlays' cell D37,R73; PEBD pull 2026-09-27 (workbook updated 2025-11-13); attribution: The Planetary Society; conventions in 07 FINDINGS R73
planetary_society_pebd_mission_costs,US Spending & Outlays,1994,Total Outlays (millions),1461752,USD millions (nominal),,PEBD sheet 'US Spending & Outlays' cell B38,R73; PEBD pull 2026-09-27 (workbook updated 2025-11-13); attribution: The Planetary Society; conventions in 07 FINDINGS R73
planetary_society_pebd_mission_costs,US Spending & Outlays,1994,Discretionary Outlays (millions),541340,USD millions (nominal),,PEBD sheet 'US Spending & Outlays' cell C38,R73; PEBD pull 2026-09-27 (workbook updated 2025-11-13); attribution: The Planetary Society; conventions in 07 FINDINGS R73
planetary_society_pebd_mission_costs,US Spending & Outlays,1994,GDP (millions),7176900,USD millions (nominal),,PEBD sheet 'US Spending & Outlays' cell D38,R73; PEBD pull 2026-09-27 (workbook updated 2025-11-13); attribution: The Planetary Society; conventions in 07 FINDINGS R73
planetary_society_pebd_mission_costs,US Spending & Outlays,1995,Total Outlays (millions),1515742,USD millions (nominal),,PEBD sheet 'US Spending & Outlays' cell B39,R73; PEBD pull 2026-09-27 (workbook updated 2025-11-13); attribution: The Planetary Society; conventions in 07 FINDINGS R73
planetary_society_pebd_mission_costs,US Spending & Outlays,1995,Discretionary Outlays (millions),544761,USD millions (nominal),,PEBD sheet 'US Spending & Outlays' cell C39,R73; PEBD pull 2026-09-27 (workbook updated 2025-11-13); attribution: The Planetary Society; conventions in 07 FINDINGS R73
planetary_society_pebd_mission_costs,US Spending & Outlays,1995,GDP (millions),7560400,USD millions (nominal),,PEBD sheet 'US Spending & Outlays' cell D39,R73; PEBD pull 2026-09-27 (workbook updated 2025-11-13); attribution: The Planetary Society; conventions in 07 FINDINGS R73
planetary_society_pebd_mission_costs,US Spending & Outlays,1996,Total Outlays (millions),1560484,USD millions (nominal),,PEBD sheet 'US Spending & Outlays' cell B40,R73; PEBD pull 2026-09-27 (workbook updated 2025-11-13); attribution: The Planetary Society; conventions in 07 FINDINGS R73
planetary_society_pebd_mission_costs,US Spending & Outlays,1996,Discretionary Outlays (millions),532733,USD millions (nominal),,PEBD sheet 'US Spending & Outlays' cell C40,R73; PEBD pull 2026-09-27 (workbook updated 2025-11-13); attribution: The Planetary Society; conventions in 07 FINDINGS R73
planetary_society_pebd_mission_costs,US Spending & Outlays,1996,GDP (millions),7951300,USD millions (nominal),,PEBD sheet 'US Spending & Outlays' cell D40,R73; PEBD pull 2026-09-27 (workbook updated 2025-11-13); attribution: The Planetary Society; conventions in 07 FINDINGS R73
planetary_society_pebd_mission_costs,US Spending & Outlays,1997,Total Outlays (millions),1601116,USD millions (nominal),,PEBD sheet 'US Spending & Outlays' cell B41,R73; PEBD pull 2026-09-27 (workbook updated 2025-11-13); attribution: The Planetary Society; conventions in 07 FINDINGS R73
planetary_society_pebd_mission_costs,US Spending & Outlays,1997,Discretionary Outlays (millions),547037,USD millions (nominal),,PEBD sheet 'US Spending & Outlays' cell C41,R73; PEBD pull 2026-09-27 (workbook updated 2025-11-13); attribution: The Planetary Society; conventions in 07 FINDINGS R73
planetary_society_pebd_mission_costs,US Spending & Outlays,1997,GDP (millions),8451000,USD millions (nominal),,PEBD sheet 'US Spending & Outlays' cell D41,R73; PEBD pull 2026-09-27 (workbook updated 2025-11-13); attribution: The Planetary Society; conventions in 07 FINDINGS R73
planetary_society_pebd_mission_costs,US Spending & Outlays,1998,Total Outlays (millions),1652458,USD millions (nominal),,PEBD sheet 'US Spending & Outlays' cell B42,R73; PEBD pull 2026-09-27 (workbook updated 2025-11-13); attribution: The Planetary Society; conventions in 07 FINDINGS R73
planetary_society_pebd_mission_costs,US Spending & Outlays,1998,Discretionary Outlays (millions),551995,USD millions (nominal),,PEBD sheet 'US Spending & Outlays' cell C42,R73; PEBD pull 2026-09-27 (workbook updated 2025-11-13); attribution: The Planetary Society; conventions in 07 FINDINGS R73
planetary_society_pebd_mission_costs,US Spending & Outlays,1998,GDP (millions),8930800,USD millions (nominal),,PEBD sheet 'US Spending & Outlays' cell D42,R73; PEBD pull 2026-09-27 (workbook updated 2025-11-13); attribution: The Planetary Society; conventions in 07 FINDINGS R73
planetary_society_pebd_mission_costs,US Spending & Outlays,1999,Total Outlays (millions),1701842,USD millions (nominal),,PEBD sheet 'US Spending & Outlays' cell B43,R73; PEBD pull 2026-09-27 (workbook updated 2025-11-13); attribution: The Planetary Society; conventions in 07 FINDINGS R73
planetary_society_pebd_mission_costs,US Spending & Outlays,1999,Discretionary Outlays (millions),572113,USD millions (nominal),,PEBD sheet 'US Spending & Outlays' cell C43,R73; PEBD pull 2026-09-27 (workbook updated 2025-11-13); attribution: The Planetary Society; conventions in 07 FINDINGS R73
planetary_society_pebd_mission_costs,US Spending & Outlays,1999,GDP (millions),9479600,USD millions (nominal),,PEBD sheet 'US Spending & Outlays' cell D43,R73; PEBD pull 2026-09-27 (workbook updated 2025-11-13); attribution: The Planetary Society; conventions in 07 FINDINGS R73
planetary_society_pebd_mission_costs,US Spending & Outlays,2000,Total Outlays (millions),1788950,USD millions (nominal),,PEBD sheet 'US Spending & Outlays' cell B44,R73; PEBD pull 2026-09-27 (workbook updated 2025-11-13); attribution: The Planetary Society; conventions in 07 FINDINGS R73
planetary_society_pebd_mission_costs,US Spending & Outlays,2000,Discretionary Outlays (millions),614626,USD millions (nominal),,PEBD sheet 'US Spending & Outlays' cell C44,R73; PEBD pull 2026-09-27 (workbook updated 2025-11-13); attribution: The Planetary Society; conventions in 07 FINDINGS R73
planetary_society_pebd_mission_costs,US Spending & Outlays,2000,GDP (millions),10117100,USD millions (nominal),,PEBD sheet 'US Spending & Outlays' cell D44,R73; PEBD pull 2026-09-27 (workbook updated 2025-11-13); attribution: The Planetary Society; conventions in 07 FINDINGS R73
planetary_society_pebd_mission_costs,US Spending & Outlays,2001,Total Outlays (millions),1862846,USD millions (nominal),,PEBD sheet 'US Spending & Outlays' cell B45,R73; PEBD pull 2026-09-27 (workbook updated 2025-11-13); attribution: The Planetary Society; conventions in 07 FINDINGS R73
planetary_society_pebd_mission_costs,US Spending & Outlays,2001,Discretionary Outlays (millions),649041,USD millions (nominal),,PEBD sheet 'US Spending & Outlays' cell C45,R73; PEBD pull 2026-09-27 (workbook updated 2025-11-13); attribution: The Planetary Society; conventions in 07 FINDINGS R73
planetary_society_pebd_mission_costs,US Spending & Outlays,2001,GDP (millions),10525700,USD millions (nominal),,PEBD sheet 'US Spending & Outlays' cell D45,R73; PEBD pull 2026-09-27 (workbook updated 2025-11-13); attribution: The Planetary Society; conventions in 07 FINDINGS R73
planetary_society_pebd_mission_costs,US Spending & Outlays,2002,Total Outlays (millions),2010894,USD millions (nominal),,PEBD sheet 'US Spending & Outlays' cell B46,R73; PEBD pull 2026-09-27 (workbook updated 2025-11-13); attribution: The Planetary Society; conventions in 07 FINDINGS R73
planetary_society_pebd_mission_costs,US Spending & Outlays,2002,Discretionary Outlays (millions),733950,USD millions (nominal),,PEBD sheet 'US Spending & Outlays' cell C46,R73; PEBD pull 2026-09-27 (workbook updated 2025-11-13); attribution: The Planetary Society; conventions in 07 FINDINGS R73
planetary_society_pebd_mission_costs,US Spending & Outlays,2002,GDP (millions),10828900,USD millions (nominal),,PEBD sheet 'US Spending & Outlays' cell D46,R73; PEBD pull 2026-09-27 (workbook updated 2025-11-13); attribution: The Planetary Society; conventions in 07 FINDINGS R73
planetary_society_pebd_mission_costs,US Spending & Outlays,2003,Total Outlays (millions),2159899,USD millions (nominal),,PEBD sheet 'US Spending & Outlays' cell B47,R73; PEBD pull 2026-09-27 (workbook updated 2025-11-13); attribution: The Planetary Society; conventions in 07 FINDINGS R73
planetary_society_pebd_mission_costs,US Spending & Outlays,2003,Discretionary Outlays (millions),824339,USD millions (nominal),,PEBD sheet 'US Spending & Outlays' cell C47,R73; PEBD pull 2026-09-27 (workbook updated 2025-11-13); attribution: The Planetary Society; conventions in 07 FINDINGS R73
planetary_society_pebd_mission_costs,US Spending & Outlays,2003,GDP (millions),11278800,USD millions (nominal),,PEBD sheet 'US Spending & Outlays' cell D47,R73; PEBD pull 2026-09-27 (workbook updated 2025-11-13); attribution: The Planetary Society; conventions in 07 FINDINGS R73
planetary_society_pebd_mission_costs,US Spending & Outlays,2004,Total Outlays (millions),2292841,USD millions (nominal),,PEBD sheet 'US Spending & Outlays' cell B48,R73; PEBD pull 2026-09-27 (workbook updated 2025-11-13); attribution: The Planetary Society; conventions in 07 FINDINGS R73
planetary_society_pebd_mission_costs,US Spending & Outlays,2004,Discretionary Outlays (millions),895065,USD millions (nominal),,PEBD sheet 'US Spending & Outlays' cell C48,R73; PEBD pull 2026-09-27 (workbook updated 2025-11-13); attribution: The Planetary Society; conventions in 07 FINDINGS R73
planetary_society_pebd_mission_costs,US Spending & Outlays,2004,GDP (millions),12028400,USD millions (nominal),,PEBD sheet 'US Spending & Outlays' cell D48,R73; PEBD pull 2026-09-27 (workbook updated 2025-11-13); attribution: The Planetary Society; conventions in 07 FINDINGS R73
planetary_society_pebd_mission_costs,US Spending & Outlays,2005,Total Outlays (millions),2471957,USD millions (nominal),,PEBD sheet 'US Spending & Outlays' cell B49,R73; PEBD pull 2026-09-27 (workbook updated 2025-11-13); attribution: The Planetary Society; conventions in 07 FINDINGS R73
planetary_society_pebd_mission_costs,US Spending & Outlays,2005,Discretionary Outlays (millions),968541,USD millions (nominal),,PEBD sheet 'US Spending & Outlays' cell C49,R73; PEBD pull 2026-09-27 (workbook updated 2025-11-13); attribution: The Planetary Society; conventions in 07 FINDINGS R73
planetary_society_pebd_mission_costs,US Spending & Outlays,2005,GDP (millions),12840000,USD millions (nominal),,PEBD sheet 'US Spending & Outlays' cell D49,R73; PEBD pull 2026-09-27 (workbook updated 2025-11-13); attribution: The Planetary Society; conventions in 07 FINDINGS R73
planetary_society_pebd_mission_costs,US Spending & Outlays,2006,Total Outlays (millions),2655050,USD millions (nominal),,PEBD sheet 'US Spending & Outlays' cell B50,R73; PEBD pull 2026-09-27 (workbook updated 2025-11-13); attribution: The Planetary Society; conventions in 07 FINDINGS R73
planetary_society_pebd_mission_costs,US Spending & Outlays,2006,Discretionary Outlays (millions),1016624,USD millions (nominal),,PEBD sheet 'US Spending & Outlays' cell C50,R73; PEBD pull 2026-09-27 (workbook updated 2025-11-13); attribution: The Planetary Society; conventions in 07 FINDINGS R73
planetary_society_pebd_mission_costs,US Spending & Outlays,2006,GDP (millions),13636800,USD millions (nominal),,PEBD sheet 'US Spending & Outlays' cell D50,R73; PEBD pull 2026-09-27 (workbook updated 2025-11-13); attribution: The Planetary Society; conventions in 07 FINDINGS R73
planetary_society_pebd_mission_costs,US Spending & Outlays,2007,Total Outlays (millions),2728686,USD millions (nominal),,PEBD sheet 'US Spending & Outlays' cell B51,R73; PEBD pull 2026-09-27 (workbook updated 2025-11-13); attribution: The Planetary Society; conventions in 07 FINDINGS R73
planetary_society_pebd_mission_costs,US Spending & Outlays,2007,Discretionary Outlays (millions),1041590,USD millions (nominal),,PEBD sheet 'US Spending & Outlays' cell C51,R73; PEBD pull 2026-09-27 (workbook updated 2025-11-13); attribution: The Planetary Society; conventions in 07 FINDINGS R73
planetary_society_pebd_mission_costs,US Spending & Outlays,2007,GDP (millions),14305400,USD millions (nominal),,PEBD sheet 'US Spending & Outlays' cell D51,R73; PEBD pull 2026-09-27 (workbook updated 2025-11-13); attribution: The Planetary Society; conventions in 07 FINDINGS R73
planetary_society_pebd_mission_costs,US Spending & Outlays,2008,Total Outlays (millions),2982544,USD millions (nominal),,PEBD sheet 'US Spending & Outlays' cell B52,R73; PEBD pull 2026-09-27 (workbook updated 2025-11-13); attribution: The Planetary Society; conventions in 07 FINDINGS R73
planetary_society_pebd_mission_costs,US Spending & Outlays,2008,Discretionary Outlays (millions),1134884,USD millions (nominal),,PEBD sheet 'US Spending & Outlays' cell C52,R73; PEBD pull 2026-09-27 (workbook updated 2025-11-13); attribution: The Planetary Society; conventions in 07 FINDINGS R73
planetary_society_pebd_mission_costs,US Spending & Outlays,2008,GDP (millions),14796600,USD millions (nominal),,PEBD sheet 'US Spending & Outlays' cell D52,R73; PEBD pull 2026-09-27 (workbook updated 2025-11-13); attribution: The Planetary Society; conventions in 07 FINDINGS R73
planetary_society_pebd_mission_costs,US Spending & Outlays,2009,Total Outlays (millions),3517677,USD millions (nominal),,PEBD sheet 'US Spending & Outlays' cell B53,R73; PEBD pull 2026-09-27 (workbook updated 2025-11-13); attribution: The Planetary Society; conventions in 07 FINDINGS R73
planetary_society_pebd_mission_costs,US Spending & Outlays,2009,Discretionary Outlays (millions),1237536,USD millions (nominal),,PEBD sheet 'US Spending & Outlays' cell C53,R73; PEBD pull 2026-09-27 (workbook updated 2025-11-13); attribution: The Planetary Society; conventions in 07 FINDINGS R73
planetary_society_pebd_mission_costs,US Spending & Outlays,2009,GDP (millions),14467300,USD millions (nominal),,PEBD sheet 'US Spending & Outlays' cell D53,R73; PEBD pull 2026-09-27 (workbook updated 2025-11-13); attribution: The Planetary Society; conventions in 07 FINDINGS R73
planetary_society_pebd_mission_costs,US Spending & Outlays,2010,Total Outlays (millions),3457079,USD millions (nominal),,PEBD sheet 'US Spending & Outlays' cell B54,R73; PEBD pull 2026-09-27 (workbook updated 2025-11-13); attribution: The Planetary Society; conventions in 07 FINDINGS R73
planetary_society_pebd_mission_costs,US Spending & Outlays,2010,Discretionary Outlays (millions),1347166,USD millions (nominal),,PEBD sheet 'US Spending & Outlays' cell C54,R73; PEBD pull 2026-09-27 (workbook updated 2025-11-13); attribution: The Planetary Society; conventions in 07 FINDINGS R73
planetary_society_pebd_mission_costs,US Spending & Outlays,2010,GDP (millions),14884400,USD millions (nominal),,PEBD sheet 'US Spending & Outlays' cell D54,R73; PEBD pull 2026-09-27 (workbook updated 2025-11-13); attribution: The Planetary Society; conventions in 07 FINDINGS R73
planetary_society_pebd_mission_costs,US Spending & Outlays,2011,Total Outlays (millions),3603065,USD millions (nominal),,PEBD sheet 'US Spending & Outlays' cell B55,R73; PEBD pull 2026-09-27 (workbook updated 2025-11-13); attribution: The Planetary Society; conventions in 07 FINDINGS R73
planetary_society_pebd_mission_costs,US Spending & Outlays,2011,Discretionary Outlays (millions),1347137,USD millions (nominal),,PEBD sheet 'US Spending & Outlays' cell C55,R73; PEBD pull 2026-09-27 (workbook updated 2025-11-13); attribution: The Planetary Society; conventions in 07 FINDINGS R73
planetary_society_pebd_mission_costs,US Spending & Outlays,2011,GDP (millions),15466500,USD millions (nominal),,PEBD sheet 'US Spending & Outlays' cell D55,R73; PEBD pull 2026-09-27 (workbook updated 2025-11-13); attribution: The Planetary Society; conventions in 07 FINDINGS R73
planetary_society_pebd_mission_costs,US Spending & Outlays,2012,Total Outlays (millions),3536945,USD millions (nominal),,PEBD sheet 'US Spending & Outlays' cell B56,R73; PEBD pull 2026-09-27 (workbook updated 2025-11-13); attribution: The Planetary Society; conventions in 07 FINDINGS R73
planetary_society_pebd_mission_costs,US Spending & Outlays,2012,Discretionary Outlays (millions),1286087,USD millions (nominal),,PEBD sheet 'US Spending & Outlays' cell C56,R73; PEBD pull 2026-09-27 (workbook updated 2025-11-13); attribution: The Planetary Society; conventions in 07 FINDINGS R73
planetary_society_pebd_mission_costs,US Spending & Outlays,2012,GDP (millions),16109400,USD millions (nominal),,PEBD sheet 'US Spending & Outlays' cell D56,R73; PEBD pull 2026-09-27 (workbook updated 2025-11-13); attribution: The Planetary Society; conventions in 07 FINDINGS R73
planetary_society_pebd_mission_costs,US Spending & Outlays,2013,Total Outlays (millions),3454648,USD millions (nominal),,PEBD sheet 'US Spending & Outlays' cell B57,R73; PEBD pull 2026-09-27 (workbook updated 2025-11-13); attribution: The Planetary Society; conventions in 07 FINDINGS R73
planetary_society_pebd_mission_costs,US Spending & Outlays,2013,Discretionary Outlays (millions),1202129,USD millions (nominal),,PEBD sheet 'US Spending & Outlays' cell C57,R73; PEBD pull 2026-09-27 (workbook updated 2025-11-13); attribution: The Planetary Society; conventions in 07 FINDINGS R73
planetary_society_pebd_mission_costs,US Spending & Outlays,2013,GDP (millions),16687800,USD millions (nominal),,PEBD sheet 'US Spending & Outlays' cell D57,R73; PEBD pull 2026-09-27 (workbook updated 2025-11-13); attribution: The Planetary Society; conventions in 07 FINDINGS R73
planetary_society_pebd_mission_costs,US Spending & Outlays,2014,Total Outlays (millions),3506091,USD millions (nominal),,PEBD sheet 'US Spending & Outlays' cell B58,R73; PEBD pull 2026-09-27 (workbook updated 2025-11-13); attribution: The Planetary Society; conventions in 07 FINDINGS R73
planetary_society_pebd_mission_costs,US Spending & Outlays,2014,Discretionary Outlays (millions),1178674,USD millions (nominal),,PEBD sheet 'US Spending & Outlays' cell C58,R73; PEBD pull 2026-09-27 (workbook updated 2025-11-13); attribution: The Planetary Society; conventions in 07 FINDINGS R73
planetary_society_pebd_mission_costs,US Spending & Outlays,2014,GDP (millions),17428100,USD millions (nominal),,PEBD sheet 'US Spending & Outlays' cell D58,R73; PEBD pull 2026-09-27 (workbook updated 2025-11-13); attribution: The Planetary Society; conventions in 07 FINDINGS R73
planetary_society_pebd_mission_costs,US Spending & Outlays,2015,Total Outlays (millions),3688383,USD millions (nominal),,PEBD sheet 'US Spending & Outlays' cell B59,R73; PEBD pull 2026-09-27 (workbook updated 2025-11-13); attribution: The Planetary Society; conventions in 07 FINDINGS R73
planetary_society_pebd_mission_costs,US Spending & Outlays,2015,Discretionary Outlays (millions),1168656,USD millions (nominal),,PEBD sheet 'US Spending & Outlays' cell C59,R73; PEBD pull 2026-09-27 (workbook updated 2025-11-13); attribution: The Planetary Society; conventions in 07 FINDINGS R73
planetary_society_pebd_mission_costs,US Spending & Outlays,2015,GDP (millions),18164300,USD millions (nominal),,PEBD sheet 'US Spending & Outlays' cell D59,R73; PEBD pull 2026-09-27 (workbook updated 2025-11-13); attribution: The Planetary Society; conventions in 07 FINDINGS R73
planetary_society_pebd_mission_costs,US Spending & Outlays,2016,Total Outlays (millions),3852612,USD millions (nominal),,PEBD sheet 'US Spending & Outlays' cell B60,R73; PEBD pull 2026-09-27 (workbook updated 2025-11-13); attribution: The Planetary Society; conventions in 07 FINDINGS R73
planetary_society_pebd_mission_costs,US Spending & Outlays,2016,Discretionary Outlays (millions),1185249,USD millions (nominal),,PEBD sheet 'US Spending & Outlays' cell C60,R73; PEBD pull 2026-09-27 (workbook updated 2025-11-13); attribution: The Planetary Society; conventions in 07 FINDINGS R73
planetary_society_pebd_mission_costs,US Spending & Outlays,2016,GDP (millions),18641300,USD millions (nominal),,PEBD sheet 'US Spending & Outlays' cell D60,R73; PEBD pull 2026-09-27 (workbook updated 2025-11-13); attribution: The Planetary Society; conventions in 07 FINDINGS R73
planetary_society_pebd_mission_costs,US Spending & Outlays,2017,Total Outlays (millions),3981628,USD millions (nominal),,PEBD sheet 'US Spending & Outlays' cell B61,R73; PEBD pull 2026-09-27 (workbook updated 2025-11-13); attribution: The Planetary Society; conventions in 07 FINDINGS R73
planetary_society_pebd_mission_costs,US Spending & Outlays,2017,Discretionary Outlays (millions),1200159,USD millions (nominal),,PEBD sheet 'US Spending & Outlays' cell C61,R73; PEBD pull 2026-09-27 (workbook updated 2025-11-13); attribution: The Planetary Society; conventions in 07 FINDINGS R73
planetary_society_pebd_mission_costs,US Spending & Outlays,2017,GDP (millions),19375200,USD millions (nominal),,PEBD sheet 'US Spending & Outlays' cell D61,R73; PEBD pull 2026-09-27 (workbook updated 2025-11-13); attribution: The Planetary Society; conventions in 07 FINDINGS R73
planetary_society_pebd_mission_costs,US Spending & Outlays,2018,Total Outlays (millions),4109044,USD millions (nominal),,PEBD sheet 'US Spending & Outlays' cell B62,R73; PEBD pull 2026-09-27 (workbook updated 2025-11-13); attribution: The Planetary Society; conventions in 07 FINDINGS R73
planetary_society_pebd_mission_costs,US Spending & Outlays,2018,Discretionary Outlays (millions),1261635,USD millions (nominal),,PEBD sheet 'US Spending & Outlays' cell C62,R73; PEBD pull 2026-09-27 (workbook updated 2025-11-13); attribution: The Planetary Society; conventions in 07 FINDINGS R73
planetary_society_pebd_mission_costs,US Spending & Outlays,2018,GDP (millions),20436300,USD millions (nominal),,PEBD sheet 'US Spending & Outlays' cell D62,R73; PEBD pull 2026-09-27 (workbook updated 2025-11-13); attribution: The Planetary Society; conventions in 07 FINDINGS R73
planetary_society_pebd_mission_costs,US Spending & Outlays,2019,Total Outlays (millions),4446956,USD millions (nominal),,PEBD sheet 'US Spending & Outlays' cell B63,R73; PEBD pull 2026-09-27 (workbook updated 2025-11-13); attribution: The Planetary Society; conventions in 07 FINDINGS R73
planetary_society_pebd_mission_costs,US Spending & Outlays,2019,Discretionary Outlays (millions),1337704,USD millions (nominal),,PEBD sheet 'US Spending & Outlays' cell C63,R73; PEBD pull 2026-09-27 (workbook updated 2025-11-13); attribution: The Planetary Society; conventions in 07 FINDINGS R73
planetary_society_pebd_mission_costs,US Spending & Outlays,2019,GDP (millions),21275300,USD millions (nominal),,PEBD sheet 'US Spending & Outlays' cell D63,R73; PEBD pull 2026-09-27 (workbook updated 2025-11-13); attribution: The Planetary Society; conventions in 07 FINDINGS R73
planetary_society_pebd_mission_costs,US Spending & Outlays,2020,Total Outlays (millions),6516817,USD millions (nominal),,PEBD sheet 'US Spending & Outlays' cell B64,R73; PEBD pull 2026-09-27 (workbook updated 2025-11-13); attribution: The Planetary Society; conventions in 07 FINDINGS R73
planetary_society_pebd_mission_costs,US Spending & Outlays,2020,Discretionary Outlays (millions),1627818,USD millions (nominal),,PEBD sheet 'US Spending & Outlays' cell C64,R73; PEBD pull 2026-09-27 (workbook updated 2025-11-13); attribution: The Planetary Society; conventions in 07 FINDINGS R73
planetary_society_pebd_mission_costs,US Spending & Outlays,2020,GDP (millions),21320200,USD millions (nominal),,PEBD sheet 'US Spending & Outlays' cell D64,R73; PEBD pull 2026-09-27 (workbook updated 2025-11-13); attribution: The Planetary Society; conventions in 07 FINDINGS R73
planetary_society_pebd_mission_costs,US Spending & Outlays,2021,Total Outlays (millions),6820705,USD millions (nominal),,PEBD sheet 'US Spending & Outlays' cell B65,R73; PEBD pull 2026-09-27 (workbook updated 2025-11-13); attribution: The Planetary Society; conventions in 07 FINDINGS R73
planetary_society_pebd_mission_costs,US Spending & Outlays,2021,Discretionary Outlays (millions),1636404,USD millions (nominal),,PEBD sheet 'US Spending & Outlays' cell C65,R73; PEBD pull 2026-09-27 (workbook updated 2025-11-13); attribution: The Planetary Society; conventions in 07 FINDINGS R73
planetary_society_pebd_mission_costs,US Spending & Outlays,2021,GDP (millions),23004100,USD millions (nominal),,PEBD sheet 'US Spending & Outlays' cell D65,R73; PEBD pull 2026-09-27 (workbook updated 2025-11-13); attribution: The Planetary Society; conventions in 07 FINDINGS R73
planetary_society_pebd_mission_costs,US Spending & Outlays,2022,Total Outlays (millions),6271510,USD millions (nominal),,PEBD sheet 'US Spending & Outlays' cell B66,R73; PEBD pull 2026-09-27 (workbook updated 2025-11-13); attribution: The Planetary Society; conventions in 07 FINDINGS R73
planetary_society_pebd_mission_costs,US Spending & Outlays,2022,Discretionary Outlays (millions),1664550,USD millions (nominal),,PEBD sheet 'US Spending & Outlays' cell C66,R73; PEBD pull 2026-09-27 (workbook updated 2025-11-13); attribution: The Planetary Society; conventions in 07 FINDINGS R73
planetary_society_pebd_mission_costs,US Spending & Outlays,2022,GDP (millions),25565400,USD millions (nominal),,PEBD sheet 'US Spending & Outlays' cell D66,R73; PEBD pull 2026-09-27 (workbook updated 2025-11-13); attribution: The Planetary Society; conventions in 07 FINDINGS R73
planetary_society_pebd_mission_costs,US Spending & Outlays,2023,Total Outlays (millions),6128415,USD millions (nominal),,PEBD sheet 'US Spending & Outlays' cell B67,R73; PEBD pull 2026-09-27 (workbook updated 2025-11-13); attribution: The Planetary Society; conventions in 07 FINDINGS R73
planetary_society_pebd_mission_costs,US Spending & Outlays,2023,Discretionary Outlays (millions),1718130,USD millions (nominal),,PEBD sheet 'US Spending & Outlays' cell C67,R73; PEBD pull 2026-09-27 (workbook updated 2025-11-13); attribution: The Planetary Society; conventions in 07 FINDINGS R73
planetary_society_pebd_mission_costs,US Spending & Outlays,2023,GDP (millions),27398000,USD millions (nominal),,PEBD sheet 'US Spending & Outlays' cell D67,R73; PEBD pull 2026-09-27 (workbook updated 2025-11-13); attribution: The Planetary Society; conventions in 07 FINDINGS R73
planetary_society_pebd_mission_costs,US Spending & Outlays,2024,Total Outlays (millions),6735261,USD millions (nominal),,PEBD sheet 'US Spending & Outlays' cell B68,R73; PEBD pull 2026-09-27 (workbook updated 2025-11-13); attribution: The Planetary Society; conventions in 07 FINDINGS R73
planetary_society_pebd_mission_costs,US Spending & Outlays,2024,Discretionary Outlays (millions),1810196,USD millions (nominal),,PEBD sheet 'US Spending & Outlays' cell C68,R73; PEBD pull 2026-09-27 (workbook updated 2025-11-13); attribution: The Planetary Society; conventions in 07 FINDINGS R73
planetary_society_pebd_mission_costs,US Spending & Outlays,2024,GDP (millions),28947900,USD millions (nominal),,PEBD sheet 'US Spending & Outlays' cell D68,R73; PEBD pull 2026-09-27 (workbook updated 2025-11-13); attribution: The Planetary Society; conventions in 07 FINDINGS R73
planetary_society_pebd_mission_costs,US Spending & Outlays,2025,Total Outlays (millions),7011105,USD millions (nominal),,PEBD sheet 'US Spending & Outlays' cell B69,R73; PEBD pull 2026-09-27 (workbook updated 2025-11-13); attribution: The Planetary Society; conventions in 07 FINDINGS R73
planetary_society_pebd_mission_costs,US Spending & Outlays,2025,Discretionary Outlays (millions),1875093,USD millions (nominal),,PEBD sheet 'US Spending & Outlays' cell C69,R73; PEBD pull 2026-09-27 (workbook updated 2025-11-13); attribution: The Planetary Society; conventions in 07 FINDINGS R73
planetary_society_pebd_mission_costs,US Spending & Outlays,2025,GDP (millions),30322800,USD millions (nominal),,PEBD sheet 'US Spending & Outlays' cell D69,R73; PEBD pull 2026-09-27 (workbook updated 2025-11-13); attribution: The Planetary Society; conventions in 07 FINDINGS R73
planetary_society_pebd_mission_costs,US Spending & Outlays,2026 estimate,Total Outlays (millions),7419392,USD millions (nominal),,PEBD sheet 'US Spending & Outlays' cell B70,R73; PEBD pull 2026-09-27 (workbook updated 2025-11-13); attribution: The Planetary Society; conventions in 07 FINDINGS R73
planetary_society_pebd_mission_costs,US Spending & Outlays,2026 estimate,Discretionary Outlays (millions),1895132,USD millions (nominal),,PEBD sheet 'US Spending & Outlays' cell C70,R73; PEBD pull 2026-09-27 (workbook updated 2025-11-13); attribution: The Planetary Society; conventions in 07 FINDINGS R73
planetary_society_pebd_mission_costs,US Spending & Outlays,2026 estimate,GDP (millions),30552700,USD millions (nominal),,PEBD sheet 'US Spending & Outlays' cell D70,R73; PEBD pull 2026-09-27 (workbook updated 2025-11-13); attribution: The Planetary Society; conventions in 07 FINDINGS R73
planetary_society_pebd_mission_costs,US Spending & Outlays,2027 estimate,Total Outlays (millions),7696576,USD millions (nominal),,PEBD sheet 'US Spending & Outlays' cell B71,R73; PEBD pull 2026-09-27 (workbook updated 2025-11-13); attribution: The Planetary Society; conventions in 07 FINDINGS R73
planetary_society_pebd_mission_costs,US Spending & Outlays,2027 estimate,Discretionary Outlays (millions),1998664,USD millions (nominal),,PEBD sheet 'US Spending & Outlays' cell C71,R73; PEBD pull 2026-09-27 (workbook updated 2025-11-13); attribution: The Planetary Society; conventions in 07 FINDINGS R73
planetary_society_pebd_mission_costs,US Spending & Outlays,2027 estimate,GDP (millions),31815600,USD millions (nominal),,PEBD sheet 'US Spending & Outlays' cell D71,R73; PEBD pull 2026-09-27 (workbook updated 2025-11-13); attribution: The Planetary Society; conventions in 07 FINDINGS R73
planetary_society_pebd_mission_costs,US Spending & Outlays,2028 estimate,Total Outlays (millions),8082512,USD millions (nominal),,PEBD sheet 'US Spending & Outlays' cell B72,R73; PEBD pull 2026-09-27 (workbook updated 2025-11-13); attribution: The Planetary Society; conventions in 07 FINDINGS R73
planetary_society_pebd_mission_costs,US Spending & Outlays,2028 estimate,Discretionary Outlays (millions),2032019,USD millions (nominal),,PEBD sheet 'US Spending & Outlays' cell C72,R73; PEBD pull 2026-09-27 (workbook updated 2025-11-13); attribution: The Planetary Society; conventions in 07 FINDINGS R73
planetary_society_pebd_mission_costs,US Spending & Outlays,2028 estimate,GDP (millions),33129200,USD millions (nominal),,PEBD sheet 'US Spending & Outlays' cell D72,R73; PEBD pull 2026-09-27 (workbook updated 2025-11-13); attribution: The Planetary Society; conventions in 07 FINDINGS R73
planetary_society_pebd_mission_costs,US Spending & Outlays,2029 estimate,Total Outlays (millions),8312842,USD millions (nominal),,PEBD sheet 'US Spending & Outlays' cell B73,R73; PEBD pull 2026-09-27 (workbook updated 2025-11-13); attribution: The Planetary Society; conventions in 07 FINDINGS R73
planetary_society_pebd_mission_costs,US Spending & Outlays,2029 estimate,Discretionary Outlays (millions),2060056,USD millions (nominal),,PEBD sheet 'US Spending & Outlays' cell C73,R73; PEBD pull 2026-09-27 (workbook updated 2025-11-13); attribution: The Planetary Society; conventions in 07 FINDINGS R73
planetary_society_pebd_mission_costs,US Spending & Outlays,2029 estimate,GDP (millions),34510800,USD millions (nominal),,PEBD sheet 'US Spending & Outlays' cell D73,R73; PEBD pull 2026-09-27 (workbook updated 2025-11-13); attribution: The Planetary Society; conventions in 07 FINDINGS R73
planetary_society_pebd_mission_costs,US Spending & Outlays,2030 estimate,Discretionary Outlays (millions),2064449,USD millions (nominal),,PEBD sheet 'US Spending & Outlays' cell C74,R73; PEBD pull 2026-09-27 (workbook updated 2025-11-13); attribution: The Planetary Society; conventions in 07 FINDINGS R73
planetary_society_pebd_mission_costs,US Spending & Outlays,2031 estimate,Discretionary Outlays (millions),2069912,USD millions (nominal),,PEBD sheet 'US Spending & Outlays' cell C75,R73; PEBD pull 2026-09-27 (workbook updated 2025-11-13); attribution: The Planetary Society; conventions in 07 FINDINGS R73
