source_id,sheet,row_label,column_header,value,unit,italic_estimate,location_in_source,notes
planetary_society_pebd_mission_costs,Timeline,Ranger 1,Launch Date (Fiscal Year),1962,fiscal year,,PEBD sheet 'Timeline' cell B2,R73; PEBD pull 2026-09-27 (workbook updated 2025-11-13); attribution: The Planetary Society; conventions in 07 FINDINGS R73
planetary_society_pebd_mission_costs,Timeline,Ranger 1,Launch Date,1961-08-23,,,PEBD sheet 'Timeline' cell D2,R73; PEBD pull 2026-09-27 (workbook updated 2025-11-13); attribution: The Planetary Society; conventions in 07 FINDINGS R73
planetary_society_pebd_mission_costs,Timeline,Ranger 1,Program Line,Ranger,,,PEBD sheet 'Timeline' cell F2,R73; PEBD pull 2026-09-27 (workbook updated 2025-11-13); attribution: The Planetary Society; conventions in 07 FINDINGS R73
planetary_society_pebd_mission_costs,Timeline,Ranger 1,Launch Vehicle,Atlas Agena B,,,PEBD sheet 'Timeline' cell G2,R73; PEBD pull 2026-09-27 (workbook updated 2025-11-13); attribution: The Planetary Society; conventions in 07 FINDINGS R73
planetary_society_pebd_mission_costs,Timeline,Ranger 1,LV Cost (2025),116.403856,"USD millions (2025 dollars, PEBD inflation adjustment)",,PEBD sheet 'Timeline' cell I2,R73; PEBD pull 2026-09-27 (workbook updated 2025-11-13); attribution: The Planetary Society; conventions in 07 FINDINGS R73
planetary_society_pebd_mission_costs,Timeline,Ranger 1,Type,Attempted Lunar Test Flight,,,PEBD sheet 'Timeline' cell J2,R73; PEBD pull 2026-09-27 (workbook updated 2025-11-13); attribution: The Planetary Society; conventions in 07 FINDINGS R73
planetary_society_pebd_mission_costs,Timeline,decadal period 1960 - 1962,Launches,4,launches,,PEBD sheet 'Timeline' cell M2,R73; PEBD pull 2026-09-27 (workbook updated 2025-11-13); attribution: The Planetary Society; conventions in 07 FINDINGS R73
planetary_society_pebd_mission_costs,Timeline,Ranger 2,Launch Date (Fiscal Year),1962,fiscal year,,PEBD sheet 'Timeline' cell B3,R73; PEBD pull 2026-09-27 (workbook updated 2025-11-13); attribution: The Planetary Society; conventions in 07 FINDINGS R73
planetary_society_pebd_mission_costs,Timeline,Ranger 2,Launch Date,1961-11-18,,,PEBD sheet 'Timeline' cell D3,R73; PEBD pull 2026-09-27 (workbook updated 2025-11-13); attribution: The Planetary Society; conventions in 07 FINDINGS R73
planetary_society_pebd_mission_costs,Timeline,Ranger 2,Program Line,Ranger,,,PEBD sheet 'Timeline' cell F3,R73; PEBD pull 2026-09-27 (workbook updated 2025-11-13); attribution: The Planetary Society; conventions in 07 FINDINGS R73
planetary_society_pebd_mission_costs,Timeline,Ranger 2,Launch Vehicle,Atlas Agena B,,,PEBD sheet 'Timeline' cell G3,R73; PEBD pull 2026-09-27 (workbook updated 2025-11-13); attribution: The Planetary Society; conventions in 07 FINDINGS R73
planetary_society_pebd_mission_costs,Timeline,Ranger 2,LV Cost (2025),116.403856,"USD millions (2025 dollars, PEBD inflation adjustment)",,PEBD sheet 'Timeline' cell I3,R73; PEBD pull 2026-09-27 (workbook updated 2025-11-13); attribution: The Planetary Society; conventions in 07 FINDINGS R73
planetary_society_pebd_mission_costs,Timeline,Ranger 2,Type,Attempted Lunar Test Flight,,,PEBD sheet 'Timeline' cell J3,R73; PEBD pull 2026-09-27 (workbook updated 2025-11-13); attribution: The Planetary Society; conventions in 07 FINDINGS R73
planetary_society_pebd_mission_costs,Timeline,decadal period 1963 - 1972,Launches,27,launches,,PEBD sheet 'Timeline' cell M3,R73; PEBD pull 2026-09-27 (workbook updated 2025-11-13); attribution: The Planetary Society; conventions in 07 FINDINGS R73
planetary_society_pebd_mission_costs,Timeline,decadal period 1963 - 1972,Avg dev time (FYs),3.333333333,fiscal years,,PEBD sheet 'Timeline' cell N3,R73; PEBD pull 2026-09-27 (workbook updated 2025-11-13); attribution: The Planetary Society; conventions in 07 FINDINGS R73
planetary_society_pebd_mission_costs,Timeline,decadal period 1963 - 1972,Avg Launch Cost (2025),130.4832122,"USD millions (2025 dollars, PEBD inflation adjustment)",,PEBD sheet 'Timeline' cell O3,R73; PEBD pull 2026-09-27 (workbook updated 2025-11-13); attribution: The Planetary Society; conventions in 07 FINDINGS R73
planetary_society_pebd_mission_costs,Timeline,Ranger 3,Launch Date (Fiscal Year),1962,fiscal year,,PEBD sheet 'Timeline' cell B4,R73; PEBD pull 2026-09-27 (workbook updated 2025-11-13); attribution: The Planetary Society; conventions in 07 FINDINGS R73
planetary_society_pebd_mission_costs,Timeline,Ranger 3,Launch Date,1962-01-26,,,PEBD sheet 'Timeline' cell D4,R73; PEBD pull 2026-09-27 (workbook updated 2025-11-13); attribution: The Planetary Society; conventions in 07 FINDINGS R73
planetary_society_pebd_mission_costs,Timeline,Ranger 3,Program Line,Ranger,,,PEBD sheet 'Timeline' cell F4,R73; PEBD pull 2026-09-27 (workbook updated 2025-11-13); attribution: The Planetary Society; conventions in 07 FINDINGS R73
planetary_society_pebd_mission_costs,Timeline,Ranger 3,Launch Vehicle,Atlas Agena B,,,PEBD sheet 'Timeline' cell G4,R73; PEBD pull 2026-09-27 (workbook updated 2025-11-13); attribution: The Planetary Society; conventions in 07 FINDINGS R73
planetary_society_pebd_mission_costs,Timeline,Ranger 3,LV Cost (2025),116.403856,"USD millions (2025 dollars, PEBD inflation adjustment)",,PEBD sheet 'Timeline' cell I4,R73; PEBD pull 2026-09-27 (workbook updated 2025-11-13); attribution: The Planetary Society; conventions in 07 FINDINGS R73
planetary_society_pebd_mission_costs,Timeline,Ranger 3,Type,Attempted Lunar Impact,,,PEBD sheet 'Timeline' cell J4,R73; PEBD pull 2026-09-27 (workbook updated 2025-11-13); attribution: The Planetary Society; conventions in 07 FINDINGS R73
planetary_society_pebd_mission_costs,Timeline,decadal period 1973 - 1982,Launches,8,launches,,PEBD sheet 'Timeline' cell M4,R73; PEBD pull 2026-09-27 (workbook updated 2025-11-13); attribution: The Planetary Society; conventions in 07 FINDINGS R73
planetary_society_pebd_mission_costs,Timeline,decadal period 1973 - 1982,Avg dev time (FYs),5.75,fiscal years,,PEBD sheet 'Timeline' cell N4,R73; PEBD pull 2026-09-27 (workbook updated 2025-11-13); attribution: The Planetary Society; conventions in 07 FINDINGS R73
planetary_society_pebd_mission_costs,Timeline,decadal period 1973 - 1982,Avg Launch Cost (2025),206.6326464,"USD millions (2025 dollars, PEBD inflation adjustment)",,PEBD sheet 'Timeline' cell O4,R73; PEBD pull 2026-09-27 (workbook updated 2025-11-13); attribution: The Planetary Society; conventions in 07 FINDINGS R73
planetary_society_pebd_mission_costs,Timeline,Ranger 4,Launch Date (Fiscal Year),1962,fiscal year,,PEBD sheet 'Timeline' cell B5,R73; PEBD pull 2026-09-27 (workbook updated 2025-11-13); attribution: The Planetary Society; conventions in 07 FINDINGS R73
planetary_society_pebd_mission_costs,Timeline,Ranger 4,Launch Date,1962-04-23,,,PEBD sheet 'Timeline' cell D5,R73; PEBD pull 2026-09-27 (workbook updated 2025-11-13); attribution: The Planetary Society; conventions in 07 FINDINGS R73
planetary_society_pebd_mission_costs,Timeline,Ranger 4,Program Line,Ranger,,,PEBD sheet 'Timeline' cell F5,R73; PEBD pull 2026-09-27 (workbook updated 2025-11-13); attribution: The Planetary Society; conventions in 07 FINDINGS R73
planetary_society_pebd_mission_costs,Timeline,Ranger 4,Launch Vehicle,Atlas Agena B,,,PEBD sheet 'Timeline' cell G5,R73; PEBD pull 2026-09-27 (workbook updated 2025-11-13); attribution: The Planetary Society; conventions in 07 FINDINGS R73
planetary_society_pebd_mission_costs,Timeline,Ranger 4,LV Cost (2025),116.403856,"USD millions (2025 dollars, PEBD inflation adjustment)",,PEBD sheet 'Timeline' cell I5,R73; PEBD pull 2026-09-27 (workbook updated 2025-11-13); attribution: The Planetary Society; conventions in 07 FINDINGS R73
planetary_society_pebd_mission_costs,Timeline,Ranger 4,Type,Lunar Impact,,,PEBD sheet 'Timeline' cell J5,R73; PEBD pull 2026-09-27 (workbook updated 2025-11-13); attribution: The Planetary Society; conventions in 07 FINDINGS R73
planetary_society_pebd_mission_costs,Timeline,decadal period 1983 - 1992,Launches,3,launches,,PEBD sheet 'Timeline' cell M5,R73; PEBD pull 2026-09-27 (workbook updated 2025-11-13); attribution: The Planetary Society; conventions in 07 FINDINGS R73
planetary_society_pebd_mission_costs,Timeline,decadal period 1983 - 1992,Avg dev time (FYs),9,fiscal years,,PEBD sheet 'Timeline' cell N5,R73; PEBD pull 2026-09-27 (workbook updated 2025-11-13); attribution: The Planetary Society; conventions in 07 FINDINGS R73
planetary_society_pebd_mission_costs,Timeline,Mariner 1,Formulation Start (Fiscal Year),1961,fiscal year,,PEBD sheet 'Timeline' cell A6,R73; PEBD pull 2026-09-27 (workbook updated 2025-11-13); attribution: The Planetary Society; conventions in 07 FINDINGS R73
planetary_society_pebd_mission_costs,Timeline,Mariner 1,Launch Date (Fiscal Year),1963,fiscal year,,PEBD sheet 'Timeline' cell B6,R73; PEBD pull 2026-09-27 (workbook updated 2025-11-13); attribution: The Planetary Society; conventions in 07 FINDINGS R73
planetary_society_pebd_mission_costs,Timeline,Mariner 1,Fiscal Years of Development (inclusive),3,fiscal years,,PEBD sheet 'Timeline' cell C6,R73; PEBD pull 2026-09-27 (workbook updated 2025-11-13); attribution: The Planetary Society; conventions in 07 FINDINGS R73
planetary_society_pebd_mission_costs,Timeline,Mariner 1,Launch Date,1962-07-22,,,PEBD sheet 'Timeline' cell D6,R73; PEBD pull 2026-09-27 (workbook updated 2025-11-13); attribution: The Planetary Society; conventions in 07 FINDINGS R73
planetary_society_pebd_mission_costs,Timeline,Mariner 1,Program Line,Mariner,,,PEBD sheet 'Timeline' cell F6,R73; PEBD pull 2026-09-27 (workbook updated 2025-11-13); attribution: The Planetary Society; conventions in 07 FINDINGS R73
planetary_society_pebd_mission_costs,Timeline,Mariner 1,Launch Vehicle,Atlas Agena B,,,PEBD sheet 'Timeline' cell G6,R73; PEBD pull 2026-09-27 (workbook updated 2025-11-13); attribution: The Planetary Society; conventions in 07 FINDINGS R73
planetary_society_pebd_mission_costs,Timeline,Mariner 1,LV Cost (2025),129.5153152,"USD millions (2025 dollars, PEBD inflation adjustment)",,PEBD sheet 'Timeline' cell I6,R73; PEBD pull 2026-09-27 (workbook updated 2025-11-13); attribution: The Planetary Society; conventions in 07 FINDINGS R73
planetary_society_pebd_mission_costs,Timeline,Mariner 1,Type,Attempted Venus Flyby (Launch Failure),,,PEBD sheet 'Timeline' cell J6,R73; PEBD pull 2026-09-27 (workbook updated 2025-11-13); attribution: The Planetary Society; conventions in 07 FINDINGS R73
planetary_society_pebd_mission_costs,Timeline,decadal period 1993 - 2002,Launches,12,launches,,PEBD sheet 'Timeline' cell M6,R73; PEBD pull 2026-09-27 (workbook updated 2025-11-13); attribution: The Planetary Society; conventions in 07 FINDINGS R73
planetary_society_pebd_mission_costs,Timeline,decadal period 1993 - 2002,Avg dev time (FYs),4.25,fiscal years,,PEBD sheet 'Timeline' cell N6,R73; PEBD pull 2026-09-27 (workbook updated 2025-11-13); attribution: The Planetary Society; conventions in 07 FINDINGS R73
planetary_society_pebd_mission_costs,Timeline,decadal period 1993 - 2002,Avg Launch Cost (2025),203.8178818,"USD millions (2025 dollars, PEBD inflation adjustment)",,PEBD sheet 'Timeline' cell O6,R73; PEBD pull 2026-09-27 (workbook updated 2025-11-13); attribution: The Planetary Society; conventions in 07 FINDINGS R73
planetary_society_pebd_mission_costs,Timeline,Mariner 2,Formulation Start (Fiscal Year),1961,fiscal year,,PEBD sheet 'Timeline' cell A7,R73; PEBD pull 2026-09-27 (workbook updated 2025-11-13); attribution: The Planetary Society; conventions in 07 FINDINGS R73
planetary_society_pebd_mission_costs,Timeline,Mariner 2,Launch Date (Fiscal Year),1963,fiscal year,,PEBD sheet 'Timeline' cell B7,R73; PEBD pull 2026-09-27 (workbook updated 2025-11-13); attribution: The Planetary Society; conventions in 07 FINDINGS R73
planetary_society_pebd_mission_costs,Timeline,Mariner 2,Fiscal Years of Development (inclusive),3,fiscal years,,PEBD sheet 'Timeline' cell C7,R73; PEBD pull 2026-09-27 (workbook updated 2025-11-13); attribution: The Planetary Society; conventions in 07 FINDINGS R73
planetary_society_pebd_mission_costs,Timeline,Mariner 2,Launch Date,1962-08-27,,,PEBD sheet 'Timeline' cell D7,R73; PEBD pull 2026-09-27 (workbook updated 2025-11-13); attribution: The Planetary Society; conventions in 07 FINDINGS R73
planetary_society_pebd_mission_costs,Timeline,Mariner 2,Program Line,Mariner,,,PEBD sheet 'Timeline' cell F7,R73; PEBD pull 2026-09-27 (workbook updated 2025-11-13); attribution: The Planetary Society; conventions in 07 FINDINGS R73
planetary_society_pebd_mission_costs,Timeline,Mariner 2,Launch Vehicle,Atlas Agena B,,,PEBD sheet 'Timeline' cell G7,R73; PEBD pull 2026-09-27 (workbook updated 2025-11-13); attribution: The Planetary Society; conventions in 07 FINDINGS R73
planetary_society_pebd_mission_costs,Timeline,Mariner 2,LV Cost (2025),129.5153152,"USD millions (2025 dollars, PEBD inflation adjustment)",,PEBD sheet 'Timeline' cell I7,R73; PEBD pull 2026-09-27 (workbook updated 2025-11-13); attribution: The Planetary Society; conventions in 07 FINDINGS R73
planetary_society_pebd_mission_costs,Timeline,Mariner 2,Type,Venus Flyby,,,PEBD sheet 'Timeline' cell J7,R73; PEBD pull 2026-09-27 (workbook updated 2025-11-13); attribution: The Planetary Society; conventions in 07 FINDINGS R73
planetary_society_pebd_mission_costs,Timeline,decadal period 2003 - 2012,Launches,11,launches,,PEBD sheet 'Timeline' cell M7,R73; PEBD pull 2026-09-27 (workbook updated 2025-11-13); attribution: The Planetary Society; conventions in 07 FINDINGS R73
planetary_society_pebd_mission_costs,Timeline,decadal period 2003 - 2012,Avg dev time (FYs),6,fiscal years,,PEBD sheet 'Timeline' cell N7,R73; PEBD pull 2026-09-27 (workbook updated 2025-11-13); attribution: The Planetary Society; conventions in 07 FINDINGS R73
planetary_society_pebd_mission_costs,Timeline,decadal period 2003 - 2012,Avg Launch Cost (2025),184.0694545,"USD millions (2025 dollars, PEBD inflation adjustment)",,PEBD sheet 'Timeline' cell O7,R73; PEBD pull 2026-09-27 (workbook updated 2025-11-13); attribution: The Planetary Society; conventions in 07 FINDINGS R73
planetary_society_pebd_mission_costs,Timeline,Ranger 5,Launch Date (Fiscal Year),1963,fiscal year,,PEBD sheet 'Timeline' cell B8,R73; PEBD pull 2026-09-27 (workbook updated 2025-11-13); attribution: The Planetary Society; conventions in 07 FINDINGS R73
planetary_society_pebd_mission_costs,Timeline,Ranger 5,Launch Date,1962-10-18,,,PEBD sheet 'Timeline' cell D8,R73; PEBD pull 2026-09-27 (workbook updated 2025-11-13); attribution: The Planetary Society; conventions in 07 FINDINGS R73
planetary_society_pebd_mission_costs,Timeline,Ranger 5,Program Line,Ranger,,,PEBD sheet 'Timeline' cell F8,R73; PEBD pull 2026-09-27 (workbook updated 2025-11-13); attribution: The Planetary Society; conventions in 07 FINDINGS R73
planetary_society_pebd_mission_costs,Timeline,Ranger 5,Launch Vehicle,Atlas Agena B,,,PEBD sheet 'Timeline' cell G8,R73; PEBD pull 2026-09-27 (workbook updated 2025-11-13); attribution: The Planetary Society; conventions in 07 FINDINGS R73
planetary_society_pebd_mission_costs,Timeline,Ranger 5,LV Cost (2025),116.403856,"USD millions (2025 dollars, PEBD inflation adjustment)",,PEBD sheet 'Timeline' cell I8,R73; PEBD pull 2026-09-27 (workbook updated 2025-11-13); attribution: The Planetary Society; conventions in 07 FINDINGS R73
planetary_society_pebd_mission_costs,Timeline,Ranger 5,Type,Attempted Lunar Impact,,,PEBD sheet 'Timeline' cell J8,R73; PEBD pull 2026-09-27 (workbook updated 2025-11-13); attribution: The Planetary Society; conventions in 07 FINDINGS R73
planetary_society_pebd_mission_costs,Timeline,decadal period 2013 - 2022,Launches,8,launches,,PEBD sheet 'Timeline' cell M8,R73; PEBD pull 2026-09-27 (workbook updated 2025-11-13); attribution: The Planetary Society; conventions in 07 FINDINGS R73
planetary_society_pebd_mission_costs,Timeline,decadal period 2013 - 2022,Avg dev time (FYs),7.444444444,fiscal years,,PEBD sheet 'Timeline' cell N8,R73; PEBD pull 2026-09-27 (workbook updated 2025-11-13); attribution: The Planetary Society; conventions in 07 FINDINGS R73
planetary_society_pebd_mission_costs,Timeline,decadal period 2013 - 2022,Avg Launch Cost (2025),194.7118778,"USD millions (2025 dollars, PEBD inflation adjustment)",,PEBD sheet 'Timeline' cell O8,R73; PEBD pull 2026-09-27 (workbook updated 2025-11-13); attribution: The Planetary Society; conventions in 07 FINDINGS R73
planetary_society_pebd_mission_costs,Timeline,Ranger 6,Launch Date (Fiscal Year),1964,fiscal year,,PEBD sheet 'Timeline' cell B9,R73; PEBD pull 2026-09-27 (workbook updated 2025-11-13); attribution: The Planetary Society; conventions in 07 FINDINGS R73
planetary_society_pebd_mission_costs,Timeline,Ranger 6,Launch Date,1964-01-30,,,PEBD sheet 'Timeline' cell D9,R73; PEBD pull 2026-09-27 (workbook updated 2025-11-13); attribution: The Planetary Society; conventions in 07 FINDINGS R73
planetary_society_pebd_mission_costs,Timeline,Ranger 6,Program Line,Ranger,,,PEBD sheet 'Timeline' cell F9,R73; PEBD pull 2026-09-27 (workbook updated 2025-11-13); attribution: The Planetary Society; conventions in 07 FINDINGS R73
planetary_society_pebd_mission_costs,Timeline,Ranger 6,Launch Vehicle,Atlas Agena B,,,PEBD sheet 'Timeline' cell G9,R73; PEBD pull 2026-09-27 (workbook updated 2025-11-13); attribution: The Planetary Society; conventions in 07 FINDINGS R73
planetary_society_pebd_mission_costs,Timeline,Ranger 6,LV Cost (2025),116.403856,"USD millions (2025 dollars, PEBD inflation adjustment)",,PEBD sheet 'Timeline' cell I9,R73; PEBD pull 2026-09-27 (workbook updated 2025-11-13); attribution: The Planetary Society; conventions in 07 FINDINGS R73
planetary_society_pebd_mission_costs,Timeline,Ranger 6,Type,Lunar Impact (Cameras Failed),,,PEBD sheet 'Timeline' cell J9,R73; PEBD pull 2026-09-27 (workbook updated 2025-11-13); attribution: The Planetary Society; conventions in 07 FINDINGS R73
planetary_society_pebd_mission_costs,Timeline,decadal period Average,Launches,10.42857143,launches,,PEBD sheet 'Timeline' cell M9,R73; PEBD pull 2026-09-27 (workbook updated 2025-11-13); attribution: The Planetary Society; conventions in 07 FINDINGS R73
planetary_society_pebd_mission_costs,Timeline,decadal period Average,Avg dev time (FYs),5.962962963,fiscal years,,PEBD sheet 'Timeline' cell N9,R73; PEBD pull 2026-09-27 (workbook updated 2025-11-13); attribution: The Planetary Society; conventions in 07 FINDINGS R73
planetary_society_pebd_mission_costs,Timeline,decadal period Average,Avg Launch Cost (2025),183.9430145,"USD millions (2025 dollars, PEBD inflation adjustment)",,PEBD sheet 'Timeline' cell O9,R73; PEBD pull 2026-09-27 (workbook updated 2025-11-13); attribution: The Planetary Society; conventions in 07 FINDINGS R73
planetary_society_pebd_mission_costs,Timeline,Ranger 7,Launch Date (Fiscal Year),1965,fiscal year,,PEBD sheet 'Timeline' cell B10,R73; PEBD pull 2026-09-27 (workbook updated 2025-11-13); attribution: The Planetary Society; conventions in 07 FINDINGS R73
planetary_society_pebd_mission_costs,Timeline,Ranger 7,Launch Date,1964-07-28,,,PEBD sheet 'Timeline' cell D10,R73; PEBD pull 2026-09-27 (workbook updated 2025-11-13); attribution: The Planetary Society; conventions in 07 FINDINGS R73
planetary_society_pebd_mission_costs,Timeline,Ranger 7,Program Line,Ranger,,,PEBD sheet 'Timeline' cell F10,R73; PEBD pull 2026-09-27 (workbook updated 2025-11-13); attribution: The Planetary Society; conventions in 07 FINDINGS R73
planetary_society_pebd_mission_costs,Timeline,Ranger 7,Launch Vehicle,Atlas Agena B,,,PEBD sheet 'Timeline' cell G10,R73; PEBD pull 2026-09-27 (workbook updated 2025-11-13); attribution: The Planetary Society; conventions in 07 FINDINGS R73
planetary_society_pebd_mission_costs,Timeline,Ranger 7,LV Cost (2025),116.403856,"USD millions (2025 dollars, PEBD inflation adjustment)",,PEBD sheet 'Timeline' cell I10,R73; PEBD pull 2026-09-27 (workbook updated 2025-11-13); attribution: The Planetary Society; conventions in 07 FINDINGS R73
planetary_society_pebd_mission_costs,Timeline,Ranger 7,Type,Lunar Impact,,,PEBD sheet 'Timeline' cell J10,R73; PEBD pull 2026-09-27 (workbook updated 2025-11-13); attribution: The Planetary Society; conventions in 07 FINDINGS R73
planetary_society_pebd_mission_costs,Timeline,decadal period Post-Apollo Avg,Launches,8.4,launches,,PEBD sheet 'Timeline' cell M10,R73; PEBD pull 2026-09-27 (workbook updated 2025-11-13); attribution: The Planetary Society; conventions in 07 FINDINGS R73
planetary_society_pebd_mission_costs,Timeline,decadal period Post-Apollo Avg,Avg dev time (FYs),6.401234568,fiscal years,,PEBD sheet 'Timeline' cell N10,R73; PEBD pull 2026-09-27 (workbook updated 2025-11-13); attribution: The Planetary Society; conventions in 07 FINDINGS R73
planetary_society_pebd_mission_costs,Timeline,decadal period Post-Apollo Avg,Avg Launch Cost (2025),197.3079651,"USD millions (2025 dollars, PEBD inflation adjustment)",,PEBD sheet 'Timeline' cell O10,R73; PEBD pull 2026-09-27 (workbook updated 2025-11-13); attribution: The Planetary Society; conventions in 07 FINDINGS R73
planetary_society_pebd_mission_costs,Timeline,Mariner 3,Formulation Start (Fiscal Year),1963,fiscal year,,PEBD sheet 'Timeline' cell A11,R73; PEBD pull 2026-09-27 (workbook updated 2025-11-13); attribution: The Planetary Society; conventions in 07 FINDINGS R73
planetary_society_pebd_mission_costs,Timeline,Mariner 3,Launch Date (Fiscal Year),1965,fiscal year,,PEBD sheet 'Timeline' cell B11,R73; PEBD pull 2026-09-27 (workbook updated 2025-11-13); attribution: The Planetary Society; conventions in 07 FINDINGS R73
planetary_society_pebd_mission_costs,Timeline,Mariner 3,Fiscal Years of Development (inclusive),3,fiscal years,,PEBD sheet 'Timeline' cell C11,R73; PEBD pull 2026-09-27 (workbook updated 2025-11-13); attribution: The Planetary Society; conventions in 07 FINDINGS R73
planetary_society_pebd_mission_costs,Timeline,Mariner 3,Launch Date,1964-11-05,,,PEBD sheet 'Timeline' cell D11,R73; PEBD pull 2026-09-27 (workbook updated 2025-11-13); attribution: The Planetary Society; conventions in 07 FINDINGS R73
planetary_society_pebd_mission_costs,Timeline,Mariner 3,Program Line,Mariner,,,PEBD sheet 'Timeline' cell F11,R73; PEBD pull 2026-09-27 (workbook updated 2025-11-13); attribution: The Planetary Society; conventions in 07 FINDINGS R73
planetary_society_pebd_mission_costs,Timeline,Mariner 3,Launch Vehicle,Atlas Agena D,,,PEBD sheet 'Timeline' cell G11,R73; PEBD pull 2026-09-27 (workbook updated 2025-11-13); attribution: The Planetary Society; conventions in 07 FINDINGS R73
planetary_society_pebd_mission_costs,Timeline,Mariner 3,LV Cost (2025),129.5153152,"USD millions (2025 dollars, PEBD inflation adjustment)",,PEBD sheet 'Timeline' cell I11,R73; PEBD pull 2026-09-27 (workbook updated 2025-11-13); attribution: The Planetary Society; conventions in 07 FINDINGS R73
planetary_society_pebd_mission_costs,Timeline,Mariner 3,Type,Attempted Mars Flyby,,,PEBD sheet 'Timeline' cell J11,R73; PEBD pull 2026-09-27 (workbook updated 2025-11-13); attribution: The Planetary Society; conventions in 07 FINDINGS R73
planetary_society_pebd_mission_costs,Timeline,Mariner 4,Formulation Start (Fiscal Year),1963,fiscal year,,PEBD sheet 'Timeline' cell A12,R73; PEBD pull 2026-09-27 (workbook updated 2025-11-13); attribution: The Planetary Society; conventions in 07 FINDINGS R73
planetary_society_pebd_mission_costs,Timeline,Mariner 4,Launch Date (Fiscal Year),1965,fiscal year,,PEBD sheet 'Timeline' cell B12,R73; PEBD pull 2026-09-27 (workbook updated 2025-11-13); attribution: The Planetary Society; conventions in 07 FINDINGS R73
planetary_society_pebd_mission_costs,Timeline,Mariner 4,Fiscal Years of Development (inclusive),3,fiscal years,,PEBD sheet 'Timeline' cell C12,R73; PEBD pull 2026-09-27 (workbook updated 2025-11-13); attribution: The Planetary Society; conventions in 07 FINDINGS R73
planetary_society_pebd_mission_costs,Timeline,Mariner 4,Launch Date,1964-11-28,,,PEBD sheet 'Timeline' cell D12,R73; PEBD pull 2026-09-27 (workbook updated 2025-11-13); attribution: The Planetary Society; conventions in 07 FINDINGS R73
planetary_society_pebd_mission_costs,Timeline,Mariner 4,Program Line,Mariner,,,PEBD sheet 'Timeline' cell F12,R73; PEBD pull 2026-09-27 (workbook updated 2025-11-13); attribution: The Planetary Society; conventions in 07 FINDINGS R73
planetary_society_pebd_mission_costs,Timeline,Mariner 4,Launch Vehicle,Atlas Agena D,,,PEBD sheet 'Timeline' cell G12,R73; PEBD pull 2026-09-27 (workbook updated 2025-11-13); attribution: The Planetary Society; conventions in 07 FINDINGS R73
planetary_society_pebd_mission_costs,Timeline,Mariner 4,LV Cost (2025),129.5153152,"USD millions (2025 dollars, PEBD inflation adjustment)",,PEBD sheet 'Timeline' cell I12,R73; PEBD pull 2026-09-27 (workbook updated 2025-11-13); attribution: The Planetary Society; conventions in 07 FINDINGS R73
planetary_society_pebd_mission_costs,Timeline,Mariner 4,Type,Mars Flyby,,,PEBD sheet 'Timeline' cell J12,R73; PEBD pull 2026-09-27 (workbook updated 2025-11-13); attribution: The Planetary Society; conventions in 07 FINDINGS R73
planetary_society_pebd_mission_costs,Timeline,Ranger 8,Launch Date (Fiscal Year),1965,fiscal year,,PEBD sheet 'Timeline' cell B13,R73; PEBD pull 2026-09-27 (workbook updated 2025-11-13); attribution: The Planetary Society; conventions in 07 FINDINGS R73
planetary_society_pebd_mission_costs,Timeline,Ranger 8,Launch Date,1965-02-17,,,PEBD sheet 'Timeline' cell D13,R73; PEBD pull 2026-09-27 (workbook updated 2025-11-13); attribution: The Planetary Society; conventions in 07 FINDINGS R73
planetary_society_pebd_mission_costs,Timeline,Ranger 8,Program Line,Ranger,,,PEBD sheet 'Timeline' cell F13,R73; PEBD pull 2026-09-27 (workbook updated 2025-11-13); attribution: The Planetary Society; conventions in 07 FINDINGS R73
planetary_society_pebd_mission_costs,Timeline,Ranger 8,Launch Vehicle,Atlas Agena B,,,PEBD sheet 'Timeline' cell G13,R73; PEBD pull 2026-09-27 (workbook updated 2025-11-13); attribution: The Planetary Society; conventions in 07 FINDINGS R73
planetary_society_pebd_mission_costs,Timeline,Ranger 8,LV Cost (2025),116.403856,"USD millions (2025 dollars, PEBD inflation adjustment)",,PEBD sheet 'Timeline' cell I13,R73; PEBD pull 2026-09-27 (workbook updated 2025-11-13); attribution: The Planetary Society; conventions in 07 FINDINGS R73
planetary_society_pebd_mission_costs,Timeline,Ranger 8,Type,Lunar Impact,,,PEBD sheet 'Timeline' cell J13,R73; PEBD pull 2026-09-27 (workbook updated 2025-11-13); attribution: The Planetary Society; conventions in 07 FINDINGS R73
planetary_society_pebd_mission_costs,Timeline,Ranger 9,Launch Date (Fiscal Year),1965,fiscal year,,PEBD sheet 'Timeline' cell B14,R73; PEBD pull 2026-09-27 (workbook updated 2025-11-13); attribution: The Planetary Society; conventions in 07 FINDINGS R73
planetary_society_pebd_mission_costs,Timeline,Ranger 9,Launch Date,1965-03-21,,,PEBD sheet 'Timeline' cell D14,R73; PEBD pull 2026-09-27 (workbook updated 2025-11-13); attribution: The Planetary Society; conventions in 07 FINDINGS R73
planetary_society_pebd_mission_costs,Timeline,Ranger 9,Program Line,Ranger,,,PEBD sheet 'Timeline' cell F14,R73; PEBD pull 2026-09-27 (workbook updated 2025-11-13); attribution: The Planetary Society; conventions in 07 FINDINGS R73
planetary_society_pebd_mission_costs,Timeline,Ranger 9,Launch Vehicle,Atlas Agena B,,,PEBD sheet 'Timeline' cell G14,R73; PEBD pull 2026-09-27 (workbook updated 2025-11-13); attribution: The Planetary Society; conventions in 07 FINDINGS R73
planetary_society_pebd_mission_costs,Timeline,Ranger 9,LV Cost (2025),116.403856,"USD millions (2025 dollars, PEBD inflation adjustment)",,PEBD sheet 'Timeline' cell I14,R73; PEBD pull 2026-09-27 (workbook updated 2025-11-13); attribution: The Planetary Society; conventions in 07 FINDINGS R73
planetary_society_pebd_mission_costs,Timeline,Ranger 9,Type,Lunar Impact,,,PEBD sheet 'Timeline' cell J14,R73; PEBD pull 2026-09-27 (workbook updated 2025-11-13); attribution: The Planetary Society; conventions in 07 FINDINGS R73
planetary_society_pebd_mission_costs,Timeline,Surveyor 1,Launch Date (Fiscal Year),1966,fiscal year,,PEBD sheet 'Timeline' cell B15,R73; PEBD pull 2026-09-27 (workbook updated 2025-11-13); attribution: The Planetary Society; conventions in 07 FINDINGS R73
planetary_society_pebd_mission_costs,Timeline,Surveyor 1,Launch Date,1966-05-30,,,PEBD sheet 'Timeline' cell D15,R73; PEBD pull 2026-09-27 (workbook updated 2025-11-13); attribution: The Planetary Society; conventions in 07 FINDINGS R73
planetary_society_pebd_mission_costs,Timeline,Surveyor 1,Program Line,Surveyor,,,PEBD sheet 'Timeline' cell F15,R73; PEBD pull 2026-09-27 (workbook updated 2025-11-13); attribution: The Planetary Society; conventions in 07 FINDINGS R73
planetary_society_pebd_mission_costs,Timeline,Surveyor 1,Launch Vehicle,Atlas Centaur,,,PEBD sheet 'Timeline' cell G15,R73; PEBD pull 2026-09-27 (workbook updated 2025-11-13); attribution: The Planetary Society; conventions in 07 FINDINGS R73
planetary_society_pebd_mission_costs,Timeline,Surveyor 1,LV Cost (2025),207.2134617,"USD millions (2025 dollars, PEBD inflation adjustment)",,PEBD sheet 'Timeline' cell I15,R73; PEBD pull 2026-09-27 (workbook updated 2025-11-13); attribution: The Planetary Society; conventions in 07 FINDINGS R73
planetary_society_pebd_mission_costs,Timeline,Surveyor 1,Type,Lunar Lander,,,PEBD sheet 'Timeline' cell J15,R73; PEBD pull 2026-09-27 (workbook updated 2025-11-13); attribution: The Planetary Society; conventions in 07 FINDINGS R73
planetary_society_pebd_mission_costs,Timeline,Lunar Orbiter 1,Launch Date (Fiscal Year),1967,fiscal year,,PEBD sheet 'Timeline' cell B16,R73; PEBD pull 2026-09-27 (workbook updated 2025-11-13); attribution: The Planetary Society; conventions in 07 FINDINGS R73
planetary_society_pebd_mission_costs,Timeline,Lunar Orbiter 1,Launch Date,1966-08-10,,,PEBD sheet 'Timeline' cell D16,R73; PEBD pull 2026-09-27 (workbook updated 2025-11-13); attribution: The Planetary Society; conventions in 07 FINDINGS R73
planetary_society_pebd_mission_costs,Timeline,Lunar Orbiter 1,Program Line,Lunar Orbiter,,,PEBD sheet 'Timeline' cell F16,R73; PEBD pull 2026-09-27 (workbook updated 2025-11-13); attribution: The Planetary Society; conventions in 07 FINDINGS R73
planetary_society_pebd_mission_costs,Timeline,Lunar Orbiter 1,Launch Vehicle,Atlas Agena D,,,PEBD sheet 'Timeline' cell G16,R73; PEBD pull 2026-09-27 (workbook updated 2025-11-13); attribution: The Planetary Society; conventions in 07 FINDINGS R73
planetary_society_pebd_mission_costs,Timeline,Lunar Orbiter 1,LV Cost (2025),82.7727352,"USD millions (2025 dollars, PEBD inflation adjustment)",,PEBD sheet 'Timeline' cell I16,R73; PEBD pull 2026-09-27 (workbook updated 2025-11-13); attribution: The Planetary Society; conventions in 07 FINDINGS R73
planetary_society_pebd_mission_costs,Timeline,Lunar Orbiter 1,Type,Lunar Orbiter,,,PEBD sheet 'Timeline' cell J16,R73; PEBD pull 2026-09-27 (workbook updated 2025-11-13); attribution: The Planetary Society; conventions in 07 FINDINGS R73
planetary_society_pebd_mission_costs,Timeline,Surveyor 2,Launch Date (Fiscal Year),1967,fiscal year,,PEBD sheet 'Timeline' cell B17,R73; PEBD pull 2026-09-27 (workbook updated 2025-11-13); attribution: The Planetary Society; conventions in 07 FINDINGS R73
planetary_society_pebd_mission_costs,Timeline,Surveyor 2,Launch Date,1966-09-20,,,PEBD sheet 'Timeline' cell D17,R73; PEBD pull 2026-09-27 (workbook updated 2025-11-13); attribution: The Planetary Society; conventions in 07 FINDINGS R73
planetary_society_pebd_mission_costs,Timeline,Surveyor 2,Program Line,Surveyor,,,PEBD sheet 'Timeline' cell F17,R73; PEBD pull 2026-09-27 (workbook updated 2025-11-13); attribution: The Planetary Society; conventions in 07 FINDINGS R73
planetary_society_pebd_mission_costs,Timeline,Surveyor 2,Launch Vehicle,Atlas Centaur,,,PEBD sheet 'Timeline' cell G17,R73; PEBD pull 2026-09-27 (workbook updated 2025-11-13); attribution: The Planetary Society; conventions in 07 FINDINGS R73
planetary_society_pebd_mission_costs,Timeline,Surveyor 2,LV Cost (2025),207.2134617,"USD millions (2025 dollars, PEBD inflation adjustment)",,PEBD sheet 'Timeline' cell I17,R73; PEBD pull 2026-09-27 (workbook updated 2025-11-13); attribution: The Planetary Society; conventions in 07 FINDINGS R73
planetary_society_pebd_mission_costs,Timeline,Surveyor 2,Type,Attempted Lunar Lander,,,PEBD sheet 'Timeline' cell J17,R73; PEBD pull 2026-09-27 (workbook updated 2025-11-13); attribution: The Planetary Society; conventions in 07 FINDINGS R73
planetary_society_pebd_mission_costs,Timeline,Lunar Orbiter 2,Launch Date (Fiscal Year),1967,fiscal year,,PEBD sheet 'Timeline' cell B18,R73; PEBD pull 2026-09-27 (workbook updated 2025-11-13); attribution: The Planetary Society; conventions in 07 FINDINGS R73
planetary_society_pebd_mission_costs,Timeline,Lunar Orbiter 2,Launch Date,1966-11-06,,,PEBD sheet 'Timeline' cell D18,R73; PEBD pull 2026-09-27 (workbook updated 2025-11-13); attribution: The Planetary Society; conventions in 07 FINDINGS R73
planetary_society_pebd_mission_costs,Timeline,Lunar Orbiter 2,Program Line,Lunar Orbiter,,,PEBD sheet 'Timeline' cell F18,R73; PEBD pull 2026-09-27 (workbook updated 2025-11-13); attribution: The Planetary Society; conventions in 07 FINDINGS R73
planetary_society_pebd_mission_costs,Timeline,Lunar Orbiter 2,Launch Vehicle,Atlas Agena D,,,PEBD sheet 'Timeline' cell G18,R73; PEBD pull 2026-09-27 (workbook updated 2025-11-13); attribution: The Planetary Society; conventions in 07 FINDINGS R73
planetary_society_pebd_mission_costs,Timeline,Lunar Orbiter 2,LV Cost (2025),82.7727352,"USD millions (2025 dollars, PEBD inflation adjustment)",,PEBD sheet 'Timeline' cell I18,R73; PEBD pull 2026-09-27 (workbook updated 2025-11-13); attribution: The Planetary Society; conventions in 07 FINDINGS R73
planetary_society_pebd_mission_costs,Timeline,Lunar Orbiter 2,Type,Lunar Orbiter,,,PEBD sheet 'Timeline' cell J18,R73; PEBD pull 2026-09-27 (workbook updated 2025-11-13); attribution: The Planetary Society; conventions in 07 FINDINGS R73
planetary_society_pebd_mission_costs,Timeline,Lunar Orbiter 3,Launch Date (Fiscal Year),1967,fiscal year,,PEBD sheet 'Timeline' cell B19,R73; PEBD pull 2026-09-27 (workbook updated 2025-11-13); attribution: The Planetary Society; conventions in 07 FINDINGS R73
planetary_society_pebd_mission_costs,Timeline,Lunar Orbiter 3,Launch Date,1967-02-04,,,PEBD sheet 'Timeline' cell D19,R73; PEBD pull 2026-09-27 (workbook updated 2025-11-13); attribution: The Planetary Society; conventions in 07 FINDINGS R73
planetary_society_pebd_mission_costs,Timeline,Lunar Orbiter 3,Program Line,Lunar Orbiter,,,PEBD sheet 'Timeline' cell F19,R73; PEBD pull 2026-09-27 (workbook updated 2025-11-13); attribution: The Planetary Society; conventions in 07 FINDINGS R73
planetary_society_pebd_mission_costs,Timeline,Lunar Orbiter 3,Launch Vehicle,Atlas Agena D,,,PEBD sheet 'Timeline' cell G19,R73; PEBD pull 2026-09-27 (workbook updated 2025-11-13); attribution: The Planetary Society; conventions in 07 FINDINGS R73
planetary_society_pebd_mission_costs,Timeline,Lunar Orbiter 3,LV Cost (2025),82.7727352,"USD millions (2025 dollars, PEBD inflation adjustment)",,PEBD sheet 'Timeline' cell I19,R73; PEBD pull 2026-09-27 (workbook updated 2025-11-13); attribution: The Planetary Society; conventions in 07 FINDINGS R73
planetary_society_pebd_mission_costs,Timeline,Lunar Orbiter 3,Type,Lunar Orbiter,,,PEBD sheet 'Timeline' cell J19,R73; PEBD pull 2026-09-27 (workbook updated 2025-11-13); attribution: The Planetary Society; conventions in 07 FINDINGS R73
planetary_society_pebd_mission_costs,Timeline,Surveyor 3,Launch Date (Fiscal Year),1967,fiscal year,,PEBD sheet 'Timeline' cell B20,R73; PEBD pull 2026-09-27 (workbook updated 2025-11-13); attribution: The Planetary Society; conventions in 07 FINDINGS R73
planetary_society_pebd_mission_costs,Timeline,Surveyor 3,Launch Date,1967-04-17,,,PEBD sheet 'Timeline' cell D20,R73; PEBD pull 2026-09-27 (workbook updated 2025-11-13); attribution: The Planetary Society; conventions in 07 FINDINGS R73
planetary_society_pebd_mission_costs,Timeline,Surveyor 3,Program Line,Surveyor,,,PEBD sheet 'Timeline' cell F20,R73; PEBD pull 2026-09-27 (workbook updated 2025-11-13); attribution: The Planetary Society; conventions in 07 FINDINGS R73
planetary_society_pebd_mission_costs,Timeline,Surveyor 3,Launch Vehicle,Atlas Centaur,,,PEBD sheet 'Timeline' cell G20,R73; PEBD pull 2026-09-27 (workbook updated 2025-11-13); attribution: The Planetary Society; conventions in 07 FINDINGS R73
planetary_society_pebd_mission_costs,Timeline,Surveyor 3,LV Cost (2025),207.2134617,"USD millions (2025 dollars, PEBD inflation adjustment)",,PEBD sheet 'Timeline' cell I20,R73; PEBD pull 2026-09-27 (workbook updated 2025-11-13); attribution: The Planetary Society; conventions in 07 FINDINGS R73
planetary_society_pebd_mission_costs,Timeline,Surveyor 3,Type,Lunar Lander,,,PEBD sheet 'Timeline' cell J20,R73; PEBD pull 2026-09-27 (workbook updated 2025-11-13); attribution: The Planetary Society; conventions in 07 FINDINGS R73
planetary_society_pebd_mission_costs,Timeline,Lunar Orbiter 4,Launch Date (Fiscal Year),1967,fiscal year,,PEBD sheet 'Timeline' cell B21,R73; PEBD pull 2026-09-27 (workbook updated 2025-11-13); attribution: The Planetary Society; conventions in 07 FINDINGS R73
planetary_society_pebd_mission_costs,Timeline,Lunar Orbiter 4,Launch Date,1967-05-08,,,PEBD sheet 'Timeline' cell D21,R73; PEBD pull 2026-09-27 (workbook updated 2025-11-13); attribution: The Planetary Society; conventions in 07 FINDINGS R73
planetary_society_pebd_mission_costs,Timeline,Lunar Orbiter 4,Program Line,Lunar Orbiter,,,PEBD sheet 'Timeline' cell F21,R73; PEBD pull 2026-09-27 (workbook updated 2025-11-13); attribution: The Planetary Society; conventions in 07 FINDINGS R73
planetary_society_pebd_mission_costs,Timeline,Lunar Orbiter 4,Launch Vehicle,Atlas Agena D,,,PEBD sheet 'Timeline' cell G21,R73; PEBD pull 2026-09-27 (workbook updated 2025-11-13); attribution: The Planetary Society; conventions in 07 FINDINGS R73
planetary_society_pebd_mission_costs,Timeline,Lunar Orbiter 4,LV Cost (2025),82.7727352,"USD millions (2025 dollars, PEBD inflation adjustment)",,PEBD sheet 'Timeline' cell I21,R73; PEBD pull 2026-09-27 (workbook updated 2025-11-13); attribution: The Planetary Society; conventions in 07 FINDINGS R73
planetary_society_pebd_mission_costs,Timeline,Lunar Orbiter 4,Type,Lunar Orbiter,,,PEBD sheet 'Timeline' cell J21,R73; PEBD pull 2026-09-27 (workbook updated 2025-11-13); attribution: The Planetary Society; conventions in 07 FINDINGS R73
planetary_society_pebd_mission_costs,Timeline,Mariner 5,Launch Date (Fiscal Year),1967,fiscal year,,PEBD sheet 'Timeline' cell B22,R73; PEBD pull 2026-09-27 (workbook updated 2025-11-13); attribution: The Planetary Society; conventions in 07 FINDINGS R73
planetary_society_pebd_mission_costs,Timeline,Mariner 5,Launch Date,1967-06-14,,,PEBD sheet 'Timeline' cell D22,R73; PEBD pull 2026-09-27 (workbook updated 2025-11-13); attribution: The Planetary Society; conventions in 07 FINDINGS R73
planetary_society_pebd_mission_costs,Timeline,Mariner 5,Program Line,Mariner,,,PEBD sheet 'Timeline' cell F22,R73; PEBD pull 2026-09-27 (workbook updated 2025-11-13); attribution: The Planetary Society; conventions in 07 FINDINGS R73
planetary_society_pebd_mission_costs,Timeline,Mariner 5,Launch Vehicle,Atlas Agena D,,,PEBD sheet 'Timeline' cell G22,R73; PEBD pull 2026-09-27 (workbook updated 2025-11-13); attribution: The Planetary Society; conventions in 07 FINDINGS R73
planetary_society_pebd_mission_costs,Timeline,Mariner 5,LV Cost (2025),129.5153152,"USD millions (2025 dollars, PEBD inflation adjustment)",,PEBD sheet 'Timeline' cell I22,R73; PEBD pull 2026-09-27 (workbook updated 2025-11-13); attribution: The Planetary Society; conventions in 07 FINDINGS R73
planetary_society_pebd_mission_costs,Timeline,Mariner 5,Type,Venus Flyby,,,PEBD sheet 'Timeline' cell J22,R73; PEBD pull 2026-09-27 (workbook updated 2025-11-13); attribution: The Planetary Society; conventions in 07 FINDINGS R73
planetary_society_pebd_mission_costs,Timeline,Surveyor 4,Launch Date (Fiscal Year),1968,fiscal year,,PEBD sheet 'Timeline' cell B23,R73; PEBD pull 2026-09-27 (workbook updated 2025-11-13); attribution: The Planetary Society; conventions in 07 FINDINGS R73
planetary_society_pebd_mission_costs,Timeline,Surveyor 4,Launch Date,1967-07-14,,,PEBD sheet 'Timeline' cell D23,R73; PEBD pull 2026-09-27 (workbook updated 2025-11-13); attribution: The Planetary Society; conventions in 07 FINDINGS R73
planetary_society_pebd_mission_costs,Timeline,Surveyor 4,Program Line,Surveyor,,,PEBD sheet 'Timeline' cell F23,R73; PEBD pull 2026-09-27 (workbook updated 2025-11-13); attribution: The Planetary Society; conventions in 07 FINDINGS R73
planetary_society_pebd_mission_costs,Timeline,Surveyor 4,Launch Vehicle,Atlas Centaur,,,PEBD sheet 'Timeline' cell G23,R73; PEBD pull 2026-09-27 (workbook updated 2025-11-13); attribution: The Planetary Society; conventions in 07 FINDINGS R73
planetary_society_pebd_mission_costs,Timeline,Surveyor 4,LV Cost (2025),207.2134617,"USD millions (2025 dollars, PEBD inflation adjustment)",,PEBD sheet 'Timeline' cell I23,R73; PEBD pull 2026-09-27 (workbook updated 2025-11-13); attribution: The Planetary Society; conventions in 07 FINDINGS R73
planetary_society_pebd_mission_costs,Timeline,Surveyor 4,Type,Attempted Lunar Lander,,,PEBD sheet 'Timeline' cell J23,R73; PEBD pull 2026-09-27 (workbook updated 2025-11-13); attribution: The Planetary Society; conventions in 07 FINDINGS R73
planetary_society_pebd_mission_costs,Timeline,Lunar Orbiter 5,Launch Date (Fiscal Year),1968,fiscal year,,PEBD sheet 'Timeline' cell B24,R73; PEBD pull 2026-09-27 (workbook updated 2025-11-13); attribution: The Planetary Society; conventions in 07 FINDINGS R73
planetary_society_pebd_mission_costs,Timeline,Lunar Orbiter 5,Launch Date,1967-08-01,,,PEBD sheet 'Timeline' cell D24,R73; PEBD pull 2026-09-27 (workbook updated 2025-11-13); attribution: The Planetary Society; conventions in 07 FINDINGS R73
planetary_society_pebd_mission_costs,Timeline,Lunar Orbiter 5,Program Line,Lunar Orbiter,,,PEBD sheet 'Timeline' cell F24,R73; PEBD pull 2026-09-27 (workbook updated 2025-11-13); attribution: The Planetary Society; conventions in 07 FINDINGS R73
planetary_society_pebd_mission_costs,Timeline,Lunar Orbiter 5,Launch Vehicle,Atlas Agena D,,,PEBD sheet 'Timeline' cell G24,R73; PEBD pull 2026-09-27 (workbook updated 2025-11-13); attribution: The Planetary Society; conventions in 07 FINDINGS R73
planetary_society_pebd_mission_costs,Timeline,Lunar Orbiter 5,LV Cost (2025),82.7727352,"USD millions (2025 dollars, PEBD inflation adjustment)",,PEBD sheet 'Timeline' cell I24,R73; PEBD pull 2026-09-27 (workbook updated 2025-11-13); attribution: The Planetary Society; conventions in 07 FINDINGS R73
planetary_society_pebd_mission_costs,Timeline,Lunar Orbiter 5,Type,Lunar Orbiter,,,PEBD sheet 'Timeline' cell J24,R73; PEBD pull 2026-09-27 (workbook updated 2025-11-13); attribution: The Planetary Society; conventions in 07 FINDINGS R73
planetary_society_pebd_mission_costs,Timeline,Surveyor 5,Launch Date (Fiscal Year),1968,fiscal year,,PEBD sheet 'Timeline' cell B25,R73; PEBD pull 2026-09-27 (workbook updated 2025-11-13); attribution: The Planetary Society; conventions in 07 FINDINGS R73
planetary_society_pebd_mission_costs,Timeline,Surveyor 5,Launch Date,1967-09-08,,,PEBD sheet 'Timeline' cell D25,R73; PEBD pull 2026-09-27 (workbook updated 2025-11-13); attribution: The Planetary Society; conventions in 07 FINDINGS R73
planetary_society_pebd_mission_costs,Timeline,Surveyor 5,Program Line,Surveyor,,,PEBD sheet 'Timeline' cell F25,R73; PEBD pull 2026-09-27 (workbook updated 2025-11-13); attribution: The Planetary Society; conventions in 07 FINDINGS R73
planetary_society_pebd_mission_costs,Timeline,Surveyor 5,Launch Vehicle,Atlas Centaur,,,PEBD sheet 'Timeline' cell G25,R73; PEBD pull 2026-09-27 (workbook updated 2025-11-13); attribution: The Planetary Society; conventions in 07 FINDINGS R73
planetary_society_pebd_mission_costs,Timeline,Surveyor 5,LV Cost (2025),207.2134617,"USD millions (2025 dollars, PEBD inflation adjustment)",,PEBD sheet 'Timeline' cell I25,R73; PEBD pull 2026-09-27 (workbook updated 2025-11-13); attribution: The Planetary Society; conventions in 07 FINDINGS R73
planetary_society_pebd_mission_costs,Timeline,Surveyor 5,Type,Lunar Lander,,,PEBD sheet 'Timeline' cell J25,R73; PEBD pull 2026-09-27 (workbook updated 2025-11-13); attribution: The Planetary Society; conventions in 07 FINDINGS R73
planetary_society_pebd_mission_costs,Timeline,Surveyor 6,Launch Date (Fiscal Year),1968,fiscal year,,PEBD sheet 'Timeline' cell B26,R73; PEBD pull 2026-09-27 (workbook updated 2025-11-13); attribution: The Planetary Society; conventions in 07 FINDINGS R73
planetary_society_pebd_mission_costs,Timeline,Surveyor 6,Launch Date,1967-11-07,,,PEBD sheet 'Timeline' cell D26,R73; PEBD pull 2026-09-27 (workbook updated 2025-11-13); attribution: The Planetary Society; conventions in 07 FINDINGS R73
planetary_society_pebd_mission_costs,Timeline,Surveyor 6,Program Line,Surveyor,,,PEBD sheet 'Timeline' cell F26,R73; PEBD pull 2026-09-27 (workbook updated 2025-11-13); attribution: The Planetary Society; conventions in 07 FINDINGS R73
planetary_society_pebd_mission_costs,Timeline,Surveyor 6,Launch Vehicle,Atlas Centaur,,,PEBD sheet 'Timeline' cell G26,R73; PEBD pull 2026-09-27 (workbook updated 2025-11-13); attribution: The Planetary Society; conventions in 07 FINDINGS R73
planetary_society_pebd_mission_costs,Timeline,Surveyor 6,LV Cost (2025),207.2134617,"USD millions (2025 dollars, PEBD inflation adjustment)",,PEBD sheet 'Timeline' cell I26,R73; PEBD pull 2026-09-27 (workbook updated 2025-11-13); attribution: The Planetary Society; conventions in 07 FINDINGS R73
planetary_society_pebd_mission_costs,Timeline,Surveyor 6,Type,Lunar Lander,,,PEBD sheet 'Timeline' cell J26,R73; PEBD pull 2026-09-27 (workbook updated 2025-11-13); attribution: The Planetary Society; conventions in 07 FINDINGS R73
planetary_society_pebd_mission_costs,Timeline,Surveyor 7,Launch Date (Fiscal Year),1968,fiscal year,,PEBD sheet 'Timeline' cell B27,R73; PEBD pull 2026-09-27 (workbook updated 2025-11-13); attribution: The Planetary Society; conventions in 07 FINDINGS R73
planetary_society_pebd_mission_costs,Timeline,Surveyor 7,Launch Date,1968-01-07,,,PEBD sheet 'Timeline' cell D27,R73; PEBD pull 2026-09-27 (workbook updated 2025-11-13); attribution: The Planetary Society; conventions in 07 FINDINGS R73
planetary_society_pebd_mission_costs,Timeline,Surveyor 7,Program Line,Surveyor,,,PEBD sheet 'Timeline' cell F27,R73; PEBD pull 2026-09-27 (workbook updated 2025-11-13); attribution: The Planetary Society; conventions in 07 FINDINGS R73
planetary_society_pebd_mission_costs,Timeline,Surveyor 7,Launch Vehicle,Atlas Centaur,,,PEBD sheet 'Timeline' cell G27,R73; PEBD pull 2026-09-27 (workbook updated 2025-11-13); attribution: The Planetary Society; conventions in 07 FINDINGS R73
planetary_society_pebd_mission_costs,Timeline,Surveyor 7,LV Cost (2025),207.2134617,"USD millions (2025 dollars, PEBD inflation adjustment)",,PEBD sheet 'Timeline' cell I27,R73; PEBD pull 2026-09-27 (workbook updated 2025-11-13); attribution: The Planetary Society; conventions in 07 FINDINGS R73
planetary_society_pebd_mission_costs,Timeline,Surveyor 7,Type,Lunar Lander,,,PEBD sheet 'Timeline' cell J27,R73; PEBD pull 2026-09-27 (workbook updated 2025-11-13); attribution: The Planetary Society; conventions in 07 FINDINGS R73
planetary_society_pebd_mission_costs,Timeline,Mariner 6,Formulation Start (Fiscal Year),1967,fiscal year,,PEBD sheet 'Timeline' cell A28,R73; PEBD pull 2026-09-27 (workbook updated 2025-11-13); attribution: The Planetary Society; conventions in 07 FINDINGS R73
planetary_society_pebd_mission_costs,Timeline,Mariner 6,Launch Date (Fiscal Year),1969,fiscal year,,PEBD sheet 'Timeline' cell B28,R73; PEBD pull 2026-09-27 (workbook updated 2025-11-13); attribution: The Planetary Society; conventions in 07 FINDINGS R73
planetary_society_pebd_mission_costs,Timeline,Mariner 6,Fiscal Years of Development (inclusive),3,fiscal years,,PEBD sheet 'Timeline' cell C28,R73; PEBD pull 2026-09-27 (workbook updated 2025-11-13); attribution: The Planetary Society; conventions in 07 FINDINGS R73
planetary_society_pebd_mission_costs,Timeline,Mariner 6,Launch Date,1969-02-25,,,PEBD sheet 'Timeline' cell D28,R73; PEBD pull 2026-09-27 (workbook updated 2025-11-13); attribution: The Planetary Society; conventions in 07 FINDINGS R73
planetary_society_pebd_mission_costs,Timeline,Mariner 6,Program Line,Mariner,,,PEBD sheet 'Timeline' cell F28,R73; PEBD pull 2026-09-27 (workbook updated 2025-11-13); attribution: The Planetary Society; conventions in 07 FINDINGS R73
planetary_society_pebd_mission_costs,Timeline,Mariner 6,Launch Vehicle,Atlas Centaur,,,PEBD sheet 'Timeline' cell G28,R73; PEBD pull 2026-09-27 (workbook updated 2025-11-13); attribution: The Planetary Society; conventions in 07 FINDINGS R73
planetary_society_pebd_mission_costs,Timeline,Mariner 6,LV Cost (2025),129.5153152,"USD millions (2025 dollars, PEBD inflation adjustment)",,PEBD sheet 'Timeline' cell I28,R73; PEBD pull 2026-09-27 (workbook updated 2025-11-13); attribution: The Planetary Society; conventions in 07 FINDINGS R73
planetary_society_pebd_mission_costs,Timeline,Mariner 6,Type,Mars Flyby,,,PEBD sheet 'Timeline' cell J28,R73; PEBD pull 2026-09-27 (workbook updated 2025-11-13); attribution: The Planetary Society; conventions in 07 FINDINGS R73
planetary_society_pebd_mission_costs,Timeline,Mariner 7,Formulation Start (Fiscal Year),1967,fiscal year,,PEBD sheet 'Timeline' cell A29,R73; PEBD pull 2026-09-27 (workbook updated 2025-11-13); attribution: The Planetary Society; conventions in 07 FINDINGS R73
planetary_society_pebd_mission_costs,Timeline,Mariner 7,Launch Date (Fiscal Year),1969,fiscal year,,PEBD sheet 'Timeline' cell B29,R73; PEBD pull 2026-09-27 (workbook updated 2025-11-13); attribution: The Planetary Society; conventions in 07 FINDINGS R73
planetary_society_pebd_mission_costs,Timeline,Mariner 7,Fiscal Years of Development (inclusive),3,fiscal years,,PEBD sheet 'Timeline' cell C29,R73; PEBD pull 2026-09-27 (workbook updated 2025-11-13); attribution: The Planetary Society; conventions in 07 FINDINGS R73
planetary_society_pebd_mission_costs,Timeline,Mariner 7,Launch Date,1969-03-27,,,PEBD sheet 'Timeline' cell D29,R73; PEBD pull 2026-09-27 (workbook updated 2025-11-13); attribution: The Planetary Society; conventions in 07 FINDINGS R73
planetary_society_pebd_mission_costs,Timeline,Mariner 7,Program Line,Mariner,,,PEBD sheet 'Timeline' cell F29,R73; PEBD pull 2026-09-27 (workbook updated 2025-11-13); attribution: The Planetary Society; conventions in 07 FINDINGS R73
planetary_society_pebd_mission_costs,Timeline,Mariner 7,Launch Vehicle,Atlas Centaur,,,PEBD sheet 'Timeline' cell G29,R73; PEBD pull 2026-09-27 (workbook updated 2025-11-13); attribution: The Planetary Society; conventions in 07 FINDINGS R73
planetary_society_pebd_mission_costs,Timeline,Mariner 7,LV Cost (2025),129.5153152,"USD millions (2025 dollars, PEBD inflation adjustment)",,PEBD sheet 'Timeline' cell I29,R73; PEBD pull 2026-09-27 (workbook updated 2025-11-13); attribution: The Planetary Society; conventions in 07 FINDINGS R73
planetary_society_pebd_mission_costs,Timeline,Mariner 7,Type,Mars Flyby,,,PEBD sheet 'Timeline' cell J29,R73; PEBD pull 2026-09-27 (workbook updated 2025-11-13); attribution: The Planetary Society; conventions in 07 FINDINGS R73
planetary_society_pebd_mission_costs,Timeline,Mariner 8,Formulation Start (Fiscal Year),1968,fiscal year,,PEBD sheet 'Timeline' cell A30,R73; PEBD pull 2026-09-27 (workbook updated 2025-11-13); attribution: The Planetary Society; conventions in 07 FINDINGS R73
planetary_society_pebd_mission_costs,Timeline,Mariner 8,Launch Date (Fiscal Year),1971,fiscal year,,PEBD sheet 'Timeline' cell B30,R73; PEBD pull 2026-09-27 (workbook updated 2025-11-13); attribution: The Planetary Society; conventions in 07 FINDINGS R73
planetary_society_pebd_mission_costs,Timeline,Mariner 8,Fiscal Years of Development (inclusive),4,fiscal years,,PEBD sheet 'Timeline' cell C30,R73; PEBD pull 2026-09-27 (workbook updated 2025-11-13); attribution: The Planetary Society; conventions in 07 FINDINGS R73
planetary_society_pebd_mission_costs,Timeline,Mariner 8,Launch Date,1971-05-09,,,PEBD sheet 'Timeline' cell D30,R73; PEBD pull 2026-09-27 (workbook updated 2025-11-13); attribution: The Planetary Society; conventions in 07 FINDINGS R73
planetary_society_pebd_mission_costs,Timeline,Mariner 8,Program Line,Mariner,,,PEBD sheet 'Timeline' cell F30,R73; PEBD pull 2026-09-27 (workbook updated 2025-11-13); attribution: The Planetary Society; conventions in 07 FINDINGS R73
planetary_society_pebd_mission_costs,Timeline,Mariner 8,Launch Vehicle,Atlas Centaur,,,PEBD sheet 'Timeline' cell G30,R73; PEBD pull 2026-09-27 (workbook updated 2025-11-13); attribution: The Planetary Society; conventions in 07 FINDINGS R73
planetary_society_pebd_mission_costs,Timeline,Mariner 8,LV Cost (2025),129.5153152,"USD millions (2025 dollars, PEBD inflation adjustment)",,PEBD sheet 'Timeline' cell I30,R73; PEBD pull 2026-09-27 (workbook updated 2025-11-13); attribution: The Planetary Society; conventions in 07 FINDINGS R73
planetary_society_pebd_mission_costs,Timeline,Mariner 8,Type,Attempted Mars Flyby (Launch Failure),,,PEBD sheet 'Timeline' cell J30,R73; PEBD pull 2026-09-27 (workbook updated 2025-11-13); attribution: The Planetary Society; conventions in 07 FINDINGS R73
planetary_society_pebd_mission_costs,Timeline,Mariner 9,Formulation Start (Fiscal Year),1968,fiscal year,,PEBD sheet 'Timeline' cell A31,R73; PEBD pull 2026-09-27 (workbook updated 2025-11-13); attribution: The Planetary Society; conventions in 07 FINDINGS R73
planetary_society_pebd_mission_costs,Timeline,Mariner 9,Launch Date (Fiscal Year),1971,fiscal year,,PEBD sheet 'Timeline' cell B31,R73; PEBD pull 2026-09-27 (workbook updated 2025-11-13); attribution: The Planetary Society; conventions in 07 FINDINGS R73
planetary_society_pebd_mission_costs,Timeline,Mariner 9,Fiscal Years of Development (inclusive),4,fiscal years,,PEBD sheet 'Timeline' cell C31,R73; PEBD pull 2026-09-27 (workbook updated 2025-11-13); attribution: The Planetary Society; conventions in 07 FINDINGS R73
planetary_society_pebd_mission_costs,Timeline,Mariner 9,Launch Date,1971-05-30,,,PEBD sheet 'Timeline' cell D31,R73; PEBD pull 2026-09-27 (workbook updated 2025-11-13); attribution: The Planetary Society; conventions in 07 FINDINGS R73
planetary_society_pebd_mission_costs,Timeline,Mariner 9,Program Line,Mariner,,,PEBD sheet 'Timeline' cell F31,R73; PEBD pull 2026-09-27 (workbook updated 2025-11-13); attribution: The Planetary Society; conventions in 07 FINDINGS R73
planetary_society_pebd_mission_costs,Timeline,Mariner 9,Launch Vehicle,Atlas Centaur,,,PEBD sheet 'Timeline' cell G31,R73; PEBD pull 2026-09-27 (workbook updated 2025-11-13); attribution: The Planetary Society; conventions in 07 FINDINGS R73
planetary_society_pebd_mission_costs,Timeline,Mariner 9,LV Cost (2025),129.5153152,"USD millions (2025 dollars, PEBD inflation adjustment)",,PEBD sheet 'Timeline' cell I31,R73; PEBD pull 2026-09-27 (workbook updated 2025-11-13); attribution: The Planetary Society; conventions in 07 FINDINGS R73
planetary_society_pebd_mission_costs,Timeline,Mariner 9,Type,Mars Orbiter,,,PEBD sheet 'Timeline' cell J31,R73; PEBD pull 2026-09-27 (workbook updated 2025-11-13); attribution: The Planetary Society; conventions in 07 FINDINGS R73
planetary_society_pebd_mission_costs,Timeline,Pioneer 10,Formulation Start (Fiscal Year),1969,fiscal year,,PEBD sheet 'Timeline' cell A32,R73; PEBD pull 2026-09-27 (workbook updated 2025-11-13); attribution: The Planetary Society; conventions in 07 FINDINGS R73
planetary_society_pebd_mission_costs,Timeline,Pioneer 10,Launch Date (Fiscal Year),1972,fiscal year,,PEBD sheet 'Timeline' cell B32,R73; PEBD pull 2026-09-27 (workbook updated 2025-11-13); attribution: The Planetary Society; conventions in 07 FINDINGS R73
planetary_society_pebd_mission_costs,Timeline,Pioneer 10,Fiscal Years of Development (inclusive),4,fiscal years,,PEBD sheet 'Timeline' cell C32,R73; PEBD pull 2026-09-27 (workbook updated 2025-11-13); attribution: The Planetary Society; conventions in 07 FINDINGS R73
planetary_society_pebd_mission_costs,Timeline,Pioneer 10,Launch Date,1972-03-03,,,PEBD sheet 'Timeline' cell D32,R73; PEBD pull 2026-09-27 (workbook updated 2025-11-13); attribution: The Planetary Society; conventions in 07 FINDINGS R73
planetary_society_pebd_mission_costs,Timeline,Pioneer 10,Program Line,Pioneer,,,PEBD sheet 'Timeline' cell F32,R73; PEBD pull 2026-09-27 (workbook updated 2025-11-13); attribution: The Planetary Society; conventions in 07 FINDINGS R73
planetary_society_pebd_mission_costs,Timeline,Pioneer 10,Launch Vehicle,Atlas Centaur,,,PEBD sheet 'Timeline' cell G32,R73; PEBD pull 2026-09-27 (workbook updated 2025-11-13); attribution: The Planetary Society; conventions in 07 FINDINGS R73
planetary_society_pebd_mission_costs,Timeline,Pioneer 10,LV Cost (2025),134.3548,"USD millions (2025 dollars, PEBD inflation adjustment)",,PEBD sheet 'Timeline' cell I32,R73; PEBD pull 2026-09-27 (workbook updated 2025-11-13); attribution: The Planetary Society; conventions in 07 FINDINGS R73
planetary_society_pebd_mission_costs,Timeline,Pioneer 10,Type,Jupiter Flyby,,,PEBD sheet 'Timeline' cell J32,R73; PEBD pull 2026-09-27 (workbook updated 2025-11-13); attribution: The Planetary Society; conventions in 07 FINDINGS R73
planetary_society_pebd_mission_costs,Timeline,Pioneer 11,Formulation Start (Fiscal Year),1969,fiscal year,,PEBD sheet 'Timeline' cell A33,R73; PEBD pull 2026-09-27 (workbook updated 2025-11-13); attribution: The Planetary Society; conventions in 07 FINDINGS R73
planetary_society_pebd_mission_costs,Timeline,Pioneer 11,Launch Date (Fiscal Year),1973,fiscal year,,PEBD sheet 'Timeline' cell B33,R73; PEBD pull 2026-09-27 (workbook updated 2025-11-13); attribution: The Planetary Society; conventions in 07 FINDINGS R73
planetary_society_pebd_mission_costs,Timeline,Pioneer 11,Fiscal Years of Development (inclusive),5,fiscal years,,PEBD sheet 'Timeline' cell C33,R73; PEBD pull 2026-09-27 (workbook updated 2025-11-13); attribution: The Planetary Society; conventions in 07 FINDINGS R73
planetary_society_pebd_mission_costs,Timeline,Pioneer 11,Launch Date,1973-04-05,,,PEBD sheet 'Timeline' cell D33,R73; PEBD pull 2026-09-27 (workbook updated 2025-11-13); attribution: The Planetary Society; conventions in 07 FINDINGS R73
planetary_society_pebd_mission_costs,Timeline,Pioneer 11,Program Line,Pioneer,,,PEBD sheet 'Timeline' cell F33,R73; PEBD pull 2026-09-27 (workbook updated 2025-11-13); attribution: The Planetary Society; conventions in 07 FINDINGS R73
planetary_society_pebd_mission_costs,Timeline,Pioneer 11,Launch Vehicle,Atlas Centaur,,,PEBD sheet 'Timeline' cell G33,R73; PEBD pull 2026-09-27 (workbook updated 2025-11-13); attribution: The Planetary Society; conventions in 07 FINDINGS R73
planetary_society_pebd_mission_costs,Timeline,Pioneer 11,LV Cost (2025),134.3548,"USD millions (2025 dollars, PEBD inflation adjustment)",,PEBD sheet 'Timeline' cell I33,R73; PEBD pull 2026-09-27 (workbook updated 2025-11-13); attribution: The Planetary Society; conventions in 07 FINDINGS R73
planetary_society_pebd_mission_costs,Timeline,Pioneer 11,Type,Jupiter/Saturn Flyby,,,PEBD sheet 'Timeline' cell J33,R73; PEBD pull 2026-09-27 (workbook updated 2025-11-13); attribution: The Planetary Society; conventions in 07 FINDINGS R73
planetary_society_pebd_mission_costs,Timeline,Mariner 10,Formulation Start (Fiscal Year),1970,fiscal year,,PEBD sheet 'Timeline' cell A34,R73; PEBD pull 2026-09-27 (workbook updated 2025-11-13); attribution: The Planetary Society; conventions in 07 FINDINGS R73
planetary_society_pebd_mission_costs,Timeline,Mariner 10,Launch Date (Fiscal Year),1974,fiscal year,,PEBD sheet 'Timeline' cell B34,R73; PEBD pull 2026-09-27 (workbook updated 2025-11-13); attribution: The Planetary Society; conventions in 07 FINDINGS R73
planetary_society_pebd_mission_costs,Timeline,Mariner 10,Fiscal Years of Development (inclusive),5,fiscal years,,PEBD sheet 'Timeline' cell C34,R73; PEBD pull 2026-09-27 (workbook updated 2025-11-13); attribution: The Planetary Society; conventions in 07 FINDINGS R73
planetary_society_pebd_mission_costs,Timeline,Mariner 10,Launch Date,1973-11-04,,,PEBD sheet 'Timeline' cell D34,R73; PEBD pull 2026-09-27 (workbook updated 2025-11-13); attribution: The Planetary Society; conventions in 07 FINDINGS R73
planetary_society_pebd_mission_costs,Timeline,Mariner 10,Program Line,Mariner,,,PEBD sheet 'Timeline' cell F34,R73; PEBD pull 2026-09-27 (workbook updated 2025-11-13); attribution: The Planetary Society; conventions in 07 FINDINGS R73
planetary_society_pebd_mission_costs,Timeline,Mariner 10,Launch Vehicle,Atlas Centaur,,,PEBD sheet 'Timeline' cell G34,R73; PEBD pull 2026-09-27 (workbook updated 2025-11-13); attribution: The Planetary Society; conventions in 07 FINDINGS R73
planetary_society_pebd_mission_costs,Timeline,Mariner 10,LV Cost (2025),157.587495,"USD millions (2025 dollars, PEBD inflation adjustment)",,PEBD sheet 'Timeline' cell I34,R73; PEBD pull 2026-09-27 (workbook updated 2025-11-13); attribution: The Planetary Society; conventions in 07 FINDINGS R73
planetary_society_pebd_mission_costs,Timeline,Mariner 10,Type,Venus/Mercury Flybys,,,PEBD sheet 'Timeline' cell J34,R73; PEBD pull 2026-09-27 (workbook updated 2025-11-13); attribution: The Planetary Society; conventions in 07 FINDINGS R73
planetary_society_pebd_mission_costs,Timeline,Viking 1,Formulation Start (Fiscal Year),1969,fiscal year,,PEBD sheet 'Timeline' cell A35,R73; PEBD pull 2026-09-27 (workbook updated 2025-11-13); attribution: The Planetary Society; conventions in 07 FINDINGS R73
planetary_society_pebd_mission_costs,Timeline,Viking 1,Launch Date (Fiscal Year),1976,fiscal year,,PEBD sheet 'Timeline' cell B35,R73; PEBD pull 2026-09-27 (workbook updated 2025-11-13); attribution: The Planetary Society; conventions in 07 FINDINGS R73
planetary_society_pebd_mission_costs,Timeline,Viking 1,Fiscal Years of Development (inclusive),8,fiscal years,,PEBD sheet 'Timeline' cell C35,R73; PEBD pull 2026-09-27 (workbook updated 2025-11-13); attribution: The Planetary Society; conventions in 07 FINDINGS R73
planetary_society_pebd_mission_costs,Timeline,Viking 1,Launch Date,1975-08-20,,,PEBD sheet 'Timeline' cell D35,R73; PEBD pull 2026-09-27 (workbook updated 2025-11-13); attribution: The Planetary Society; conventions in 07 FINDINGS R73
planetary_society_pebd_mission_costs,Timeline,Viking 1,Program Line,Flagship,,,PEBD sheet 'Timeline' cell F35,R73; PEBD pull 2026-09-27 (workbook updated 2025-11-13); attribution: The Planetary Society; conventions in 07 FINDINGS R73
planetary_society_pebd_mission_costs,Timeline,Viking 1,Launch Vehicle,Titan IIIE-Centaur,,,PEBD sheet 'Timeline' cell G35,R73; PEBD pull 2026-09-27 (workbook updated 2025-11-13); attribution: The Planetary Society; conventions in 07 FINDINGS R73
planetary_society_pebd_mission_costs,Timeline,Viking 1,LV Cost (2025),332.0457,"USD millions (2025 dollars, PEBD inflation adjustment)",,PEBD sheet 'Timeline' cell I35,R73; PEBD pull 2026-09-27 (workbook updated 2025-11-13); attribution: The Planetary Society; conventions in 07 FINDINGS R73
planetary_society_pebd_mission_costs,Timeline,Viking 1,Type,Mars Orbiter and Lander,,,PEBD sheet 'Timeline' cell J35,R73; PEBD pull 2026-09-27 (workbook updated 2025-11-13); attribution: The Planetary Society; conventions in 07 FINDINGS R73
planetary_society_pebd_mission_costs,Timeline,Viking 2,Formulation Start (Fiscal Year),1969,fiscal year,,PEBD sheet 'Timeline' cell A36,R73; PEBD pull 2026-09-27 (workbook updated 2025-11-13); attribution: The Planetary Society; conventions in 07 FINDINGS R73
planetary_society_pebd_mission_costs,Timeline,Viking 2,Launch Date (Fiscal Year),1976,fiscal year,,PEBD sheet 'Timeline' cell B36,R73; PEBD pull 2026-09-27 (workbook updated 2025-11-13); attribution: The Planetary Society; conventions in 07 FINDINGS R73
planetary_society_pebd_mission_costs,Timeline,Viking 2,Fiscal Years of Development (inclusive),8,fiscal years,,PEBD sheet 'Timeline' cell C36,R73; PEBD pull 2026-09-27 (workbook updated 2025-11-13); attribution: The Planetary Society; conventions in 07 FINDINGS R73
planetary_society_pebd_mission_costs,Timeline,Viking 2,Launch Date,1975-09-09,,,PEBD sheet 'Timeline' cell D36,R73; PEBD pull 2026-09-27 (workbook updated 2025-11-13); attribution: The Planetary Society; conventions in 07 FINDINGS R73
planetary_society_pebd_mission_costs,Timeline,Viking 2,Program Line,Flagship,,,PEBD sheet 'Timeline' cell F36,R73; PEBD pull 2026-09-27 (workbook updated 2025-11-13); attribution: The Planetary Society; conventions in 07 FINDINGS R73
planetary_society_pebd_mission_costs,Timeline,Viking 2,Launch Vehicle,Titan IIIE-Centaur,,,PEBD sheet 'Timeline' cell G36,R73; PEBD pull 2026-09-27 (workbook updated 2025-11-13); attribution: The Planetary Society; conventions in 07 FINDINGS R73
planetary_society_pebd_mission_costs,Timeline,Viking 2,LV Cost (2025),332.0457,"USD millions (2025 dollars, PEBD inflation adjustment)",,PEBD sheet 'Timeline' cell I36,R73; PEBD pull 2026-09-27 (workbook updated 2025-11-13); attribution: The Planetary Society; conventions in 07 FINDINGS R73
planetary_society_pebd_mission_costs,Timeline,Viking 2,Type,Mars Orbiter and Lander,,,PEBD sheet 'Timeline' cell J36,R73; PEBD pull 2026-09-27 (workbook updated 2025-11-13); attribution: The Planetary Society; conventions in 07 FINDINGS R73
planetary_society_pebd_mission_costs,Timeline,Voyager 2,Formulation Start (Fiscal Year),1972,fiscal year,,PEBD sheet 'Timeline' cell A37,R73; PEBD pull 2026-09-27 (workbook updated 2025-11-13); attribution: The Planetary Society; conventions in 07 FINDINGS R73
planetary_society_pebd_mission_costs,Timeline,Voyager 2,Launch Date (Fiscal Year),1977,fiscal year,,PEBD sheet 'Timeline' cell B37,R73; PEBD pull 2026-09-27 (workbook updated 2025-11-13); attribution: The Planetary Society; conventions in 07 FINDINGS R73
planetary_society_pebd_mission_costs,Timeline,Voyager 2,Fiscal Years of Development (inclusive),6,fiscal years,,PEBD sheet 'Timeline' cell C37,R73; PEBD pull 2026-09-27 (workbook updated 2025-11-13); attribution: The Planetary Society; conventions in 07 FINDINGS R73
planetary_society_pebd_mission_costs,Timeline,Voyager 2,Launch Date,1977-08-20,,,PEBD sheet 'Timeline' cell D37,R73; PEBD pull 2026-09-27 (workbook updated 2025-11-13); attribution: The Planetary Society; conventions in 07 FINDINGS R73
planetary_society_pebd_mission_costs,Timeline,Voyager 2,Program Line,Flagship,,,PEBD sheet 'Timeline' cell F37,R73; PEBD pull 2026-09-27 (workbook updated 2025-11-13); attribution: The Planetary Society; conventions in 07 FINDINGS R73
planetary_society_pebd_mission_costs,Timeline,Voyager 2,Launch Vehicle,Titan IIIE-Centaur,,,PEBD sheet 'Timeline' cell G37,R73; PEBD pull 2026-09-27 (workbook updated 2025-11-13); attribution: The Planetary Society; conventions in 07 FINDINGS R73
planetary_society_pebd_mission_costs,Timeline,Voyager 2,LV Cost (2025),241.7246355,"USD millions (2025 dollars, PEBD inflation adjustment)",,PEBD sheet 'Timeline' cell I37,R73; PEBD pull 2026-09-27 (workbook updated 2025-11-13); attribution: The Planetary Society; conventions in 07 FINDINGS R73
planetary_society_pebd_mission_costs,Timeline,Voyager 2,Type,Jupiter/Saturn/Uranus/Neptune Flyby,,,PEBD sheet 'Timeline' cell J37,R73; PEBD pull 2026-09-27 (workbook updated 2025-11-13); attribution: The Planetary Society; conventions in 07 FINDINGS R73
planetary_society_pebd_mission_costs,Timeline,Voyager 1,Formulation Start (Fiscal Year),1972,fiscal year,,PEBD sheet 'Timeline' cell A38,R73; PEBD pull 2026-09-27 (workbook updated 2025-11-13); attribution: The Planetary Society; conventions in 07 FINDINGS R73
planetary_society_pebd_mission_costs,Timeline,Voyager 1,Launch Date (Fiscal Year),1977,fiscal year,,PEBD sheet 'Timeline' cell B38,R73; PEBD pull 2026-09-27 (workbook updated 2025-11-13); attribution: The Planetary Society; conventions in 07 FINDINGS R73
planetary_society_pebd_mission_costs,Timeline,Voyager 1,Fiscal Years of Development (inclusive),6,fiscal years,,PEBD sheet 'Timeline' cell C38,R73; PEBD pull 2026-09-27 (workbook updated 2025-11-13); attribution: The Planetary Society; conventions in 07 FINDINGS R73
planetary_society_pebd_mission_costs,Timeline,Voyager 1,Launch Date,1977-09-05,,,PEBD sheet 'Timeline' cell D38,R73; PEBD pull 2026-09-27 (workbook updated 2025-11-13); attribution: The Planetary Society; conventions in 07 FINDINGS R73
planetary_society_pebd_mission_costs,Timeline,Voyager 1,Program Line,Flagship,,,PEBD sheet 'Timeline' cell F38,R73; PEBD pull 2026-09-27 (workbook updated 2025-11-13); attribution: The Planetary Society; conventions in 07 FINDINGS R73
planetary_society_pebd_mission_costs,Timeline,Voyager 1,Launch Vehicle,Titan IIIE-Centaur,,,PEBD sheet 'Timeline' cell G38,R73; PEBD pull 2026-09-27 (workbook updated 2025-11-13); attribution: The Planetary Society; conventions in 07 FINDINGS R73
planetary_society_pebd_mission_costs,Timeline,Voyager 1,LV Cost (2025),241.7246355,"USD millions (2025 dollars, PEBD inflation adjustment)",,PEBD sheet 'Timeline' cell I38,R73; PEBD pull 2026-09-27 (workbook updated 2025-11-13); attribution: The Planetary Society; conventions in 07 FINDINGS R73
planetary_society_pebd_mission_costs,Timeline,Voyager 1,Type,Jupiter/Saturn Flyby,,,PEBD sheet 'Timeline' cell J38,R73; PEBD pull 2026-09-27 (workbook updated 2025-11-13); attribution: The Planetary Society; conventions in 07 FINDINGS R73
planetary_society_pebd_mission_costs,Timeline,Pioneer Venus 1,Formulation Start (Fiscal Year),1975,fiscal year,,PEBD sheet 'Timeline' cell A39,R73; PEBD pull 2026-09-27 (workbook updated 2025-11-13); attribution: The Planetary Society; conventions in 07 FINDINGS R73
planetary_society_pebd_mission_costs,Timeline,Pioneer Venus 1,Launch Date (Fiscal Year),1978,fiscal year,,PEBD sheet 'Timeline' cell B39,R73; PEBD pull 2026-09-27 (workbook updated 2025-11-13); attribution: The Planetary Society; conventions in 07 FINDINGS R73
planetary_society_pebd_mission_costs,Timeline,Pioneer Venus 1,Fiscal Years of Development (inclusive),4,fiscal years,,PEBD sheet 'Timeline' cell C39,R73; PEBD pull 2026-09-27 (workbook updated 2025-11-13); attribution: The Planetary Society; conventions in 07 FINDINGS R73
planetary_society_pebd_mission_costs,Timeline,Pioneer Venus 1,Launch Date,1978-05-20,,,PEBD sheet 'Timeline' cell D39,R73; PEBD pull 2026-09-27 (workbook updated 2025-11-13); attribution: The Planetary Society; conventions in 07 FINDINGS R73
planetary_society_pebd_mission_costs,Timeline,Pioneer Venus 1,Program Line,Pioneer,,,PEBD sheet 'Timeline' cell F39,R73; PEBD pull 2026-09-27 (workbook updated 2025-11-13); attribution: The Planetary Society; conventions in 07 FINDINGS R73
planetary_society_pebd_mission_costs,Timeline,Pioneer Venus 1,Launch Vehicle,Atlas Centaur,,,PEBD sheet 'Timeline' cell G39,R73; PEBD pull 2026-09-27 (workbook updated 2025-11-13); attribution: The Planetary Society; conventions in 07 FINDINGS R73
planetary_society_pebd_mission_costs,Timeline,Pioneer Venus 1,LV Cost (2025),106.7891025,"USD millions (2025 dollars, PEBD inflation adjustment)",,PEBD sheet 'Timeline' cell I39,R73; PEBD pull 2026-09-27 (workbook updated 2025-11-13); attribution: The Planetary Society; conventions in 07 FINDINGS R73
planetary_society_pebd_mission_costs,Timeline,Pioneer Venus 1,Type,Venus Orbiter,,,PEBD sheet 'Timeline' cell J39,R73; PEBD pull 2026-09-27 (workbook updated 2025-11-13); attribution: The Planetary Society; conventions in 07 FINDINGS R73
planetary_society_pebd_mission_costs,Timeline,Pioneer Venus 2,Formulation Start (Fiscal Year),1975,fiscal year,,PEBD sheet 'Timeline' cell A40,R73; PEBD pull 2026-09-27 (workbook updated 2025-11-13); attribution: The Planetary Society; conventions in 07 FINDINGS R73
planetary_society_pebd_mission_costs,Timeline,Pioneer Venus 2,Launch Date (Fiscal Year),1978,fiscal year,,PEBD sheet 'Timeline' cell B40,R73; PEBD pull 2026-09-27 (workbook updated 2025-11-13); attribution: The Planetary Society; conventions in 07 FINDINGS R73
planetary_society_pebd_mission_costs,Timeline,Pioneer Venus 2,Fiscal Years of Development (inclusive),4,fiscal years,,PEBD sheet 'Timeline' cell C40,R73; PEBD pull 2026-09-27 (workbook updated 2025-11-13); attribution: The Planetary Society; conventions in 07 FINDINGS R73
planetary_society_pebd_mission_costs,Timeline,Pioneer Venus 2,Launch Date,1978-08-08,,,PEBD sheet 'Timeline' cell D40,R73; PEBD pull 2026-09-27 (workbook updated 2025-11-13); attribution: The Planetary Society; conventions in 07 FINDINGS R73
planetary_society_pebd_mission_costs,Timeline,Pioneer Venus 2,Program Line,Pioneer,,,PEBD sheet 'Timeline' cell F40,R73; PEBD pull 2026-09-27 (workbook updated 2025-11-13); attribution: The Planetary Society; conventions in 07 FINDINGS R73
planetary_society_pebd_mission_costs,Timeline,Pioneer Venus 2,Launch Vehicle,Atlas Centaur,,,PEBD sheet 'Timeline' cell G40,R73; PEBD pull 2026-09-27 (workbook updated 2025-11-13); attribution: The Planetary Society; conventions in 07 FINDINGS R73
planetary_society_pebd_mission_costs,Timeline,Pioneer Venus 2,LV Cost (2025),106.7891025,"USD millions (2025 dollars, PEBD inflation adjustment)",,PEBD sheet 'Timeline' cell I40,R73; PEBD pull 2026-09-27 (workbook updated 2025-11-13); attribution: The Planetary Society; conventions in 07 FINDINGS R73
planetary_society_pebd_mission_costs,Timeline,Pioneer Venus 2,Type,Venus Probes,,,PEBD sheet 'Timeline' cell J40,R73; PEBD pull 2026-09-27 (workbook updated 2025-11-13); attribution: The Planetary Society; conventions in 07 FINDINGS R73
planetary_society_pebd_mission_costs,Timeline,Magellan,Formulation Start (Fiscal Year),1984,fiscal year,,PEBD sheet 'Timeline' cell A41,R73; PEBD pull 2026-09-27 (workbook updated 2025-11-13); attribution: The Planetary Society; conventions in 07 FINDINGS R73
planetary_society_pebd_mission_costs,Timeline,Magellan,Launch Date (Fiscal Year),1989,fiscal year,,PEBD sheet 'Timeline' cell B41,R73; PEBD pull 2026-09-27 (workbook updated 2025-11-13); attribution: The Planetary Society; conventions in 07 FINDINGS R73
planetary_society_pebd_mission_costs,Timeline,Magellan,Fiscal Years of Development (inclusive),6,fiscal years,,PEBD sheet 'Timeline' cell C41,R73; PEBD pull 2026-09-27 (workbook updated 2025-11-13); attribution: The Planetary Society; conventions in 07 FINDINGS R73
planetary_society_pebd_mission_costs,Timeline,Magellan,Launch Date,1989-05-04,,,PEBD sheet 'Timeline' cell D41,R73; PEBD pull 2026-09-27 (workbook updated 2025-11-13); attribution: The Planetary Society; conventions in 07 FINDINGS R73
planetary_society_pebd_mission_costs,Timeline,Magellan,Launch Vehicle,STS,,,PEBD sheet 'Timeline' cell G41,R73; PEBD pull 2026-09-27 (workbook updated 2025-11-13); attribution: The Planetary Society; conventions in 07 FINDINGS R73
planetary_society_pebd_mission_costs,Timeline,Magellan,Type,Venus Orbiter,,,PEBD sheet 'Timeline' cell J41,R73; PEBD pull 2026-09-27 (workbook updated 2025-11-13); attribution: The Planetary Society; conventions in 07 FINDINGS R73
planetary_society_pebd_mission_costs,Timeline,Galileo,Formulation Start (Fiscal Year),1978,fiscal year,,PEBD sheet 'Timeline' cell A42,R73; PEBD pull 2026-09-27 (workbook updated 2025-11-13); attribution: The Planetary Society; conventions in 07 FINDINGS R73
planetary_society_pebd_mission_costs,Timeline,Galileo,Launch Date (Fiscal Year),1990,fiscal year,,PEBD sheet 'Timeline' cell B42,R73; PEBD pull 2026-09-27 (workbook updated 2025-11-13); attribution: The Planetary Society; conventions in 07 FINDINGS R73
planetary_society_pebd_mission_costs,Timeline,Galileo,Fiscal Years of Development (inclusive),13,fiscal years,,PEBD sheet 'Timeline' cell C42,R73; PEBD pull 2026-09-27 (workbook updated 2025-11-13); attribution: The Planetary Society; conventions in 07 FINDINGS R73
planetary_society_pebd_mission_costs,Timeline,Galileo,Launch Date,1989-10-18,,,PEBD sheet 'Timeline' cell D42,R73; PEBD pull 2026-09-27 (workbook updated 2025-11-13); attribution: The Planetary Society; conventions in 07 FINDINGS R73
planetary_society_pebd_mission_costs,Timeline,Galileo,Program Line,Flagship,,,PEBD sheet 'Timeline' cell F42,R73; PEBD pull 2026-09-27 (workbook updated 2025-11-13); attribution: The Planetary Society; conventions in 07 FINDINGS R73
planetary_society_pebd_mission_costs,Timeline,Galileo,Launch Vehicle,STS,,,PEBD sheet 'Timeline' cell G42,R73; PEBD pull 2026-09-27 (workbook updated 2025-11-13); attribution: The Planetary Society; conventions in 07 FINDINGS R73
planetary_society_pebd_mission_costs,Timeline,Galileo,Type,Jupiter Orbiter and Probe,,,PEBD sheet 'Timeline' cell J42,R73; PEBD pull 2026-09-27 (workbook updated 2025-11-13); attribution: The Planetary Society; conventions in 07 FINDINGS R73
planetary_society_pebd_mission_costs,Timeline,Mars Observer,Formulation Start (Fiscal Year),1985,fiscal year,,PEBD sheet 'Timeline' cell A43,R73; PEBD pull 2026-09-27 (workbook updated 2025-11-13); attribution: The Planetary Society; conventions in 07 FINDINGS R73
planetary_society_pebd_mission_costs,Timeline,Mars Observer,Launch Date (Fiscal Year),1992,fiscal year,,PEBD sheet 'Timeline' cell B43,R73; PEBD pull 2026-09-27 (workbook updated 2025-11-13); attribution: The Planetary Society; conventions in 07 FINDINGS R73
planetary_society_pebd_mission_costs,Timeline,Mars Observer,Fiscal Years of Development (inclusive),8,fiscal years,,PEBD sheet 'Timeline' cell C43,R73; PEBD pull 2026-09-27 (workbook updated 2025-11-13); attribution: The Planetary Society; conventions in 07 FINDINGS R73
planetary_society_pebd_mission_costs,Timeline,Mars Observer,Launch Date,1992-09-25,,,PEBD sheet 'Timeline' cell D43,R73; PEBD pull 2026-09-27 (workbook updated 2025-11-13); attribution: The Planetary Society; conventions in 07 FINDINGS R73
planetary_society_pebd_mission_costs,Timeline,Mars Observer,Launch Vehicle,Titan III,,,PEBD sheet 'Timeline' cell G43,R73; PEBD pull 2026-09-27 (workbook updated 2025-11-13); attribution: The Planetary Society; conventions in 07 FINDINGS R73
planetary_society_pebd_mission_costs,Timeline,Mars Observer,LV Cost (2025),449.5206,"USD millions (2025 dollars, PEBD inflation adjustment)",,PEBD sheet 'Timeline' cell I43,R73; PEBD pull 2026-09-27 (workbook updated 2025-11-13); attribution: The Planetary Society; conventions in 07 FINDINGS R73
planetary_society_pebd_mission_costs,Timeline,Mars Observer,Type,Attempted Mars Orbiter (Contact Lost),,,PEBD sheet 'Timeline' cell J43,R73; PEBD pull 2026-09-27 (workbook updated 2025-11-13); attribution: The Planetary Society; conventions in 07 FINDINGS R73
planetary_society_pebd_mission_costs,Timeline,NEAR,Formulation Start (Fiscal Year),1994,fiscal year,,PEBD sheet 'Timeline' cell A44,R73; PEBD pull 2026-09-27 (workbook updated 2025-11-13); attribution: The Planetary Society; conventions in 07 FINDINGS R73
planetary_society_pebd_mission_costs,Timeline,NEAR,Launch Date (Fiscal Year),1996,fiscal year,,PEBD sheet 'Timeline' cell B44,R73; PEBD pull 2026-09-27 (workbook updated 2025-11-13); attribution: The Planetary Society; conventions in 07 FINDINGS R73
planetary_society_pebd_mission_costs,Timeline,NEAR,Fiscal Years of Development (inclusive),3,fiscal years,,PEBD sheet 'Timeline' cell C44,R73; PEBD pull 2026-09-27 (workbook updated 2025-11-13); attribution: The Planetary Society; conventions in 07 FINDINGS R73
planetary_society_pebd_mission_costs,Timeline,NEAR,Launch Date,1996-02-17,,,PEBD sheet 'Timeline' cell D44,R73; PEBD pull 2026-09-27 (workbook updated 2025-11-13); attribution: The Planetary Society; conventions in 07 FINDINGS R73
planetary_society_pebd_mission_costs,Timeline,NEAR,Program Line,Discovery,,,PEBD sheet 'Timeline' cell F44,R73; PEBD pull 2026-09-27 (workbook updated 2025-11-13); attribution: The Planetary Society; conventions in 07 FINDINGS R73
planetary_society_pebd_mission_costs,Timeline,NEAR,Launch Vehicle,Delta II,,,PEBD sheet 'Timeline' cell G44,R73; PEBD pull 2026-09-27 (workbook updated 2025-11-13); attribution: The Planetary Society; conventions in 07 FINDINGS R73
planetary_society_pebd_mission_costs,Timeline,NEAR,Development Cost (2025),278.8191,"USD millions (2025 dollars, PEBD inflation adjustment)",,PEBD sheet 'Timeline' cell H44,R73; PEBD pull 2026-09-27 (workbook updated 2025-11-13); attribution: The Planetary Society; conventions in 07 FINDINGS R73
planetary_society_pebd_mission_costs,Timeline,NEAR,LV Cost (2025),95.9175,"USD millions (2025 dollars, PEBD inflation adjustment)",,PEBD sheet 'Timeline' cell I44,R73; PEBD pull 2026-09-27 (workbook updated 2025-11-13); attribution: The Planetary Society; conventions in 07 FINDINGS R73
planetary_society_pebd_mission_costs,Timeline,NEAR,Type,Asteroid Eros Orbiter,,,PEBD sheet 'Timeline' cell J44,R73; PEBD pull 2026-09-27 (workbook updated 2025-11-13); attribution: The Planetary Society; conventions in 07 FINDINGS R73
planetary_society_pebd_mission_costs,Timeline,Mars Global Surveyor,Formulation Start (Fiscal Year),1994,fiscal year,,PEBD sheet 'Timeline' cell A45,R73; PEBD pull 2026-09-27 (workbook updated 2025-11-13); attribution: The Planetary Society; conventions in 07 FINDINGS R73
planetary_society_pebd_mission_costs,Timeline,Mars Global Surveyor,Launch Date (Fiscal Year),1997,fiscal year,,PEBD sheet 'Timeline' cell B45,R73; PEBD pull 2026-09-27 (workbook updated 2025-11-13); attribution: The Planetary Society; conventions in 07 FINDINGS R73
planetary_society_pebd_mission_costs,Timeline,Mars Global Surveyor,Fiscal Years of Development (inclusive),4,fiscal years,,PEBD sheet 'Timeline' cell C45,R73; PEBD pull 2026-09-27 (workbook updated 2025-11-13); attribution: The Planetary Society; conventions in 07 FINDINGS R73
planetary_society_pebd_mission_costs,Timeline,Mars Global Surveyor,Launch Date,1996-11-07,,,PEBD sheet 'Timeline' cell D45,R73; PEBD pull 2026-09-27 (workbook updated 2025-11-13); attribution: The Planetary Society; conventions in 07 FINDINGS R73
planetary_society_pebd_mission_costs,Timeline,Mars Global Surveyor,Program Line,MEP,,,PEBD sheet 'Timeline' cell F45,R73; PEBD pull 2026-09-27 (workbook updated 2025-11-13); attribution: The Planetary Society; conventions in 07 FINDINGS R73
planetary_society_pebd_mission_costs,Timeline,Mars Global Surveyor,Launch Vehicle,Delta II,,,PEBD sheet 'Timeline' cell G45,R73; PEBD pull 2026-09-27 (workbook updated 2025-11-13); attribution: The Planetary Society; conventions in 07 FINDINGS R73
planetary_society_pebd_mission_costs,Timeline,Mars Global Surveyor,LV Cost (2025),115.983,"USD millions (2025 dollars, PEBD inflation adjustment)",,PEBD sheet 'Timeline' cell I45,R73; PEBD pull 2026-09-27 (workbook updated 2025-11-13); attribution: The Planetary Society; conventions in 07 FINDINGS R73
planetary_society_pebd_mission_costs,Timeline,Mars Global Surveyor,Type,Mars Orbiter,,,PEBD sheet 'Timeline' cell J45,R73; PEBD pull 2026-09-27 (workbook updated 2025-11-13); attribution: The Planetary Society; conventions in 07 FINDINGS R73
planetary_society_pebd_mission_costs,Timeline,Mars Pathfinder,Formulation Start (Fiscal Year),1994,fiscal year,,PEBD sheet 'Timeline' cell A46,R73; PEBD pull 2026-09-27 (workbook updated 2025-11-13); attribution: The Planetary Society; conventions in 07 FINDINGS R73
planetary_society_pebd_mission_costs,Timeline,Mars Pathfinder,Launch Date (Fiscal Year),1997,fiscal year,,PEBD sheet 'Timeline' cell B46,R73; PEBD pull 2026-09-27 (workbook updated 2025-11-13); attribution: The Planetary Society; conventions in 07 FINDINGS R73
planetary_society_pebd_mission_costs,Timeline,Mars Pathfinder,Fiscal Years of Development (inclusive),4,fiscal years,,PEBD sheet 'Timeline' cell C46,R73; PEBD pull 2026-09-27 (workbook updated 2025-11-13); attribution: The Planetary Society; conventions in 07 FINDINGS R73
planetary_society_pebd_mission_costs,Timeline,Mars Pathfinder,Launch Date,1996-12-04,,,PEBD sheet 'Timeline' cell D46,R73; PEBD pull 2026-09-27 (workbook updated 2025-11-13); attribution: The Planetary Society; conventions in 07 FINDINGS R73
planetary_society_pebd_mission_costs,Timeline,Mars Pathfinder,Program Line,Discovery,,,PEBD sheet 'Timeline' cell F46,R73; PEBD pull 2026-09-27 (workbook updated 2025-11-13); attribution: The Planetary Society; conventions in 07 FINDINGS R73
planetary_society_pebd_mission_costs,Timeline,Mars Pathfinder,Launch Vehicle,Delta II,,,PEBD sheet 'Timeline' cell G46,R73; PEBD pull 2026-09-27 (workbook updated 2025-11-13); attribution: The Planetary Society; conventions in 07 FINDINGS R73
planetary_society_pebd_mission_costs,Timeline,Mars Pathfinder,Development Cost (2025),436.92,"USD millions (2025 dollars, PEBD inflation adjustment)",,PEBD sheet 'Timeline' cell H46,R73; PEBD pull 2026-09-27 (workbook updated 2025-11-13); attribution: The Planetary Society; conventions in 07 FINDINGS R73
planetary_society_pebd_mission_costs,Timeline,Mars Pathfinder,LV Cost (2025),106.722,"USD millions (2025 dollars, PEBD inflation adjustment)",,PEBD sheet 'Timeline' cell I46,R73; PEBD pull 2026-09-27 (workbook updated 2025-11-13); attribution: The Planetary Society; conventions in 07 FINDINGS R73
planetary_society_pebd_mission_costs,Timeline,Mars Pathfinder,Type,Mars Lander and Rover,,,PEBD sheet 'Timeline' cell J46,R73; PEBD pull 2026-09-27 (workbook updated 2025-11-13); attribution: The Planetary Society; conventions in 07 FINDINGS R73
planetary_society_pebd_mission_costs,Timeline,Cassini,Formulation Start (Fiscal Year),1990,fiscal year,,PEBD sheet 'Timeline' cell A47,R73; PEBD pull 2026-09-27 (workbook updated 2025-11-13); attribution: The Planetary Society; conventions in 07 FINDINGS R73
planetary_society_pebd_mission_costs,Timeline,Cassini,Launch Date (Fiscal Year),1998,fiscal year,,PEBD sheet 'Timeline' cell B47,R73; PEBD pull 2026-09-27 (workbook updated 2025-11-13); attribution: The Planetary Society; conventions in 07 FINDINGS R73
planetary_society_pebd_mission_costs,Timeline,Cassini,Fiscal Years of Development (inclusive),9,fiscal years,,PEBD sheet 'Timeline' cell C47,R73; PEBD pull 2026-09-27 (workbook updated 2025-11-13); attribution: The Planetary Society; conventions in 07 FINDINGS R73
planetary_society_pebd_mission_costs,Timeline,Cassini,Launch Date,1997-10-15,,,PEBD sheet 'Timeline' cell D47,R73; PEBD pull 2026-09-27 (workbook updated 2025-11-13); attribution: The Planetary Society; conventions in 07 FINDINGS R73
planetary_society_pebd_mission_costs,Timeline,Cassini,Program Line,Flagship,,,PEBD sheet 'Timeline' cell F47,R73; PEBD pull 2026-09-27 (workbook updated 2025-11-13); attribution: The Planetary Society; conventions in 07 FINDINGS R73
planetary_society_pebd_mission_costs,Timeline,Cassini,Launch Vehicle,Titan IVB,,,PEBD sheet 'Timeline' cell G47,R73; PEBD pull 2026-09-27 (workbook updated 2025-11-13); attribution: The Planetary Society; conventions in 07 FINDINGS R73
planetary_society_pebd_mission_costs,Timeline,Cassini,LV Cost (2025),891.0405,"USD millions (2025 dollars, PEBD inflation adjustment)",,PEBD sheet 'Timeline' cell I47,R73; PEBD pull 2026-09-27 (workbook updated 2025-11-13); attribution: The Planetary Society; conventions in 07 FINDINGS R73
planetary_society_pebd_mission_costs,Timeline,Cassini,Type,Saturn Orbiter,,,PEBD sheet 'Timeline' cell J47,R73; PEBD pull 2026-09-27 (workbook updated 2025-11-13); attribution: The Planetary Society; conventions in 07 FINDINGS R73
planetary_society_pebd_mission_costs,Timeline,Lunar Prospector,Formulation Start (Fiscal Year),1996,fiscal year,,PEBD sheet 'Timeline' cell A48,R73; PEBD pull 2026-09-27 (workbook updated 2025-11-13); attribution: The Planetary Society; conventions in 07 FINDINGS R73
planetary_society_pebd_mission_costs,Timeline,Lunar Prospector,Launch Date (Fiscal Year),1998,fiscal year,,PEBD sheet 'Timeline' cell B48,R73; PEBD pull 2026-09-27 (workbook updated 2025-11-13); attribution: The Planetary Society; conventions in 07 FINDINGS R73
planetary_society_pebd_mission_costs,Timeline,Lunar Prospector,Fiscal Years of Development (inclusive),3,fiscal years,,PEBD sheet 'Timeline' cell C48,R73; PEBD pull 2026-09-27 (workbook updated 2025-11-13); attribution: The Planetary Society; conventions in 07 FINDINGS R73
planetary_society_pebd_mission_costs,Timeline,Lunar Prospector,Launch Date,1998-01-07,,,PEBD sheet 'Timeline' cell D48,R73; PEBD pull 2026-09-27 (workbook updated 2025-11-13); attribution: The Planetary Society; conventions in 07 FINDINGS R73
planetary_society_pebd_mission_costs,Timeline,Lunar Prospector,Program Line,Discovery,,,PEBD sheet 'Timeline' cell F48,R73; PEBD pull 2026-09-27 (workbook updated 2025-11-13); attribution: The Planetary Society; conventions in 07 FINDINGS R73
planetary_society_pebd_mission_costs,Timeline,Lunar Prospector,Launch Vehicle,Athena-2,,,PEBD sheet 'Timeline' cell G48,R73; PEBD pull 2026-09-27 (workbook updated 2025-11-13); attribution: The Planetary Society; conventions in 07 FINDINGS R73
planetary_society_pebd_mission_costs,Timeline,Lunar Prospector,Type,Lunar Orbiter,,,PEBD sheet 'Timeline' cell J48,R73; PEBD pull 2026-09-27 (workbook updated 2025-11-13); attribution: The Planetary Society; conventions in 07 FINDINGS R73
planetary_society_pebd_mission_costs,Timeline,Deep Space 1 (DS1),Formulation Start (Fiscal Year),1996,fiscal year,,PEBD sheet 'Timeline' cell A49,R73; PEBD pull 2026-09-27 (workbook updated 2025-11-13); attribution: The Planetary Society; conventions in 07 FINDINGS R73
planetary_society_pebd_mission_costs,Timeline,Deep Space 1 (DS1),Launch Date (Fiscal Year),1999,fiscal year,,PEBD sheet 'Timeline' cell B49,R73; PEBD pull 2026-09-27 (workbook updated 2025-11-13); attribution: The Planetary Society; conventions in 07 FINDINGS R73
planetary_society_pebd_mission_costs,Timeline,Deep Space 1 (DS1),Fiscal Years of Development (inclusive),4,fiscal years,,PEBD sheet 'Timeline' cell C49,R73; PEBD pull 2026-09-27 (workbook updated 2025-11-13); attribution: The Planetary Society; conventions in 07 FINDINGS R73
planetary_society_pebd_mission_costs,Timeline,Deep Space 1 (DS1),Launch Date,1998-10-24,,,PEBD sheet 'Timeline' cell D49,R73; PEBD pull 2026-09-27 (workbook updated 2025-11-13); attribution: The Planetary Society; conventions in 07 FINDINGS R73
planetary_society_pebd_mission_costs,Timeline,Deep Space 1 (DS1),Program Line,New Millenium,,,PEBD sheet 'Timeline' cell F49,R73; PEBD pull 2026-09-27 (workbook updated 2025-11-13); attribution: The Planetary Society; conventions in 07 FINDINGS R73
planetary_society_pebd_mission_costs,Timeline,Deep Space 1 (DS1),Launch Vehicle,Delta II,,,PEBD sheet 'Timeline' cell G49,R73; PEBD pull 2026-09-27 (workbook updated 2025-11-13); attribution: The Planetary Society; conventions in 07 FINDINGS R73
planetary_society_pebd_mission_costs,Timeline,Deep Space 1 (DS1),Type,Asteroid and Comet Flyby,,,PEBD sheet 'Timeline' cell J49,R73; PEBD pull 2026-09-27 (workbook updated 2025-11-13); attribution: The Planetary Society; conventions in 07 FINDINGS R73
planetary_society_pebd_mission_costs,Timeline,Mars Climate Orbiter,Formulation Start (Fiscal Year),1996,fiscal year,,PEBD sheet 'Timeline' cell A50,R73; PEBD pull 2026-09-27 (workbook updated 2025-11-13); attribution: The Planetary Society; conventions in 07 FINDINGS R73
planetary_society_pebd_mission_costs,Timeline,Mars Climate Orbiter,Launch Date (Fiscal Year),1999,fiscal year,,PEBD sheet 'Timeline' cell B50,R73; PEBD pull 2026-09-27 (workbook updated 2025-11-13); attribution: The Planetary Society; conventions in 07 FINDINGS R73
planetary_society_pebd_mission_costs,Timeline,Mars Climate Orbiter,Fiscal Years of Development (inclusive),4,fiscal years,,PEBD sheet 'Timeline' cell C50,R73; PEBD pull 2026-09-27 (workbook updated 2025-11-13); attribution: The Planetary Society; conventions in 07 FINDINGS R73
planetary_society_pebd_mission_costs,Timeline,Mars Climate Orbiter,Launch Date,1998-12-11,,,PEBD sheet 'Timeline' cell D50,R73; PEBD pull 2026-09-27 (workbook updated 2025-11-13); attribution: The Planetary Society; conventions in 07 FINDINGS R73
planetary_society_pebd_mission_costs,Timeline,Mars Climate Orbiter,Program Line,MEP,,,PEBD sheet 'Timeline' cell F50,R73; PEBD pull 2026-09-27 (workbook updated 2025-11-13); attribution: The Planetary Society; conventions in 07 FINDINGS R73
planetary_society_pebd_mission_costs,Timeline,Mars Climate Orbiter,Launch Vehicle,Delta II,,,PEBD sheet 'Timeline' cell G50,R73; PEBD pull 2026-09-27 (workbook updated 2025-11-13); attribution: The Planetary Society; conventions in 07 FINDINGS R73
planetary_society_pebd_mission_costs,Timeline,Mars Climate Orbiter,LV Cost (2025),96.2327,"USD millions (2025 dollars, PEBD inflation adjustment)",,PEBD sheet 'Timeline' cell I50,R73; PEBD pull 2026-09-27 (workbook updated 2025-11-13); attribution: The Planetary Society; conventions in 07 FINDINGS R73
planetary_society_pebd_mission_costs,Timeline,Mars Climate Orbiter,Type,Attempted Mars Orbiter,,,PEBD sheet 'Timeline' cell J50,R73; PEBD pull 2026-09-27 (workbook updated 2025-11-13); attribution: The Planetary Society; conventions in 07 FINDINGS R73
planetary_society_pebd_mission_costs,Timeline,Mars Polar Lander,Formulation Start (Fiscal Year),1996,fiscal year,,PEBD sheet 'Timeline' cell A51,R73; PEBD pull 2026-09-27 (workbook updated 2025-11-13); attribution: The Planetary Society; conventions in 07 FINDINGS R73
planetary_society_pebd_mission_costs,Timeline,Mars Polar Lander,Launch Date (Fiscal Year),1999,fiscal year,,PEBD sheet 'Timeline' cell B51,R73; PEBD pull 2026-09-27 (workbook updated 2025-11-13); attribution: The Planetary Society; conventions in 07 FINDINGS R73
planetary_society_pebd_mission_costs,Timeline,Mars Polar Lander,Fiscal Years of Development (inclusive),4,fiscal years,,PEBD sheet 'Timeline' cell C51,R73; PEBD pull 2026-09-27 (workbook updated 2025-11-13); attribution: The Planetary Society; conventions in 07 FINDINGS R73
planetary_society_pebd_mission_costs,Timeline,Mars Polar Lander,Launch Date,1999-01-03,,,PEBD sheet 'Timeline' cell D51,R73; PEBD pull 2026-09-27 (workbook updated 2025-11-13); attribution: The Planetary Society; conventions in 07 FINDINGS R73
planetary_society_pebd_mission_costs,Timeline,Mars Polar Lander,Program Line,MEP,,,PEBD sheet 'Timeline' cell F51,R73; PEBD pull 2026-09-27 (workbook updated 2025-11-13); attribution: The Planetary Society; conventions in 07 FINDINGS R73
planetary_society_pebd_mission_costs,Timeline,Mars Polar Lander,Launch Vehicle,Delta II,,,PEBD sheet 'Timeline' cell G51,R73; PEBD pull 2026-09-27 (workbook updated 2025-11-13); attribution: The Planetary Society; conventions in 07 FINDINGS R73
planetary_society_pebd_mission_costs,Timeline,Mars Polar Lander,LV Cost (2025),96.2327,"USD millions (2025 dollars, PEBD inflation adjustment)",,PEBD sheet 'Timeline' cell I51,R73; PEBD pull 2026-09-27 (workbook updated 2025-11-13); attribution: The Planetary Society; conventions in 07 FINDINGS R73
planetary_society_pebd_mission_costs,Timeline,Mars Polar Lander,Type,Attempted Mars Lander,,,PEBD sheet 'Timeline' cell J51,R73; PEBD pull 2026-09-27 (workbook updated 2025-11-13); attribution: The Planetary Society; conventions in 07 FINDINGS R73
planetary_society_pebd_mission_costs,Timeline,Stardust,Formulation Start (Fiscal Year),1996,fiscal year,,PEBD sheet 'Timeline' cell A52,R73; PEBD pull 2026-09-27 (workbook updated 2025-11-13); attribution: The Planetary Society; conventions in 07 FINDINGS R73
planetary_society_pebd_mission_costs,Timeline,Stardust,Launch Date (Fiscal Year),1999,fiscal year,,PEBD sheet 'Timeline' cell B52,R73; PEBD pull 2026-09-27 (workbook updated 2025-11-13); attribution: The Planetary Society; conventions in 07 FINDINGS R73
planetary_society_pebd_mission_costs,Timeline,Stardust,Fiscal Years of Development (inclusive),4,fiscal years,,PEBD sheet 'Timeline' cell C52,R73; PEBD pull 2026-09-27 (workbook updated 2025-11-13); attribution: The Planetary Society; conventions in 07 FINDINGS R73
planetary_society_pebd_mission_costs,Timeline,Stardust,Launch Date,1999-02-07,,,PEBD sheet 'Timeline' cell D52,R73; PEBD pull 2026-09-27 (workbook updated 2025-11-13); attribution: The Planetary Society; conventions in 07 FINDINGS R73
planetary_society_pebd_mission_costs,Timeline,Stardust,Program Line,Discovery,,,PEBD sheet 'Timeline' cell F52,R73; PEBD pull 2026-09-27 (workbook updated 2025-11-13); attribution: The Planetary Society; conventions in 07 FINDINGS R73
planetary_society_pebd_mission_costs,Timeline,Stardust,Launch Vehicle,Delta II,,,PEBD sheet 'Timeline' cell G52,R73; PEBD pull 2026-09-27 (workbook updated 2025-11-13); attribution: The Planetary Society; conventions in 07 FINDINGS R73
planetary_society_pebd_mission_costs,Timeline,Stardust,LV Cost (2025),86.5776,"USD millions (2025 dollars, PEBD inflation adjustment)",,PEBD sheet 'Timeline' cell I52,R73; PEBD pull 2026-09-27 (workbook updated 2025-11-13); attribution: The Planetary Society; conventions in 07 FINDINGS R73
planetary_society_pebd_mission_costs,Timeline,Stardust,Type,Comet Coma Sample Return,,,PEBD sheet 'Timeline' cell J52,R73; PEBD pull 2026-09-27 (workbook updated 2025-11-13); attribution: The Planetary Society; conventions in 07 FINDINGS R73
planetary_society_pebd_mission_costs,Timeline,Mars Odyssey,Formulation Start (Fiscal Year),1998,fiscal year,,PEBD sheet 'Timeline' cell A53,R73; PEBD pull 2026-09-27 (workbook updated 2025-11-13); attribution: The Planetary Society; conventions in 07 FINDINGS R73
planetary_society_pebd_mission_costs,Timeline,Mars Odyssey,Launch Date (Fiscal Year),2001,fiscal year,,PEBD sheet 'Timeline' cell B53,R73; PEBD pull 2026-09-27 (workbook updated 2025-11-13); attribution: The Planetary Society; conventions in 07 FINDINGS R73
planetary_society_pebd_mission_costs,Timeline,Mars Odyssey,Fiscal Years of Development (inclusive),4,fiscal years,,PEBD sheet 'Timeline' cell C53,R73; PEBD pull 2026-09-27 (workbook updated 2025-11-13); attribution: The Planetary Society; conventions in 07 FINDINGS R73
planetary_society_pebd_mission_costs,Timeline,Mars Odyssey,Launch Date,2001-04-07,,,PEBD sheet 'Timeline' cell D53,R73; PEBD pull 2026-09-27 (workbook updated 2025-11-13); attribution: The Planetary Society; conventions in 07 FINDINGS R73
planetary_society_pebd_mission_costs,Timeline,Mars Odyssey,Program Line,MEP,,,PEBD sheet 'Timeline' cell F53,R73; PEBD pull 2026-09-27 (workbook updated 2025-11-13); attribution: The Planetary Society; conventions in 07 FINDINGS R73
planetary_society_pebd_mission_costs,Timeline,Mars Odyssey,Launch Vehicle,Delta II,,,PEBD sheet 'Timeline' cell G53,R73; PEBD pull 2026-09-27 (workbook updated 2025-11-13); attribution: The Planetary Society; conventions in 07 FINDINGS R73
planetary_society_pebd_mission_costs,Timeline,Mars Odyssey,Development Cost (2025),731.2165,"USD millions (2025 dollars, PEBD inflation adjustment)",,PEBD sheet 'Timeline' cell H53,R73; PEBD pull 2026-09-27 (workbook updated 2025-11-13); attribution: The Planetary Society; conventions in 07 FINDINGS R73
planetary_society_pebd_mission_costs,Timeline,Mars Odyssey,LV Cost (2025),111.573,"USD millions (2025 dollars, PEBD inflation adjustment)",,PEBD sheet 'Timeline' cell I53,R73; PEBD pull 2026-09-27 (workbook updated 2025-11-13); attribution: The Planetary Society; conventions in 07 FINDINGS R73
planetary_society_pebd_mission_costs,Timeline,Mars Odyssey,Type,Mars Orbiter,,,PEBD sheet 'Timeline' cell J53,R73; PEBD pull 2026-09-27 (workbook updated 2025-11-13); attribution: The Planetary Society; conventions in 07 FINDINGS R73
planetary_society_pebd_mission_costs,Timeline,Genesis,Formulation Start (Fiscal Year),1998,fiscal year,,PEBD sheet 'Timeline' cell A54,R73; PEBD pull 2026-09-27 (workbook updated 2025-11-13); attribution: The Planetary Society; conventions in 07 FINDINGS R73
planetary_society_pebd_mission_costs,Timeline,Genesis,Launch Date (Fiscal Year),2001,fiscal year,,PEBD sheet 'Timeline' cell B54,R73; PEBD pull 2026-09-27 (workbook updated 2025-11-13); attribution: The Planetary Society; conventions in 07 FINDINGS R73
planetary_society_pebd_mission_costs,Timeline,Genesis,Fiscal Years of Development (inclusive),4,fiscal years,,PEBD sheet 'Timeline' cell C54,R73; PEBD pull 2026-09-27 (workbook updated 2025-11-13); attribution: The Planetary Society; conventions in 07 FINDINGS R73
planetary_society_pebd_mission_costs,Timeline,Genesis,Launch Date,2001-08-08,,,PEBD sheet 'Timeline' cell D54,R73; PEBD pull 2026-09-27 (workbook updated 2025-11-13); attribution: The Planetary Society; conventions in 07 FINDINGS R73
planetary_society_pebd_mission_costs,Timeline,Genesis,Program Line,Discovery,,,PEBD sheet 'Timeline' cell F54,R73; PEBD pull 2026-09-27 (workbook updated 2025-11-13); attribution: The Planetary Society; conventions in 07 FINDINGS R73
planetary_society_pebd_mission_costs,Timeline,Genesis,Launch Vehicle,Delta II,,,PEBD sheet 'Timeline' cell G54,R73; PEBD pull 2026-09-27 (workbook updated 2025-11-13); attribution: The Planetary Society; conventions in 07 FINDINGS R73
planetary_society_pebd_mission_costs,Timeline,Genesis,LV Cost (2025),98.4227,"USD millions (2025 dollars, PEBD inflation adjustment)",,PEBD sheet 'Timeline' cell I54,R73; PEBD pull 2026-09-27 (workbook updated 2025-11-13); attribution: The Planetary Society; conventions in 07 FINDINGS R73
planetary_society_pebd_mission_costs,Timeline,Genesis,Type,Solar Wind Sample Return,,,PEBD sheet 'Timeline' cell J54,R73; PEBD pull 2026-09-27 (workbook updated 2025-11-13); attribution: The Planetary Society; conventions in 07 FINDINGS R73
planetary_society_pebd_mission_costs,Timeline,CONTOUR,Formulation Start (Fiscal Year),1999,fiscal year,,PEBD sheet 'Timeline' cell A55,R73; PEBD pull 2026-09-27 (workbook updated 2025-11-13); attribution: The Planetary Society; conventions in 07 FINDINGS R73
planetary_society_pebd_mission_costs,Timeline,CONTOUR,Launch Date (Fiscal Year),2002,fiscal year,,PEBD sheet 'Timeline' cell B55,R73; PEBD pull 2026-09-27 (workbook updated 2025-11-13); attribution: The Planetary Society; conventions in 07 FINDINGS R73
planetary_society_pebd_mission_costs,Timeline,CONTOUR,Fiscal Years of Development (inclusive),4,fiscal years,,PEBD sheet 'Timeline' cell C55,R73; PEBD pull 2026-09-27 (workbook updated 2025-11-13); attribution: The Planetary Society; conventions in 07 FINDINGS R73
planetary_society_pebd_mission_costs,Timeline,CONTOUR,Launch Date,2002-07-03,,,PEBD sheet 'Timeline' cell D55,R73; PEBD pull 2026-09-27 (workbook updated 2025-11-13); attribution: The Planetary Society; conventions in 07 FINDINGS R73
planetary_society_pebd_mission_costs,Timeline,CONTOUR,Program Line,Discovery,,,PEBD sheet 'Timeline' cell F55,R73; PEBD pull 2026-09-27 (workbook updated 2025-11-13); attribution: The Planetary Society; conventions in 07 FINDINGS R73
planetary_society_pebd_mission_costs,Timeline,CONTOUR,Launch Vehicle,Delta II,,,PEBD sheet 'Timeline' cell G55,R73; PEBD pull 2026-09-27 (workbook updated 2025-11-13); attribution: The Planetary Society; conventions in 07 FINDINGS R73
planetary_society_pebd_mission_costs,Timeline,CONTOUR,LV Cost (2025),93.7744,"USD millions (2025 dollars, PEBD inflation adjustment)",,PEBD sheet 'Timeline' cell I55,R73; PEBD pull 2026-09-27 (workbook updated 2025-11-13); attribution: The Planetary Society; conventions in 07 FINDINGS R73
planetary_society_pebd_mission_costs,Timeline,CONTOUR,Type,Attempted fly-by of three Comet Nuclei,,,PEBD sheet 'Timeline' cell J55,R73; PEBD pull 2026-09-27 (workbook updated 2025-11-13); attribution: The Planetary Society; conventions in 07 FINDINGS R73
planetary_society_pebd_mission_costs,Timeline,Spirit (MER-A),Formulation Start (Fiscal Year),2000,fiscal year,,PEBD sheet 'Timeline' cell A56,R73; PEBD pull 2026-09-27 (workbook updated 2025-11-13); attribution: The Planetary Society; conventions in 07 FINDINGS R73
planetary_society_pebd_mission_costs,Timeline,Spirit (MER-A),Launch Date (Fiscal Year),2003,fiscal year,,PEBD sheet 'Timeline' cell B56,R73; PEBD pull 2026-09-27 (workbook updated 2025-11-13); attribution: The Planetary Society; conventions in 07 FINDINGS R73
planetary_society_pebd_mission_costs,Timeline,Spirit (MER-A),Fiscal Years of Development (inclusive),4,fiscal years,,PEBD sheet 'Timeline' cell C56,R73; PEBD pull 2026-09-27 (workbook updated 2025-11-13); attribution: The Planetary Society; conventions in 07 FINDINGS R73
planetary_society_pebd_mission_costs,Timeline,Spirit (MER-A),Launch Date,2003-06-10,,,PEBD sheet 'Timeline' cell D56,R73; PEBD pull 2026-09-27 (workbook updated 2025-11-13); attribution: The Planetary Society; conventions in 07 FINDINGS R73
planetary_society_pebd_mission_costs,Timeline,Spirit (MER-A),Program Line,MEP,,,PEBD sheet 'Timeline' cell F56,R73; PEBD pull 2026-09-27 (workbook updated 2025-11-13); attribution: The Planetary Society; conventions in 07 FINDINGS R73
planetary_society_pebd_mission_costs,Timeline,Spirit (MER-A),Launch Vehicle,Delta II,,,PEBD sheet 'Timeline' cell G56,R73; PEBD pull 2026-09-27 (workbook updated 2025-11-13); attribution: The Planetary Society; conventions in 07 FINDINGS R73
planetary_society_pebd_mission_costs,Timeline,Spirit (MER-A),Development Cost (2025),683.8743,"USD millions (2025 dollars, PEBD inflation adjustment)",,PEBD sheet 'Timeline' cell H56,R73; PEBD pull 2026-09-27 (workbook updated 2025-11-13); attribution: The Planetary Society; conventions in 07 FINDINGS R73
planetary_society_pebd_mission_costs,Timeline,Spirit (MER-A),LV Cost (2025),93.7,"USD millions (2025 dollars, PEBD inflation adjustment)",,PEBD sheet 'Timeline' cell I56,R73; PEBD pull 2026-09-27 (workbook updated 2025-11-13); attribution: The Planetary Society; conventions in 07 FINDINGS R73
planetary_society_pebd_mission_costs,Timeline,Spirit (MER-A),Type,Mars Rover,,,PEBD sheet 'Timeline' cell J56,R73; PEBD pull 2026-09-27 (workbook updated 2025-11-13); attribution: The Planetary Society; conventions in 07 FINDINGS R73
planetary_society_pebd_mission_costs,Timeline,Opportunity (MER-B),Formulation Start (Fiscal Year),2000,fiscal year,,PEBD sheet 'Timeline' cell A57,R73; PEBD pull 2026-09-27 (workbook updated 2025-11-13); attribution: The Planetary Society; conventions in 07 FINDINGS R73
planetary_society_pebd_mission_costs,Timeline,Opportunity (MER-B),Launch Date (Fiscal Year),2003,fiscal year,,PEBD sheet 'Timeline' cell B57,R73; PEBD pull 2026-09-27 (workbook updated 2025-11-13); attribution: The Planetary Society; conventions in 07 FINDINGS R73
planetary_society_pebd_mission_costs,Timeline,Opportunity (MER-B),Fiscal Years of Development (inclusive),4,fiscal years,,PEBD sheet 'Timeline' cell C57,R73; PEBD pull 2026-09-27 (workbook updated 2025-11-13); attribution: The Planetary Society; conventions in 07 FINDINGS R73
planetary_society_pebd_mission_costs,Timeline,Opportunity (MER-B),Launch Date,2003-07-08,,,PEBD sheet 'Timeline' cell D57,R73; PEBD pull 2026-09-27 (workbook updated 2025-11-13); attribution: The Planetary Society; conventions in 07 FINDINGS R73
planetary_society_pebd_mission_costs,Timeline,Opportunity (MER-B),Program Line,MEP,,,PEBD sheet 'Timeline' cell F57,R73; PEBD pull 2026-09-27 (workbook updated 2025-11-13); attribution: The Planetary Society; conventions in 07 FINDINGS R73
planetary_society_pebd_mission_costs,Timeline,Opportunity (MER-B),Launch Vehicle,Delta II,,,PEBD sheet 'Timeline' cell G57,R73; PEBD pull 2026-09-27 (workbook updated 2025-11-13); attribution: The Planetary Society; conventions in 07 FINDINGS R73
planetary_society_pebd_mission_costs,Timeline,Opportunity (MER-B),Development Cost (2025),683.8743,"USD millions (2025 dollars, PEBD inflation adjustment)",,PEBD sheet 'Timeline' cell H57,R73; PEBD pull 2026-09-27 (workbook updated 2025-11-13); attribution: The Planetary Society; conventions in 07 FINDINGS R73
planetary_society_pebd_mission_costs,Timeline,Opportunity (MER-B),LV Cost (2025),93.7,"USD millions (2025 dollars, PEBD inflation adjustment)",,PEBD sheet 'Timeline' cell I57,R73; PEBD pull 2026-09-27 (workbook updated 2025-11-13); attribution: The Planetary Society; conventions in 07 FINDINGS R73
planetary_society_pebd_mission_costs,Timeline,Opportunity (MER-B),Type,Mars Rover,,,PEBD sheet 'Timeline' cell J57,R73; PEBD pull 2026-09-27 (workbook updated 2025-11-13); attribution: The Planetary Society; conventions in 07 FINDINGS R73
planetary_society_pebd_mission_costs,Timeline,MESSENGER,Formulation Start (Fiscal Year),1999,fiscal year,,PEBD sheet 'Timeline' cell A58,R73; PEBD pull 2026-09-27 (workbook updated 2025-11-13); attribution: The Planetary Society; conventions in 07 FINDINGS R73
planetary_society_pebd_mission_costs,Timeline,MESSENGER,Launch Date (Fiscal Year),2004,fiscal year,,PEBD sheet 'Timeline' cell B58,R73; PEBD pull 2026-09-27 (workbook updated 2025-11-13); attribution: The Planetary Society; conventions in 07 FINDINGS R73
planetary_society_pebd_mission_costs,Timeline,MESSENGER,Fiscal Years of Development (inclusive),6,fiscal years,,PEBD sheet 'Timeline' cell C58,R73; PEBD pull 2026-09-27 (workbook updated 2025-11-13); attribution: The Planetary Society; conventions in 07 FINDINGS R73
planetary_society_pebd_mission_costs,Timeline,MESSENGER,Launch Date,2004-08-03,,,PEBD sheet 'Timeline' cell D58,R73; PEBD pull 2026-09-27 (workbook updated 2025-11-13); attribution: The Planetary Society; conventions in 07 FINDINGS R73
planetary_society_pebd_mission_costs,Timeline,MESSENGER,Program Line,Discovery,,,PEBD sheet 'Timeline' cell F58,R73; PEBD pull 2026-09-27 (workbook updated 2025-11-13); attribution: The Planetary Society; conventions in 07 FINDINGS R73
planetary_society_pebd_mission_costs,Timeline,MESSENGER,Launch Vehicle,Delta II,,,PEBD sheet 'Timeline' cell G58,R73; PEBD pull 2026-09-27 (workbook updated 2025-11-13); attribution: The Planetary Society; conventions in 07 FINDINGS R73
planetary_society_pebd_mission_costs,Timeline,MESSENGER,Development Cost (2025),516.5901,"USD millions (2025 dollars, PEBD inflation adjustment)",,PEBD sheet 'Timeline' cell H58,R73; PEBD pull 2026-09-27 (workbook updated 2025-11-13); attribution: The Planetary Society; conventions in 07 FINDINGS R73
planetary_society_pebd_mission_costs,Timeline,MESSENGER,LV Cost (2025),128.5564,"USD millions (2025 dollars, PEBD inflation adjustment)",,PEBD sheet 'Timeline' cell I58,R73; PEBD pull 2026-09-27 (workbook updated 2025-11-13); attribution: The Planetary Society; conventions in 07 FINDINGS R73
planetary_society_pebd_mission_costs,Timeline,MESSENGER,Type,Mercury Orbiter,,,PEBD sheet 'Timeline' cell J58,R73; PEBD pull 2026-09-27 (workbook updated 2025-11-13); attribution: The Planetary Society; conventions in 07 FINDINGS R73
planetary_society_pebd_mission_costs,Timeline,Deep Impact,Formulation Start (Fiscal Year),1999,fiscal year,,PEBD sheet 'Timeline' cell A59,R73; PEBD pull 2026-09-27 (workbook updated 2025-11-13); attribution: The Planetary Society; conventions in 07 FINDINGS R73
planetary_society_pebd_mission_costs,Timeline,Deep Impact,Launch Date (Fiscal Year),2005,fiscal year,,PEBD sheet 'Timeline' cell B59,R73; PEBD pull 2026-09-27 (workbook updated 2025-11-13); attribution: The Planetary Society; conventions in 07 FINDINGS R73
planetary_society_pebd_mission_costs,Timeline,Deep Impact,Fiscal Years of Development (inclusive),7,fiscal years,,PEBD sheet 'Timeline' cell C59,R73; PEBD pull 2026-09-27 (workbook updated 2025-11-13); attribution: The Planetary Society; conventions in 07 FINDINGS R73
planetary_society_pebd_mission_costs,Timeline,Deep Impact,Launch Date,2005-01-12,,,PEBD sheet 'Timeline' cell D59,R73; PEBD pull 2026-09-27 (workbook updated 2025-11-13); attribution: The Planetary Society; conventions in 07 FINDINGS R73
planetary_society_pebd_mission_costs,Timeline,Deep Impact,Program Line,Discovery,,,PEBD sheet 'Timeline' cell F59,R73; PEBD pull 2026-09-27 (workbook updated 2025-11-13); attribution: The Planetary Society; conventions in 07 FINDINGS R73
planetary_society_pebd_mission_costs,Timeline,Deep Impact,Launch Vehicle,Delta II,,,PEBD sheet 'Timeline' cell G59,R73; PEBD pull 2026-09-27 (workbook updated 2025-11-13); attribution: The Planetary Society; conventions in 07 FINDINGS R73
planetary_society_pebd_mission_costs,Timeline,Deep Impact,LV Cost (2025),102.7584,"USD millions (2025 dollars, PEBD inflation adjustment)",,PEBD sheet 'Timeline' cell I59,R73; PEBD pull 2026-09-27 (workbook updated 2025-11-13); attribution: The Planetary Society; conventions in 07 FINDINGS R73
planetary_society_pebd_mission_costs,Timeline,Deep Impact,Type,Comet Rendezvous and Impact,,,PEBD sheet 'Timeline' cell J59,R73; PEBD pull 2026-09-27 (workbook updated 2025-11-13); attribution: The Planetary Society; conventions in 07 FINDINGS R73
planetary_society_pebd_mission_costs,Timeline,Mars Reconnaisance Orbiter,Formulation Start (Fiscal Year),2001,fiscal year,,PEBD sheet 'Timeline' cell A60,R73; PEBD pull 2026-09-27 (workbook updated 2025-11-13); attribution: The Planetary Society; conventions in 07 FINDINGS R73
planetary_society_pebd_mission_costs,Timeline,Mars Reconnaisance Orbiter,Launch Date (Fiscal Year),2005,fiscal year,,PEBD sheet 'Timeline' cell B60,R73; PEBD pull 2026-09-27 (workbook updated 2025-11-13); attribution: The Planetary Society; conventions in 07 FINDINGS R73
planetary_society_pebd_mission_costs,Timeline,Mars Reconnaisance Orbiter,Fiscal Years of Development (inclusive),5,fiscal years,,PEBD sheet 'Timeline' cell C60,R73; PEBD pull 2026-09-27 (workbook updated 2025-11-13); attribution: The Planetary Society; conventions in 07 FINDINGS R73
planetary_society_pebd_mission_costs,Timeline,Mars Reconnaisance Orbiter,Launch Date,2005-08-12,,,PEBD sheet 'Timeline' cell D60,R73; PEBD pull 2026-09-27 (workbook updated 2025-11-13); attribution: The Planetary Society; conventions in 07 FINDINGS R73
planetary_society_pebd_mission_costs,Timeline,Mars Reconnaisance Orbiter,Program Line,MEP,,,PEBD sheet 'Timeline' cell F60,R73; PEBD pull 2026-09-27 (workbook updated 2025-11-13); attribution: The Planetary Society; conventions in 07 FINDINGS R73
planetary_society_pebd_mission_costs,Timeline,Mars Reconnaisance Orbiter,Launch Vehicle,Atlas V 401,,,PEBD sheet 'Timeline' cell G60,R73; PEBD pull 2026-09-27 (workbook updated 2025-11-13); attribution: The Planetary Society; conventions in 07 FINDINGS R73
planetary_society_pebd_mission_costs,Timeline,Mars Reconnaisance Orbiter,Development Cost (2025),790.2729,"USD millions (2025 dollars, PEBD inflation adjustment)",,PEBD sheet 'Timeline' cell H60,R73; PEBD pull 2026-09-27 (workbook updated 2025-11-13); attribution: The Planetary Society; conventions in 07 FINDINGS R73
planetary_society_pebd_mission_costs,Timeline,Mars Reconnaisance Orbiter,LV Cost (2025),160.56,"USD millions (2025 dollars, PEBD inflation adjustment)",,PEBD sheet 'Timeline' cell I60,R73; PEBD pull 2026-09-27 (workbook updated 2025-11-13); attribution: The Planetary Society; conventions in 07 FINDINGS R73
planetary_society_pebd_mission_costs,Timeline,Mars Reconnaisance Orbiter,Type,Mars Orbiter,,,PEBD sheet 'Timeline' cell J60,R73; PEBD pull 2026-09-27 (workbook updated 2025-11-13); attribution: The Planetary Society; conventions in 07 FINDINGS R73
planetary_society_pebd_mission_costs,Timeline,New Horizons,Formulation Start (Fiscal Year),2001,fiscal year,,PEBD sheet 'Timeline' cell A61,R73; PEBD pull 2026-09-27 (workbook updated 2025-11-13); attribution: The Planetary Society; conventions in 07 FINDINGS R73
planetary_society_pebd_mission_costs,Timeline,New Horizons,Launch Date (Fiscal Year),2006,fiscal year,,PEBD sheet 'Timeline' cell B61,R73; PEBD pull 2026-09-27 (workbook updated 2025-11-13); attribution: The Planetary Society; conventions in 07 FINDINGS R73
planetary_society_pebd_mission_costs,Timeline,New Horizons,Fiscal Years of Development (inclusive),6,fiscal years,,PEBD sheet 'Timeline' cell C61,R73; PEBD pull 2026-09-27 (workbook updated 2025-11-13); attribution: The Planetary Society; conventions in 07 FINDINGS R73
planetary_society_pebd_mission_costs,Timeline,New Horizons,Launch Date,2006-01-19,,,PEBD sheet 'Timeline' cell D61,R73; PEBD pull 2026-09-27 (workbook updated 2025-11-13); attribution: The Planetary Society; conventions in 07 FINDINGS R73
planetary_society_pebd_mission_costs,Timeline,New Horizons,Program Line,New Frontiers,,,PEBD sheet 'Timeline' cell F61,R73; PEBD pull 2026-09-27 (workbook updated 2025-11-13); attribution: The Planetary Society; conventions in 07 FINDINGS R73
planetary_society_pebd_mission_costs,Timeline,New Horizons,Launch Vehicle,Atlas V 551,,,PEBD sheet 'Timeline' cell G61,R73; PEBD pull 2026-09-27 (workbook updated 2025-11-13); attribution: The Planetary Society; conventions in 07 FINDINGS R73
planetary_society_pebd_mission_costs,Timeline,New Horizons,Development Cost (2025),653.9923,"USD millions (2025 dollars, PEBD inflation adjustment)",,PEBD sheet 'Timeline' cell H61,R73; PEBD pull 2026-09-27 (workbook updated 2025-11-13); attribution: The Planetary Society; conventions in 07 FINDINGS R73
planetary_society_pebd_mission_costs,Timeline,New Horizons,LV Cost (2025),314.295,"USD millions (2025 dollars, PEBD inflation adjustment)",,PEBD sheet 'Timeline' cell I61,R73; PEBD pull 2026-09-27 (workbook updated 2025-11-13); attribution: The Planetary Society; conventions in 07 FINDINGS R73
planetary_society_pebd_mission_costs,Timeline,New Horizons,Type,Pluto/Charon and Kuiper Belt Flyby,,,PEBD sheet 'Timeline' cell J61,R73; PEBD pull 2026-09-27 (workbook updated 2025-11-13); attribution: The Planetary Society; conventions in 07 FINDINGS R73
planetary_society_pebd_mission_costs,Timeline,Phoenix,Formulation Start (Fiscal Year),2003,fiscal year,,PEBD sheet 'Timeline' cell A62,R73; PEBD pull 2026-09-27 (workbook updated 2025-11-13); attribution: The Planetary Society; conventions in 07 FINDINGS R73
planetary_society_pebd_mission_costs,Timeline,Phoenix,Launch Date (Fiscal Year),2007,fiscal year,,PEBD sheet 'Timeline' cell B62,R73; PEBD pull 2026-09-27 (workbook updated 2025-11-13); attribution: The Planetary Society; conventions in 07 FINDINGS R73
planetary_society_pebd_mission_costs,Timeline,Phoenix,Fiscal Years of Development (inclusive),5,fiscal years,,PEBD sheet 'Timeline' cell C62,R73; PEBD pull 2026-09-27 (workbook updated 2025-11-13); attribution: The Planetary Society; conventions in 07 FINDINGS R73
planetary_society_pebd_mission_costs,Timeline,Phoenix,Launch Date,2007-08-04,,,PEBD sheet 'Timeline' cell D62,R73; PEBD pull 2026-09-27 (workbook updated 2025-11-13); attribution: The Planetary Society; conventions in 07 FINDINGS R73
planetary_society_pebd_mission_costs,Timeline,Phoenix,Program Line,MEP,,,PEBD sheet 'Timeline' cell F62,R73; PEBD pull 2026-09-27 (workbook updated 2025-11-13); attribution: The Planetary Society; conventions in 07 FINDINGS R73
planetary_society_pebd_mission_costs,Timeline,Phoenix,Launch Vehicle,Delta II,,,PEBD sheet 'Timeline' cell G62,R73; PEBD pull 2026-09-27 (workbook updated 2025-11-13); attribution: The Planetary Society; conventions in 07 FINDINGS R73
planetary_society_pebd_mission_costs,Timeline,Phoenix,LV Cost (2025),144.2988,"USD millions (2025 dollars, PEBD inflation adjustment)",,PEBD sheet 'Timeline' cell I62,R73; PEBD pull 2026-09-27 (workbook updated 2025-11-13); attribution: The Planetary Society; conventions in 07 FINDINGS R73
planetary_society_pebd_mission_costs,Timeline,Phoenix,Type,Small Mars Scout Lander,,,PEBD sheet 'Timeline' cell J62,R73; PEBD pull 2026-09-27 (workbook updated 2025-11-13); attribution: The Planetary Society; conventions in 07 FINDINGS R73
planetary_society_pebd_mission_costs,Timeline,Dawn,Formulation Start (Fiscal Year),2002,fiscal year,,PEBD sheet 'Timeline' cell A63,R73; PEBD pull 2026-09-27 (workbook updated 2025-11-13); attribution: The Planetary Society; conventions in 07 FINDINGS R73
planetary_society_pebd_mission_costs,Timeline,Dawn,Launch Date (Fiscal Year),2007,fiscal year,,PEBD sheet 'Timeline' cell B63,R73; PEBD pull 2026-09-27 (workbook updated 2025-11-13); attribution: The Planetary Society; conventions in 07 FINDINGS R73
planetary_society_pebd_mission_costs,Timeline,Dawn,Fiscal Years of Development (inclusive),6,fiscal years,,PEBD sheet 'Timeline' cell C63,R73; PEBD pull 2026-09-27 (workbook updated 2025-11-13); attribution: The Planetary Society; conventions in 07 FINDINGS R73
planetary_society_pebd_mission_costs,Timeline,Dawn,Launch Date,2007-09-27,,,PEBD sheet 'Timeline' cell D63,R73; PEBD pull 2026-09-27 (workbook updated 2025-11-13); attribution: The Planetary Society; conventions in 07 FINDINGS R73
planetary_society_pebd_mission_costs,Timeline,Dawn,Program Line,Discovery,,,PEBD sheet 'Timeline' cell F63,R73; PEBD pull 2026-09-27 (workbook updated 2025-11-13); attribution: The Planetary Society; conventions in 07 FINDINGS R73
planetary_society_pebd_mission_costs,Timeline,Dawn,Launch Vehicle,Delta II,,,PEBD sheet 'Timeline' cell G63,R73; PEBD pull 2026-09-27 (workbook updated 2025-11-13); attribution: The Planetary Society; conventions in 07 FINDINGS R73
planetary_society_pebd_mission_costs,Timeline,Dawn,LV Cost (2025),164.052,"USD millions (2025 dollars, PEBD inflation adjustment)",,PEBD sheet 'Timeline' cell I63,R73; PEBD pull 2026-09-27 (workbook updated 2025-11-13); attribution: The Planetary Society; conventions in 07 FINDINGS R73
planetary_society_pebd_mission_costs,Timeline,Dawn,Type,Asteroid Ceres and Vesta Orbiter,,,PEBD sheet 'Timeline' cell J63,R73; PEBD pull 2026-09-27 (workbook updated 2025-11-13); attribution: The Planetary Society; conventions in 07 FINDINGS R73
planetary_society_pebd_mission_costs,Timeline,Juno,Formulation Start (Fiscal Year),2005,fiscal year,,PEBD sheet 'Timeline' cell A64,R73; PEBD pull 2026-09-27 (workbook updated 2025-11-13); attribution: The Planetary Society; conventions in 07 FINDINGS R73
planetary_society_pebd_mission_costs,Timeline,Juno,Launch Date (Fiscal Year),2011,fiscal year,,PEBD sheet 'Timeline' cell B64,R73; PEBD pull 2026-09-27 (workbook updated 2025-11-13); attribution: The Planetary Society; conventions in 07 FINDINGS R73
planetary_society_pebd_mission_costs,Timeline,Juno,Fiscal Years of Development (inclusive),7,fiscal years,,PEBD sheet 'Timeline' cell C64,R73; PEBD pull 2026-09-27 (workbook updated 2025-11-13); attribution: The Planetary Society; conventions in 07 FINDINGS R73
planetary_society_pebd_mission_costs,Timeline,Juno,Launch Date,2011-08-05,,,PEBD sheet 'Timeline' cell D64,R73; PEBD pull 2026-09-27 (workbook updated 2025-11-13); attribution: The Planetary Society; conventions in 07 FINDINGS R73
planetary_society_pebd_mission_costs,Timeline,Juno,Program Line,New Frontiers,,,PEBD sheet 'Timeline' cell F64,R73; PEBD pull 2026-09-27 (workbook updated 2025-11-13); attribution: The Planetary Society; conventions in 07 FINDINGS R73
planetary_society_pebd_mission_costs,Timeline,Juno,Launch Vehicle,Atlas V 551,,,PEBD sheet 'Timeline' cell G64,R73; PEBD pull 2026-09-27 (workbook updated 2025-11-13); attribution: The Planetary Society; conventions in 07 FINDINGS R73
planetary_society_pebd_mission_costs,Timeline,Juno,LV Cost (2025),286.52,"USD millions (2025 dollars, PEBD inflation adjustment)",,PEBD sheet 'Timeline' cell I64,R73; PEBD pull 2026-09-27 (workbook updated 2025-11-13); attribution: The Planetary Society; conventions in 07 FINDINGS R73
planetary_society_pebd_mission_costs,Timeline,Juno,Type,Jupiter Orbiter,,,PEBD sheet 'Timeline' cell J64,R73; PEBD pull 2026-09-27 (workbook updated 2025-11-13); attribution: The Planetary Society; conventions in 07 FINDINGS R73
planetary_society_pebd_mission_costs,Timeline,GRAIL,Formulation Start (Fiscal Year),2007,fiscal year,,PEBD sheet 'Timeline' cell A65,R73; PEBD pull 2026-09-27 (workbook updated 2025-11-13); attribution: The Planetary Society; conventions in 07 FINDINGS R73
planetary_society_pebd_mission_costs,Timeline,GRAIL,Launch Date (Fiscal Year),2011,fiscal year,,PEBD sheet 'Timeline' cell B65,R73; PEBD pull 2026-09-27 (workbook updated 2025-11-13); attribution: The Planetary Society; conventions in 07 FINDINGS R73
planetary_society_pebd_mission_costs,Timeline,GRAIL,Fiscal Years of Development (inclusive),5,fiscal years,,PEBD sheet 'Timeline' cell C65,R73; PEBD pull 2026-09-27 (workbook updated 2025-11-13); attribution: The Planetary Society; conventions in 07 FINDINGS R73
planetary_society_pebd_mission_costs,Timeline,GRAIL,Launch Date,2011-09-10,,,PEBD sheet 'Timeline' cell D65,R73; PEBD pull 2026-09-27 (workbook updated 2025-11-13); attribution: The Planetary Society; conventions in 07 FINDINGS R73
planetary_society_pebd_mission_costs,Timeline,GRAIL,Program Line,Discovery,,,PEBD sheet 'Timeline' cell F65,R73; PEBD pull 2026-09-27 (workbook updated 2025-11-13); attribution: The Planetary Society; conventions in 07 FINDINGS R73
planetary_society_pebd_mission_costs,Timeline,GRAIL,Launch Vehicle,Delta II Heavy,,,PEBD sheet 'Timeline' cell G65,R73; PEBD pull 2026-09-27 (workbook updated 2025-11-13); attribution: The Planetary Society; conventions in 07 FINDINGS R73
planetary_society_pebd_mission_costs,Timeline,GRAIL,LV Cost (2025),220.52,"USD millions (2025 dollars, PEBD inflation adjustment)",,PEBD sheet 'Timeline' cell I65,R73; PEBD pull 2026-09-27 (workbook updated 2025-11-13); attribution: The Planetary Society; conventions in 07 FINDINGS R73
planetary_society_pebd_mission_costs,Timeline,GRAIL,Type,Lunar Orbiter,,,PEBD sheet 'Timeline' cell J65,R73; PEBD pull 2026-09-27 (workbook updated 2025-11-13); attribution: The Planetary Society; conventions in 07 FINDINGS R73
planetary_society_pebd_mission_costs,Timeline,MSL Curiosity,Formulation Start (Fiscal Year),2002,fiscal year,,PEBD sheet 'Timeline' cell A66,R73; PEBD pull 2026-09-27 (workbook updated 2025-11-13); attribution: The Planetary Society; conventions in 07 FINDINGS R73
planetary_society_pebd_mission_costs,Timeline,MSL Curiosity,Launch Date (Fiscal Year),2012,fiscal year,,PEBD sheet 'Timeline' cell B66,R73; PEBD pull 2026-09-27 (workbook updated 2025-11-13); attribution: The Planetary Society; conventions in 07 FINDINGS R73
planetary_society_pebd_mission_costs,Timeline,MSL Curiosity,Fiscal Years of Development (inclusive),11,fiscal years,,PEBD sheet 'Timeline' cell C66,R73; PEBD pull 2026-09-27 (workbook updated 2025-11-13); attribution: The Planetary Society; conventions in 07 FINDINGS R73
planetary_society_pebd_mission_costs,Timeline,MSL Curiosity,Launch Date,2011-11-26,,,PEBD sheet 'Timeline' cell D66,R73; PEBD pull 2026-09-27 (workbook updated 2025-11-13); attribution: The Planetary Society; conventions in 07 FINDINGS R73
planetary_society_pebd_mission_costs,Timeline,MSL Curiosity,Program Line,Flagship,,,PEBD sheet 'Timeline' cell F66,R73; PEBD pull 2026-09-27 (workbook updated 2025-11-13); attribution: The Planetary Society; conventions in 07 FINDINGS R73
planetary_society_pebd_mission_costs,Timeline,MSL Curiosity,Launch Vehicle,Atlas V 541,,,PEBD sheet 'Timeline' cell G66,R73; PEBD pull 2026-09-27 (workbook updated 2025-11-13); attribution: The Planetary Society; conventions in 07 FINDINGS R73
planetary_society_pebd_mission_costs,Timeline,MSL Curiosity,LV Cost (2025),315.8034,"USD millions (2025 dollars, PEBD inflation adjustment)",,PEBD sheet 'Timeline' cell I66,R73; PEBD pull 2026-09-27 (workbook updated 2025-11-13); attribution: The Planetary Society; conventions in 07 FINDINGS R73
planetary_society_pebd_mission_costs,Timeline,MSL Curiosity,Type,Mars Rover,,,PEBD sheet 'Timeline' cell J66,R73; PEBD pull 2026-09-27 (workbook updated 2025-11-13); attribution: The Planetary Society; conventions in 07 FINDINGS R73
planetary_society_pebd_mission_costs,Timeline,LADEE,Formulation Start (Fiscal Year),2008,fiscal year,,PEBD sheet 'Timeline' cell A67,R73; PEBD pull 2026-09-27 (workbook updated 2025-11-13); attribution: The Planetary Society; conventions in 07 FINDINGS R73
planetary_society_pebd_mission_costs,Timeline,LADEE,Launch Date (Fiscal Year),2013,fiscal year,,PEBD sheet 'Timeline' cell B67,R73; PEBD pull 2026-09-27 (workbook updated 2025-11-13); attribution: The Planetary Society; conventions in 07 FINDINGS R73
planetary_society_pebd_mission_costs,Timeline,LADEE,Fiscal Years of Development (inclusive),6,fiscal years,,PEBD sheet 'Timeline' cell C67,R73; PEBD pull 2026-09-27 (workbook updated 2025-11-13); attribution: The Planetary Society; conventions in 07 FINDINGS R73
planetary_society_pebd_mission_costs,Timeline,LADEE,Launch Date,2013-09-06,,,PEBD sheet 'Timeline' cell D67,R73; PEBD pull 2026-09-27 (workbook updated 2025-11-13); attribution: The Planetary Society; conventions in 07 FINDINGS R73
planetary_society_pebd_mission_costs,Timeline,LADEE,Program Line,Lunar Quest,,,PEBD sheet 'Timeline' cell F67,R73; PEBD pull 2026-09-27 (workbook updated 2025-11-13); attribution: The Planetary Society; conventions in 07 FINDINGS R73
planetary_society_pebd_mission_costs,Timeline,LADEE,Launch Vehicle,Minotaur,,,PEBD sheet 'Timeline' cell G67,R73; PEBD pull 2026-09-27 (workbook updated 2025-11-13); attribution: The Planetary Society; conventions in 07 FINDINGS R73
planetary_society_pebd_mission_costs,Timeline,LADEE,LV Cost (2025),85.544,"USD millions (2025 dollars, PEBD inflation adjustment)",,PEBD sheet 'Timeline' cell I67,R73; PEBD pull 2026-09-27 (workbook updated 2025-11-13); attribution: The Planetary Society; conventions in 07 FINDINGS R73
planetary_society_pebd_mission_costs,Timeline,LADEE,Type,Lunar Orbiter,,,PEBD sheet 'Timeline' cell J67,R73; PEBD pull 2026-09-27 (workbook updated 2025-11-13); attribution: The Planetary Society; conventions in 07 FINDINGS R73
planetary_society_pebd_mission_costs,Timeline,MAVEN,Formulation Start (Fiscal Year),2007,fiscal year,,PEBD sheet 'Timeline' cell A68,R73; PEBD pull 2026-09-27 (workbook updated 2025-11-13); attribution: The Planetary Society; conventions in 07 FINDINGS R73
planetary_society_pebd_mission_costs,Timeline,MAVEN,Launch Date (Fiscal Year),2014,fiscal year,,PEBD sheet 'Timeline' cell B68,R73; PEBD pull 2026-09-27 (workbook updated 2025-11-13); attribution: The Planetary Society; conventions in 07 FINDINGS R73
planetary_society_pebd_mission_costs,Timeline,MAVEN,Fiscal Years of Development (inclusive),8,fiscal years,,PEBD sheet 'Timeline' cell C68,R73; PEBD pull 2026-09-27 (workbook updated 2025-11-13); attribution: The Planetary Society; conventions in 07 FINDINGS R73
planetary_society_pebd_mission_costs,Timeline,MAVEN,Launch Date,2013-11-18,,,PEBD sheet 'Timeline' cell D68,R73; PEBD pull 2026-09-27 (workbook updated 2025-11-13); attribution: The Planetary Society; conventions in 07 FINDINGS R73
planetary_society_pebd_mission_costs,Timeline,MAVEN,Program Line,MEP,,,PEBD sheet 'Timeline' cell F68,R73; PEBD pull 2026-09-27 (workbook updated 2025-11-13); attribution: The Planetary Society; conventions in 07 FINDINGS R73
planetary_society_pebd_mission_costs,Timeline,MAVEN,Launch Vehicle,Atlas V 411,,,PEBD sheet 'Timeline' cell G68,R73; PEBD pull 2026-09-27 (workbook updated 2025-11-13); attribution: The Planetary Society; conventions in 07 FINDINGS R73
planetary_society_pebd_mission_costs,Timeline,MAVEN,Development Cost (2025),791.139,"USD millions (2025 dollars, PEBD inflation adjustment)",,PEBD sheet 'Timeline' cell H68,R73; PEBD pull 2026-09-27 (workbook updated 2025-11-13); attribution: The Planetary Society; conventions in 07 FINDINGS R73
planetary_society_pebd_mission_costs,Timeline,MAVEN,LV Cost (2025),268.719,"USD millions (2025 dollars, PEBD inflation adjustment)",,PEBD sheet 'Timeline' cell I68,R73; PEBD pull 2026-09-27 (workbook updated 2025-11-13); attribution: The Planetary Society; conventions in 07 FINDINGS R73
planetary_society_pebd_mission_costs,Timeline,MAVEN,Type,Mars Scout Mission Orbiter,,,PEBD sheet 'Timeline' cell J68,R73; PEBD pull 2026-09-27 (workbook updated 2025-11-13); attribution: The Planetary Society; conventions in 07 FINDINGS R73
planetary_society_pebd_mission_costs,Timeline,OSIRIS-REx,Formulation Start (Fiscal Year),2011,fiscal year,,PEBD sheet 'Timeline' cell A69,R73; PEBD pull 2026-09-27 (workbook updated 2025-11-13); attribution: The Planetary Society; conventions in 07 FINDINGS R73
planetary_society_pebd_mission_costs,Timeline,OSIRIS-REx,Launch Date (Fiscal Year),2016,fiscal year,,PEBD sheet 'Timeline' cell B69,R73; PEBD pull 2026-09-27 (workbook updated 2025-11-13); attribution: The Planetary Society; conventions in 07 FINDINGS R73
planetary_society_pebd_mission_costs,Timeline,OSIRIS-REx,Fiscal Years of Development (inclusive),6,fiscal years,,PEBD sheet 'Timeline' cell C69,R73; PEBD pull 2026-09-27 (workbook updated 2025-11-13); attribution: The Planetary Society; conventions in 07 FINDINGS R73
planetary_society_pebd_mission_costs,Timeline,OSIRIS-REx,Launch Date,2016-09-08,,,PEBD sheet 'Timeline' cell D69,R73; PEBD pull 2026-09-27 (workbook updated 2025-11-13); attribution: The Planetary Society; conventions in 07 FINDINGS R73
planetary_society_pebd_mission_costs,Timeline,OSIRIS-REx,Program Line,New Frontiers,,,PEBD sheet 'Timeline' cell F69,R73; PEBD pull 2026-09-27 (workbook updated 2025-11-13); attribution: The Planetary Society; conventions in 07 FINDINGS R73
planetary_society_pebd_mission_costs,Timeline,OSIRIS-REx,Launch Vehicle,Atlas V 411,,,PEBD sheet 'Timeline' cell G69,R73; PEBD pull 2026-09-27 (workbook updated 2025-11-13); attribution: The Planetary Society; conventions in 07 FINDINGS R73
planetary_society_pebd_mission_costs,Timeline,OSIRIS-REx,LV Cost (2025),257.0835,"USD millions (2025 dollars, PEBD inflation adjustment)",,PEBD sheet 'Timeline' cell I69,R73; PEBD pull 2026-09-27 (workbook updated 2025-11-13); attribution: The Planetary Society; conventions in 07 FINDINGS R73
planetary_society_pebd_mission_costs,Timeline,OSIRIS-REx,Type,Sample Return Mission to Asteroid Bennu,,,PEBD sheet 'Timeline' cell J69,R73; PEBD pull 2026-09-27 (workbook updated 2025-11-13); attribution: The Planetary Society; conventions in 07 FINDINGS R73
planetary_society_pebd_mission_costs,Timeline,InSight,Formulation Start (Fiscal Year),2011,fiscal year,,PEBD sheet 'Timeline' cell A70,R73; PEBD pull 2026-09-27 (workbook updated 2025-11-13); attribution: The Planetary Society; conventions in 07 FINDINGS R73
planetary_society_pebd_mission_costs,Timeline,InSight,Launch Date (Fiscal Year),2018,fiscal year,,PEBD sheet 'Timeline' cell B70,R73; PEBD pull 2026-09-27 (workbook updated 2025-11-13); attribution: The Planetary Society; conventions in 07 FINDINGS R73
planetary_society_pebd_mission_costs,Timeline,InSight,Fiscal Years of Development (inclusive),8,fiscal years,,PEBD sheet 'Timeline' cell C70,R73; PEBD pull 2026-09-27 (workbook updated 2025-11-13); attribution: The Planetary Society; conventions in 07 FINDINGS R73
planetary_society_pebd_mission_costs,Timeline,InSight,Launch Date,2018-05-05,,,PEBD sheet 'Timeline' cell D70,R73; PEBD pull 2026-09-27 (workbook updated 2025-11-13); attribution: The Planetary Society; conventions in 07 FINDINGS R73
planetary_society_pebd_mission_costs,Timeline,InSight,Program Line,Discovery,,,PEBD sheet 'Timeline' cell F70,R73; PEBD pull 2026-09-27 (workbook updated 2025-11-13); attribution: The Planetary Society; conventions in 07 FINDINGS R73
planetary_society_pebd_mission_costs,Timeline,InSight,Launch Vehicle,Atlas V 401,,,PEBD sheet 'Timeline' cell G70,R73; PEBD pull 2026-09-27 (workbook updated 2025-11-13); attribution: The Planetary Society; conventions in 07 FINDINGS R73
planetary_society_pebd_mission_costs,Timeline,InSight,LV Cost (2025),230.832,"USD millions (2025 dollars, PEBD inflation adjustment)",,PEBD sheet 'Timeline' cell I70,R73; PEBD pull 2026-09-27 (workbook updated 2025-11-13); attribution: The Planetary Society; conventions in 07 FINDINGS R73
planetary_society_pebd_mission_costs,Timeline,InSight,Type,Mars Lander,,,PEBD sheet 'Timeline' cell J70,R73; PEBD pull 2026-09-27 (workbook updated 2025-11-13); attribution: The Planetary Society; conventions in 07 FINDINGS R73
planetary_society_pebd_mission_costs,Timeline,Perseverance,Formulation Start (Fiscal Year),2013,fiscal year,,PEBD sheet 'Timeline' cell A71,R73; PEBD pull 2026-09-27 (workbook updated 2025-11-13); attribution: The Planetary Society; conventions in 07 FINDINGS R73
planetary_society_pebd_mission_costs,Timeline,Perseverance,Launch Date (Fiscal Year),2020,fiscal year,,PEBD sheet 'Timeline' cell B71,R73; PEBD pull 2026-09-27 (workbook updated 2025-11-13); attribution: The Planetary Society; conventions in 07 FINDINGS R73
planetary_society_pebd_mission_costs,Timeline,Perseverance,Fiscal Years of Development (inclusive),8,fiscal years,,PEBD sheet 'Timeline' cell C71,R73; PEBD pull 2026-09-27 (workbook updated 2025-11-13); attribution: The Planetary Society; conventions in 07 FINDINGS R73
planetary_society_pebd_mission_costs,Timeline,Perseverance,Launch Date,2020-07-20,,,PEBD sheet 'Timeline' cell D71,R73; PEBD pull 2026-09-27 (workbook updated 2025-11-13); attribution: The Planetary Society; conventions in 07 FINDINGS R73
planetary_society_pebd_mission_costs,Timeline,Perseverance,Program Line,Flagship,,,PEBD sheet 'Timeline' cell F71,R73; PEBD pull 2026-09-27 (workbook updated 2025-11-13); attribution: The Planetary Society; conventions in 07 FINDINGS R73
planetary_society_pebd_mission_costs,Timeline,Perseverance,Launch Vehicle,Atlas V 541,,,PEBD sheet 'Timeline' cell G71,R73; PEBD pull 2026-09-27 (workbook updated 2025-11-13); attribution: The Planetary Society; conventions in 07 FINDINGS R73
planetary_society_pebd_mission_costs,Timeline,Perseverance,LV Cost (2025),323.433,"USD millions (2025 dollars, PEBD inflation adjustment)",,PEBD sheet 'Timeline' cell I71,R73; PEBD pull 2026-09-27 (workbook updated 2025-11-13); attribution: The Planetary Society; conventions in 07 FINDINGS R73
planetary_society_pebd_mission_costs,Timeline,Perseverance,Type,Mars rover,,,PEBD sheet 'Timeline' cell J71,R73; PEBD pull 2026-09-27 (workbook updated 2025-11-13); attribution: The Planetary Society; conventions in 07 FINDINGS R73
planetary_society_pebd_mission_costs,Timeline,Europa Clipper,Formulation Start (Fiscal Year),2015,fiscal year,,PEBD sheet 'Timeline' cell A72,R73; PEBD pull 2026-09-27 (workbook updated 2025-11-13); attribution: The Planetary Society; conventions in 07 FINDINGS R73
planetary_society_pebd_mission_costs,Timeline,Europa Clipper,Launch Date (Fiscal Year),2025,,,PEBD sheet 'Timeline' cell B72,R73; PEBD pull 2026-09-27 (workbook updated 2025-11-13); attribution: The Planetary Society; conventions in 07 FINDINGS R73
planetary_society_pebd_mission_costs,Timeline,Europa Clipper,Fiscal Years of Development (inclusive),11,fiscal years,,PEBD sheet 'Timeline' cell C72,R73; PEBD pull 2026-09-27 (workbook updated 2025-11-13); attribution: The Planetary Society; conventions in 07 FINDINGS R73
planetary_society_pebd_mission_costs,Timeline,Europa Clipper,Launch Date,2023-10-09,,,PEBD sheet 'Timeline' cell D72,R73; PEBD pull 2026-09-27 (workbook updated 2025-11-13); attribution: The Planetary Society; conventions in 07 FINDINGS R73
planetary_society_pebd_mission_costs,Timeline,Europa Clipper,Program Line,Flagship,,,PEBD sheet 'Timeline' cell F72,R73; PEBD pull 2026-09-27 (workbook updated 2025-11-13); attribution: The Planetary Society; conventions in 07 FINDINGS R73
planetary_society_pebd_mission_costs,Timeline,Europa Clipper,Launch Vehicle,Falcon Heavy,,,PEBD sheet 'Timeline' cell G72,R73; PEBD pull 2026-09-27 (workbook updated 2025-11-13); attribution: The Planetary Society; conventions in 07 FINDINGS R73
planetary_society_pebd_mission_costs,Timeline,Europa Clipper,LV Cost (2025),202,"USD millions (2025 dollars, PEBD inflation adjustment)",,PEBD sheet 'Timeline' cell I72,R73; PEBD pull 2026-09-27 (workbook updated 2025-11-13); attribution: The Planetary Society; conventions in 07 FINDINGS R73
planetary_society_pebd_mission_costs,Timeline,Europa Clipper,Type,Jupiter Orbiter/Europa Flyby,,,PEBD sheet 'Timeline' cell J72,R73; PEBD pull 2026-09-27 (workbook updated 2025-11-13); attribution: The Planetary Society; conventions in 07 FINDINGS R73
planetary_society_pebd_mission_costs,Timeline,Lucy,Formulation Start (Fiscal Year),2016,fiscal year,,PEBD sheet 'Timeline' cell A73,R73; PEBD pull 2026-09-27 (workbook updated 2025-11-13); attribution: The Planetary Society; conventions in 07 FINDINGS R73
planetary_society_pebd_mission_costs,Timeline,Lucy,Launch Date (Fiscal Year),2021,,,PEBD sheet 'Timeline' cell B73,R73; PEBD pull 2026-09-27 (workbook updated 2025-11-13); attribution: The Planetary Society; conventions in 07 FINDINGS R73
planetary_society_pebd_mission_costs,Timeline,Lucy,Fiscal Years of Development (inclusive),6,fiscal years,,PEBD sheet 'Timeline' cell C73,R73; PEBD pull 2026-09-27 (workbook updated 2025-11-13); attribution: The Planetary Society; conventions in 07 FINDINGS R73
planetary_society_pebd_mission_costs,Timeline,Lucy,Launch Date,2021-10-01,,,PEBD sheet 'Timeline' cell D73,R73; PEBD pull 2026-09-27 (workbook updated 2025-11-13); attribution: The Planetary Society; conventions in 07 FINDINGS R73
planetary_society_pebd_mission_costs,Timeline,Lucy,Program Line,Discovery,,,PEBD sheet 'Timeline' cell F73,R73; PEBD pull 2026-09-27 (workbook updated 2025-11-13); attribution: The Planetary Society; conventions in 07 FINDINGS R73
planetary_society_pebd_mission_costs,Timeline,Lucy,Launch Vehicle,Atlas V 401,,,PEBD sheet 'Timeline' cell G73,R73; PEBD pull 2026-09-27 (workbook updated 2025-11-13); attribution: The Planetary Society; conventions in 07 FINDINGS R73
planetary_society_pebd_mission_costs,Timeline,Lucy,LV Cost (2025),186.3018,"USD millions (2025 dollars, PEBD inflation adjustment)",,PEBD sheet 'Timeline' cell I73,R73; PEBD pull 2026-09-27 (workbook updated 2025-11-13); attribution: The Planetary Society; conventions in 07 FINDINGS R73
planetary_society_pebd_mission_costs,Timeline,Lucy,Type,Trojan asteroids flybys,,,PEBD sheet 'Timeline' cell J73,R73; PEBD pull 2026-09-27 (workbook updated 2025-11-13); attribution: The Planetary Society; conventions in 07 FINDINGS R73
planetary_society_pebd_mission_costs,Timeline,DART,Formulation Start (Fiscal Year),2016,fiscal year,,PEBD sheet 'Timeline' cell A74,R73; PEBD pull 2026-09-27 (workbook updated 2025-11-13); attribution: The Planetary Society; conventions in 07 FINDINGS R73
planetary_society_pebd_mission_costs,Timeline,DART,Launch Date (Fiscal Year),2021,fiscal year,,PEBD sheet 'Timeline' cell B74,R73; PEBD pull 2026-09-27 (workbook updated 2025-11-13); attribution: The Planetary Society; conventions in 07 FINDINGS R73
planetary_society_pebd_mission_costs,Timeline,DART,Fiscal Years of Development (inclusive),6,fiscal years,,PEBD sheet 'Timeline' cell C74,R73; PEBD pull 2026-09-27 (workbook updated 2025-11-13); attribution: The Planetary Society; conventions in 07 FINDINGS R73
planetary_society_pebd_mission_costs,Timeline,DART,Launch Date,2021-07-01,,,PEBD sheet 'Timeline' cell D74,R73; PEBD pull 2026-09-27 (workbook updated 2025-11-13); attribution: The Planetary Society; conventions in 07 FINDINGS R73
planetary_society_pebd_mission_costs,Timeline,DART,Program Line,Planetary Defense,,,PEBD sheet 'Timeline' cell F74,R73; PEBD pull 2026-09-27 (workbook updated 2025-11-13); attribution: The Planetary Society; conventions in 07 FINDINGS R73
planetary_society_pebd_mission_costs,Timeline,DART,Launch Vehicle,Falcon 9,,,PEBD sheet 'Timeline' cell G74,R73; PEBD pull 2026-09-27 (workbook updated 2025-11-13); attribution: The Planetary Society; conventions in 07 FINDINGS R73
planetary_society_pebd_mission_costs,Timeline,DART,LV Cost (2025),85.7936,"USD millions (2025 dollars, PEBD inflation adjustment)",,PEBD sheet 'Timeline' cell I74,R73; PEBD pull 2026-09-27 (workbook updated 2025-11-13); attribution: The Planetary Society; conventions in 07 FINDINGS R73
planetary_society_pebd_mission_costs,Timeline,DART,Type,Planetary defense test,,,PEBD sheet 'Timeline' cell J74,R73; PEBD pull 2026-09-27 (workbook updated 2025-11-13); attribution: The Planetary Society; conventions in 07 FINDINGS R73
planetary_society_pebd_mission_costs,Timeline,Psyche,Formulation Start (Fiscal Year),2016,fiscal year,,PEBD sheet 'Timeline' cell A75,R73; PEBD pull 2026-09-27 (workbook updated 2025-11-13); attribution: The Planetary Society; conventions in 07 FINDINGS R73
planetary_society_pebd_mission_costs,Timeline,Psyche,Launch Date (Fiscal Year),2023,,,PEBD sheet 'Timeline' cell B75,R73; PEBD pull 2026-09-27 (workbook updated 2025-11-13); attribution: The Planetary Society; conventions in 07 FINDINGS R73
planetary_society_pebd_mission_costs,Timeline,Psyche,Fiscal Years of Development (inclusive),8,fiscal years,,PEBD sheet 'Timeline' cell C75,R73; PEBD pull 2026-09-27 (workbook updated 2025-11-13); attribution: The Planetary Society; conventions in 07 FINDINGS R73
planetary_society_pebd_mission_costs,Timeline,Psyche,Launch Date,2023-10-01,,,PEBD sheet 'Timeline' cell D75,R73; PEBD pull 2026-09-27 (workbook updated 2025-11-13); attribution: The Planetary Society; conventions in 07 FINDINGS R73
planetary_society_pebd_mission_costs,Timeline,Psyche,Program Line,Discovery,,,PEBD sheet 'Timeline' cell F75,R73; PEBD pull 2026-09-27 (workbook updated 2025-11-13); attribution: The Planetary Society; conventions in 07 FINDINGS R73
planetary_society_pebd_mission_costs,Timeline,Psyche,Launch Vehicle,Falcon Heavy,,,PEBD sheet 'Timeline' cell G75,R73; PEBD pull 2026-09-27 (workbook updated 2025-11-13); attribution: The Planetary Society; conventions in 07 FINDINGS R73
planetary_society_pebd_mission_costs,Timeline,Psyche,LV Cost (2025),112.7,"USD millions (2025 dollars, PEBD inflation adjustment)",,PEBD sheet 'Timeline' cell I75,R73; PEBD pull 2026-09-27 (workbook updated 2025-11-13); attribution: The Planetary Society; conventions in 07 FINDINGS R73
planetary_society_pebd_mission_costs,Timeline,Psyche,Type,Main Belt Asteroid Orbiter,,,PEBD sheet 'Timeline' cell J75,R73; PEBD pull 2026-09-27 (workbook updated 2025-11-13); attribution: The Planetary Society; conventions in 07 FINDINGS R73
