source_id,sheet,row_label,column_header,value,unit,italic_estimate,location_in_source,notes
planetary_society_pebd_mission_costs,Funding by Destination,1960,Mars,0,USD millions (nominal),,PEBD sheet 'Funding by Destination' cell N2,R73; PEBD pull 2026-09-27 (workbook updated 2025-11-13); attribution: The Planetary Society; conventions in 07 FINDINGS R73
planetary_society_pebd_mission_costs,Funding by Destination,1960,Mars (inflation adj),0,"USD millions (2025 dollars, PEBD inflation adjustment)",,PEBD sheet 'Funding by Destination' cell O2,R73; PEBD pull 2026-09-27 (workbook updated 2025-11-13); attribution: The Planetary Society; conventions in 07 FINDINGS R73
planetary_society_pebd_mission_costs,Funding by Destination,1960,Venus,0,USD millions (nominal),,PEBD sheet 'Funding by Destination' cell Z2,R73; PEBD pull 2026-09-27 (workbook updated 2025-11-13); attribution: The Planetary Society; conventions in 07 FINDINGS R73
planetary_society_pebd_mission_costs,Funding by Destination,1960,Venus (inflation adj),0,"USD millions (2025 dollars, PEBD inflation adjustment)",,PEBD sheet 'Funding by Destination' cell AA2,R73; PEBD pull 2026-09-27 (workbook updated 2025-11-13); attribution: The Planetary Society; conventions in 07 FINDINGS R73
planetary_society_pebd_mission_costs,Funding by Destination,1960,Mercury,0,USD millions (nominal),,PEBD sheet 'Funding by Destination' cell AD2,R73; PEBD pull 2026-09-27 (workbook updated 2025-11-13); attribution: The Planetary Society; conventions in 07 FINDINGS R73
planetary_society_pebd_mission_costs,Funding by Destination,1960,Mercury (inflation adj),0,"USD millions (2025 dollars, PEBD inflation adjustment)",,PEBD sheet 'Funding by Destination' cell AE2,R73; PEBD pull 2026-09-27 (workbook updated 2025-11-13); attribution: The Planetary Society; conventions in 07 FINDINGS R73
planetary_society_pebd_mission_costs,Funding by Destination,1960,Outer Planets,0,USD millions (nominal),,PEBD sheet 'Funding by Destination' cell AM2,R73; PEBD pull 2026-09-27 (workbook updated 2025-11-13); attribution: The Planetary Society; conventions in 07 FINDINGS R73
planetary_society_pebd_mission_costs,Funding by Destination,1960,Outer Planets (inflation adj),0,"USD millions (2025 dollars, PEBD inflation adjustment)",,PEBD sheet 'Funding by Destination' cell AN2,R73; PEBD pull 2026-09-27 (workbook updated 2025-11-13); attribution: The Planetary Society; conventions in 07 FINDINGS R73
planetary_society_pebd_mission_costs,Funding by Destination,1960,Lunar Ranger,19.542,USD millions (nominal),,PEBD sheet 'Funding by Destination' cell AO2,R73; PEBD pull 2026-09-27 (workbook updated 2025-11-13); attribution: The Planetary Society; conventions in 07 FINDINGS R73
planetary_society_pebd_mission_costs,Funding by Destination,1960,The Moon,19.542,USD millions (nominal),,PEBD sheet 'Funding by Destination' cell AU2,R73; PEBD pull 2026-09-27 (workbook updated 2025-11-13); attribution: The Planetary Society; conventions in 07 FINDINGS R73
planetary_society_pebd_mission_costs,Funding by Destination,1960,The Moon (inflation adj),311.6949,"USD millions (2025 dollars, PEBD inflation adjustment)",,PEBD sheet 'Funding by Destination' cell AV2,R73; PEBD pull 2026-09-27 (workbook updated 2025-11-13); attribution: The Planetary Society; conventions in 07 FINDINGS R73
planetary_society_pebd_mission_costs,Funding by Destination,1960,Small Bodies,0,USD millions (nominal),,PEBD sheet 'Funding by Destination' cell BG2,R73; PEBD pull 2026-09-27 (workbook updated 2025-11-13); attribution: The Planetary Society; conventions in 07 FINDINGS R73
planetary_society_pebd_mission_costs,Funding by Destination,1960,Small Bodies (inflation adj),0,"USD millions (2025 dollars, PEBD inflation adjustment)",,PEBD sheet 'Funding by Destination' cell BH2,R73; PEBD pull 2026-09-27 (workbook updated 2025-11-13); attribution: The Planetary Society; conventions in 07 FINDINGS R73
planetary_society_pebd_mission_costs,Funding by Destination,1961,Mars,0,USD millions (nominal),,PEBD sheet 'Funding by Destination' cell N3,R73; PEBD pull 2026-09-27 (workbook updated 2025-11-13); attribution: The Planetary Society; conventions in 07 FINDINGS R73
planetary_society_pebd_mission_costs,Funding by Destination,1961,Mars (inflation adj),0,"USD millions (2025 dollars, PEBD inflation adjustment)",,PEBD sheet 'Funding by Destination' cell O3,R73; PEBD pull 2026-09-27 (workbook updated 2025-11-13); attribution: The Planetary Society; conventions in 07 FINDINGS R73
planetary_society_pebd_mission_costs,Funding by Destination,1961,Venus,0,USD millions (nominal),,PEBD sheet 'Funding by Destination' cell Z3,R73; PEBD pull 2026-09-27 (workbook updated 2025-11-13); attribution: The Planetary Society; conventions in 07 FINDINGS R73
planetary_society_pebd_mission_costs,Funding by Destination,1961,Venus (inflation adj),0,"USD millions (2025 dollars, PEBD inflation adjustment)",,PEBD sheet 'Funding by Destination' cell AA3,R73; PEBD pull 2026-09-27 (workbook updated 2025-11-13); attribution: The Planetary Society; conventions in 07 FINDINGS R73
planetary_society_pebd_mission_costs,Funding by Destination,1961,Mercury,0,USD millions (nominal),,PEBD sheet 'Funding by Destination' cell AD3,R73; PEBD pull 2026-09-27 (workbook updated 2025-11-13); attribution: The Planetary Society; conventions in 07 FINDINGS R73
planetary_society_pebd_mission_costs,Funding by Destination,1961,Mercury (inflation adj),0,"USD millions (2025 dollars, PEBD inflation adjustment)",,PEBD sheet 'Funding by Destination' cell AE3,R73; PEBD pull 2026-09-27 (workbook updated 2025-11-13); attribution: The Planetary Society; conventions in 07 FINDINGS R73
planetary_society_pebd_mission_costs,Funding by Destination,1961,Outer Planets,0,USD millions (nominal),,PEBD sheet 'Funding by Destination' cell AM3,R73; PEBD pull 2026-09-27 (workbook updated 2025-11-13); attribution: The Planetary Society; conventions in 07 FINDINGS R73
planetary_society_pebd_mission_costs,Funding by Destination,1961,Outer Planets (inflation adj),0,"USD millions (2025 dollars, PEBD inflation adjustment)",,PEBD sheet 'Funding by Destination' cell AN3,R73; PEBD pull 2026-09-27 (workbook updated 2025-11-13); attribution: The Planetary Society; conventions in 07 FINDINGS R73
planetary_society_pebd_mission_costs,Funding by Destination,1961,Lunar Ranger,45.066,USD millions (nominal),,PEBD sheet 'Funding by Destination' cell AO3,R73; PEBD pull 2026-09-27 (workbook updated 2025-11-13); attribution: The Planetary Society; conventions in 07 FINDINGS R73
planetary_society_pebd_mission_costs,Funding by Destination,1961,Lunar Surveyor,7.054,USD millions (nominal),,PEBD sheet 'Funding by Destination' cell AQ3,R73; PEBD pull 2026-09-27 (workbook updated 2025-11-13); attribution: The Planetary Society; conventions in 07 FINDINGS R73
planetary_society_pebd_mission_costs,Funding by Destination,1961,The Moon,52.12,USD millions (nominal),,PEBD sheet 'Funding by Destination' cell AU3,R73; PEBD pull 2026-09-27 (workbook updated 2025-11-13); attribution: The Planetary Society; conventions in 07 FINDINGS R73
planetary_society_pebd_mission_costs,Funding by Destination,1961,The Moon (inflation adj),805.5146,"USD millions (2025 dollars, PEBD inflation adjustment)",,PEBD sheet 'Funding by Destination' cell AV3,R73; PEBD pull 2026-09-27 (workbook updated 2025-11-13); attribution: The Planetary Society; conventions in 07 FINDINGS R73
planetary_society_pebd_mission_costs,Funding by Destination,1961,Small Bodies,0,USD millions (nominal),,PEBD sheet 'Funding by Destination' cell BG3,R73; PEBD pull 2026-09-27 (workbook updated 2025-11-13); attribution: The Planetary Society; conventions in 07 FINDINGS R73
planetary_society_pebd_mission_costs,Funding by Destination,1961,Small Bodies (inflation adj),0,"USD millions (2025 dollars, PEBD inflation adjustment)",,PEBD sheet 'Funding by Destination' cell BH3,R73; PEBD pull 2026-09-27 (workbook updated 2025-11-13); attribution: The Planetary Society; conventions in 07 FINDINGS R73
planetary_society_pebd_mission_costs,Funding by Destination,1962,Mars,0,USD millions (nominal),,PEBD sheet 'Funding by Destination' cell N4,R73; PEBD pull 2026-09-27 (workbook updated 2025-11-13); attribution: The Planetary Society; conventions in 07 FINDINGS R73
planetary_society_pebd_mission_costs,Funding by Destination,1962,Mars (inflation adj),0,"USD millions (2025 dollars, PEBD inflation adjustment)",,PEBD sheet 'Funding by Destination' cell O4,R73; PEBD pull 2026-09-27 (workbook updated 2025-11-13); attribution: The Planetary Society; conventions in 07 FINDINGS R73
planetary_society_pebd_mission_costs,Funding by Destination,1962,Mariner 1 & 2,13.226,USD millions (nominal),,PEBD sheet 'Funding by Destination' cell P4,R73; PEBD pull 2026-09-27 (workbook updated 2025-11-13); attribution: The Planetary Society; conventions in 07 FINDINGS R73
planetary_society_pebd_mission_costs,Funding by Destination,1962,Mariver 1 & 2 LV,17,USD millions (nominal),,PEBD sheet 'Funding by Destination' cell Q4,R73; PEBD pull 2026-09-27 (workbook updated 2025-11-13); attribution: The Planetary Society; conventions in 07 FINDINGS R73
planetary_society_pebd_mission_costs,Funding by Destination,1962,Venus,30.226,USD millions (nominal),,PEBD sheet 'Funding by Destination' cell Z4,R73; PEBD pull 2026-09-27 (workbook updated 2025-11-13); attribution: The Planetary Society; conventions in 07 FINDINGS R73
planetary_society_pebd_mission_costs,Funding by Destination,1962,Venus (inflation adj),449.188586,"USD millions (2025 dollars, PEBD inflation adjustment)",,PEBD sheet 'Funding by Destination' cell AA4,R73; PEBD pull 2026-09-27 (workbook updated 2025-11-13); attribution: The Planetary Society; conventions in 07 FINDINGS R73
planetary_society_pebd_mission_costs,Funding by Destination,1962,Mercury,0,USD millions (nominal),,PEBD sheet 'Funding by Destination' cell AD4,R73; PEBD pull 2026-09-27 (workbook updated 2025-11-13); attribution: The Planetary Society; conventions in 07 FINDINGS R73
planetary_society_pebd_mission_costs,Funding by Destination,1962,Mercury (inflation adj),0,"USD millions (2025 dollars, PEBD inflation adjustment)",,PEBD sheet 'Funding by Destination' cell AE4,R73; PEBD pull 2026-09-27 (workbook updated 2025-11-13); attribution: The Planetary Society; conventions in 07 FINDINGS R73
planetary_society_pebd_mission_costs,Funding by Destination,1962,Outer Planets,0,USD millions (nominal),,PEBD sheet 'Funding by Destination' cell AM4,R73; PEBD pull 2026-09-27 (workbook updated 2025-11-13); attribution: The Planetary Society; conventions in 07 FINDINGS R73
planetary_society_pebd_mission_costs,Funding by Destination,1962,Outer Planets (inflation adj),0,"USD millions (2025 dollars, PEBD inflation adjustment)",,PEBD sheet 'Funding by Destination' cell AN4,R73; PEBD pull 2026-09-27 (workbook updated 2025-11-13); attribution: The Planetary Society; conventions in 07 FINDINGS R73
planetary_society_pebd_mission_costs,Funding by Destination,1962,Lunar Ranger,63.43,USD millions (nominal),,PEBD sheet 'Funding by Destination' cell AO4,R73; PEBD pull 2026-09-27 (workbook updated 2025-11-13); attribution: The Planetary Society; conventions in 07 FINDINGS R73
planetary_society_pebd_mission_costs,Funding by Destination,1962,Lunar Surveyor,36.825,USD millions (nominal),,PEBD sheet 'Funding by Destination' cell AQ4,R73; PEBD pull 2026-09-27 (workbook updated 2025-11-13); attribution: The Planetary Society; conventions in 07 FINDINGS R73
planetary_society_pebd_mission_costs,Funding by Destination,1962,The Moon,100.255,USD millions (nominal),,PEBD sheet 'Funding by Destination' cell AU4,R73; PEBD pull 2026-09-27 (workbook updated 2025-11-13); attribution: The Planetary Society; conventions in 07 FINDINGS R73
planetary_society_pebd_mission_costs,Funding by Destination,1962,The Moon (inflation adj),1489.889555,"USD millions (2025 dollars, PEBD inflation adjustment)",,PEBD sheet 'Funding by Destination' cell AV4,R73; PEBD pull 2026-09-27 (workbook updated 2025-11-13); attribution: The Planetary Society; conventions in 07 FINDINGS R73
planetary_society_pebd_mission_costs,Funding by Destination,1962,Small Bodies,0,USD millions (nominal),,PEBD sheet 'Funding by Destination' cell BG4,R73; PEBD pull 2026-09-27 (workbook updated 2025-11-13); attribution: The Planetary Society; conventions in 07 FINDINGS R73
planetary_society_pebd_mission_costs,Funding by Destination,1962,Small Bodies (inflation adj),0,"USD millions (2025 dollars, PEBD inflation adjustment)",,PEBD sheet 'Funding by Destination' cell BH4,R73; PEBD pull 2026-09-27 (workbook updated 2025-11-13); attribution: The Planetary Society; conventions in 07 FINDINGS R73
planetary_society_pebd_mission_costs,Funding by Destination,1963,Mariner 3 & 4,31.8,USD millions (nominal),,PEBD sheet 'Funding by Destination' cell B5,R73; PEBD pull 2026-09-27 (workbook updated 2025-11-13); attribution: The Planetary Society; conventions in 07 FINDINGS R73
planetary_society_pebd_mission_costs,Funding by Destination,1963,Early Mariner LVs,4.812,USD millions (nominal),,PEBD sheet 'Funding by Destination' cell D5,R73; PEBD pull 2026-09-27 (workbook updated 2025-11-13); attribution: The Planetary Society; conventions in 07 FINDINGS R73
planetary_society_pebd_mission_costs,Funding by Destination,1963,Mars,36.612,USD millions (nominal),,PEBD sheet 'Funding by Destination' cell N5,R73; PEBD pull 2026-09-27 (workbook updated 2025-11-13); attribution: The Planetary Society; conventions in 07 FINDINGS R73
planetary_society_pebd_mission_costs,Funding by Destination,1963,Mars (inflation adj),525.675096,"USD millions (2025 dollars, PEBD inflation adjustment)",,PEBD sheet 'Funding by Destination' cell O5,R73; PEBD pull 2026-09-27 (workbook updated 2025-11-13); attribution: The Planetary Society; conventions in 07 FINDINGS R73
planetary_society_pebd_mission_costs,Funding by Destination,1963,Mariner 1 & 2,7.7,USD millions (nominal),,PEBD sheet 'Funding by Destination' cell P5,R73; PEBD pull 2026-09-27 (workbook updated 2025-11-13); attribution: The Planetary Society; conventions in 07 FINDINGS R73
planetary_society_pebd_mission_costs,Funding by Destination,1963,Venus,7.7,USD millions (nominal),,PEBD sheet 'Funding by Destination' cell Z5,R73; PEBD pull 2026-09-27 (workbook updated 2025-11-13); attribution: The Planetary Society; conventions in 07 FINDINGS R73
planetary_society_pebd_mission_costs,Funding by Destination,1963,Venus (inflation adj),110.5566,"USD millions (2025 dollars, PEBD inflation adjustment)",,PEBD sheet 'Funding by Destination' cell AA5,R73; PEBD pull 2026-09-27 (workbook updated 2025-11-13); attribution: The Planetary Society; conventions in 07 FINDINGS R73
planetary_society_pebd_mission_costs,Funding by Destination,1963,Mercury,0,USD millions (nominal),,PEBD sheet 'Funding by Destination' cell AD5,R73; PEBD pull 2026-09-27 (workbook updated 2025-11-13); attribution: The Planetary Society; conventions in 07 FINDINGS R73
planetary_society_pebd_mission_costs,Funding by Destination,1963,Mercury (inflation adj),0,"USD millions (2025 dollars, PEBD inflation adjustment)",,PEBD sheet 'Funding by Destination' cell AE5,R73; PEBD pull 2026-09-27 (workbook updated 2025-11-13); attribution: The Planetary Society; conventions in 07 FINDINGS R73
planetary_society_pebd_mission_costs,Funding by Destination,1963,Outer Planets,0,USD millions (nominal),,PEBD sheet 'Funding by Destination' cell AM5,R73; PEBD pull 2026-09-27 (workbook updated 2025-11-13); attribution: The Planetary Society; conventions in 07 FINDINGS R73
planetary_society_pebd_mission_costs,Funding by Destination,1963,Outer Planets (inflation adj),0,"USD millions (2025 dollars, PEBD inflation adjustment)",,PEBD sheet 'Funding by Destination' cell AN5,R73; PEBD pull 2026-09-27 (workbook updated 2025-11-13); attribution: The Planetary Society; conventions in 07 FINDINGS R73
planetary_society_pebd_mission_costs,Funding by Destination,1963,Lunar Ranger,71.263,USD millions (nominal),,PEBD sheet 'Funding by Destination' cell AO5,R73; PEBD pull 2026-09-27 (workbook updated 2025-11-13); attribution: The Planetary Society; conventions in 07 FINDINGS R73
planetary_society_pebd_mission_costs,Funding by Destination,1963,Lunar Orbiter,4,USD millions (nominal),,PEBD sheet 'Funding by Destination' cell AP5,R73; PEBD pull 2026-09-27 (workbook updated 2025-11-13); attribution: The Planetary Society; conventions in 07 FINDINGS R73
planetary_society_pebd_mission_costs,Funding by Destination,1963,Lunar Surveyor,66.386,USD millions (nominal),,PEBD sheet 'Funding by Destination' cell AQ5,R73; PEBD pull 2026-09-27 (workbook updated 2025-11-13); attribution: The Planetary Society; conventions in 07 FINDINGS R73
planetary_society_pebd_mission_costs,Funding by Destination,1963,The Moon,141.649,USD millions (nominal),,PEBD sheet 'Funding by Destination' cell AU5,R73; PEBD pull 2026-09-27 (workbook updated 2025-11-13); attribution: The Planetary Society; conventions in 07 FINDINGS R73
planetary_society_pebd_mission_costs,Funding by Destination,1963,The Moon (inflation adj),2033.796342,"USD millions (2025 dollars, PEBD inflation adjustment)",,PEBD sheet 'Funding by Destination' cell AV5,R73; PEBD pull 2026-09-27 (workbook updated 2025-11-13); attribution: The Planetary Society; conventions in 07 FINDINGS R73
planetary_society_pebd_mission_costs,Funding by Destination,1963,Small Bodies,0,USD millions (nominal),,PEBD sheet 'Funding by Destination' cell BG5,R73; PEBD pull 2026-09-27 (workbook updated 2025-11-13); attribution: The Planetary Society; conventions in 07 FINDINGS R73
planetary_society_pebd_mission_costs,Funding by Destination,1963,Small Bodies (inflation adj),0,"USD millions (2025 dollars, PEBD inflation adjustment)",,PEBD sheet 'Funding by Destination' cell BH5,R73; PEBD pull 2026-09-27 (workbook updated 2025-11-13); attribution: The Planetary Society; conventions in 07 FINDINGS R73
planetary_society_pebd_mission_costs,Funding by Destination,1964,Mariner 3 & 4,28.36,USD millions (nominal),,PEBD sheet 'Funding by Destination' cell B6,R73; PEBD pull 2026-09-27 (workbook updated 2025-11-13); attribution: The Planetary Society; conventions in 07 FINDINGS R73
planetary_society_pebd_mission_costs,Funding by Destination,1964,Early Mariner LVs,10.55,USD millions (nominal),,PEBD sheet 'Funding by Destination' cell D6,R73; PEBD pull 2026-09-27 (workbook updated 2025-11-13); attribution: The Planetary Society; conventions in 07 FINDINGS R73
planetary_society_pebd_mission_costs,Funding by Destination,1964,Mars,38.91,USD millions (nominal),,PEBD sheet 'Funding by Destination' cell N6,R73; PEBD pull 2026-09-27 (workbook updated 2025-11-13); attribution: The Planetary Society; conventions in 07 FINDINGS R73
planetary_society_pebd_mission_costs,Funding by Destination,1964,Mars (inflation adj),534.6234,"USD millions (2025 dollars, PEBD inflation adjustment)",,PEBD sheet 'Funding by Destination' cell O6,R73; PEBD pull 2026-09-27 (workbook updated 2025-11-13); attribution: The Planetary Society; conventions in 07 FINDINGS R73
planetary_society_pebd_mission_costs,Funding by Destination,1964,Venus,0,USD millions (nominal),,PEBD sheet 'Funding by Destination' cell Z6,R73; PEBD pull 2026-09-27 (workbook updated 2025-11-13); attribution: The Planetary Society; conventions in 07 FINDINGS R73
planetary_society_pebd_mission_costs,Funding by Destination,1964,Venus (inflation adj),0,"USD millions (2025 dollars, PEBD inflation adjustment)",,PEBD sheet 'Funding by Destination' cell AA6,R73; PEBD pull 2026-09-27 (workbook updated 2025-11-13); attribution: The Planetary Society; conventions in 07 FINDINGS R73
planetary_society_pebd_mission_costs,Funding by Destination,1964,Mercury,0,USD millions (nominal),,PEBD sheet 'Funding by Destination' cell AD6,R73; PEBD pull 2026-09-27 (workbook updated 2025-11-13); attribution: The Planetary Society; conventions in 07 FINDINGS R73
planetary_society_pebd_mission_costs,Funding by Destination,1964,Mercury (inflation adj),0,"USD millions (2025 dollars, PEBD inflation adjustment)",,PEBD sheet 'Funding by Destination' cell AE6,R73; PEBD pull 2026-09-27 (workbook updated 2025-11-13); attribution: The Planetary Society; conventions in 07 FINDINGS R73
planetary_society_pebd_mission_costs,Funding by Destination,1964,Outer Planets,0,USD millions (nominal),,PEBD sheet 'Funding by Destination' cell AM6,R73; PEBD pull 2026-09-27 (workbook updated 2025-11-13); attribution: The Planetary Society; conventions in 07 FINDINGS R73
planetary_society_pebd_mission_costs,Funding by Destination,1964,Outer Planets (inflation adj),0,"USD millions (2025 dollars, PEBD inflation adjustment)",,PEBD sheet 'Funding by Destination' cell AN6,R73; PEBD pull 2026-09-27 (workbook updated 2025-11-13); attribution: The Planetary Society; conventions in 07 FINDINGS R73
planetary_society_pebd_mission_costs,Funding by Destination,1964,Lunar Ranger,30.306,USD millions (nominal),,PEBD sheet 'Funding by Destination' cell AO6,R73; PEBD pull 2026-09-27 (workbook updated 2025-11-13); attribution: The Planetary Society; conventions in 07 FINDINGS R73
planetary_society_pebd_mission_costs,Funding by Destination,1964,Lunar Orbiter,20,USD millions (nominal),,PEBD sheet 'Funding by Destination' cell AP6,R73; PEBD pull 2026-09-27 (workbook updated 2025-11-13); attribution: The Planetary Society; conventions in 07 FINDINGS R73
planetary_society_pebd_mission_costs,Funding by Destination,1964,Lunar Surveyor,102.704,USD millions (nominal),,PEBD sheet 'Funding by Destination' cell AQ6,R73; PEBD pull 2026-09-27 (workbook updated 2025-11-13); attribution: The Planetary Society; conventions in 07 FINDINGS R73
planetary_society_pebd_mission_costs,Funding by Destination,1964,The Moon,153.01,USD millions (nominal),,PEBD sheet 'Funding by Destination' cell AU6,R73; PEBD pull 2026-09-27 (workbook updated 2025-11-13); attribution: The Planetary Society; conventions in 07 FINDINGS R73
planetary_society_pebd_mission_costs,Funding by Destination,1964,The Moon (inflation adj),2102.3574,"USD millions (2025 dollars, PEBD inflation adjustment)",,PEBD sheet 'Funding by Destination' cell AV6,R73; PEBD pull 2026-09-27 (workbook updated 2025-11-13); attribution: The Planetary Society; conventions in 07 FINDINGS R73
planetary_society_pebd_mission_costs,Funding by Destination,1964,Small Bodies,0,USD millions (nominal),,PEBD sheet 'Funding by Destination' cell BG6,R73; PEBD pull 2026-09-27 (workbook updated 2025-11-13); attribution: The Planetary Society; conventions in 07 FINDINGS R73
planetary_society_pebd_mission_costs,Funding by Destination,1964,Small Bodies (inflation adj),0,"USD millions (2025 dollars, PEBD inflation adjustment)",,PEBD sheet 'Funding by Destination' cell BH6,R73; PEBD pull 2026-09-27 (workbook updated 2025-11-13); attribution: The Planetary Society; conventions in 07 FINDINGS R73
planetary_society_pebd_mission_costs,Funding by Destination,1965,Mariner 3 & 4,16.2,USD millions (nominal),,PEBD sheet 'Funding by Destination' cell B7,R73; PEBD pull 2026-09-27 (workbook updated 2025-11-13); attribution: The Planetary Society; conventions in 07 FINDINGS R73
planetary_society_pebd_mission_costs,Funding by Destination,1965,Mars,16.2,USD millions (nominal),,PEBD sheet 'Funding by Destination' cell N7,R73; PEBD pull 2026-09-27 (workbook updated 2025-11-13); attribution: The Planetary Society; conventions in 07 FINDINGS R73
planetary_society_pebd_mission_costs,Funding by Destination,1965,Mars (inflation adj),215.2656,"USD millions (2025 dollars, PEBD inflation adjustment)",,PEBD sheet 'Funding by Destination' cell O7,R73; PEBD pull 2026-09-27 (workbook updated 2025-11-13); attribution: The Planetary Society; conventions in 07 FINDINGS R73
planetary_society_pebd_mission_costs,Funding by Destination,1965,Venus,0,USD millions (nominal),,PEBD sheet 'Funding by Destination' cell Z7,R73; PEBD pull 2026-09-27 (workbook updated 2025-11-13); attribution: The Planetary Society; conventions in 07 FINDINGS R73
planetary_society_pebd_mission_costs,Funding by Destination,1965,Venus (inflation adj),0,"USD millions (2025 dollars, PEBD inflation adjustment)",,PEBD sheet 'Funding by Destination' cell AA7,R73; PEBD pull 2026-09-27 (workbook updated 2025-11-13); attribution: The Planetary Society; conventions in 07 FINDINGS R73
planetary_society_pebd_mission_costs,Funding by Destination,1965,Mercury,0,USD millions (nominal),,PEBD sheet 'Funding by Destination' cell AD7,R73; PEBD pull 2026-09-27 (workbook updated 2025-11-13); attribution: The Planetary Society; conventions in 07 FINDINGS R73
planetary_society_pebd_mission_costs,Funding by Destination,1965,Mercury (inflation adj),0,"USD millions (2025 dollars, PEBD inflation adjustment)",,PEBD sheet 'Funding by Destination' cell AE7,R73; PEBD pull 2026-09-27 (workbook updated 2025-11-13); attribution: The Planetary Society; conventions in 07 FINDINGS R73
planetary_society_pebd_mission_costs,Funding by Destination,1965,Outer Planets,0,USD millions (nominal),,PEBD sheet 'Funding by Destination' cell AM7,R73; PEBD pull 2026-09-27 (workbook updated 2025-11-13); attribution: The Planetary Society; conventions in 07 FINDINGS R73
planetary_society_pebd_mission_costs,Funding by Destination,1965,Outer Planets (inflation adj),0,"USD millions (2025 dollars, PEBD inflation adjustment)",,PEBD sheet 'Funding by Destination' cell AN7,R73; PEBD pull 2026-09-27 (workbook updated 2025-11-13); attribution: The Planetary Society; conventions in 07 FINDINGS R73
planetary_society_pebd_mission_costs,Funding by Destination,1965,Lunar Ranger,11.037,USD millions (nominal),,PEBD sheet 'Funding by Destination' cell AO7,R73; PEBD pull 2026-09-27 (workbook updated 2025-11-13); attribution: The Planetary Society; conventions in 07 FINDINGS R73
planetary_society_pebd_mission_costs,Funding by Destination,1965,Lunar Orbiter,58.604,USD millions (nominal),,PEBD sheet 'Funding by Destination' cell AP7,R73; PEBD pull 2026-09-27 (workbook updated 2025-11-13); attribution: The Planetary Society; conventions in 07 FINDINGS R73
planetary_society_pebd_mission_costs,Funding by Destination,1965,Lunar Surveyor,121.878,USD millions (nominal),,PEBD sheet 'Funding by Destination' cell AQ7,R73; PEBD pull 2026-09-27 (workbook updated 2025-11-13); attribution: The Planetary Society; conventions in 07 FINDINGS R73
planetary_society_pebd_mission_costs,Funding by Destination,1965,The Moon,191.519,USD millions (nominal),,PEBD sheet 'Funding by Destination' cell AU7,R73; PEBD pull 2026-09-27 (workbook updated 2025-11-13); attribution: The Planetary Society; conventions in 07 FINDINGS R73
planetary_society_pebd_mission_costs,Funding by Destination,1965,The Moon (inflation adj),2544.904472,"USD millions (2025 dollars, PEBD inflation adjustment)",,PEBD sheet 'Funding by Destination' cell AV7,R73; PEBD pull 2026-09-27 (workbook updated 2025-11-13); attribution: The Planetary Society; conventions in 07 FINDINGS R73
planetary_society_pebd_mission_costs,Funding by Destination,1965,Small Bodies,0,USD millions (nominal),,PEBD sheet 'Funding by Destination' cell BG7,R73; PEBD pull 2026-09-27 (workbook updated 2025-11-13); attribution: The Planetary Society; conventions in 07 FINDINGS R73
planetary_society_pebd_mission_costs,Funding by Destination,1965,Small Bodies (inflation adj),0,"USD millions (2025 dollars, PEBD inflation adjustment)",,PEBD sheet 'Funding by Destination' cell BH7,R73; PEBD pull 2026-09-27 (workbook updated 2025-11-13); attribution: The Planetary Society; conventions in 07 FINDINGS R73
planetary_society_pebd_mission_costs,Funding by Destination,1966,Mariner 3 & 4,2.335,USD millions (nominal),,PEBD sheet 'Funding by Destination' cell B8,R73; PEBD pull 2026-09-27 (workbook updated 2025-11-13); attribution: The Planetary Society; conventions in 07 FINDINGS R73
planetary_society_pebd_mission_costs,Funding by Destination,1966,Mars,2.335,USD millions (nominal),,PEBD sheet 'Funding by Destination' cell N8,R73; PEBD pull 2026-09-27 (workbook updated 2025-11-13); attribution: The Planetary Society; conventions in 07 FINDINGS R73
planetary_society_pebd_mission_costs,Funding by Destination,1966,Mars (inflation adj),29.27156,"USD millions (2025 dollars, PEBD inflation adjustment)",,PEBD sheet 'Funding by Destination' cell O8,R73; PEBD pull 2026-09-27 (workbook updated 2025-11-13); attribution: The Planetary Society; conventions in 07 FINDINGS R73
planetary_society_pebd_mission_costs,Funding by Destination,1966,Mariner 5,10.9,USD millions (nominal),,PEBD sheet 'Funding by Destination' cell R8,R73; PEBD pull 2026-09-27 (workbook updated 2025-11-13); attribution: The Planetary Society; conventions in 07 FINDINGS R73
planetary_society_pebd_mission_costs,Funding by Destination,1966,Mariner 5 LV,14.5,USD millions (nominal),,PEBD sheet 'Funding by Destination' cell S8,R73; PEBD pull 2026-09-27 (workbook updated 2025-11-13); attribution: The Planetary Society; conventions in 07 FINDINGS R73
planetary_society_pebd_mission_costs,Funding by Destination,1966,Venus,25.4,USD millions (nominal),,PEBD sheet 'Funding by Destination' cell Z8,R73; PEBD pull 2026-09-27 (workbook updated 2025-11-13); attribution: The Planetary Society; conventions in 07 FINDINGS R73
planetary_society_pebd_mission_costs,Funding by Destination,1966,Venus (inflation adj),318.4144,"USD millions (2025 dollars, PEBD inflation adjustment)",,PEBD sheet 'Funding by Destination' cell AA8,R73; PEBD pull 2026-09-27 (workbook updated 2025-11-13); attribution: The Planetary Society; conventions in 07 FINDINGS R73
planetary_society_pebd_mission_costs,Funding by Destination,1966,Mercury,0,USD millions (nominal),,PEBD sheet 'Funding by Destination' cell AD8,R73; PEBD pull 2026-09-27 (workbook updated 2025-11-13); attribution: The Planetary Society; conventions in 07 FINDINGS R73
planetary_society_pebd_mission_costs,Funding by Destination,1966,Mercury (inflation adj),0,"USD millions (2025 dollars, PEBD inflation adjustment)",,PEBD sheet 'Funding by Destination' cell AE8,R73; PEBD pull 2026-09-27 (workbook updated 2025-11-13); attribution: The Planetary Society; conventions in 07 FINDINGS R73
planetary_society_pebd_mission_costs,Funding by Destination,1966,Outer Planets,0,USD millions (nominal),,PEBD sheet 'Funding by Destination' cell AM8,R73; PEBD pull 2026-09-27 (workbook updated 2025-11-13); attribution: The Planetary Society; conventions in 07 FINDINGS R73
planetary_society_pebd_mission_costs,Funding by Destination,1966,Outer Planets (inflation adj),0,"USD millions (2025 dollars, PEBD inflation adjustment)",,PEBD sheet 'Funding by Destination' cell AN8,R73; PEBD pull 2026-09-27 (workbook updated 2025-11-13); attribution: The Planetary Society; conventions in 07 FINDINGS R73
planetary_society_pebd_mission_costs,Funding by Destination,1966,Lunar Ranger,1,USD millions (nominal),,PEBD sheet 'Funding by Destination' cell AO8,R73; PEBD pull 2026-09-27 (workbook updated 2025-11-13); attribution: The Planetary Society; conventions in 07 FINDINGS R73
planetary_society_pebd_mission_costs,Funding by Destination,1966,Lunar Orbiter,72.581,USD millions (nominal),,PEBD sheet 'Funding by Destination' cell AP8,R73; PEBD pull 2026-09-27 (workbook updated 2025-11-13); attribution: The Planetary Society; conventions in 07 FINDINGS R73
planetary_society_pebd_mission_costs,Funding by Destination,1966,Lunar Surveyor,119.634,USD millions (nominal),,PEBD sheet 'Funding by Destination' cell AQ8,R73; PEBD pull 2026-09-27 (workbook updated 2025-11-13); attribution: The Planetary Society; conventions in 07 FINDINGS R73
planetary_society_pebd_mission_costs,Funding by Destination,1966,The Moon,193.215,USD millions (nominal),,PEBD sheet 'Funding by Destination' cell AU8,R73; PEBD pull 2026-09-27 (workbook updated 2025-11-13); attribution: The Planetary Society; conventions in 07 FINDINGS R73
planetary_society_pebd_mission_costs,Funding by Destination,1966,The Moon (inflation adj),2422.14324,"USD millions (2025 dollars, PEBD inflation adjustment)",,PEBD sheet 'Funding by Destination' cell AV8,R73; PEBD pull 2026-09-27 (workbook updated 2025-11-13); attribution: The Planetary Society; conventions in 07 FINDINGS R73
planetary_society_pebd_mission_costs,Funding by Destination,1966,Small Bodies,0,USD millions (nominal),,PEBD sheet 'Funding by Destination' cell BG8,R73; PEBD pull 2026-09-27 (workbook updated 2025-11-13); attribution: The Planetary Society; conventions in 07 FINDINGS R73
planetary_society_pebd_mission_costs,Funding by Destination,1966,Small Bodies (inflation adj),0,"USD millions (2025 dollars, PEBD inflation adjustment)",,PEBD sheet 'Funding by Destination' cell BH8,R73; PEBD pull 2026-09-27 (workbook updated 2025-11-13); attribution: The Planetary Society; conventions in 07 FINDINGS R73
planetary_society_pebd_mission_costs,Funding by Destination,1967,Mariner 3 & 4,1,USD millions (nominal),,PEBD sheet 'Funding by Destination' cell B9,R73; PEBD pull 2026-09-27 (workbook updated 2025-11-13); attribution: The Planetary Society; conventions in 07 FINDINGS R73
planetary_society_pebd_mission_costs,Funding by Destination,1967,Mariner 6 & 7,30.13,USD millions (nominal),,PEBD sheet 'Funding by Destination' cell C9,R73; PEBD pull 2026-09-27 (workbook updated 2025-11-13); attribution: The Planetary Society; conventions in 07 FINDINGS R73
planetary_society_pebd_mission_costs,Funding by Destination,1967,Mars,31.13,USD millions (nominal),,PEBD sheet 'Funding by Destination' cell N9,R73; PEBD pull 2026-09-27 (workbook updated 2025-11-13); attribution: The Planetary Society; conventions in 07 FINDINGS R73
planetary_society_pebd_mission_costs,Funding by Destination,1967,Mars (inflation adj),372.03463,"USD millions (2025 dollars, PEBD inflation adjustment)",,PEBD sheet 'Funding by Destination' cell O9,R73; PEBD pull 2026-09-27 (workbook updated 2025-11-13); attribution: The Planetary Society; conventions in 07 FINDINGS R73
planetary_society_pebd_mission_costs,Funding by Destination,1967,Mariner 5,12.058,USD millions (nominal),,PEBD sheet 'Funding by Destination' cell R9,R73; PEBD pull 2026-09-27 (workbook updated 2025-11-13); attribution: The Planetary Society; conventions in 07 FINDINGS R73
planetary_society_pebd_mission_costs,Funding by Destination,1967,Mariner 5 LV,9,USD millions (nominal),,PEBD sheet 'Funding by Destination' cell S9,R73; PEBD pull 2026-09-27 (workbook updated 2025-11-13); attribution: The Planetary Society; conventions in 07 FINDINGS R73
planetary_society_pebd_mission_costs,Funding by Destination,1967,Venus,21.058,USD millions (nominal),,PEBD sheet 'Funding by Destination' cell Z9,R73; PEBD pull 2026-09-27 (workbook updated 2025-11-13); attribution: The Planetary Society; conventions in 07 FINDINGS R73
planetary_society_pebd_mission_costs,Funding by Destination,1967,Venus (inflation adj),251.664158,"USD millions (2025 dollars, PEBD inflation adjustment)",,PEBD sheet 'Funding by Destination' cell AA9,R73; PEBD pull 2026-09-27 (workbook updated 2025-11-13); attribution: The Planetary Society; conventions in 07 FINDINGS R73
planetary_society_pebd_mission_costs,Funding by Destination,1967,Mercury,0,USD millions (nominal),,PEBD sheet 'Funding by Destination' cell AD9,R73; PEBD pull 2026-09-27 (workbook updated 2025-11-13); attribution: The Planetary Society; conventions in 07 FINDINGS R73
planetary_society_pebd_mission_costs,Funding by Destination,1967,Mercury (inflation adj),0,"USD millions (2025 dollars, PEBD inflation adjustment)",,PEBD sheet 'Funding by Destination' cell AE9,R73; PEBD pull 2026-09-27 (workbook updated 2025-11-13); attribution: The Planetary Society; conventions in 07 FINDINGS R73
planetary_society_pebd_mission_costs,Funding by Destination,1967,Outer Planets,0,USD millions (nominal),,PEBD sheet 'Funding by Destination' cell AM9,R73; PEBD pull 2026-09-27 (workbook updated 2025-11-13); attribution: The Planetary Society; conventions in 07 FINDINGS R73
planetary_society_pebd_mission_costs,Funding by Destination,1967,Outer Planets (inflation adj),0,"USD millions (2025 dollars, PEBD inflation adjustment)",,PEBD sheet 'Funding by Destination' cell AN9,R73; PEBD pull 2026-09-27 (workbook updated 2025-11-13); attribution: The Planetary Society; conventions in 07 FINDINGS R73
planetary_society_pebd_mission_costs,Funding by Destination,1967,Lunar Orbiter,35.3,USD millions (nominal),,PEBD sheet 'Funding by Destination' cell AP9,R73; PEBD pull 2026-09-27 (workbook updated 2025-11-13); attribution: The Planetary Society; conventions in 07 FINDINGS R73
planetary_society_pebd_mission_costs,Funding by Destination,1967,Lunar Surveyor,87.542,USD millions (nominal),,PEBD sheet 'Funding by Destination' cell AQ9,R73; PEBD pull 2026-09-27 (workbook updated 2025-11-13); attribution: The Planetary Society; conventions in 07 FINDINGS R73
planetary_society_pebd_mission_costs,Funding by Destination,1967,The Moon,122.842,USD millions (nominal),,PEBD sheet 'Funding by Destination' cell AU9,R73; PEBD pull 2026-09-27 (workbook updated 2025-11-13); attribution: The Planetary Society; conventions in 07 FINDINGS R73
planetary_society_pebd_mission_costs,Funding by Destination,1967,The Moon (inflation adj),1468.084742,"USD millions (2025 dollars, PEBD inflation adjustment)",,PEBD sheet 'Funding by Destination' cell AV9,R73; PEBD pull 2026-09-27 (workbook updated 2025-11-13); attribution: The Planetary Society; conventions in 07 FINDINGS R73
planetary_society_pebd_mission_costs,Funding by Destination,1967,Small Bodies,0,USD millions (nominal),,PEBD sheet 'Funding by Destination' cell BG9,R73; PEBD pull 2026-09-27 (workbook updated 2025-11-13); attribution: The Planetary Society; conventions in 07 FINDINGS R73
planetary_society_pebd_mission_costs,Funding by Destination,1967,Small Bodies (inflation adj),0,"USD millions (2025 dollars, PEBD inflation adjustment)",,PEBD sheet 'Funding by Destination' cell BH9,R73; PEBD pull 2026-09-27 (workbook updated 2025-11-13); attribution: The Planetary Society; conventions in 07 FINDINGS R73
planetary_society_pebd_mission_costs,Funding by Destination,1968,Mariner 6 & 7,62.85,USD millions (nominal),,PEBD sheet 'Funding by Destination' cell C10,R73; PEBD pull 2026-09-27 (workbook updated 2025-11-13); attribution: The Planetary Society; conventions in 07 FINDINGS R73
planetary_society_pebd_mission_costs,Funding by Destination,1968,Early Mariner LVs,6.874,USD millions (nominal),,PEBD sheet 'Funding by Destination' cell D10,R73; PEBD pull 2026-09-27 (workbook updated 2025-11-13); attribution: The Planetary Society; conventions in 07 FINDINGS R73
planetary_society_pebd_mission_costs,Funding by Destination,1968,Mars,69.724,USD millions (nominal),,PEBD sheet 'Funding by Destination' cell N10,R73; PEBD pull 2026-09-27 (workbook updated 2025-11-13); attribution: The Planetary Society; conventions in 07 FINDINGS R73
planetary_society_pebd_mission_costs,Funding by Destination,1968,Mars (inflation adj),790.530712,"USD millions (2025 dollars, PEBD inflation adjustment)",,PEBD sheet 'Funding by Destination' cell O10,R73; PEBD pull 2026-09-27 (workbook updated 2025-11-13); attribution: The Planetary Society; conventions in 07 FINDINGS R73
planetary_society_pebd_mission_costs,Funding by Destination,1968,Mariner 5,3.4,USD millions (nominal),,PEBD sheet 'Funding by Destination' cell R10,R73; PEBD pull 2026-09-27 (workbook updated 2025-11-13); attribution: The Planetary Society; conventions in 07 FINDINGS R73
planetary_society_pebd_mission_costs,Funding by Destination,1968,Venus,3.4,USD millions (nominal),,PEBD sheet 'Funding by Destination' cell Z10,R73; PEBD pull 2026-09-27 (workbook updated 2025-11-13); attribution: The Planetary Society; conventions in 07 FINDINGS R73
planetary_society_pebd_mission_costs,Funding by Destination,1968,Venus (inflation adj),38.5492,"USD millions (2025 dollars, PEBD inflation adjustment)",,PEBD sheet 'Funding by Destination' cell AA10,R73; PEBD pull 2026-09-27 (workbook updated 2025-11-13); attribution: The Planetary Society; conventions in 07 FINDINGS R73
planetary_society_pebd_mission_costs,Funding by Destination,1968,Mercury,0,USD millions (nominal),,PEBD sheet 'Funding by Destination' cell AD10,R73; PEBD pull 2026-09-27 (workbook updated 2025-11-13); attribution: The Planetary Society; conventions in 07 FINDINGS R73
planetary_society_pebd_mission_costs,Funding by Destination,1968,Mercury (inflation adj),0,"USD millions (2025 dollars, PEBD inflation adjustment)",,PEBD sheet 'Funding by Destination' cell AE10,R73; PEBD pull 2026-09-27 (workbook updated 2025-11-13); attribution: The Planetary Society; conventions in 07 FINDINGS R73
planetary_society_pebd_mission_costs,Funding by Destination,1968,Outer Planets,0,USD millions (nominal),,PEBD sheet 'Funding by Destination' cell AM10,R73; PEBD pull 2026-09-27 (workbook updated 2025-11-13); attribution: The Planetary Society; conventions in 07 FINDINGS R73
planetary_society_pebd_mission_costs,Funding by Destination,1968,Outer Planets (inflation adj),0,"USD millions (2025 dollars, PEBD inflation adjustment)",,PEBD sheet 'Funding by Destination' cell AN10,R73; PEBD pull 2026-09-27 (workbook updated 2025-11-13); attribution: The Planetary Society; conventions in 07 FINDINGS R73
planetary_society_pebd_mission_costs,Funding by Destination,1968,Lunar Orbiter,10,USD millions (nominal),,PEBD sheet 'Funding by Destination' cell AP10,R73; PEBD pull 2026-09-27 (workbook updated 2025-11-13); attribution: The Planetary Society; conventions in 07 FINDINGS R73
planetary_society_pebd_mission_costs,Funding by Destination,1968,Lunar Surveyor,33,USD millions (nominal),,PEBD sheet 'Funding by Destination' cell AQ10,R73; PEBD pull 2026-09-27 (workbook updated 2025-11-13); attribution: The Planetary Society; conventions in 07 FINDINGS R73
planetary_society_pebd_mission_costs,Funding by Destination,1968,The Moon,43,USD millions (nominal),,PEBD sheet 'Funding by Destination' cell AU10,R73; PEBD pull 2026-09-27 (workbook updated 2025-11-13); attribution: The Planetary Society; conventions in 07 FINDINGS R73
planetary_society_pebd_mission_costs,Funding by Destination,1968,The Moon (inflation adj),487.534,"USD millions (2025 dollars, PEBD inflation adjustment)",,PEBD sheet 'Funding by Destination' cell AV10,R73; PEBD pull 2026-09-27 (workbook updated 2025-11-13); attribution: The Planetary Society; conventions in 07 FINDINGS R73
planetary_society_pebd_mission_costs,Funding by Destination,1968,Small Bodies,0,USD millions (nominal),,PEBD sheet 'Funding by Destination' cell BG10,R73; PEBD pull 2026-09-27 (workbook updated 2025-11-13); attribution: The Planetary Society; conventions in 07 FINDINGS R73
planetary_society_pebd_mission_costs,Funding by Destination,1968,Small Bodies (inflation adj),0,"USD millions (2025 dollars, PEBD inflation adjustment)",,PEBD sheet 'Funding by Destination' cell BH10,R73; PEBD pull 2026-09-27 (workbook updated 2025-11-13); attribution: The Planetary Society; conventions in 07 FINDINGS R73
planetary_society_pebd_mission_costs,Funding by Destination,1969,Mariner 6 & 7,26.13,USD millions (nominal),,PEBD sheet 'Funding by Destination' cell C11,R73; PEBD pull 2026-09-27 (workbook updated 2025-11-13); attribution: The Planetary Society; conventions in 07 FINDINGS R73
planetary_society_pebd_mission_costs,Funding by Destination,1969,Early Mariner LVs,11.039,USD millions (nominal),,PEBD sheet 'Funding by Destination' cell D11,R73; PEBD pull 2026-09-27 (workbook updated 2025-11-13); attribution: The Planetary Society; conventions in 07 FINDINGS R73
planetary_society_pebd_mission_costs,Funding by Destination,1969,Mariner 8 & 9,31.619,USD millions (nominal),,PEBD sheet 'Funding by Destination' cell E11,R73; PEBD pull 2026-09-27 (workbook updated 2025-11-13); attribution: The Planetary Society; conventions in 07 FINDINGS R73
planetary_society_pebd_mission_costs,Funding by Destination,1969,Viking,12.427,USD millions (nominal),,PEBD sheet 'Funding by Destination' cell F11,R73; PEBD pull 2026-09-27 (workbook updated 2025-11-13); attribution: The Planetary Society; conventions in 07 FINDINGS R73
planetary_society_pebd_mission_costs,Funding by Destination,1969,Mars,81.215,USD millions (nominal),,PEBD sheet 'Funding by Destination' cell N11,R73; PEBD pull 2026-09-27 (workbook updated 2025-11-13); attribution: The Planetary Society; conventions in 07 FINDINGS R73
planetary_society_pebd_mission_costs,Funding by Destination,1969,Mars (inflation adj),871.193305,"USD millions (2025 dollars, PEBD inflation adjustment)",,PEBD sheet 'Funding by Destination' cell O11,R73; PEBD pull 2026-09-27 (workbook updated 2025-11-13); attribution: The Planetary Society; conventions in 07 FINDINGS R73
planetary_society_pebd_mission_costs,Funding by Destination,1969,Venus,0,USD millions (nominal),,PEBD sheet 'Funding by Destination' cell Z11,R73; PEBD pull 2026-09-27 (workbook updated 2025-11-13); attribution: The Planetary Society; conventions in 07 FINDINGS R73
planetary_society_pebd_mission_costs,Funding by Destination,1969,Venus (inflation adj),0,"USD millions (2025 dollars, PEBD inflation adjustment)",,PEBD sheet 'Funding by Destination' cell AA11,R73; PEBD pull 2026-09-27 (workbook updated 2025-11-13); attribution: The Planetary Society; conventions in 07 FINDINGS R73
planetary_society_pebd_mission_costs,Funding by Destination,1969,Mercury,0,USD millions (nominal),,PEBD sheet 'Funding by Destination' cell AD11,R73; PEBD pull 2026-09-27 (workbook updated 2025-11-13); attribution: The Planetary Society; conventions in 07 FINDINGS R73
planetary_society_pebd_mission_costs,Funding by Destination,1969,Mercury (inflation adj),0,"USD millions (2025 dollars, PEBD inflation adjustment)",,PEBD sheet 'Funding by Destination' cell AE11,R73; PEBD pull 2026-09-27 (workbook updated 2025-11-13); attribution: The Planetary Society; conventions in 07 FINDINGS R73
planetary_society_pebd_mission_costs,Funding by Destination,1969,Pioneer 10 & 11,5.965,USD millions (nominal),,PEBD sheet 'Funding by Destination' cell AF11,R73; PEBD pull 2026-09-27 (workbook updated 2025-11-13); attribution: The Planetary Society; conventions in 07 FINDINGS R73
planetary_society_pebd_mission_costs,Funding by Destination,1969,Outer Planets,5.965,USD millions (nominal),,PEBD sheet 'Funding by Destination' cell AM11,R73; PEBD pull 2026-09-27 (workbook updated 2025-11-13); attribution: The Planetary Society; conventions in 07 FINDINGS R73
planetary_society_pebd_mission_costs,Funding by Destination,1969,Outer Planets (inflation adj),63.986555,"USD millions (2025 dollars, PEBD inflation adjustment)",,PEBD sheet 'Funding by Destination' cell AN11,R73; PEBD pull 2026-09-27 (workbook updated 2025-11-13); attribution: The Planetary Society; conventions in 07 FINDINGS R73
planetary_society_pebd_mission_costs,Funding by Destination,1969,The Moon,0,USD millions (nominal),,PEBD sheet 'Funding by Destination' cell AU11,R73; PEBD pull 2026-09-27 (workbook updated 2025-11-13); attribution: The Planetary Society; conventions in 07 FINDINGS R73
planetary_society_pebd_mission_costs,Funding by Destination,1969,The Moon (inflation adj),0,"USD millions (2025 dollars, PEBD inflation adjustment)",,PEBD sheet 'Funding by Destination' cell AV11,R73; PEBD pull 2026-09-27 (workbook updated 2025-11-13); attribution: The Planetary Society; conventions in 07 FINDINGS R73
planetary_society_pebd_mission_costs,Funding by Destination,1969,Small Bodies,0,USD millions (nominal),,PEBD sheet 'Funding by Destination' cell BG11,R73; PEBD pull 2026-09-27 (workbook updated 2025-11-13); attribution: The Planetary Society; conventions in 07 FINDINGS R73
planetary_society_pebd_mission_costs,Funding by Destination,1969,Small Bodies (inflation adj),0,"USD millions (2025 dollars, PEBD inflation adjustment)",,PEBD sheet 'Funding by Destination' cell BH11,R73; PEBD pull 2026-09-27 (workbook updated 2025-11-13); attribution: The Planetary Society; conventions in 07 FINDINGS R73
planetary_society_pebd_mission_costs,Funding by Destination,1970,Mariner 6 & 7,3.715,USD millions (nominal),,PEBD sheet 'Funding by Destination' cell C12,R73; PEBD pull 2026-09-27 (workbook updated 2025-11-13); attribution: The Planetary Society; conventions in 07 FINDINGS R73
planetary_society_pebd_mission_costs,Funding by Destination,1970,Early Mariner LVs,2.087,USD millions (nominal),,PEBD sheet 'Funding by Destination' cell D12,R73; PEBD pull 2026-09-27 (workbook updated 2025-11-13); attribution: The Planetary Society; conventions in 07 FINDINGS R73
planetary_society_pebd_mission_costs,Funding by Destination,1970,Mariner 8 & 9,68.456,USD millions (nominal),,PEBD sheet 'Funding by Destination' cell E12,R73; PEBD pull 2026-09-27 (workbook updated 2025-11-13); attribution: The Planetary Society; conventions in 07 FINDINGS R73
planetary_society_pebd_mission_costs,Funding by Destination,1970,Viking,40.2,USD millions (nominal),,PEBD sheet 'Funding by Destination' cell F12,R73; PEBD pull 2026-09-27 (workbook updated 2025-11-13); attribution: The Planetary Society; conventions in 07 FINDINGS R73
planetary_society_pebd_mission_costs,Funding by Destination,1970,Mars,114.458,USD millions (nominal),,PEBD sheet 'Funding by Destination' cell N12,R73; PEBD pull 2026-09-27 (workbook updated 2025-11-13); attribution: The Planetary Society; conventions in 07 FINDINGS R73
planetary_society_pebd_mission_costs,Funding by Destination,1970,Mars (inflation adj),1148.58603,"USD millions (2025 dollars, PEBD inflation adjustment)",,PEBD sheet 'Funding by Destination' cell O12,R73; PEBD pull 2026-09-27 (workbook updated 2025-11-13); attribution: The Planetary Society; conventions in 07 FINDINGS R73
planetary_society_pebd_mission_costs,Funding by Destination,1970,Venus,0,USD millions (nominal),,PEBD sheet 'Funding by Destination' cell Z12,R73; PEBD pull 2026-09-27 (workbook updated 2025-11-13); attribution: The Planetary Society; conventions in 07 FINDINGS R73
planetary_society_pebd_mission_costs,Funding by Destination,1970,Venus (inflation adj),0,"USD millions (2025 dollars, PEBD inflation adjustment)",,PEBD sheet 'Funding by Destination' cell AA12,R73; PEBD pull 2026-09-27 (workbook updated 2025-11-13); attribution: The Planetary Society; conventions in 07 FINDINGS R73
planetary_society_pebd_mission_costs,Funding by Destination,1970,Mariner 10,0.9,USD millions (nominal),,PEBD sheet 'Funding by Destination' cell AB12,R73; PEBD pull 2026-09-27 (workbook updated 2025-11-13); attribution: The Planetary Society; conventions in 07 FINDINGS R73
planetary_society_pebd_mission_costs,Funding by Destination,1970,Mercury,0.9,USD millions (nominal),,PEBD sheet 'Funding by Destination' cell AD12,R73; PEBD pull 2026-09-27 (workbook updated 2025-11-13); attribution: The Planetary Society; conventions in 07 FINDINGS R73
planetary_society_pebd_mission_costs,Funding by Destination,1970,Mercury (inflation adj),9.0315,"USD millions (2025 dollars, PEBD inflation adjustment)",,PEBD sheet 'Funding by Destination' cell AE12,R73; PEBD pull 2026-09-27 (workbook updated 2025-11-13); attribution: The Planetary Society; conventions in 07 FINDINGS R73
planetary_society_pebd_mission_costs,Funding by Destination,1970,Pioneer 10 & 11,22.9,USD millions (nominal),,PEBD sheet 'Funding by Destination' cell AF12,R73; PEBD pull 2026-09-27 (workbook updated 2025-11-13); attribution: The Planetary Society; conventions in 07 FINDINGS R73
planetary_society_pebd_mission_costs,Funding by Destination,1970,Outer Planets,22.9,USD millions (nominal),,PEBD sheet 'Funding by Destination' cell AM12,R73; PEBD pull 2026-09-27 (workbook updated 2025-11-13); attribution: The Planetary Society; conventions in 07 FINDINGS R73
planetary_society_pebd_mission_costs,Funding by Destination,1970,Outer Planets (inflation adj),229.8015,"USD millions (2025 dollars, PEBD inflation adjustment)",,PEBD sheet 'Funding by Destination' cell AN12,R73; PEBD pull 2026-09-27 (workbook updated 2025-11-13); attribution: The Planetary Society; conventions in 07 FINDINGS R73
planetary_society_pebd_mission_costs,Funding by Destination,1970,The Moon,0,USD millions (nominal),,PEBD sheet 'Funding by Destination' cell AU12,R73; PEBD pull 2026-09-27 (workbook updated 2025-11-13); attribution: The Planetary Society; conventions in 07 FINDINGS R73
planetary_society_pebd_mission_costs,Funding by Destination,1970,The Moon (inflation adj),0,"USD millions (2025 dollars, PEBD inflation adjustment)",,PEBD sheet 'Funding by Destination' cell AV12,R73; PEBD pull 2026-09-27 (workbook updated 2025-11-13); attribution: The Planetary Society; conventions in 07 FINDINGS R73
planetary_society_pebd_mission_costs,Funding by Destination,1970,Small Bodies,0,USD millions (nominal),,PEBD sheet 'Funding by Destination' cell BG12,R73; PEBD pull 2026-09-27 (workbook updated 2025-11-13); attribution: The Planetary Society; conventions in 07 FINDINGS R73
planetary_society_pebd_mission_costs,Funding by Destination,1970,Small Bodies (inflation adj),0,"USD millions (2025 dollars, PEBD inflation adjustment)",,PEBD sheet 'Funding by Destination' cell BH12,R73; PEBD pull 2026-09-27 (workbook updated 2025-11-13); attribution: The Planetary Society; conventions in 07 FINDINGS R73
planetary_society_pebd_mission_costs,Funding by Destination,1971,Mariner 6 & 7,0.188,USD millions (nominal),,PEBD sheet 'Funding by Destination' cell C13,R73; PEBD pull 2026-09-27 (workbook updated 2025-11-13); attribution: The Planetary Society; conventions in 07 FINDINGS R73
planetary_society_pebd_mission_costs,Funding by Destination,1971,Mariner 8 & 9,31.291,USD millions (nominal),,PEBD sheet 'Funding by Destination' cell E13,R73; PEBD pull 2026-09-27 (workbook updated 2025-11-13); attribution: The Planetary Society; conventions in 07 FINDINGS R73
planetary_society_pebd_mission_costs,Funding by Destination,1971,Viking,41.1,USD millions (nominal),,PEBD sheet 'Funding by Destination' cell F13,R73; PEBD pull 2026-09-27 (workbook updated 2025-11-13); attribution: The Planetary Society; conventions in 07 FINDINGS R73
planetary_society_pebd_mission_costs,Funding by Destination,1971,Mars,72.579,USD millions (nominal),,PEBD sheet 'Funding by Destination' cell N13,R73; PEBD pull 2026-09-27 (workbook updated 2025-11-13); attribution: The Planetary Society; conventions in 07 FINDINGS R73
planetary_society_pebd_mission_costs,Funding by Destination,1971,Mars (inflation adj),685.14576,"USD millions (2025 dollars, PEBD inflation adjustment)",,PEBD sheet 'Funding by Destination' cell O13,R73; PEBD pull 2026-09-27 (workbook updated 2025-11-13); attribution: The Planetary Society; conventions in 07 FINDINGS R73
planetary_society_pebd_mission_costs,Funding by Destination,1971,Venus,0,USD millions (nominal),,PEBD sheet 'Funding by Destination' cell Z13,R73; PEBD pull 2026-09-27 (workbook updated 2025-11-13); attribution: The Planetary Society; conventions in 07 FINDINGS R73
planetary_society_pebd_mission_costs,Funding by Destination,1971,Venus (inflation adj),0,"USD millions (2025 dollars, PEBD inflation adjustment)",,PEBD sheet 'Funding by Destination' cell AA13,R73; PEBD pull 2026-09-27 (workbook updated 2025-11-13); attribution: The Planetary Society; conventions in 07 FINDINGS R73
planetary_society_pebd_mission_costs,Funding by Destination,1971,Mariner 10,13.406,USD millions (nominal),,PEBD sheet 'Funding by Destination' cell AB13,R73; PEBD pull 2026-09-27 (workbook updated 2025-11-13); attribution: The Planetary Society; conventions in 07 FINDINGS R73
planetary_society_pebd_mission_costs,Funding by Destination,1971,Mercury,13.406,USD millions (nominal),,PEBD sheet 'Funding by Destination' cell AD13,R73; PEBD pull 2026-09-27 (workbook updated 2025-11-13); attribution: The Planetary Society; conventions in 07 FINDINGS R73
planetary_society_pebd_mission_costs,Funding by Destination,1971,Mercury (inflation adj),126.55264,"USD millions (2025 dollars, PEBD inflation adjustment)",,PEBD sheet 'Funding by Destination' cell AE13,R73; PEBD pull 2026-09-27 (workbook updated 2025-11-13); attribution: The Planetary Society; conventions in 07 FINDINGS R73
planetary_society_pebd_mission_costs,Funding by Destination,1971,Pioneer 10 & 11,56.496,USD millions (nominal),,PEBD sheet 'Funding by Destination' cell AF13,R73; PEBD pull 2026-09-27 (workbook updated 2025-11-13); attribution: The Planetary Society; conventions in 07 FINDINGS R73
planetary_society_pebd_mission_costs,Funding by Destination,1971,Outer Planets,56.496,USD millions (nominal),,PEBD sheet 'Funding by Destination' cell AM13,R73; PEBD pull 2026-09-27 (workbook updated 2025-11-13); attribution: The Planetary Society; conventions in 07 FINDINGS R73
planetary_society_pebd_mission_costs,Funding by Destination,1971,Outer Planets (inflation adj),533.32224,"USD millions (2025 dollars, PEBD inflation adjustment)",,PEBD sheet 'Funding by Destination' cell AN13,R73; PEBD pull 2026-09-27 (workbook updated 2025-11-13); attribution: The Planetary Society; conventions in 07 FINDINGS R73
planetary_society_pebd_mission_costs,Funding by Destination,1971,The Moon,0,USD millions (nominal),,PEBD sheet 'Funding by Destination' cell AU13,R73; PEBD pull 2026-09-27 (workbook updated 2025-11-13); attribution: The Planetary Society; conventions in 07 FINDINGS R73
planetary_society_pebd_mission_costs,Funding by Destination,1971,The Moon (inflation adj),0,"USD millions (2025 dollars, PEBD inflation adjustment)",,PEBD sheet 'Funding by Destination' cell AV13,R73; PEBD pull 2026-09-27 (workbook updated 2025-11-13); attribution: The Planetary Society; conventions in 07 FINDINGS R73
planetary_society_pebd_mission_costs,Funding by Destination,1971,Small Bodies,0,USD millions (nominal),,PEBD sheet 'Funding by Destination' cell BG13,R73; PEBD pull 2026-09-27 (workbook updated 2025-11-13); attribution: The Planetary Society; conventions in 07 FINDINGS R73
planetary_society_pebd_mission_costs,Funding by Destination,1971,Small Bodies (inflation adj),0,"USD millions (2025 dollars, PEBD inflation adjustment)",,PEBD sheet 'Funding by Destination' cell BH13,R73; PEBD pull 2026-09-27 (workbook updated 2025-11-13); attribution: The Planetary Society; conventions in 07 FINDINGS R73
planetary_society_pebd_mission_costs,Funding by Destination,1972,Mariner 8 & 9,17,USD millions (nominal),,PEBD sheet 'Funding by Destination' cell E14,R73; PEBD pull 2026-09-27 (workbook updated 2025-11-13); attribution: The Planetary Society; conventions in 07 FINDINGS R73
planetary_society_pebd_mission_costs,Funding by Destination,1972,Viking,186.3,USD millions (nominal),,PEBD sheet 'Funding by Destination' cell F14,R73; PEBD pull 2026-09-27 (workbook updated 2025-11-13); attribution: The Planetary Society; conventions in 07 FINDINGS R73
planetary_society_pebd_mission_costs,Funding by Destination,1972,Mars,203.3,USD millions (nominal),,PEBD sheet 'Funding by Destination' cell N14,R73; PEBD pull 2026-09-27 (workbook updated 2025-11-13); attribution: The Planetary Society; conventions in 07 FINDINGS R73
planetary_society_pebd_mission_costs,Funding by Destination,1972,Mars (inflation adj),1815.6723,"USD millions (2025 dollars, PEBD inflation adjustment)",,PEBD sheet 'Funding by Destination' cell O14,R73; PEBD pull 2026-09-27 (workbook updated 2025-11-13); attribution: The Planetary Society; conventions in 07 FINDINGS R73
planetary_society_pebd_mission_costs,Funding by Destination,1972,Venus,0,USD millions (nominal),,PEBD sheet 'Funding by Destination' cell Z14,R73; PEBD pull 2026-09-27 (workbook updated 2025-11-13); attribution: The Planetary Society; conventions in 07 FINDINGS R73
planetary_society_pebd_mission_costs,Funding by Destination,1972,Venus (inflation adj),0,"USD millions (2025 dollars, PEBD inflation adjustment)",,PEBD sheet 'Funding by Destination' cell AA14,R73; PEBD pull 2026-09-27 (workbook updated 2025-11-13); attribution: The Planetary Society; conventions in 07 FINDINGS R73
planetary_society_pebd_mission_costs,Funding by Destination,1972,Mariner 10,52.4,USD millions (nominal),,PEBD sheet 'Funding by Destination' cell AB14,R73; PEBD pull 2026-09-27 (workbook updated 2025-11-13); attribution: The Planetary Society; conventions in 07 FINDINGS R73
planetary_society_pebd_mission_costs,Funding by Destination,1972,Mercury,52.4,USD millions (nominal),,PEBD sheet 'Funding by Destination' cell AD14,R73; PEBD pull 2026-09-27 (workbook updated 2025-11-13); attribution: The Planetary Society; conventions in 07 FINDINGS R73
planetary_society_pebd_mission_costs,Funding by Destination,1972,Mercury (inflation adj),467.9844,"USD millions (2025 dollars, PEBD inflation adjustment)",,PEBD sheet 'Funding by Destination' cell AE14,R73; PEBD pull 2026-09-27 (workbook updated 2025-11-13); attribution: The Planetary Society; conventions in 07 FINDINGS R73
planetary_society_pebd_mission_costs,Funding by Destination,1972,Pioneer 10 & 11,18.964,USD millions (nominal),,PEBD sheet 'Funding by Destination' cell AF14,R73; PEBD pull 2026-09-27 (workbook updated 2025-11-13); attribution: The Planetary Society; conventions in 07 FINDINGS R73
planetary_society_pebd_mission_costs,Funding by Destination,1972,Voyager,9.165,USD millions (nominal),,PEBD sheet 'Funding by Destination' cell AG14,R73; PEBD pull 2026-09-27 (workbook updated 2025-11-13); attribution: The Planetary Society; conventions in 07 FINDINGS R73
planetary_society_pebd_mission_costs,Funding by Destination,1972,Outer Planets,28.129,USD millions (nominal),,PEBD sheet 'Funding by Destination' cell AM14,R73; PEBD pull 2026-09-27 (workbook updated 2025-11-13); attribution: The Planetary Society; conventions in 07 FINDINGS R73
planetary_society_pebd_mission_costs,Funding by Destination,1972,Outer Planets (inflation adj),251.220099,"USD millions (2025 dollars, PEBD inflation adjustment)",,PEBD sheet 'Funding by Destination' cell AN14,R73; PEBD pull 2026-09-27 (workbook updated 2025-11-13); attribution: The Planetary Society; conventions in 07 FINDINGS R73
planetary_society_pebd_mission_costs,Funding by Destination,1972,The Moon,0,USD millions (nominal),,PEBD sheet 'Funding by Destination' cell AU14,R73; PEBD pull 2026-09-27 (workbook updated 2025-11-13); attribution: The Planetary Society; conventions in 07 FINDINGS R73
planetary_society_pebd_mission_costs,Funding by Destination,1972,The Moon (inflation adj),0,"USD millions (2025 dollars, PEBD inflation adjustment)",,PEBD sheet 'Funding by Destination' cell AV14,R73; PEBD pull 2026-09-27 (workbook updated 2025-11-13); attribution: The Planetary Society; conventions in 07 FINDINGS R73
planetary_society_pebd_mission_costs,Funding by Destination,1972,Small Bodies,0,USD millions (nominal),,PEBD sheet 'Funding by Destination' cell BG14,R73; PEBD pull 2026-09-27 (workbook updated 2025-11-13); attribution: The Planetary Society; conventions in 07 FINDINGS R73
planetary_society_pebd_mission_costs,Funding by Destination,1972,Small Bodies (inflation adj),0,"USD millions (2025 dollars, PEBD inflation adjustment)",,PEBD sheet 'Funding by Destination' cell BH14,R73; PEBD pull 2026-09-27 (workbook updated 2025-11-13); attribution: The Planetary Society; conventions in 07 FINDINGS R73
planetary_society_pebd_mission_costs,Funding by Destination,1973,Mariner 8 & 9,7.176,USD millions (nominal),,PEBD sheet 'Funding by Destination' cell E15,R73; PEBD pull 2026-09-27 (workbook updated 2025-11-13); attribution: The Planetary Society; conventions in 07 FINDINGS R73
planetary_society_pebd_mission_costs,Funding by Destination,1973,Viking,265.249,USD millions (nominal),,PEBD sheet 'Funding by Destination' cell F15,R73; PEBD pull 2026-09-27 (workbook updated 2025-11-13); attribution: The Planetary Society; conventions in 07 FINDINGS R73
planetary_society_pebd_mission_costs,Funding by Destination,1973,Mars,272.425,USD millions (nominal),,PEBD sheet 'Funding by Destination' cell N15,R73; PEBD pull 2026-09-27 (workbook updated 2025-11-13); attribution: The Planetary Society; conventions in 07 FINDINGS R73
planetary_society_pebd_mission_costs,Funding by Destination,1973,Mars (inflation adj),2301.718825,"USD millions (2025 dollars, PEBD inflation adjustment)",,PEBD sheet 'Funding by Destination' cell O15,R73; PEBD pull 2026-09-27 (workbook updated 2025-11-13); attribution: The Planetary Society; conventions in 07 FINDINGS R73
planetary_society_pebd_mission_costs,Funding by Destination,1973,Venus,0,USD millions (nominal),,PEBD sheet 'Funding by Destination' cell Z15,R73; PEBD pull 2026-09-27 (workbook updated 2025-11-13); attribution: The Planetary Society; conventions in 07 FINDINGS R73
planetary_society_pebd_mission_costs,Funding by Destination,1973,Venus (inflation adj),0,"USD millions (2025 dollars, PEBD inflation adjustment)",,PEBD sheet 'Funding by Destination' cell AA15,R73; PEBD pull 2026-09-27 (workbook updated 2025-11-13); attribution: The Planetary Society; conventions in 07 FINDINGS R73
planetary_society_pebd_mission_costs,Funding by Destination,1973,Mariner 10,37.307,USD millions (nominal),,PEBD sheet 'Funding by Destination' cell AB15,R73; PEBD pull 2026-09-27 (workbook updated 2025-11-13); attribution: The Planetary Society; conventions in 07 FINDINGS R73
planetary_society_pebd_mission_costs,Funding by Destination,1973,Mercury,37.307,USD millions (nominal),,PEBD sheet 'Funding by Destination' cell AD15,R73; PEBD pull 2026-09-27 (workbook updated 2025-11-13); attribution: The Planetary Society; conventions in 07 FINDINGS R73
planetary_society_pebd_mission_costs,Funding by Destination,1973,Mercury (inflation adj),315.206843,"USD millions (2025 dollars, PEBD inflation adjustment)",,PEBD sheet 'Funding by Destination' cell AE15,R73; PEBD pull 2026-09-27 (workbook updated 2025-11-13); attribution: The Planetary Society; conventions in 07 FINDINGS R73
planetary_society_pebd_mission_costs,Funding by Destination,1973,Pioneer 10 & 11,8.908,USD millions (nominal),,PEBD sheet 'Funding by Destination' cell AF15,R73; PEBD pull 2026-09-27 (workbook updated 2025-11-13); attribution: The Planetary Society; conventions in 07 FINDINGS R73
planetary_society_pebd_mission_costs,Funding by Destination,1973,Voyager,6.064,USD millions (nominal),,PEBD sheet 'Funding by Destination' cell AG15,R73; PEBD pull 2026-09-27 (workbook updated 2025-11-13); attribution: The Planetary Society; conventions in 07 FINDINGS R73
planetary_society_pebd_mission_costs,Funding by Destination,1973,Outer Planets,14.972,USD millions (nominal),,PEBD sheet 'Funding by Destination' cell AM15,R73; PEBD pull 2026-09-27 (workbook updated 2025-11-13); attribution: The Planetary Society; conventions in 07 FINDINGS R73
planetary_society_pebd_mission_costs,Funding by Destination,1973,Outer Planets (inflation adj),126.498428,"USD millions (2025 dollars, PEBD inflation adjustment)",,PEBD sheet 'Funding by Destination' cell AN15,R73; PEBD pull 2026-09-27 (workbook updated 2025-11-13); attribution: The Planetary Society; conventions in 07 FINDINGS R73
planetary_society_pebd_mission_costs,Funding by Destination,1973,The Moon,0,USD millions (nominal),,PEBD sheet 'Funding by Destination' cell AU15,R73; PEBD pull 2026-09-27 (workbook updated 2025-11-13); attribution: The Planetary Society; conventions in 07 FINDINGS R73
planetary_society_pebd_mission_costs,Funding by Destination,1973,The Moon (inflation adj),0,"USD millions (2025 dollars, PEBD inflation adjustment)",,PEBD sheet 'Funding by Destination' cell AV15,R73; PEBD pull 2026-09-27 (workbook updated 2025-11-13); attribution: The Planetary Society; conventions in 07 FINDINGS R73
planetary_society_pebd_mission_costs,Funding by Destination,1973,Small Bodies,0,USD millions (nominal),,PEBD sheet 'Funding by Destination' cell BG15,R73; PEBD pull 2026-09-27 (workbook updated 2025-11-13); attribution: The Planetary Society; conventions in 07 FINDINGS R73
planetary_society_pebd_mission_costs,Funding by Destination,1973,Small Bodies (inflation adj),0,"USD millions (2025 dollars, PEBD inflation adjustment)",,PEBD sheet 'Funding by Destination' cell BH15,R73; PEBD pull 2026-09-27 (workbook updated 2025-11-13); attribution: The Planetary Society; conventions in 07 FINDINGS R73
planetary_society_pebd_mission_costs,Funding by Destination,1974,Viking,313.437,USD millions (nominal),,PEBD sheet 'Funding by Destination' cell F16,R73; PEBD pull 2026-09-27 (workbook updated 2025-11-13); attribution: The Planetary Society; conventions in 07 FINDINGS R73
planetary_society_pebd_mission_costs,Funding by Destination,1974,Mars,313.437,USD millions (nominal),,PEBD sheet 'Funding by Destination' cell N16,R73; PEBD pull 2026-09-27 (workbook updated 2025-11-13); attribution: The Planetary Society; conventions in 07 FINDINGS R73
planetary_society_pebd_mission_costs,Funding by Destination,1974,Mars (inflation adj),2470.510434,"USD millions (2025 dollars, PEBD inflation adjustment)",,PEBD sheet 'Funding by Destination' cell O16,R73; PEBD pull 2026-09-27 (workbook updated 2025-11-13); attribution: The Planetary Society; conventions in 07 FINDINGS R73
planetary_society_pebd_mission_costs,Funding by Destination,1974,Venus,0,USD millions (nominal),,PEBD sheet 'Funding by Destination' cell Z16,R73; PEBD pull 2026-09-27 (workbook updated 2025-11-13); attribution: The Planetary Society; conventions in 07 FINDINGS R73
planetary_society_pebd_mission_costs,Funding by Destination,1974,Venus (inflation adj),0,"USD millions (2025 dollars, PEBD inflation adjustment)",,PEBD sheet 'Funding by Destination' cell AA16,R73; PEBD pull 2026-09-27 (workbook updated 2025-11-13); attribution: The Planetary Society; conventions in 07 FINDINGS R73
planetary_society_pebd_mission_costs,Funding by Destination,1974,Mariner 10,11.17,USD millions (nominal),,PEBD sheet 'Funding by Destination' cell AB16,R73; PEBD pull 2026-09-27 (workbook updated 2025-11-13); attribution: The Planetary Society; conventions in 07 FINDINGS R73
planetary_society_pebd_mission_costs,Funding by Destination,1974,Mercury,11.17,USD millions (nominal),,PEBD sheet 'Funding by Destination' cell AD16,R73; PEBD pull 2026-09-27 (workbook updated 2025-11-13); attribution: The Planetary Society; conventions in 07 FINDINGS R73
planetary_society_pebd_mission_costs,Funding by Destination,1974,Mercury (inflation adj),88.04194,"USD millions (2025 dollars, PEBD inflation adjustment)",,PEBD sheet 'Funding by Destination' cell AE16,R73; PEBD pull 2026-09-27 (workbook updated 2025-11-13); attribution: The Planetary Society; conventions in 07 FINDINGS R73
planetary_society_pebd_mission_costs,Funding by Destination,1974,Pioneer 10 & 11,5.28,USD millions (nominal),,PEBD sheet 'Funding by Destination' cell AF16,R73; PEBD pull 2026-09-27 (workbook updated 2025-11-13); attribution: The Planetary Society; conventions in 07 FINDINGS R73
planetary_society_pebd_mission_costs,Funding by Destination,1974,Voyager,46.59,USD millions (nominal),,PEBD sheet 'Funding by Destination' cell AG16,R73; PEBD pull 2026-09-27 (workbook updated 2025-11-13); attribution: The Planetary Society; conventions in 07 FINDINGS R73
planetary_society_pebd_mission_costs,Funding by Destination,1974,Outer Planets,51.87,USD millions (nominal),,PEBD sheet 'Funding by Destination' cell AM16,R73; PEBD pull 2026-09-27 (workbook updated 2025-11-13); attribution: The Planetary Society; conventions in 07 FINDINGS R73
planetary_society_pebd_mission_costs,Funding by Destination,1974,Outer Planets (inflation adj),408.83934,"USD millions (2025 dollars, PEBD inflation adjustment)",,PEBD sheet 'Funding by Destination' cell AN16,R73; PEBD pull 2026-09-27 (workbook updated 2025-11-13); attribution: The Planetary Society; conventions in 07 FINDINGS R73
planetary_society_pebd_mission_costs,Funding by Destination,1974,The Moon,0,USD millions (nominal),,PEBD sheet 'Funding by Destination' cell AU16,R73; PEBD pull 2026-09-27 (workbook updated 2025-11-13); attribution: The Planetary Society; conventions in 07 FINDINGS R73
planetary_society_pebd_mission_costs,Funding by Destination,1974,The Moon (inflation adj),0,"USD millions (2025 dollars, PEBD inflation adjustment)",,PEBD sheet 'Funding by Destination' cell AV16,R73; PEBD pull 2026-09-27 (workbook updated 2025-11-13); attribution: The Planetary Society; conventions in 07 FINDINGS R73
planetary_society_pebd_mission_costs,Funding by Destination,1974,Small Bodies,0,USD millions (nominal),,PEBD sheet 'Funding by Destination' cell BG16,R73; PEBD pull 2026-09-27 (workbook updated 2025-11-13); attribution: The Planetary Society; conventions in 07 FINDINGS R73
planetary_society_pebd_mission_costs,Funding by Destination,1974,Small Bodies (inflation adj),0,"USD millions (2025 dollars, PEBD inflation adjustment)",,PEBD sheet 'Funding by Destination' cell BH16,R73; PEBD pull 2026-09-27 (workbook updated 2025-11-13); attribution: The Planetary Society; conventions in 07 FINDINGS R73
planetary_society_pebd_mission_costs,Funding by Destination,1975,Viking,95.216,USD millions (nominal),,PEBD sheet 'Funding by Destination' cell F17,R73; PEBD pull 2026-09-27 (workbook updated 2025-11-13); attribution: The Planetary Society; conventions in 07 FINDINGS R73
planetary_society_pebd_mission_costs,Funding by Destination,1975,Mars,95.216,USD millions (nominal),,PEBD sheet 'Funding by Destination' cell N17,R73; PEBD pull 2026-09-27 (workbook updated 2025-11-13); attribution: The Planetary Society; conventions in 07 FINDINGS R73
planetary_society_pebd_mission_costs,Funding by Destination,1975,Mars (inflation adj),677.271408,"USD millions (2025 dollars, PEBD inflation adjustment)",,PEBD sheet 'Funding by Destination' cell O17,R73; PEBD pull 2026-09-27 (workbook updated 2025-11-13); attribution: The Planetary Society; conventions in 07 FINDINGS R73
planetary_society_pebd_mission_costs,Funding by Destination,1975,Pioneer Venus,27.316,USD millions (nominal),,PEBD sheet 'Funding by Destination' cell T17,R73; PEBD pull 2026-09-27 (workbook updated 2025-11-13); attribution: The Planetary Society; conventions in 07 FINDINGS R73
planetary_society_pebd_mission_costs,Funding by Destination,1975,Venus,27.316,USD millions (nominal),,PEBD sheet 'Funding by Destination' cell Z17,R73; PEBD pull 2026-09-27 (workbook updated 2025-11-13); attribution: The Planetary Society; conventions in 07 FINDINGS R73
planetary_society_pebd_mission_costs,Funding by Destination,1975,Venus (inflation adj),194.298708,"USD millions (2025 dollars, PEBD inflation adjustment)",,PEBD sheet 'Funding by Destination' cell AA17,R73; PEBD pull 2026-09-27 (workbook updated 2025-11-13); attribution: The Planetary Society; conventions in 07 FINDINGS R73
planetary_society_pebd_mission_costs,Funding by Destination,1975,Mariner 10,5.324,USD millions (nominal),,PEBD sheet 'Funding by Destination' cell AB17,R73; PEBD pull 2026-09-27 (workbook updated 2025-11-13); attribution: The Planetary Society; conventions in 07 FINDINGS R73
planetary_society_pebd_mission_costs,Funding by Destination,1975,Mercury,5.324,USD millions (nominal),,PEBD sheet 'Funding by Destination' cell AD17,R73; PEBD pull 2026-09-27 (workbook updated 2025-11-13); attribution: The Planetary Society; conventions in 07 FINDINGS R73
planetary_society_pebd_mission_costs,Funding by Destination,1975,Mercury (inflation adj),37.869612,"USD millions (2025 dollars, PEBD inflation adjustment)",,PEBD sheet 'Funding by Destination' cell AE17,R73; PEBD pull 2026-09-27 (workbook updated 2025-11-13); attribution: The Planetary Society; conventions in 07 FINDINGS R73
planetary_society_pebd_mission_costs,Funding by Destination,1975,Pioneer 10 & 11,4.926,USD millions (nominal),,PEBD sheet 'Funding by Destination' cell AF17,R73; PEBD pull 2026-09-27 (workbook updated 2025-11-13); attribution: The Planetary Society; conventions in 07 FINDINGS R73
planetary_society_pebd_mission_costs,Funding by Destination,1975,Voyager,76.961,USD millions (nominal),,PEBD sheet 'Funding by Destination' cell AG17,R73; PEBD pull 2026-09-27 (workbook updated 2025-11-13); attribution: The Planetary Society; conventions in 07 FINDINGS R73
planetary_society_pebd_mission_costs,Funding by Destination,1975,Outer Planets,81.887,USD millions (nominal),,PEBD sheet 'Funding by Destination' cell AM17,R73; PEBD pull 2026-09-27 (workbook updated 2025-11-13); attribution: The Planetary Society; conventions in 07 FINDINGS R73
planetary_society_pebd_mission_costs,Funding by Destination,1975,Outer Planets (inflation adj),582.462231,"USD millions (2025 dollars, PEBD inflation adjustment)",,PEBD sheet 'Funding by Destination' cell AN17,R73; PEBD pull 2026-09-27 (workbook updated 2025-11-13); attribution: The Planetary Society; conventions in 07 FINDINGS R73
planetary_society_pebd_mission_costs,Funding by Destination,1975,The Moon,0,USD millions (nominal),,PEBD sheet 'Funding by Destination' cell AU17,R73; PEBD pull 2026-09-27 (workbook updated 2025-11-13); attribution: The Planetary Society; conventions in 07 FINDINGS R73
planetary_society_pebd_mission_costs,Funding by Destination,1975,The Moon (inflation adj),0,"USD millions (2025 dollars, PEBD inflation adjustment)",,PEBD sheet 'Funding by Destination' cell AV17,R73; PEBD pull 2026-09-27 (workbook updated 2025-11-13); attribution: The Planetary Society; conventions in 07 FINDINGS R73
planetary_society_pebd_mission_costs,Funding by Destination,1975,Small Bodies,0,USD millions (nominal),,PEBD sheet 'Funding by Destination' cell BG17,R73; PEBD pull 2026-09-27 (workbook updated 2025-11-13); attribution: The Planetary Society; conventions in 07 FINDINGS R73
planetary_society_pebd_mission_costs,Funding by Destination,1975,Small Bodies (inflation adj),0,"USD millions (2025 dollars, PEBD inflation adjustment)",,PEBD sheet 'Funding by Destination' cell BH17,R73; PEBD pull 2026-09-27 (workbook updated 2025-11-13); attribution: The Planetary Society; conventions in 07 FINDINGS R73
planetary_society_pebd_mission_costs,Funding by Destination,1976,Viking,39.5,USD millions (nominal),,PEBD sheet 'Funding by Destination' cell F18,R73; PEBD pull 2026-09-27 (workbook updated 2025-11-13); attribution: The Planetary Society; conventions in 07 FINDINGS R73
planetary_society_pebd_mission_costs,Funding by Destination,1976,Mars,39.5,USD millions (nominal),,PEBD sheet 'Funding by Destination' cell N18,R73; PEBD pull 2026-09-27 (workbook updated 2025-11-13); attribution: The Planetary Society; conventions in 07 FINDINGS R73
planetary_society_pebd_mission_costs,Funding by Destination,1976,Mars (inflation adj),257.777,"USD millions (2025 dollars, PEBD inflation adjustment)",,PEBD sheet 'Funding by Destination' cell O18,R73; PEBD pull 2026-09-27 (workbook updated 2025-11-13); attribution: The Planetary Society; conventions in 07 FINDINGS R73
planetary_society_pebd_mission_costs,Funding by Destination,1976,Pioneer Venus,63,USD millions (nominal),,PEBD sheet 'Funding by Destination' cell T18,R73; PEBD pull 2026-09-27 (workbook updated 2025-11-13); attribution: The Planetary Society; conventions in 07 FINDINGS R73
planetary_society_pebd_mission_costs,Funding by Destination,1976,Venus,63,USD millions (nominal),,PEBD sheet 'Funding by Destination' cell Z18,R73; PEBD pull 2026-09-27 (workbook updated 2025-11-13); attribution: The Planetary Society; conventions in 07 FINDINGS R73
planetary_society_pebd_mission_costs,Funding by Destination,1976,Venus (inflation adj),411.138,"USD millions (2025 dollars, PEBD inflation adjustment)",,PEBD sheet 'Funding by Destination' cell AA18,R73; PEBD pull 2026-09-27 (workbook updated 2025-11-13); attribution: The Planetary Society; conventions in 07 FINDINGS R73
planetary_society_pebd_mission_costs,Funding by Destination,1976,Mercury,0,USD millions (nominal),,PEBD sheet 'Funding by Destination' cell AD18,R73; PEBD pull 2026-09-27 (workbook updated 2025-11-13); attribution: The Planetary Society; conventions in 07 FINDINGS R73
planetary_society_pebd_mission_costs,Funding by Destination,1976,Mercury (inflation adj),0,"USD millions (2025 dollars, PEBD inflation adjustment)",,PEBD sheet 'Funding by Destination' cell AE18,R73; PEBD pull 2026-09-27 (workbook updated 2025-11-13); attribution: The Planetary Society; conventions in 07 FINDINGS R73
planetary_society_pebd_mission_costs,Funding by Destination,1976,Pioneer 10 & 11,3.6,USD millions (nominal),,PEBD sheet 'Funding by Destination' cell AF18,R73; PEBD pull 2026-09-27 (workbook updated 2025-11-13); attribution: The Planetary Society; conventions in 07 FINDINGS R73
planetary_society_pebd_mission_costs,Funding by Destination,1976,Voyager,112.6,USD millions (nominal),,PEBD sheet 'Funding by Destination' cell AG18,R73; PEBD pull 2026-09-27 (workbook updated 2025-11-13); attribution: The Planetary Society; conventions in 07 FINDINGS R73
planetary_society_pebd_mission_costs,Funding by Destination,1976,Outer Planets,116.2,USD millions (nominal),,PEBD sheet 'Funding by Destination' cell AM18,R73; PEBD pull 2026-09-27 (workbook updated 2025-11-13); attribution: The Planetary Society; conventions in 07 FINDINGS R73
planetary_society_pebd_mission_costs,Funding by Destination,1976,Outer Planets (inflation adj),758.3212,"USD millions (2025 dollars, PEBD inflation adjustment)",,PEBD sheet 'Funding by Destination' cell AN18,R73; PEBD pull 2026-09-27 (workbook updated 2025-11-13); attribution: The Planetary Society; conventions in 07 FINDINGS R73
planetary_society_pebd_mission_costs,Funding by Destination,1976,The Moon,0,USD millions (nominal),,PEBD sheet 'Funding by Destination' cell AU18,R73; PEBD pull 2026-09-27 (workbook updated 2025-11-13); attribution: The Planetary Society; conventions in 07 FINDINGS R73
planetary_society_pebd_mission_costs,Funding by Destination,1976,The Moon (inflation adj),0,"USD millions (2025 dollars, PEBD inflation adjustment)",,PEBD sheet 'Funding by Destination' cell AV18,R73; PEBD pull 2026-09-27 (workbook updated 2025-11-13); attribution: The Planetary Society; conventions in 07 FINDINGS R73
planetary_society_pebd_mission_costs,Funding by Destination,1976,Small Bodies,0,USD millions (nominal),,PEBD sheet 'Funding by Destination' cell BG18,R73; PEBD pull 2026-09-27 (workbook updated 2025-11-13); attribution: The Planetary Society; conventions in 07 FINDINGS R73
planetary_society_pebd_mission_costs,Funding by Destination,1976,Small Bodies (inflation adj),0,"USD millions (2025 dollars, PEBD inflation adjustment)",,PEBD sheet 'Funding by Destination' cell BH18,R73; PEBD pull 2026-09-27 (workbook updated 2025-11-13); attribution: The Planetary Society; conventions in 07 FINDINGS R73
planetary_society_pebd_mission_costs,Funding by Destination,1977,Viking,25.4,USD millions (nominal),,PEBD sheet 'Funding by Destination' cell F19,R73; PEBD pull 2026-09-27 (workbook updated 2025-11-13); attribution: The Planetary Society; conventions in 07 FINDINGS R73
planetary_society_pebd_mission_costs,Funding by Destination,1977,Mars,25.4,USD millions (nominal),,PEBD sheet 'Funding by Destination' cell N19,R73; PEBD pull 2026-09-27 (workbook updated 2025-11-13); attribution: The Planetary Society; conventions in 07 FINDINGS R73
planetary_society_pebd_mission_costs,Funding by Destination,1977,Mars (inflation adj),162.3568,"USD millions (2025 dollars, PEBD inflation adjustment)",,PEBD sheet 'Funding by Destination' cell O19,R73; PEBD pull 2026-09-27 (workbook updated 2025-11-13); attribution: The Planetary Society; conventions in 07 FINDINGS R73
planetary_society_pebd_mission_costs,Funding by Destination,1977,Pioneer Venus,65.35,USD millions (nominal),,PEBD sheet 'Funding by Destination' cell T19,R73; PEBD pull 2026-09-27 (workbook updated 2025-11-13); attribution: The Planetary Society; conventions in 07 FINDINGS R73
planetary_society_pebd_mission_costs,Funding by Destination,1977,Venus,65.35,USD millions (nominal),,PEBD sheet 'Funding by Destination' cell Z19,R73; PEBD pull 2026-09-27 (workbook updated 2025-11-13); attribution: The Planetary Society; conventions in 07 FINDINGS R73
planetary_society_pebd_mission_costs,Funding by Destination,1977,Venus (inflation adj),384.97685,"USD millions (2025 dollars, PEBD inflation adjustment)",,PEBD sheet 'Funding by Destination' cell AA19,R73; PEBD pull 2026-09-27 (workbook updated 2025-11-13); attribution: The Planetary Society; conventions in 07 FINDINGS R73
planetary_society_pebd_mission_costs,Funding by Destination,1977,Mercury,0,USD millions (nominal),,PEBD sheet 'Funding by Destination' cell AD19,R73; PEBD pull 2026-09-27 (workbook updated 2025-11-13); attribution: The Planetary Society; conventions in 07 FINDINGS R73
planetary_society_pebd_mission_costs,Funding by Destination,1977,Mercury (inflation adj),0,"USD millions (2025 dollars, PEBD inflation adjustment)",,PEBD sheet 'Funding by Destination' cell AE19,R73; PEBD pull 2026-09-27 (workbook updated 2025-11-13); attribution: The Planetary Society; conventions in 07 FINDINGS R73
planetary_society_pebd_mission_costs,Funding by Destination,1977,Pioneer 10 & 11,2.3,USD millions (nominal),,PEBD sheet 'Funding by Destination' cell AF19,R73; PEBD pull 2026-09-27 (workbook updated 2025-11-13); attribution: The Planetary Society; conventions in 07 FINDINGS R73
planetary_society_pebd_mission_costs,Funding by Destination,1977,Voyager,59.767,USD millions (nominal),,PEBD sheet 'Funding by Destination' cell AG19,R73; PEBD pull 2026-09-27 (workbook updated 2025-11-13); attribution: The Planetary Society; conventions in 07 FINDINGS R73
planetary_society_pebd_mission_costs,Funding by Destination,1977,Outer Planets,62.067,USD millions (nominal),,PEBD sheet 'Funding by Destination' cell AM19,R73; PEBD pull 2026-09-27 (workbook updated 2025-11-13); attribution: The Planetary Society; conventions in 07 FINDINGS R73
planetary_society_pebd_mission_costs,Funding by Destination,1977,Outer Planets (inflation adj),365.636697,"USD millions (2025 dollars, PEBD inflation adjustment)",,PEBD sheet 'Funding by Destination' cell AN19,R73; PEBD pull 2026-09-27 (workbook updated 2025-11-13); attribution: The Planetary Society; conventions in 07 FINDINGS R73
planetary_society_pebd_mission_costs,Funding by Destination,1977,The Moon,0,USD millions (nominal),,PEBD sheet 'Funding by Destination' cell AU19,R73; PEBD pull 2026-09-27 (workbook updated 2025-11-13); attribution: The Planetary Society; conventions in 07 FINDINGS R73
planetary_society_pebd_mission_costs,Funding by Destination,1977,The Moon (inflation adj),0,"USD millions (2025 dollars, PEBD inflation adjustment)",,PEBD sheet 'Funding by Destination' cell AV19,R73; PEBD pull 2026-09-27 (workbook updated 2025-11-13); attribution: The Planetary Society; conventions in 07 FINDINGS R73
planetary_society_pebd_mission_costs,Funding by Destination,1977,Small Bodies,0,USD millions (nominal),,PEBD sheet 'Funding by Destination' cell BG19,R73; PEBD pull 2026-09-27 (workbook updated 2025-11-13); attribution: The Planetary Society; conventions in 07 FINDINGS R73
planetary_society_pebd_mission_costs,Funding by Destination,1977,Small Bodies (inflation adj),0,"USD millions (2025 dollars, PEBD inflation adjustment)",,PEBD sheet 'Funding by Destination' cell BH19,R73; PEBD pull 2026-09-27 (workbook updated 2025-11-13); attribution: The Planetary Society; conventions in 07 FINDINGS R73
planetary_society_pebd_mission_costs,Funding by Destination,1978,Viking,20,USD millions (nominal),,PEBD sheet 'Funding by Destination' cell F20,R73; PEBD pull 2026-09-27 (workbook updated 2025-11-13); attribution: The Planetary Society; conventions in 07 FINDINGS R73
planetary_society_pebd_mission_costs,Funding by Destination,1978,Mars,20,USD millions (nominal),,PEBD sheet 'Funding by Destination' cell N20,R73; PEBD pull 2026-09-27 (workbook updated 2025-11-13); attribution: The Planetary Society; conventions in 07 FINDINGS R73
planetary_society_pebd_mission_costs,Funding by Destination,1978,Mars (inflation adj),117.82,"USD millions (2025 dollars, PEBD inflation adjustment)",,PEBD sheet 'Funding by Destination' cell O20,R73; PEBD pull 2026-09-27 (workbook updated 2025-11-13); attribution: The Planetary Society; conventions in 07 FINDINGS R73
planetary_society_pebd_mission_costs,Funding by Destination,1978,Pioneer Venus,23.205,USD millions (nominal),,PEBD sheet 'Funding by Destination' cell T20,R73; PEBD pull 2026-09-27 (workbook updated 2025-11-13); attribution: The Planetary Society; conventions in 07 FINDINGS R73
planetary_society_pebd_mission_costs,Funding by Destination,1978,Venus,23.205,USD millions (nominal),,PEBD sheet 'Funding by Destination' cell Z20,R73; PEBD pull 2026-09-27 (workbook updated 2025-11-13); attribution: The Planetary Society; conventions in 07 FINDINGS R73
planetary_society_pebd_mission_costs,Funding by Destination,1978,Venus (inflation adj),126.815325,"USD millions (2025 dollars, PEBD inflation adjustment)",,PEBD sheet 'Funding by Destination' cell AA20,R73; PEBD pull 2026-09-27 (workbook updated 2025-11-13); attribution: The Planetary Society; conventions in 07 FINDINGS R73
planetary_society_pebd_mission_costs,Funding by Destination,1978,Mercury,0,USD millions (nominal),,PEBD sheet 'Funding by Destination' cell AD20,R73; PEBD pull 2026-09-27 (workbook updated 2025-11-13); attribution: The Planetary Society; conventions in 07 FINDINGS R73
planetary_society_pebd_mission_costs,Funding by Destination,1978,Mercury (inflation adj),0,"USD millions (2025 dollars, PEBD inflation adjustment)",,PEBD sheet 'Funding by Destination' cell AE20,R73; PEBD pull 2026-09-27 (workbook updated 2025-11-13); attribution: The Planetary Society; conventions in 07 FINDINGS R73
planetary_society_pebd_mission_costs,Funding by Destination,1978,Pioneer 10 & 11,1.806,USD millions (nominal),,PEBD sheet 'Funding by Destination' cell AF20,R73; PEBD pull 2026-09-27 (workbook updated 2025-11-13); attribution: The Planetary Society; conventions in 07 FINDINGS R73
planetary_society_pebd_mission_costs,Funding by Destination,1978,Voyager,16.025,USD millions (nominal),,PEBD sheet 'Funding by Destination' cell AG20,R73; PEBD pull 2026-09-27 (workbook updated 2025-11-13); attribution: The Planetary Society; conventions in 07 FINDINGS R73
planetary_society_pebd_mission_costs,Funding by Destination,1978,Galileo,20.95,USD millions (nominal),,PEBD sheet 'Funding by Destination' cell AH20,R73; PEBD pull 2026-09-27 (workbook updated 2025-11-13); attribution: The Planetary Society; conventions in 07 FINDINGS R73
planetary_society_pebd_mission_costs,Funding by Destination,1978,Outer Planets,38.781,USD millions (nominal),,PEBD sheet 'Funding by Destination' cell AM20,R73; PEBD pull 2026-09-27 (workbook updated 2025-11-13); attribution: The Planetary Society; conventions in 07 FINDINGS R73
planetary_society_pebd_mission_costs,Funding by Destination,1978,Outer Planets (inflation adj),211.938165,"USD millions (2025 dollars, PEBD inflation adjustment)",,PEBD sheet 'Funding by Destination' cell AN20,R73; PEBD pull 2026-09-27 (workbook updated 2025-11-13); attribution: The Planetary Society; conventions in 07 FINDINGS R73
planetary_society_pebd_mission_costs,Funding by Destination,1978,The Moon,0,USD millions (nominal),,PEBD sheet 'Funding by Destination' cell AU20,R73; PEBD pull 2026-09-27 (workbook updated 2025-11-13); attribution: The Planetary Society; conventions in 07 FINDINGS R73
planetary_society_pebd_mission_costs,Funding by Destination,1978,The Moon (inflation adj),0,"USD millions (2025 dollars, PEBD inflation adjustment)",,PEBD sheet 'Funding by Destination' cell AV20,R73; PEBD pull 2026-09-27 (workbook updated 2025-11-13); attribution: The Planetary Society; conventions in 07 FINDINGS R73
planetary_society_pebd_mission_costs,Funding by Destination,1978,Small Bodies,0,USD millions (nominal),,PEBD sheet 'Funding by Destination' cell BG20,R73; PEBD pull 2026-09-27 (workbook updated 2025-11-13); attribution: The Planetary Society; conventions in 07 FINDINGS R73
planetary_society_pebd_mission_costs,Funding by Destination,1978,Small Bodies (inflation adj),0,"USD millions (2025 dollars, PEBD inflation adjustment)",,PEBD sheet 'Funding by Destination' cell BH20,R73; PEBD pull 2026-09-27 (workbook updated 2025-11-13); attribution: The Planetary Society; conventions in 07 FINDINGS R73
planetary_society_pebd_mission_costs,Funding by Destination,1979,Viking,5,USD millions (nominal),,PEBD sheet 'Funding by Destination' cell F21,R73; PEBD pull 2026-09-27 (workbook updated 2025-11-13); attribution: The Planetary Society; conventions in 07 FINDINGS R73
planetary_society_pebd_mission_costs,Funding by Destination,1979,Mars,5,USD millions (nominal),,PEBD sheet 'Funding by Destination' cell N21,R73; PEBD pull 2026-09-27 (workbook updated 2025-11-13); attribution: The Planetary Society; conventions in 07 FINDINGS R73
planetary_society_pebd_mission_costs,Funding by Destination,1979,Mars (inflation adj),27.325,"USD millions (2025 dollars, PEBD inflation adjustment)",,PEBD sheet 'Funding by Destination' cell O21,R73; PEBD pull 2026-09-27 (workbook updated 2025-11-13); attribution: The Planetary Society; conventions in 07 FINDINGS R73
planetary_society_pebd_mission_costs,Funding by Destination,1979,Pioneer Venus,9,USD millions (nominal),,PEBD sheet 'Funding by Destination' cell T21,R73; PEBD pull 2026-09-27 (workbook updated 2025-11-13); attribution: The Planetary Society; conventions in 07 FINDINGS R73
planetary_society_pebd_mission_costs,Funding by Destination,1979,Venus,9,USD millions (nominal),,PEBD sheet 'Funding by Destination' cell Z21,R73; PEBD pull 2026-09-27 (workbook updated 2025-11-13); attribution: The Planetary Society; conventions in 07 FINDINGS R73
planetary_society_pebd_mission_costs,Funding by Destination,1979,Venus (inflation adj),44.919,"USD millions (2025 dollars, PEBD inflation adjustment)",,PEBD sheet 'Funding by Destination' cell AA21,R73; PEBD pull 2026-09-27 (workbook updated 2025-11-13); attribution: The Planetary Society; conventions in 07 FINDINGS R73
planetary_society_pebd_mission_costs,Funding by Destination,1979,Mercury,0,USD millions (nominal),,PEBD sheet 'Funding by Destination' cell AD21,R73; PEBD pull 2026-09-27 (workbook updated 2025-11-13); attribution: The Planetary Society; conventions in 07 FINDINGS R73
planetary_society_pebd_mission_costs,Funding by Destination,1979,Mercury (inflation adj),0,"USD millions (2025 dollars, PEBD inflation adjustment)",,PEBD sheet 'Funding by Destination' cell AE21,R73; PEBD pull 2026-09-27 (workbook updated 2025-11-13); attribution: The Planetary Society; conventions in 07 FINDINGS R73
planetary_society_pebd_mission_costs,Funding by Destination,1979,Pioneer 10 & 11,2.825,USD millions (nominal),,PEBD sheet 'Funding by Destination' cell AF21,R73; PEBD pull 2026-09-27 (workbook updated 2025-11-13); attribution: The Planetary Society; conventions in 07 FINDINGS R73
planetary_society_pebd_mission_costs,Funding by Destination,1979,Voyager,16.742,USD millions (nominal),,PEBD sheet 'Funding by Destination' cell AG21,R73; PEBD pull 2026-09-27 (workbook updated 2025-11-13); attribution: The Planetary Society; conventions in 07 FINDINGS R73
planetary_society_pebd_mission_costs,Funding by Destination,1979,Galileo,78.7,USD millions (nominal),,PEBD sheet 'Funding by Destination' cell AH21,R73; PEBD pull 2026-09-27 (workbook updated 2025-11-13); attribution: The Planetary Society; conventions in 07 FINDINGS R73
planetary_society_pebd_mission_costs,Funding by Destination,1979,Outer Planets,98.267,USD millions (nominal),,PEBD sheet 'Funding by Destination' cell AM21,R73; PEBD pull 2026-09-27 (workbook updated 2025-11-13); attribution: The Planetary Society; conventions in 07 FINDINGS R73
planetary_society_pebd_mission_costs,Funding by Destination,1979,Outer Planets (inflation adj),490.450597,"USD millions (2025 dollars, PEBD inflation adjustment)",,PEBD sheet 'Funding by Destination' cell AN21,R73; PEBD pull 2026-09-27 (workbook updated 2025-11-13); attribution: The Planetary Society; conventions in 07 FINDINGS R73
planetary_society_pebd_mission_costs,Funding by Destination,1979,The Moon,0,USD millions (nominal),,PEBD sheet 'Funding by Destination' cell AU21,R73; PEBD pull 2026-09-27 (workbook updated 2025-11-13); attribution: The Planetary Society; conventions in 07 FINDINGS R73
planetary_society_pebd_mission_costs,Funding by Destination,1979,The Moon (inflation adj),0,"USD millions (2025 dollars, PEBD inflation adjustment)",,PEBD sheet 'Funding by Destination' cell AV21,R73; PEBD pull 2026-09-27 (workbook updated 2025-11-13); attribution: The Planetary Society; conventions in 07 FINDINGS R73
planetary_society_pebd_mission_costs,Funding by Destination,1979,Small Bodies,0,USD millions (nominal),,PEBD sheet 'Funding by Destination' cell BG21,R73; PEBD pull 2026-09-27 (workbook updated 2025-11-13); attribution: The Planetary Society; conventions in 07 FINDINGS R73
planetary_society_pebd_mission_costs,Funding by Destination,1979,Small Bodies (inflation adj),0,"USD millions (2025 dollars, PEBD inflation adjustment)",,PEBD sheet 'Funding by Destination' cell BH21,R73; PEBD pull 2026-09-27 (workbook updated 2025-11-13); attribution: The Planetary Society; conventions in 07 FINDINGS R73
planetary_society_pebd_mission_costs,Funding by Destination,1980,Viking,2.45,USD millions (nominal),,PEBD sheet 'Funding by Destination' cell F22,R73; PEBD pull 2026-09-27 (workbook updated 2025-11-13); attribution: The Planetary Society; conventions in 07 FINDINGS R73
planetary_society_pebd_mission_costs,Funding by Destination,1980,Mars Data Analysis,6,USD millions (nominal),,PEBD sheet 'Funding by Destination' cell G22,R73; PEBD pull 2026-09-27 (workbook updated 2025-11-13); attribution: The Planetary Society; conventions in 07 FINDINGS R73
planetary_society_pebd_mission_costs,Funding by Destination,1980,Mars,8.45,USD millions (nominal),,PEBD sheet 'Funding by Destination' cell N22,R73; PEBD pull 2026-09-27 (workbook updated 2025-11-13); attribution: The Planetary Society; conventions in 07 FINDINGS R73
planetary_society_pebd_mission_costs,Funding by Destination,1980,Mars (inflation adj),42.17395,"USD millions (2025 dollars, PEBD inflation adjustment)",,PEBD sheet 'Funding by Destination' cell O22,R73; PEBD pull 2026-09-27 (workbook updated 2025-11-13); attribution: The Planetary Society; conventions in 07 FINDINGS R73
planetary_society_pebd_mission_costs,Funding by Destination,1980,Pioneer Venus,8.251,USD millions (nominal),,PEBD sheet 'Funding by Destination' cell T22,R73; PEBD pull 2026-09-27 (workbook updated 2025-11-13); attribution: The Planetary Society; conventions in 07 FINDINGS R73
planetary_society_pebd_mission_costs,Funding by Destination,1980,Venus,8.251,USD millions (nominal),,PEBD sheet 'Funding by Destination' cell Z22,R73; PEBD pull 2026-09-27 (workbook updated 2025-11-13); attribution: The Planetary Society; conventions in 07 FINDINGS R73
planetary_society_pebd_mission_costs,Funding by Destination,1980,Venus (inflation adj),37.195508,"USD millions (2025 dollars, PEBD inflation adjustment)",,PEBD sheet 'Funding by Destination' cell AA22,R73; PEBD pull 2026-09-27 (workbook updated 2025-11-13); attribution: The Planetary Society; conventions in 07 FINDINGS R73
planetary_society_pebd_mission_costs,Funding by Destination,1980,Mercury,0,USD millions (nominal),,PEBD sheet 'Funding by Destination' cell AD22,R73; PEBD pull 2026-09-27 (workbook updated 2025-11-13); attribution: The Planetary Society; conventions in 07 FINDINGS R73
planetary_society_pebd_mission_costs,Funding by Destination,1980,Mercury (inflation adj),0,"USD millions (2025 dollars, PEBD inflation adjustment)",,PEBD sheet 'Funding by Destination' cell AE22,R73; PEBD pull 2026-09-27 (workbook updated 2025-11-13); attribution: The Planetary Society; conventions in 07 FINDINGS R73
planetary_society_pebd_mission_costs,Funding by Destination,1980,Pioneer 10 & 11,2.8,USD millions (nominal),,PEBD sheet 'Funding by Destination' cell AF22,R73; PEBD pull 2026-09-27 (workbook updated 2025-11-13); attribution: The Planetary Society; conventions in 07 FINDINGS R73
planetary_society_pebd_mission_costs,Funding by Destination,1980,Voyager,19,USD millions (nominal),,PEBD sheet 'Funding by Destination' cell AG22,R73; PEBD pull 2026-09-27 (workbook updated 2025-11-13); attribution: The Planetary Society; conventions in 07 FINDINGS R73
planetary_society_pebd_mission_costs,Funding by Destination,1980,Galileo,116.1,USD millions (nominal),,PEBD sheet 'Funding by Destination' cell AH22,R73; PEBD pull 2026-09-27 (workbook updated 2025-11-13); attribution: The Planetary Society; conventions in 07 FINDINGS R73
planetary_society_pebd_mission_costs,Funding by Destination,1980,Outer Planets,137.9,USD millions (nominal),,PEBD sheet 'Funding by Destination' cell AM22,R73; PEBD pull 2026-09-27 (workbook updated 2025-11-13); attribution: The Planetary Society; conventions in 07 FINDINGS R73
planetary_society_pebd_mission_costs,Funding by Destination,1980,Outer Planets (inflation adj),621.6532,"USD millions (2025 dollars, PEBD inflation adjustment)",,PEBD sheet 'Funding by Destination' cell AN22,R73; PEBD pull 2026-09-27 (workbook updated 2025-11-13); attribution: The Planetary Society; conventions in 07 FINDINGS R73
planetary_society_pebd_mission_costs,Funding by Destination,1980,The Moon,0,USD millions (nominal),,PEBD sheet 'Funding by Destination' cell AU22,R73; PEBD pull 2026-09-27 (workbook updated 2025-11-13); attribution: The Planetary Society; conventions in 07 FINDINGS R73
planetary_society_pebd_mission_costs,Funding by Destination,1980,The Moon (inflation adj),0,"USD millions (2025 dollars, PEBD inflation adjustment)",,PEBD sheet 'Funding by Destination' cell AV22,R73; PEBD pull 2026-09-27 (workbook updated 2025-11-13); attribution: The Planetary Society; conventions in 07 FINDINGS R73
planetary_society_pebd_mission_costs,Funding by Destination,1980,Small Bodies,0,USD millions (nominal),,PEBD sheet 'Funding by Destination' cell BG22,R73; PEBD pull 2026-09-27 (workbook updated 2025-11-13); attribution: The Planetary Society; conventions in 07 FINDINGS R73
planetary_society_pebd_mission_costs,Funding by Destination,1980,Small Bodies (inflation adj),0,"USD millions (2025 dollars, PEBD inflation adjustment)",,PEBD sheet 'Funding by Destination' cell BH22,R73; PEBD pull 2026-09-27 (workbook updated 2025-11-13); attribution: The Planetary Society; conventions in 07 FINDINGS R73
planetary_society_pebd_mission_costs,Funding by Destination,1981,Mars Data Analysis,4.4,USD millions (nominal),,PEBD sheet 'Funding by Destination' cell G23,R73; PEBD pull 2026-09-27 (workbook updated 2025-11-13); attribution: The Planetary Society; conventions in 07 FINDINGS R73
planetary_society_pebd_mission_costs,Funding by Destination,1981,Mars,4.4,USD millions (nominal),,PEBD sheet 'Funding by Destination' cell N23,R73; PEBD pull 2026-09-27 (workbook updated 2025-11-13); attribution: The Planetary Society; conventions in 07 FINDINGS R73
planetary_society_pebd_mission_costs,Funding by Destination,1981,Mars (inflation adj),19.8352,"USD millions (2025 dollars, PEBD inflation adjustment)",,PEBD sheet 'Funding by Destination' cell O23,R73; PEBD pull 2026-09-27 (workbook updated 2025-11-13); attribution: The Planetary Society; conventions in 07 FINDINGS R73
planetary_society_pebd_mission_costs,Funding by Destination,1981,Pioneer Venus,4.7,USD millions (nominal),,PEBD sheet 'Funding by Destination' cell T23,R73; PEBD pull 2026-09-27 (workbook updated 2025-11-13); attribution: The Planetary Society; conventions in 07 FINDINGS R73
planetary_society_pebd_mission_costs,Funding by Destination,1981,Venus,4.7,USD millions (nominal),,PEBD sheet 'Funding by Destination' cell Z23,R73; PEBD pull 2026-09-27 (workbook updated 2025-11-13); attribution: The Planetary Society; conventions in 07 FINDINGS R73
planetary_society_pebd_mission_costs,Funding by Destination,1981,Venus (inflation adj),19.2465,"USD millions (2025 dollars, PEBD inflation adjustment)",,PEBD sheet 'Funding by Destination' cell AA23,R73; PEBD pull 2026-09-27 (workbook updated 2025-11-13); attribution: The Planetary Society; conventions in 07 FINDINGS R73
planetary_society_pebd_mission_costs,Funding by Destination,1981,Mercury,0,USD millions (nominal),,PEBD sheet 'Funding by Destination' cell AD23,R73; PEBD pull 2026-09-27 (workbook updated 2025-11-13); attribution: The Planetary Society; conventions in 07 FINDINGS R73
planetary_society_pebd_mission_costs,Funding by Destination,1981,Mercury (inflation adj),0,"USD millions (2025 dollars, PEBD inflation adjustment)",,PEBD sheet 'Funding by Destination' cell AE23,R73; PEBD pull 2026-09-27 (workbook updated 2025-11-13); attribution: The Planetary Society; conventions in 07 FINDINGS R73
planetary_society_pebd_mission_costs,Funding by Destination,1981,Pioneer 10 & 11,2,USD millions (nominal),,PEBD sheet 'Funding by Destination' cell AF23,R73; PEBD pull 2026-09-27 (workbook updated 2025-11-13); attribution: The Planetary Society; conventions in 07 FINDINGS R73
planetary_society_pebd_mission_costs,Funding by Destination,1981,Voyager,28.966,USD millions (nominal),,PEBD sheet 'Funding by Destination' cell AG23,R73; PEBD pull 2026-09-27 (workbook updated 2025-11-13); attribution: The Planetary Society; conventions in 07 FINDINGS R73
planetary_society_pebd_mission_costs,Funding by Destination,1981,Galileo,63.1,USD millions (nominal),,PEBD sheet 'Funding by Destination' cell AH23,R73; PEBD pull 2026-09-27 (workbook updated 2025-11-13); attribution: The Planetary Society; conventions in 07 FINDINGS R73
planetary_society_pebd_mission_costs,Funding by Destination,1981,Outer Planets,94.066,USD millions (nominal),,PEBD sheet 'Funding by Destination' cell AM23,R73; PEBD pull 2026-09-27 (workbook updated 2025-11-13); attribution: The Planetary Society; conventions in 07 FINDINGS R73
planetary_society_pebd_mission_costs,Funding by Destination,1981,Outer Planets (inflation adj),385.20027,"USD millions (2025 dollars, PEBD inflation adjustment)",,PEBD sheet 'Funding by Destination' cell AN23,R73; PEBD pull 2026-09-27 (workbook updated 2025-11-13); attribution: The Planetary Society; conventions in 07 FINDINGS R73
planetary_society_pebd_mission_costs,Funding by Destination,1981,The Moon,0,USD millions (nominal),,PEBD sheet 'Funding by Destination' cell AU23,R73; PEBD pull 2026-09-27 (workbook updated 2025-11-13); attribution: The Planetary Society; conventions in 07 FINDINGS R73
planetary_society_pebd_mission_costs,Funding by Destination,1981,The Moon (inflation adj),0,"USD millions (2025 dollars, PEBD inflation adjustment)",,PEBD sheet 'Funding by Destination' cell AV23,R73; PEBD pull 2026-09-27 (workbook updated 2025-11-13); attribution: The Planetary Society; conventions in 07 FINDINGS R73
planetary_society_pebd_mission_costs,Funding by Destination,1981,Small Bodies,0,USD millions (nominal),,PEBD sheet 'Funding by Destination' cell BG23,R73; PEBD pull 2026-09-27 (workbook updated 2025-11-13); attribution: The Planetary Society; conventions in 07 FINDINGS R73
planetary_society_pebd_mission_costs,Funding by Destination,1981,Small Bodies (inflation adj),0,"USD millions (2025 dollars, PEBD inflation adjustment)",,PEBD sheet 'Funding by Destination' cell BH23,R73; PEBD pull 2026-09-27 (workbook updated 2025-11-13); attribution: The Planetary Society; conventions in 07 FINDINGS R73
planetary_society_pebd_mission_costs,Funding by Destination,1982,Mars Data Analysis,2.9,USD millions (nominal),,PEBD sheet 'Funding by Destination' cell G24,R73; PEBD pull 2026-09-27 (workbook updated 2025-11-13); attribution: The Planetary Society; conventions in 07 FINDINGS R73
planetary_society_pebd_mission_costs,Funding by Destination,1982,Mars,2.9,USD millions (nominal),,PEBD sheet 'Funding by Destination' cell N24,R73; PEBD pull 2026-09-27 (workbook updated 2025-11-13); attribution: The Planetary Society; conventions in 07 FINDINGS R73
planetary_society_pebd_mission_costs,Funding by Destination,1982,Mars (inflation adj),11.8755,"USD millions (2025 dollars, PEBD inflation adjustment)",,PEBD sheet 'Funding by Destination' cell O24,R73; PEBD pull 2026-09-27 (workbook updated 2025-11-13); attribution: The Planetary Society; conventions in 07 FINDINGS R73
planetary_society_pebd_mission_costs,Funding by Destination,1982,Pioneer Venus,5.066666667,USD millions (nominal),,PEBD sheet 'Funding by Destination' cell T24,R73; PEBD pull 2026-09-27 (workbook updated 2025-11-13); attribution: The Planetary Society; conventions in 07 FINDINGS R73
planetary_society_pebd_mission_costs,Funding by Destination,1982,Venus,5.066666667,USD millions (nominal),,PEBD sheet 'Funding by Destination' cell Z24,R73; PEBD pull 2026-09-27 (workbook updated 2025-11-13); attribution: The Planetary Society; conventions in 07 FINDINGS R73
planetary_society_pebd_mission_costs,Funding by Destination,1982,Venus (inflation adj),19.2432,"USD millions (2025 dollars, PEBD inflation adjustment)",,PEBD sheet 'Funding by Destination' cell AA24,R73; PEBD pull 2026-09-27 (workbook updated 2025-11-13); attribution: The Planetary Society; conventions in 07 FINDINGS R73
planetary_society_pebd_mission_costs,Funding by Destination,1982,Mercury,0,USD millions (nominal),,PEBD sheet 'Funding by Destination' cell AD24,R73; PEBD pull 2026-09-27 (workbook updated 2025-11-13); attribution: The Planetary Society; conventions in 07 FINDINGS R73
planetary_society_pebd_mission_costs,Funding by Destination,1982,Mercury (inflation adj),0,"USD millions (2025 dollars, PEBD inflation adjustment)",,PEBD sheet 'Funding by Destination' cell AE24,R73; PEBD pull 2026-09-27 (workbook updated 2025-11-13); attribution: The Planetary Society; conventions in 07 FINDINGS R73
planetary_society_pebd_mission_costs,Funding by Destination,1982,Pioneer 10 & 11,1.9,USD millions (nominal),,PEBD sheet 'Funding by Destination' cell AF24,R73; PEBD pull 2026-09-27 (workbook updated 2025-11-13); attribution: The Planetary Society; conventions in 07 FINDINGS R73
planetary_society_pebd_mission_costs,Funding by Destination,1982,Voyager,17.2,USD millions (nominal),,PEBD sheet 'Funding by Destination' cell AG24,R73; PEBD pull 2026-09-27 (workbook updated 2025-11-13); attribution: The Planetary Society; conventions in 07 FINDINGS R73
planetary_society_pebd_mission_costs,Funding by Destination,1982,Galileo,115.7,USD millions (nominal),,PEBD sheet 'Funding by Destination' cell AH24,R73; PEBD pull 2026-09-27 (workbook updated 2025-11-13); attribution: The Planetary Society; conventions in 07 FINDINGS R73
planetary_society_pebd_mission_costs,Funding by Destination,1982,Outer Planets,134.8,USD millions (nominal),,PEBD sheet 'Funding by Destination' cell AM24,R73; PEBD pull 2026-09-27 (workbook updated 2025-11-13); attribution: The Planetary Society; conventions in 07 FINDINGS R73
planetary_society_pebd_mission_costs,Funding by Destination,1982,Outer Planets (inflation adj),511.9704,"USD millions (2025 dollars, PEBD inflation adjustment)",,PEBD sheet 'Funding by Destination' cell AN24,R73; PEBD pull 2026-09-27 (workbook updated 2025-11-13); attribution: The Planetary Society; conventions in 07 FINDINGS R73
planetary_society_pebd_mission_costs,Funding by Destination,1982,The Moon,0,USD millions (nominal),,PEBD sheet 'Funding by Destination' cell AU24,R73; PEBD pull 2026-09-27 (workbook updated 2025-11-13); attribution: The Planetary Society; conventions in 07 FINDINGS R73
planetary_society_pebd_mission_costs,Funding by Destination,1982,The Moon (inflation adj),0,"USD millions (2025 dollars, PEBD inflation adjustment)",,PEBD sheet 'Funding by Destination' cell AV24,R73; PEBD pull 2026-09-27 (workbook updated 2025-11-13); attribution: The Planetary Society; conventions in 07 FINDINGS R73
planetary_society_pebd_mission_costs,Funding by Destination,1982,Small Bodies,0,USD millions (nominal),,PEBD sheet 'Funding by Destination' cell BG24,R73; PEBD pull 2026-09-27 (workbook updated 2025-11-13); attribution: The Planetary Society; conventions in 07 FINDINGS R73
planetary_society_pebd_mission_costs,Funding by Destination,1982,Small Bodies (inflation adj),0,"USD millions (2025 dollars, PEBD inflation adjustment)",,PEBD sheet 'Funding by Destination' cell BH24,R73; PEBD pull 2026-09-27 (workbook updated 2025-11-13); attribution: The Planetary Society; conventions in 07 FINDINGS R73
planetary_society_pebd_mission_costs,Funding by Destination,1983,Mars Data Analysis,4.3,USD millions (nominal),,PEBD sheet 'Funding by Destination' cell G25,R73; PEBD pull 2026-09-27 (workbook updated 2025-11-13); attribution: The Planetary Society; conventions in 07 FINDINGS R73
planetary_society_pebd_mission_costs,Funding by Destination,1983,Mars,4.3,USD millions (nominal),,PEBD sheet 'Funding by Destination' cell N25,R73; PEBD pull 2026-09-27 (workbook updated 2025-11-13); attribution: The Planetary Society; conventions in 07 FINDINGS R73
planetary_society_pebd_mission_costs,Funding by Destination,1983,Mars (inflation adj),16.3314,"USD millions (2025 dollars, PEBD inflation adjustment)",,PEBD sheet 'Funding by Destination' cell O25,R73; PEBD pull 2026-09-27 (workbook updated 2025-11-13); attribution: The Planetary Society; conventions in 07 FINDINGS R73
planetary_society_pebd_mission_costs,Funding by Destination,1983,Pioneer Venus,5.066666667,USD millions (nominal),,PEBD sheet 'Funding by Destination' cell T25,R73; PEBD pull 2026-09-27 (workbook updated 2025-11-13); attribution: The Planetary Society; conventions in 07 FINDINGS R73
planetary_society_pebd_mission_costs,Funding by Destination,1983,Venus,5.066666667,USD millions (nominal),,PEBD sheet 'Funding by Destination' cell Z25,R73; PEBD pull 2026-09-27 (workbook updated 2025-11-13); attribution: The Planetary Society; conventions in 07 FINDINGS R73
planetary_society_pebd_mission_costs,Funding by Destination,1983,Venus (inflation adj),18.088,"USD millions (2025 dollars, PEBD inflation adjustment)",,PEBD sheet 'Funding by Destination' cell AA25,R73; PEBD pull 2026-09-27 (workbook updated 2025-11-13); attribution: The Planetary Society; conventions in 07 FINDINGS R73
planetary_society_pebd_mission_costs,Funding by Destination,1983,Mercury,0,USD millions (nominal),,PEBD sheet 'Funding by Destination' cell AD25,R73; PEBD pull 2026-09-27 (workbook updated 2025-11-13); attribution: The Planetary Society; conventions in 07 FINDINGS R73
planetary_society_pebd_mission_costs,Funding by Destination,1983,Mercury (inflation adj),0,"USD millions (2025 dollars, PEBD inflation adjustment)",,PEBD sheet 'Funding by Destination' cell AE25,R73; PEBD pull 2026-09-27 (workbook updated 2025-11-13); attribution: The Planetary Society; conventions in 07 FINDINGS R73
planetary_society_pebd_mission_costs,Funding by Destination,1983,Voyager,17.4,USD millions (nominal),,PEBD sheet 'Funding by Destination' cell AG25,R73; PEBD pull 2026-09-27 (workbook updated 2025-11-13); attribution: The Planetary Society; conventions in 07 FINDINGS R73
planetary_society_pebd_mission_costs,Funding by Destination,1983,Galileo,91.6,USD millions (nominal),,PEBD sheet 'Funding by Destination' cell AH25,R73; PEBD pull 2026-09-27 (workbook updated 2025-11-13); attribution: The Planetary Society; conventions in 07 FINDINGS R73
planetary_society_pebd_mission_costs,Funding by Destination,1983,Outer Planets,109,USD millions (nominal),,PEBD sheet 'Funding by Destination' cell AM25,R73; PEBD pull 2026-09-27 (workbook updated 2025-11-13); attribution: The Planetary Society; conventions in 07 FINDINGS R73
planetary_society_pebd_mission_costs,Funding by Destination,1983,Outer Planets (inflation adj),389.13,"USD millions (2025 dollars, PEBD inflation adjustment)",,PEBD sheet 'Funding by Destination' cell AN25,R73; PEBD pull 2026-09-27 (workbook updated 2025-11-13); attribution: The Planetary Society; conventions in 07 FINDINGS R73
planetary_society_pebd_mission_costs,Funding by Destination,1983,The Moon,0,USD millions (nominal),,PEBD sheet 'Funding by Destination' cell AU25,R73; PEBD pull 2026-09-27 (workbook updated 2025-11-13); attribution: The Planetary Society; conventions in 07 FINDINGS R73
planetary_society_pebd_mission_costs,Funding by Destination,1983,The Moon (inflation adj),0,"USD millions (2025 dollars, PEBD inflation adjustment)",,PEBD sheet 'Funding by Destination' cell AV25,R73; PEBD pull 2026-09-27 (workbook updated 2025-11-13); attribution: The Planetary Society; conventions in 07 FINDINGS R73
planetary_society_pebd_mission_costs,Funding by Destination,1983,Small Bodies,0,USD millions (nominal),,PEBD sheet 'Funding by Destination' cell BG25,R73; PEBD pull 2026-09-27 (workbook updated 2025-11-13); attribution: The Planetary Society; conventions in 07 FINDINGS R73
planetary_society_pebd_mission_costs,Funding by Destination,1983,Small Bodies (inflation adj),0,"USD millions (2025 dollars, PEBD inflation adjustment)",,PEBD sheet 'Funding by Destination' cell BH25,R73; PEBD pull 2026-09-27 (workbook updated 2025-11-13); attribution: The Planetary Society; conventions in 07 FINDINGS R73
planetary_society_pebd_mission_costs,Funding by Destination,1984,Mars Data Analysis,2.9,USD millions (nominal),,PEBD sheet 'Funding by Destination' cell G26,R73; PEBD pull 2026-09-27 (workbook updated 2025-11-13); attribution: The Planetary Society; conventions in 07 FINDINGS R73
planetary_society_pebd_mission_costs,Funding by Destination,1984,Mars,2.9,USD millions (nominal),,PEBD sheet 'Funding by Destination' cell N26,R73; PEBD pull 2026-09-27 (workbook updated 2025-11-13); attribution: The Planetary Society; conventions in 07 FINDINGS R73
planetary_society_pebd_mission_costs,Funding by Destination,1984,Mars (inflation adj),10.353,"USD millions (2025 dollars, PEBD inflation adjustment)",,PEBD sheet 'Funding by Destination' cell O26,R73; PEBD pull 2026-09-27 (workbook updated 2025-11-13); attribution: The Planetary Society; conventions in 07 FINDINGS R73
planetary_society_pebd_mission_costs,Funding by Destination,1984,Pioneer Venus,5.066666667,USD millions (nominal),,PEBD sheet 'Funding by Destination' cell T26,R73; PEBD pull 2026-09-27 (workbook updated 2025-11-13); attribution: The Planetary Society; conventions in 07 FINDINGS R73
planetary_society_pebd_mission_costs,Funding by Destination,1984,Magellan,29,USD millions (nominal),,PEBD sheet 'Funding by Destination' cell U26,R73; PEBD pull 2026-09-27 (workbook updated 2025-11-13); attribution: The Planetary Society; conventions in 07 FINDINGS R73
planetary_society_pebd_mission_costs,Funding by Destination,1984,Venus,34.06666667,USD millions (nominal),,PEBD sheet 'Funding by Destination' cell Z26,R73; PEBD pull 2026-09-27 (workbook updated 2025-11-13); attribution: The Planetary Society; conventions in 07 FINDINGS R73
planetary_society_pebd_mission_costs,Funding by Destination,1984,Venus (inflation adj),115.3838,"USD millions (2025 dollars, PEBD inflation adjustment)",,PEBD sheet 'Funding by Destination' cell AA26,R73; PEBD pull 2026-09-27 (workbook updated 2025-11-13); attribution: The Planetary Society; conventions in 07 FINDINGS R73
planetary_society_pebd_mission_costs,Funding by Destination,1984,Mercury,0,USD millions (nominal),,PEBD sheet 'Funding by Destination' cell AD26,R73; PEBD pull 2026-09-27 (workbook updated 2025-11-13); attribution: The Planetary Society; conventions in 07 FINDINGS R73
planetary_society_pebd_mission_costs,Funding by Destination,1984,Mercury (inflation adj),0,"USD millions (2025 dollars, PEBD inflation adjustment)",,PEBD sheet 'Funding by Destination' cell AE26,R73; PEBD pull 2026-09-27 (workbook updated 2025-11-13); attribution: The Planetary Society; conventions in 07 FINDINGS R73
planetary_society_pebd_mission_costs,Funding by Destination,1984,Voyager,19.1,USD millions (nominal),,PEBD sheet 'Funding by Destination' cell AG26,R73; PEBD pull 2026-09-27 (workbook updated 2025-11-13); attribution: The Planetary Society; conventions in 07 FINDINGS R73
planetary_society_pebd_mission_costs,Funding by Destination,1984,Galileo,79.5,USD millions (nominal),,PEBD sheet 'Funding by Destination' cell AH26,R73; PEBD pull 2026-09-27 (workbook updated 2025-11-13); attribution: The Planetary Society; conventions in 07 FINDINGS R73
planetary_society_pebd_mission_costs,Funding by Destination,1984,Outer Planets,98.6,USD millions (nominal),,PEBD sheet 'Funding by Destination' cell AM26,R73; PEBD pull 2026-09-27 (workbook updated 2025-11-13); attribution: The Planetary Society; conventions in 07 FINDINGS R73
planetary_society_pebd_mission_costs,Funding by Destination,1984,Outer Planets (inflation adj),333.9582,"USD millions (2025 dollars, PEBD inflation adjustment)",,PEBD sheet 'Funding by Destination' cell AN26,R73; PEBD pull 2026-09-27 (workbook updated 2025-11-13); attribution: The Planetary Society; conventions in 07 FINDINGS R73
planetary_society_pebd_mission_costs,Funding by Destination,1984,The Moon,0,USD millions (nominal),,PEBD sheet 'Funding by Destination' cell AU26,R73; PEBD pull 2026-09-27 (workbook updated 2025-11-13); attribution: The Planetary Society; conventions in 07 FINDINGS R73
planetary_society_pebd_mission_costs,Funding by Destination,1984,The Moon (inflation adj),0,"USD millions (2025 dollars, PEBD inflation adjustment)",,PEBD sheet 'Funding by Destination' cell AV26,R73; PEBD pull 2026-09-27 (workbook updated 2025-11-13); attribution: The Planetary Society; conventions in 07 FINDINGS R73
planetary_society_pebd_mission_costs,Funding by Destination,1984,Small Bodies,0,USD millions (nominal),,PEBD sheet 'Funding by Destination' cell BG26,R73; PEBD pull 2026-09-27 (workbook updated 2025-11-13); attribution: The Planetary Society; conventions in 07 FINDINGS R73
planetary_society_pebd_mission_costs,Funding by Destination,1984,Small Bodies (inflation adj),0,"USD millions (2025 dollars, PEBD inflation adjustment)",,PEBD sheet 'Funding by Destination' cell BH26,R73; PEBD pull 2026-09-27 (workbook updated 2025-11-13); attribution: The Planetary Society; conventions in 07 FINDINGS R73
planetary_society_pebd_mission_costs,Funding by Destination,1985,Mars Data Analysis,3.1,USD millions (nominal),,PEBD sheet 'Funding by Destination' cell G27,R73; PEBD pull 2026-09-27 (workbook updated 2025-11-13); attribution: The Planetary Society; conventions in 07 FINDINGS R73
planetary_society_pebd_mission_costs,Funding by Destination,1985,Mars Observer,13,USD millions (nominal),,PEBD sheet 'Funding by Destination' cell H27,R73; PEBD pull 2026-09-27 (workbook updated 2025-11-13); attribution: The Planetary Society; conventions in 07 FINDINGS R73
planetary_society_pebd_mission_costs,Funding by Destination,1985,Mars,16.1,USD millions (nominal),,PEBD sheet 'Funding by Destination' cell N27,R73; PEBD pull 2026-09-27 (workbook updated 2025-11-13); attribution: The Planetary Society; conventions in 07 FINDINGS R73
planetary_society_pebd_mission_costs,Funding by Destination,1985,Mars (inflation adj),54.5307,"USD millions (2025 dollars, PEBD inflation adjustment)",,PEBD sheet 'Funding by Destination' cell O27,R73; PEBD pull 2026-09-27 (workbook updated 2025-11-13); attribution: The Planetary Society; conventions in 07 FINDINGS R73
planetary_society_pebd_mission_costs,Funding by Destination,1985,Pioneer Venus,5.066666667,USD millions (nominal),,PEBD sheet 'Funding by Destination' cell T27,R73; PEBD pull 2026-09-27 (workbook updated 2025-11-13); attribution: The Planetary Society; conventions in 07 FINDINGS R73
planetary_society_pebd_mission_costs,Funding by Destination,1985,Magellan,92.5,USD millions (nominal),,PEBD sheet 'Funding by Destination' cell U27,R73; PEBD pull 2026-09-27 (workbook updated 2025-11-13); attribution: The Planetary Society; conventions in 07 FINDINGS R73
planetary_society_pebd_mission_costs,Funding by Destination,1985,Venus,97.56666667,USD millions (nominal),,PEBD sheet 'Funding by Destination' cell Z27,R73; PEBD pull 2026-09-27 (workbook updated 2025-11-13); attribution: The Planetary Society; conventions in 07 FINDINGS R73
planetary_society_pebd_mission_costs,Funding by Destination,1985,Venus (inflation adj),319.6284,"USD millions (2025 dollars, PEBD inflation adjustment)",,PEBD sheet 'Funding by Destination' cell AA27,R73; PEBD pull 2026-09-27 (workbook updated 2025-11-13); attribution: The Planetary Society; conventions in 07 FINDINGS R73
planetary_society_pebd_mission_costs,Funding by Destination,1985,Mercury,0,USD millions (nominal),,PEBD sheet 'Funding by Destination' cell AD27,R73; PEBD pull 2026-09-27 (workbook updated 2025-11-13); attribution: The Planetary Society; conventions in 07 FINDINGS R73
planetary_society_pebd_mission_costs,Funding by Destination,1985,Mercury (inflation adj),0,"USD millions (2025 dollars, PEBD inflation adjustment)",,PEBD sheet 'Funding by Destination' cell AE27,R73; PEBD pull 2026-09-27 (workbook updated 2025-11-13); attribution: The Planetary Society; conventions in 07 FINDINGS R73
planetary_society_pebd_mission_costs,Funding by Destination,1985,Voyager,26.036,USD millions (nominal),,PEBD sheet 'Funding by Destination' cell AG27,R73; PEBD pull 2026-09-27 (workbook updated 2025-11-13); attribution: The Planetary Society; conventions in 07 FINDINGS R73
planetary_society_pebd_mission_costs,Funding by Destination,1985,Galileo,58.8,USD millions (nominal),,PEBD sheet 'Funding by Destination' cell AH27,R73; PEBD pull 2026-09-27 (workbook updated 2025-11-13); attribution: The Planetary Society; conventions in 07 FINDINGS R73
planetary_society_pebd_mission_costs,Funding by Destination,1985,Outer Planets,84.836,USD millions (nominal),,PEBD sheet 'Funding by Destination' cell AM27,R73; PEBD pull 2026-09-27 (workbook updated 2025-11-13); attribution: The Planetary Society; conventions in 07 FINDINGS R73
planetary_society_pebd_mission_costs,Funding by Destination,1985,Outer Planets (inflation adj),277.922736,"USD millions (2025 dollars, PEBD inflation adjustment)",,PEBD sheet 'Funding by Destination' cell AN27,R73; PEBD pull 2026-09-27 (workbook updated 2025-11-13); attribution: The Planetary Society; conventions in 07 FINDINGS R73
planetary_society_pebd_mission_costs,Funding by Destination,1985,The Moon,0,USD millions (nominal),,PEBD sheet 'Funding by Destination' cell AU27,R73; PEBD pull 2026-09-27 (workbook updated 2025-11-13); attribution: The Planetary Society; conventions in 07 FINDINGS R73
planetary_society_pebd_mission_costs,Funding by Destination,1985,The Moon (inflation adj),0,"USD millions (2025 dollars, PEBD inflation adjustment)",,PEBD sheet 'Funding by Destination' cell AV27,R73; PEBD pull 2026-09-27 (workbook updated 2025-11-13); attribution: The Planetary Society; conventions in 07 FINDINGS R73
planetary_society_pebd_mission_costs,Funding by Destination,1985,Small Bodies,0,USD millions (nominal),,PEBD sheet 'Funding by Destination' cell BG27,R73; PEBD pull 2026-09-27 (workbook updated 2025-11-13); attribution: The Planetary Society; conventions in 07 FINDINGS R73
planetary_society_pebd_mission_costs,Funding by Destination,1985,Small Bodies (inflation adj),0,"USD millions (2025 dollars, PEBD inflation adjustment)",,PEBD sheet 'Funding by Destination' cell BH27,R73; PEBD pull 2026-09-27 (workbook updated 2025-11-13); attribution: The Planetary Society; conventions in 07 FINDINGS R73
planetary_society_pebd_mission_costs,Funding by Destination,1986,Mars Data Analysis,3.1,USD millions (nominal),,PEBD sheet 'Funding by Destination' cell G28,R73; PEBD pull 2026-09-27 (workbook updated 2025-11-13); attribution: The Planetary Society; conventions in 07 FINDINGS R73
planetary_society_pebd_mission_costs,Funding by Destination,1986,Mars Observer,33.8,USD millions (nominal),,PEBD sheet 'Funding by Destination' cell H28,R73; PEBD pull 2026-09-27 (workbook updated 2025-11-13); attribution: The Planetary Society; conventions in 07 FINDINGS R73
planetary_society_pebd_mission_costs,Funding by Destination,1986,Mars,36.9,USD millions (nominal),,PEBD sheet 'Funding by Destination' cell N28,R73; PEBD pull 2026-09-27 (workbook updated 2025-11-13); attribution: The Planetary Society; conventions in 07 FINDINGS R73
planetary_society_pebd_mission_costs,Funding by Destination,1986,Mars (inflation adj),120.8844,"USD millions (2025 dollars, PEBD inflation adjustment)",,PEBD sheet 'Funding by Destination' cell O28,R73; PEBD pull 2026-09-27 (workbook updated 2025-11-13); attribution: The Planetary Society; conventions in 07 FINDINGS R73
planetary_society_pebd_mission_costs,Funding by Destination,1986,Pioneer Venus,5.066666667,USD millions (nominal),,PEBD sheet 'Funding by Destination' cell T28,R73; PEBD pull 2026-09-27 (workbook updated 2025-11-13); attribution: The Planetary Society; conventions in 07 FINDINGS R73
planetary_society_pebd_mission_costs,Funding by Destination,1986,Magellan,120.3,USD millions (nominal),,PEBD sheet 'Funding by Destination' cell U28,R73; PEBD pull 2026-09-27 (workbook updated 2025-11-13); attribution: The Planetary Society; conventions in 07 FINDINGS R73
planetary_society_pebd_mission_costs,Funding by Destination,1986,Venus,125.3666667,USD millions (nominal),,PEBD sheet 'Funding by Destination' cell Z28,R73; PEBD pull 2026-09-27 (workbook updated 2025-11-13); attribution: The Planetary Society; conventions in 07 FINDINGS R73
planetary_society_pebd_mission_costs,Funding by Destination,1986,Venus (inflation adj),398.666,"USD millions (2025 dollars, PEBD inflation adjustment)",,PEBD sheet 'Funding by Destination' cell AA28,R73; PEBD pull 2026-09-27 (workbook updated 2025-11-13); attribution: The Planetary Society; conventions in 07 FINDINGS R73
planetary_society_pebd_mission_costs,Funding by Destination,1986,Mercury,0,USD millions (nominal),,PEBD sheet 'Funding by Destination' cell AD28,R73; PEBD pull 2026-09-27 (workbook updated 2025-11-13); attribution: The Planetary Society; conventions in 07 FINDINGS R73
planetary_society_pebd_mission_costs,Funding by Destination,1986,Mercury (inflation adj),0,"USD millions (2025 dollars, PEBD inflation adjustment)",,PEBD sheet 'Funding by Destination' cell AE28,R73; PEBD pull 2026-09-27 (workbook updated 2025-11-13); attribution: The Planetary Society; conventions in 07 FINDINGS R73
planetary_society_pebd_mission_costs,Funding by Destination,1986,Voyager,30.8,USD millions (nominal),,PEBD sheet 'Funding by Destination' cell AG28,R73; PEBD pull 2026-09-27 (workbook updated 2025-11-13); attribution: The Planetary Society; conventions in 07 FINDINGS R73
planetary_society_pebd_mission_costs,Funding by Destination,1986,Galileo,64.2,USD millions (nominal),,PEBD sheet 'Funding by Destination' cell AH28,R73; PEBD pull 2026-09-27 (workbook updated 2025-11-13); attribution: The Planetary Society; conventions in 07 FINDINGS R73
planetary_society_pebd_mission_costs,Funding by Destination,1986,Outer Planets,95,USD millions (nominal),,PEBD sheet 'Funding by Destination' cell AM28,R73; PEBD pull 2026-09-27 (workbook updated 2025-11-13); attribution: The Planetary Society; conventions in 07 FINDINGS R73
planetary_society_pebd_mission_costs,Funding by Destination,1986,Outer Planets (inflation adj),302.1,"USD millions (2025 dollars, PEBD inflation adjustment)",,PEBD sheet 'Funding by Destination' cell AN28,R73; PEBD pull 2026-09-27 (workbook updated 2025-11-13); attribution: The Planetary Society; conventions in 07 FINDINGS R73
planetary_society_pebd_mission_costs,Funding by Destination,1986,The Moon,0,USD millions (nominal),,PEBD sheet 'Funding by Destination' cell AU28,R73; PEBD pull 2026-09-27 (workbook updated 2025-11-13); attribution: The Planetary Society; conventions in 07 FINDINGS R73
planetary_society_pebd_mission_costs,Funding by Destination,1986,The Moon (inflation adj),0,"USD millions (2025 dollars, PEBD inflation adjustment)",,PEBD sheet 'Funding by Destination' cell AV28,R73; PEBD pull 2026-09-27 (workbook updated 2025-11-13); attribution: The Planetary Society; conventions in 07 FINDINGS R73
planetary_society_pebd_mission_costs,Funding by Destination,1986,Small Bodies,0,USD millions (nominal),,PEBD sheet 'Funding by Destination' cell BG28,R73; PEBD pull 2026-09-27 (workbook updated 2025-11-13); attribution: The Planetary Society; conventions in 07 FINDINGS R73
planetary_society_pebd_mission_costs,Funding by Destination,1986,Small Bodies (inflation adj),0,"USD millions (2025 dollars, PEBD inflation adjustment)",,PEBD sheet 'Funding by Destination' cell BH28,R73; PEBD pull 2026-09-27 (workbook updated 2025-11-13); attribution: The Planetary Society; conventions in 07 FINDINGS R73
planetary_society_pebd_mission_costs,Funding by Destination,1987,Mars Data Analysis,2.868,USD millions (nominal),,PEBD sheet 'Funding by Destination' cell G29,R73; PEBD pull 2026-09-27 (workbook updated 2025-11-13); attribution: The Planetary Society; conventions in 07 FINDINGS R73
planetary_society_pebd_mission_costs,Funding by Destination,1987,Mars Observer,35.8,USD millions (nominal),,PEBD sheet 'Funding by Destination' cell H29,R73; PEBD pull 2026-09-27 (workbook updated 2025-11-13); attribution: The Planetary Society; conventions in 07 FINDINGS R73
planetary_society_pebd_mission_costs,Funding by Destination,1987,Mars,38.668,USD millions (nominal),,PEBD sheet 'Funding by Destination' cell N29,R73; PEBD pull 2026-09-27 (workbook updated 2025-11-13); attribution: The Planetary Society; conventions in 07 FINDINGS R73
planetary_society_pebd_mission_costs,Funding by Destination,1987,Mars (inflation adj),122.96424,"USD millions (2025 dollars, PEBD inflation adjustment)",,PEBD sheet 'Funding by Destination' cell O29,R73; PEBD pull 2026-09-27 (workbook updated 2025-11-13); attribution: The Planetary Society; conventions in 07 FINDINGS R73
planetary_society_pebd_mission_costs,Funding by Destination,1987,Pioneer Venus,5.2,USD millions (nominal),,PEBD sheet 'Funding by Destination' cell T29,R73; PEBD pull 2026-09-27 (workbook updated 2025-11-13); attribution: The Planetary Society; conventions in 07 FINDINGS R73
planetary_society_pebd_mission_costs,Funding by Destination,1987,Magellan,105.3,USD millions (nominal),,PEBD sheet 'Funding by Destination' cell U29,R73; PEBD pull 2026-09-27 (workbook updated 2025-11-13); attribution: The Planetary Society; conventions in 07 FINDINGS R73
planetary_society_pebd_mission_costs,Funding by Destination,1987,Venus,110.5,USD millions (nominal),,PEBD sheet 'Funding by Destination' cell Z29,R73; PEBD pull 2026-09-27 (workbook updated 2025-11-13); attribution: The Planetary Society; conventions in 07 FINDINGS R73
planetary_society_pebd_mission_costs,Funding by Destination,1987,Venus (inflation adj),337.5775,"USD millions (2025 dollars, PEBD inflation adjustment)",,PEBD sheet 'Funding by Destination' cell AA29,R73; PEBD pull 2026-09-27 (workbook updated 2025-11-13); attribution: The Planetary Society; conventions in 07 FINDINGS R73
planetary_society_pebd_mission_costs,Funding by Destination,1987,Mercury,0,USD millions (nominal),,PEBD sheet 'Funding by Destination' cell AD29,R73; PEBD pull 2026-09-27 (workbook updated 2025-11-13); attribution: The Planetary Society; conventions in 07 FINDINGS R73
planetary_society_pebd_mission_costs,Funding by Destination,1987,Mercury (inflation adj),0,"USD millions (2025 dollars, PEBD inflation adjustment)",,PEBD sheet 'Funding by Destination' cell AE29,R73; PEBD pull 2026-09-27 (workbook updated 2025-11-13); attribution: The Planetary Society; conventions in 07 FINDINGS R73
planetary_society_pebd_mission_costs,Funding by Destination,1987,Pioneer 10 & 11,3.7,USD millions (nominal),,PEBD sheet 'Funding by Destination' cell AF29,R73; PEBD pull 2026-09-27 (workbook updated 2025-11-13); attribution: The Planetary Society; conventions in 07 FINDINGS R73
planetary_society_pebd_mission_costs,Funding by Destination,1987,Voyager,28.905,USD millions (nominal),,PEBD sheet 'Funding by Destination' cell AG29,R73; PEBD pull 2026-09-27 (workbook updated 2025-11-13); attribution: The Planetary Society; conventions in 07 FINDINGS R73
planetary_society_pebd_mission_costs,Funding by Destination,1987,Galileo,71.2,USD millions (nominal),,PEBD sheet 'Funding by Destination' cell AH29,R73; PEBD pull 2026-09-27 (workbook updated 2025-11-13); attribution: The Planetary Society; conventions in 07 FINDINGS R73
planetary_society_pebd_mission_costs,Funding by Destination,1987,Outer Planets,103.805,USD millions (nominal),,PEBD sheet 'Funding by Destination' cell AM29,R73; PEBD pull 2026-09-27 (workbook updated 2025-11-13); attribution: The Planetary Society; conventions in 07 FINDINGS R73
planetary_society_pebd_mission_costs,Funding by Destination,1987,Outer Planets (inflation adj),317.124275,"USD millions (2025 dollars, PEBD inflation adjustment)",,PEBD sheet 'Funding by Destination' cell AN29,R73; PEBD pull 2026-09-27 (workbook updated 2025-11-13); attribution: The Planetary Society; conventions in 07 FINDINGS R73
planetary_society_pebd_mission_costs,Funding by Destination,1987,The Moon,0,USD millions (nominal),,PEBD sheet 'Funding by Destination' cell AU29,R73; PEBD pull 2026-09-27 (workbook updated 2025-11-13); attribution: The Planetary Society; conventions in 07 FINDINGS R73
planetary_society_pebd_mission_costs,Funding by Destination,1987,The Moon (inflation adj),0,"USD millions (2025 dollars, PEBD inflation adjustment)",,PEBD sheet 'Funding by Destination' cell AV29,R73; PEBD pull 2026-09-27 (workbook updated 2025-11-13); attribution: The Planetary Society; conventions in 07 FINDINGS R73
planetary_society_pebd_mission_costs,Funding by Destination,1987,Small Bodies,0,USD millions (nominal),,PEBD sheet 'Funding by Destination' cell BG29,R73; PEBD pull 2026-09-27 (workbook updated 2025-11-13); attribution: The Planetary Society; conventions in 07 FINDINGS R73
planetary_society_pebd_mission_costs,Funding by Destination,1987,Small Bodies (inflation adj),0,"USD millions (2025 dollars, PEBD inflation adjustment)",,PEBD sheet 'Funding by Destination' cell BH29,R73; PEBD pull 2026-09-27 (workbook updated 2025-11-13); attribution: The Planetary Society; conventions in 07 FINDINGS R73
planetary_society_pebd_mission_costs,Funding by Destination,1988,Mars Data Analysis,3.687,USD millions (nominal),,PEBD sheet 'Funding by Destination' cell G30,R73; PEBD pull 2026-09-27 (workbook updated 2025-11-13); attribution: The Planetary Society; conventions in 07 FINDINGS R73
planetary_society_pebd_mission_costs,Funding by Destination,1988,Mars Observer,53.9,USD millions (nominal),,PEBD sheet 'Funding by Destination' cell H30,R73; PEBD pull 2026-09-27 (workbook updated 2025-11-13); attribution: The Planetary Society; conventions in 07 FINDINGS R73
planetary_society_pebd_mission_costs,Funding by Destination,1988,Mars,57.587,USD millions (nominal),,PEBD sheet 'Funding by Destination' cell N30,R73; PEBD pull 2026-09-27 (workbook updated 2025-11-13); attribution: The Planetary Society; conventions in 07 FINDINGS R73
planetary_society_pebd_mission_costs,Funding by Destination,1988,Mars (inflation adj),175.928285,"USD millions (2025 dollars, PEBD inflation adjustment)",,PEBD sheet 'Funding by Destination' cell O30,R73; PEBD pull 2026-09-27 (workbook updated 2025-11-13); attribution: The Planetary Society; conventions in 07 FINDINGS R73
planetary_society_pebd_mission_costs,Funding by Destination,1988,Pioneer Venus,4.4,USD millions (nominal),,PEBD sheet 'Funding by Destination' cell T30,R73; PEBD pull 2026-09-27 (workbook updated 2025-11-13); attribution: The Planetary Society; conventions in 07 FINDINGS R73
planetary_society_pebd_mission_costs,Funding by Destination,1988,Magellan,73,USD millions (nominal),,PEBD sheet 'Funding by Destination' cell U30,R73; PEBD pull 2026-09-27 (workbook updated 2025-11-13); attribution: The Planetary Society; conventions in 07 FINDINGS R73
planetary_society_pebd_mission_costs,Funding by Destination,1988,Venus,77.4,USD millions (nominal),,PEBD sheet 'Funding by Destination' cell Z30,R73; PEBD pull 2026-09-27 (workbook updated 2025-11-13); attribution: The Planetary Society; conventions in 07 FINDINGS R73
planetary_society_pebd_mission_costs,Funding by Destination,1988,Venus (inflation adj),224.5374,"USD millions (2025 dollars, PEBD inflation adjustment)",,PEBD sheet 'Funding by Destination' cell AA30,R73; PEBD pull 2026-09-27 (workbook updated 2025-11-13); attribution: The Planetary Society; conventions in 07 FINDINGS R73
planetary_society_pebd_mission_costs,Funding by Destination,1988,Mercury,0,USD millions (nominal),,PEBD sheet 'Funding by Destination' cell AD30,R73; PEBD pull 2026-09-27 (workbook updated 2025-11-13); attribution: The Planetary Society; conventions in 07 FINDINGS R73
planetary_society_pebd_mission_costs,Funding by Destination,1988,Mercury (inflation adj),0,"USD millions (2025 dollars, PEBD inflation adjustment)",,PEBD sheet 'Funding by Destination' cell AE30,R73; PEBD pull 2026-09-27 (workbook updated 2025-11-13); attribution: The Planetary Society; conventions in 07 FINDINGS R73
planetary_society_pebd_mission_costs,Funding by Destination,1988,Pioneer 10 & 11,3.5,USD millions (nominal),,PEBD sheet 'Funding by Destination' cell AF30,R73; PEBD pull 2026-09-27 (workbook updated 2025-11-13); attribution: The Planetary Society; conventions in 07 FINDINGS R73
planetary_society_pebd_mission_costs,Funding by Destination,1988,Voyager,24.62,USD millions (nominal),,PEBD sheet 'Funding by Destination' cell AG30,R73; PEBD pull 2026-09-27 (workbook updated 2025-11-13); attribution: The Planetary Society; conventions in 07 FINDINGS R73
planetary_society_pebd_mission_costs,Funding by Destination,1988,Galileo,51.9,USD millions (nominal),,PEBD sheet 'Funding by Destination' cell AH30,R73; PEBD pull 2026-09-27 (workbook updated 2025-11-13); attribution: The Planetary Society; conventions in 07 FINDINGS R73
planetary_society_pebd_mission_costs,Funding by Destination,1988,Outer Planets,80.02,USD millions (nominal),,PEBD sheet 'Funding by Destination' cell AM30,R73; PEBD pull 2026-09-27 (workbook updated 2025-11-13); attribution: The Planetary Society; conventions in 07 FINDINGS R73
planetary_society_pebd_mission_costs,Funding by Destination,1988,Outer Planets (inflation adj),232.13802,"USD millions (2025 dollars, PEBD inflation adjustment)",,PEBD sheet 'Funding by Destination' cell AN30,R73; PEBD pull 2026-09-27 (workbook updated 2025-11-13); attribution: The Planetary Society; conventions in 07 FINDINGS R73
planetary_society_pebd_mission_costs,Funding by Destination,1988,The Moon,0,USD millions (nominal),,PEBD sheet 'Funding by Destination' cell AU30,R73; PEBD pull 2026-09-27 (workbook updated 2025-11-13); attribution: The Planetary Society; conventions in 07 FINDINGS R73
planetary_society_pebd_mission_costs,Funding by Destination,1988,The Moon (inflation adj),0,"USD millions (2025 dollars, PEBD inflation adjustment)",,PEBD sheet 'Funding by Destination' cell AV30,R73; PEBD pull 2026-09-27 (workbook updated 2025-11-13); attribution: The Planetary Society; conventions in 07 FINDINGS R73
planetary_society_pebd_mission_costs,Funding by Destination,1988,Small Bodies,0,USD millions (nominal),,PEBD sheet 'Funding by Destination' cell BG30,R73; PEBD pull 2026-09-27 (workbook updated 2025-11-13); attribution: The Planetary Society; conventions in 07 FINDINGS R73
planetary_society_pebd_mission_costs,Funding by Destination,1988,Small Bodies (inflation adj),0,"USD millions (2025 dollars, PEBD inflation adjustment)",,PEBD sheet 'Funding by Destination' cell BH30,R73; PEBD pull 2026-09-27 (workbook updated 2025-11-13); attribution: The Planetary Society; conventions in 07 FINDINGS R73
planetary_society_pebd_mission_costs,Funding by Destination,1989,Mars Data Analysis,4.7,USD millions (nominal),,PEBD sheet 'Funding by Destination' cell G31,R73; PEBD pull 2026-09-27 (workbook updated 2025-11-13); attribution: The Planetary Society; conventions in 07 FINDINGS R73
planetary_society_pebd_mission_costs,Funding by Destination,1989,Mars Observer,120,USD millions (nominal),,PEBD sheet 'Funding by Destination' cell H31,R73; PEBD pull 2026-09-27 (workbook updated 2025-11-13); attribution: The Planetary Society; conventions in 07 FINDINGS R73
planetary_society_pebd_mission_costs,Funding by Destination,1989,Mars,124.7,USD millions (nominal),,PEBD sheet 'Funding by Destination' cell N31,R73; PEBD pull 2026-09-27 (workbook updated 2025-11-13); attribution: The Planetary Society; conventions in 07 FINDINGS R73
planetary_society_pebd_mission_costs,Funding by Destination,1989,Mars (inflation adj),361.7547,"USD millions (2025 dollars, PEBD inflation adjustment)",,PEBD sheet 'Funding by Destination' cell O31,R73; PEBD pull 2026-09-27 (workbook updated 2025-11-13); attribution: The Planetary Society; conventions in 07 FINDINGS R73
planetary_society_pebd_mission_costs,Funding by Destination,1989,Pioneer Venus,5.6,USD millions (nominal),,PEBD sheet 'Funding by Destination' cell T31,R73; PEBD pull 2026-09-27 (workbook updated 2025-11-13); attribution: The Planetary Society; conventions in 07 FINDINGS R73
planetary_society_pebd_mission_costs,Funding by Destination,1989,Magellan,60.2,USD millions (nominal),,PEBD sheet 'Funding by Destination' cell U31,R73; PEBD pull 2026-09-27 (workbook updated 2025-11-13); attribution: The Planetary Society; conventions in 07 FINDINGS R73
planetary_society_pebd_mission_costs,Funding by Destination,1989,Venus,65.8,USD millions (nominal),,PEBD sheet 'Funding by Destination' cell Z31,R73; PEBD pull 2026-09-27 (workbook updated 2025-11-13); attribution: The Planetary Society; conventions in 07 FINDINGS R73
planetary_society_pebd_mission_costs,Funding by Destination,1989,Venus (inflation adj),182.1344,"USD millions (2025 dollars, PEBD inflation adjustment)",,PEBD sheet 'Funding by Destination' cell AA31,R73; PEBD pull 2026-09-27 (workbook updated 2025-11-13); attribution: The Planetary Society; conventions in 07 FINDINGS R73
planetary_society_pebd_mission_costs,Funding by Destination,1989,Mercury,0,USD millions (nominal),,PEBD sheet 'Funding by Destination' cell AD31,R73; PEBD pull 2026-09-27 (workbook updated 2025-11-13); attribution: The Planetary Society; conventions in 07 FINDINGS R73
planetary_society_pebd_mission_costs,Funding by Destination,1989,Mercury (inflation adj),0,"USD millions (2025 dollars, PEBD inflation adjustment)",,PEBD sheet 'Funding by Destination' cell AE31,R73; PEBD pull 2026-09-27 (workbook updated 2025-11-13); attribution: The Planetary Society; conventions in 07 FINDINGS R73
planetary_society_pebd_mission_costs,Funding by Destination,1989,Pioneer 10 & 11,3.7,USD millions (nominal),,PEBD sheet 'Funding by Destination' cell AF31,R73; PEBD pull 2026-09-27 (workbook updated 2025-11-13); attribution: The Planetary Society; conventions in 07 FINDINGS R73
planetary_society_pebd_mission_costs,Funding by Destination,1989,Voyager,42.4,USD millions (nominal),,PEBD sheet 'Funding by Destination' cell AG31,R73; PEBD pull 2026-09-27 (workbook updated 2025-11-13); attribution: The Planetary Society; conventions in 07 FINDINGS R73
planetary_society_pebd_mission_costs,Funding by Destination,1989,Galileo,73.4,USD millions (nominal),,PEBD sheet 'Funding by Destination' cell AH31,R73; PEBD pull 2026-09-27 (workbook updated 2025-11-13); attribution: The Planetary Society; conventions in 07 FINDINGS R73
planetary_society_pebd_mission_costs,Funding by Destination,1989,Outer Planets,119.5,USD millions (nominal),,PEBD sheet 'Funding by Destination' cell AM31,R73; PEBD pull 2026-09-27 (workbook updated 2025-11-13); attribution: The Planetary Society; conventions in 07 FINDINGS R73
planetary_society_pebd_mission_costs,Funding by Destination,1989,Outer Planets (inflation adj),330.776,"USD millions (2025 dollars, PEBD inflation adjustment)",,PEBD sheet 'Funding by Destination' cell AN31,R73; PEBD pull 2026-09-27 (workbook updated 2025-11-13); attribution: The Planetary Society; conventions in 07 FINDINGS R73
planetary_society_pebd_mission_costs,Funding by Destination,1989,The Moon,0,USD millions (nominal),,PEBD sheet 'Funding by Destination' cell AU31,R73; PEBD pull 2026-09-27 (workbook updated 2025-11-13); attribution: The Planetary Society; conventions in 07 FINDINGS R73
planetary_society_pebd_mission_costs,Funding by Destination,1989,The Moon (inflation adj),0,"USD millions (2025 dollars, PEBD inflation adjustment)",,PEBD sheet 'Funding by Destination' cell AV31,R73; PEBD pull 2026-09-27 (workbook updated 2025-11-13); attribution: The Planetary Society; conventions in 07 FINDINGS R73
planetary_society_pebd_mission_costs,Funding by Destination,1989,Small Bodies,0,USD millions (nominal),,PEBD sheet 'Funding by Destination' cell BG31,R73; PEBD pull 2026-09-27 (workbook updated 2025-11-13); attribution: The Planetary Society; conventions in 07 FINDINGS R73
planetary_society_pebd_mission_costs,Funding by Destination,1989,Small Bodies (inflation adj),0,"USD millions (2025 dollars, PEBD inflation adjustment)",,PEBD sheet 'Funding by Destination' cell BH31,R73; PEBD pull 2026-09-27 (workbook updated 2025-11-13); attribution: The Planetary Society; conventions in 07 FINDINGS R73
planetary_society_pebd_mission_costs,Funding by Destination,1990,Mars Data Analysis,3.5,USD millions (nominal),,PEBD sheet 'Funding by Destination' cell G32,R73; PEBD pull 2026-09-27 (workbook updated 2025-11-13); attribution: The Planetary Society; conventions in 07 FINDINGS R73
planetary_society_pebd_mission_costs,Funding by Destination,1990,Mars Observer,166.122,USD millions (nominal),,PEBD sheet 'Funding by Destination' cell H32,R73; PEBD pull 2026-09-27 (workbook updated 2025-11-13); attribution: The Planetary Society; conventions in 07 FINDINGS R73
planetary_society_pebd_mission_costs,Funding by Destination,1990,Mars '94 NASA Cont.,4.4,USD millions (nominal),,PEBD sheet 'Funding by Destination' cell I32,R73; PEBD pull 2026-09-27 (workbook updated 2025-11-13); attribution: The Planetary Society; conventions in 07 FINDINGS R73
planetary_society_pebd_mission_costs,Funding by Destination,1990,Mars,174.022,USD millions (nominal),,PEBD sheet 'Funding by Destination' cell N32,R73; PEBD pull 2026-09-27 (workbook updated 2025-11-13); attribution: The Planetary Society; conventions in 07 FINDINGS R73
planetary_society_pebd_mission_costs,Funding by Destination,1990,Mars (inflation adj),481.692896,"USD millions (2025 dollars, PEBD inflation adjustment)",,PEBD sheet 'Funding by Destination' cell O32,R73; PEBD pull 2026-09-27 (workbook updated 2025-11-13); attribution: The Planetary Society; conventions in 07 FINDINGS R73
planetary_society_pebd_mission_costs,Funding by Destination,1990,Pioneer Venus,5.9,USD millions (nominal),,PEBD sheet 'Funding by Destination' cell T32,R73; PEBD pull 2026-09-27 (workbook updated 2025-11-13); attribution: The Planetary Society; conventions in 07 FINDINGS R73
planetary_society_pebd_mission_costs,Funding by Destination,1990,Magellan,41.207,USD millions (nominal),,PEBD sheet 'Funding by Destination' cell U32,R73; PEBD pull 2026-09-27 (workbook updated 2025-11-13); attribution: The Planetary Society; conventions in 07 FINDINGS R73
planetary_society_pebd_mission_costs,Funding by Destination,1990,Venus,47.107,USD millions (nominal),,PEBD sheet 'Funding by Destination' cell Z32,R73; PEBD pull 2026-09-27 (workbook updated 2025-11-13); attribution: The Planetary Society; conventions in 07 FINDINGS R73
planetary_society_pebd_mission_costs,Funding by Destination,1990,Venus (inflation adj),124.786443,"USD millions (2025 dollars, PEBD inflation adjustment)",,PEBD sheet 'Funding by Destination' cell AA32,R73; PEBD pull 2026-09-27 (workbook updated 2025-11-13); attribution: The Planetary Society; conventions in 07 FINDINGS R73
planetary_society_pebd_mission_costs,Funding by Destination,1990,Mercury,0,USD millions (nominal),,PEBD sheet 'Funding by Destination' cell AD32,R73; PEBD pull 2026-09-27 (workbook updated 2025-11-13); attribution: The Planetary Society; conventions in 07 FINDINGS R73
planetary_society_pebd_mission_costs,Funding by Destination,1990,Mercury (inflation adj),0,"USD millions (2025 dollars, PEBD inflation adjustment)",,PEBD sheet 'Funding by Destination' cell AE32,R73; PEBD pull 2026-09-27 (workbook updated 2025-11-13); attribution: The Planetary Society; conventions in 07 FINDINGS R73
planetary_society_pebd_mission_costs,Funding by Destination,1990,Pioneer 10 & 11,3.9,USD millions (nominal),,PEBD sheet 'Funding by Destination' cell AF32,R73; PEBD pull 2026-09-27 (workbook updated 2025-11-13); attribution: The Planetary Society; conventions in 07 FINDINGS R73
planetary_society_pebd_mission_costs,Funding by Destination,1990,Voyager,25.492,USD millions (nominal),,PEBD sheet 'Funding by Destination' cell AG32,R73; PEBD pull 2026-09-27 (workbook updated 2025-11-13); attribution: The Planetary Society; conventions in 07 FINDINGS R73
planetary_society_pebd_mission_costs,Funding by Destination,1990,Galileo,37.315,USD millions (nominal),,PEBD sheet 'Funding by Destination' cell AH32,R73; PEBD pull 2026-09-27 (workbook updated 2025-11-13); attribution: The Planetary Society; conventions in 07 FINDINGS R73
planetary_society_pebd_mission_costs,Funding by Destination,1990,Cassini,29.5,USD millions (nominal),,PEBD sheet 'Funding by Destination' cell AI32,R73; PEBD pull 2026-09-27 (workbook updated 2025-11-13); attribution: The Planetary Society; conventions in 07 FINDINGS R73
planetary_society_pebd_mission_costs,Funding by Destination,1990,Outer Planets,96.207,USD millions (nominal),,PEBD sheet 'Funding by Destination' cell AM32,R73; PEBD pull 2026-09-27 (workbook updated 2025-11-13); attribution: The Planetary Society; conventions in 07 FINDINGS R73
planetary_society_pebd_mission_costs,Funding by Destination,1990,Outer Planets (inflation adj),254.852343,"USD millions (2025 dollars, PEBD inflation adjustment)",,PEBD sheet 'Funding by Destination' cell AN32,R73; PEBD pull 2026-09-27 (workbook updated 2025-11-13); attribution: The Planetary Society; conventions in 07 FINDINGS R73
planetary_society_pebd_mission_costs,Funding by Destination,1990,The Moon,0,USD millions (nominal),,PEBD sheet 'Funding by Destination' cell AU32,R73; PEBD pull 2026-09-27 (workbook updated 2025-11-13); attribution: The Planetary Society; conventions in 07 FINDINGS R73
planetary_society_pebd_mission_costs,Funding by Destination,1990,The Moon (inflation adj),0,"USD millions (2025 dollars, PEBD inflation adjustment)",,PEBD sheet 'Funding by Destination' cell AV32,R73; PEBD pull 2026-09-27 (workbook updated 2025-11-13); attribution: The Planetary Society; conventions in 07 FINDINGS R73
planetary_society_pebd_mission_costs,Funding by Destination,1990,Small Bodies,0,USD millions (nominal),,PEBD sheet 'Funding by Destination' cell BG32,R73; PEBD pull 2026-09-27 (workbook updated 2025-11-13); attribution: The Planetary Society; conventions in 07 FINDINGS R73
planetary_society_pebd_mission_costs,Funding by Destination,1990,Small Bodies (inflation adj),0,"USD millions (2025 dollars, PEBD inflation adjustment)",,PEBD sheet 'Funding by Destination' cell BH32,R73; PEBD pull 2026-09-27 (workbook updated 2025-11-13); attribution: The Planetary Society; conventions in 07 FINDINGS R73
planetary_society_pebd_mission_costs,Funding by Destination,1991,Mars Data Analysis,7.1,USD millions (nominal),,PEBD sheet 'Funding by Destination' cell G33,R73; PEBD pull 2026-09-27 (workbook updated 2025-11-13); attribution: The Planetary Society; conventions in 07 FINDINGS R73
planetary_society_pebd_mission_costs,Funding by Destination,1991,Mars Observer,199.428,USD millions (nominal),,PEBD sheet 'Funding by Destination' cell H33,R73; PEBD pull 2026-09-27 (workbook updated 2025-11-13); attribution: The Planetary Society; conventions in 07 FINDINGS R73
planetary_society_pebd_mission_costs,Funding by Destination,1991,Mars '94 NASA Cont.,1.497,USD millions (nominal),,PEBD sheet 'Funding by Destination' cell I33,R73; PEBD pull 2026-09-27 (workbook updated 2025-11-13); attribution: The Planetary Society; conventions in 07 FINDINGS R73
planetary_society_pebd_mission_costs,Funding by Destination,1991,Mars,208.025,USD millions (nominal),,PEBD sheet 'Funding by Destination' cell N33,R73; PEBD pull 2026-09-27 (workbook updated 2025-11-13); attribution: The Planetary Society; conventions in 07 FINDINGS R73
planetary_society_pebd_mission_costs,Funding by Destination,1991,Mars (inflation adj),551.058225,"USD millions (2025 dollars, PEBD inflation adjustment)",,PEBD sheet 'Funding by Destination' cell O33,R73; PEBD pull 2026-09-27 (workbook updated 2025-11-13); attribution: The Planetary Society; conventions in 07 FINDINGS R73
planetary_society_pebd_mission_costs,Funding by Destination,1991,Pioneer Venus,6.2,USD millions (nominal),,PEBD sheet 'Funding by Destination' cell T33,R73; PEBD pull 2026-09-27 (workbook updated 2025-11-13); attribution: The Planetary Society; conventions in 07 FINDINGS R73
planetary_society_pebd_mission_costs,Funding by Destination,1991,Magellan,43.3,USD millions (nominal),,PEBD sheet 'Funding by Destination' cell U33,R73; PEBD pull 2026-09-27 (workbook updated 2025-11-13); attribution: The Planetary Society; conventions in 07 FINDINGS R73
planetary_society_pebd_mission_costs,Funding by Destination,1991,Venus,49.5,USD millions (nominal),,PEBD sheet 'Funding by Destination' cell Z33,R73; PEBD pull 2026-09-27 (workbook updated 2025-11-13); attribution: The Planetary Society; conventions in 07 FINDINGS R73
planetary_society_pebd_mission_costs,Funding by Destination,1991,Venus (inflation adj),126.5715,"USD millions (2025 dollars, PEBD inflation adjustment)",,PEBD sheet 'Funding by Destination' cell AA33,R73; PEBD pull 2026-09-27 (workbook updated 2025-11-13); attribution: The Planetary Society; conventions in 07 FINDINGS R73
planetary_society_pebd_mission_costs,Funding by Destination,1991,Mercury,0,USD millions (nominal),,PEBD sheet 'Funding by Destination' cell AD33,R73; PEBD pull 2026-09-27 (workbook updated 2025-11-13); attribution: The Planetary Society; conventions in 07 FINDINGS R73
planetary_society_pebd_mission_costs,Funding by Destination,1991,Mercury (inflation adj),0,"USD millions (2025 dollars, PEBD inflation adjustment)",,PEBD sheet 'Funding by Destination' cell AE33,R73; PEBD pull 2026-09-27 (workbook updated 2025-11-13); attribution: The Planetary Society; conventions in 07 FINDINGS R73
planetary_society_pebd_mission_costs,Funding by Destination,1991,Pioneer 10 & 11,4.1,USD millions (nominal),,PEBD sheet 'Funding by Destination' cell AF33,R73; PEBD pull 2026-09-27 (workbook updated 2025-11-13); attribution: The Planetary Society; conventions in 07 FINDINGS R73
planetary_society_pebd_mission_costs,Funding by Destination,1991,Voyager,17.577,USD millions (nominal),,PEBD sheet 'Funding by Destination' cell AG33,R73; PEBD pull 2026-09-27 (workbook updated 2025-11-13); attribution: The Planetary Society; conventions in 07 FINDINGS R73
planetary_society_pebd_mission_costs,Funding by Destination,1991,Galileo,48.074,USD millions (nominal),,PEBD sheet 'Funding by Destination' cell AH33,R73; PEBD pull 2026-09-27 (workbook updated 2025-11-13); attribution: The Planetary Society; conventions in 07 FINDINGS R73
planetary_society_pebd_mission_costs,Funding by Destination,1991,Cassini,145.4,USD millions (nominal),,PEBD sheet 'Funding by Destination' cell AI33,R73; PEBD pull 2026-09-27 (workbook updated 2025-11-13); attribution: The Planetary Society; conventions in 07 FINDINGS R73
planetary_society_pebd_mission_costs,Funding by Destination,1991,Outer Planets,215.151,USD millions (nominal),,PEBD sheet 'Funding by Destination' cell AM33,R73; PEBD pull 2026-09-27 (workbook updated 2025-11-13); attribution: The Planetary Society; conventions in 07 FINDINGS R73
planetary_society_pebd_mission_costs,Funding by Destination,1991,Outer Planets (inflation adj),550.141107,"USD millions (2025 dollars, PEBD inflation adjustment)",,PEBD sheet 'Funding by Destination' cell AN33,R73; PEBD pull 2026-09-27 (workbook updated 2025-11-13); attribution: The Planetary Society; conventions in 07 FINDINGS R73
planetary_society_pebd_mission_costs,Funding by Destination,1991,The Moon,0,USD millions (nominal),,PEBD sheet 'Funding by Destination' cell AU33,R73; PEBD pull 2026-09-27 (workbook updated 2025-11-13); attribution: The Planetary Society; conventions in 07 FINDINGS R73
planetary_society_pebd_mission_costs,Funding by Destination,1991,The Moon (inflation adj),0,"USD millions (2025 dollars, PEBD inflation adjustment)",,PEBD sheet 'Funding by Destination' cell AV33,R73; PEBD pull 2026-09-27 (workbook updated 2025-11-13); attribution: The Planetary Society; conventions in 07 FINDINGS R73
planetary_society_pebd_mission_costs,Funding by Destination,1991,Small Bodies,0,USD millions (nominal),,PEBD sheet 'Funding by Destination' cell BG33,R73; PEBD pull 2026-09-27 (workbook updated 2025-11-13); attribution: The Planetary Society; conventions in 07 FINDINGS R73
planetary_society_pebd_mission_costs,Funding by Destination,1991,Small Bodies (inflation adj),0,"USD millions (2025 dollars, PEBD inflation adjustment)",,PEBD sheet 'Funding by Destination' cell BH33,R73; PEBD pull 2026-09-27 (workbook updated 2025-11-13); attribution: The Planetary Society; conventions in 07 FINDINGS R73
planetary_society_pebd_mission_costs,Funding by Destination,1992,Mars Observer,124.4,USD millions (nominal),,PEBD sheet 'Funding by Destination' cell H34,R73; PEBD pull 2026-09-27 (workbook updated 2025-11-13); attribution: The Planetary Society; conventions in 07 FINDINGS R73
planetary_society_pebd_mission_costs,Funding by Destination,1992,Mars '94 NASA Cont.,1.2,USD millions (nominal),,PEBD sheet 'Funding by Destination' cell I34,R73; PEBD pull 2026-09-27 (workbook updated 2025-11-13); attribution: The Planetary Society; conventions in 07 FINDINGS R73
planetary_society_pebd_mission_costs,Funding by Destination,1992,Mars,125.6,USD millions (nominal),,PEBD sheet 'Funding by Destination' cell N34,R73; PEBD pull 2026-09-27 (workbook updated 2025-11-13); attribution: The Planetary Society; conventions in 07 FINDINGS R73
planetary_society_pebd_mission_costs,Funding by Destination,1992,Mars (inflation adj),321.1592,"USD millions (2025 dollars, PEBD inflation adjustment)",,PEBD sheet 'Funding by Destination' cell O34,R73; PEBD pull 2026-09-27 (workbook updated 2025-11-13); attribution: The Planetary Society; conventions in 07 FINDINGS R73
planetary_society_pebd_mission_costs,Funding by Destination,1992,Pioneer Venus,6.5,USD millions (nominal),,PEBD sheet 'Funding by Destination' cell T34,R73; PEBD pull 2026-09-27 (workbook updated 2025-11-13); attribution: The Planetary Society; conventions in 07 FINDINGS R73
planetary_society_pebd_mission_costs,Funding by Destination,1992,Magellan,45.1,USD millions (nominal),,PEBD sheet 'Funding by Destination' cell U34,R73; PEBD pull 2026-09-27 (workbook updated 2025-11-13); attribution: The Planetary Society; conventions in 07 FINDINGS R73
planetary_society_pebd_mission_costs,Funding by Destination,1992,Venus,51.6,USD millions (nominal),,PEBD sheet 'Funding by Destination' cell Z34,R73; PEBD pull 2026-09-27 (workbook updated 2025-11-13); attribution: The Planetary Society; conventions in 07 FINDINGS R73
planetary_society_pebd_mission_costs,Funding by Destination,1992,Venus (inflation adj),125.4396,"USD millions (2025 dollars, PEBD inflation adjustment)",,PEBD sheet 'Funding by Destination' cell AA34,R73; PEBD pull 2026-09-27 (workbook updated 2025-11-13); attribution: The Planetary Society; conventions in 07 FINDINGS R73
planetary_society_pebd_mission_costs,Funding by Destination,1992,Mercury,0,USD millions (nominal),,PEBD sheet 'Funding by Destination' cell AD34,R73; PEBD pull 2026-09-27 (workbook updated 2025-11-13); attribution: The Planetary Society; conventions in 07 FINDINGS R73
planetary_society_pebd_mission_costs,Funding by Destination,1992,Mercury (inflation adj),0,"USD millions (2025 dollars, PEBD inflation adjustment)",,PEBD sheet 'Funding by Destination' cell AE34,R73; PEBD pull 2026-09-27 (workbook updated 2025-11-13); attribution: The Planetary Society; conventions in 07 FINDINGS R73
planetary_society_pebd_mission_costs,Funding by Destination,1992,Voyager,4.3,USD millions (nominal),,PEBD sheet 'Funding by Destination' cell AG34,R73; PEBD pull 2026-09-27 (workbook updated 2025-11-13); attribution: The Planetary Society; conventions in 07 FINDINGS R73
planetary_society_pebd_mission_costs,Funding by Destination,1992,Galileo,57.7,USD millions (nominal),,PEBD sheet 'Funding by Destination' cell AH34,R73; PEBD pull 2026-09-27 (workbook updated 2025-11-13); attribution: The Planetary Society; conventions in 07 FINDINGS R73
planetary_society_pebd_mission_costs,Funding by Destination,1992,Cassini,236.1666667,USD millions (nominal),,PEBD sheet 'Funding by Destination' cell AI34,R73; PEBD pull 2026-09-27 (workbook updated 2025-11-13); attribution: The Planetary Society; conventions in 07 FINDINGS R73
planetary_society_pebd_mission_costs,Funding by Destination,1992,Outer Planets,298.1666667,USD millions (nominal),,PEBD sheet 'Funding by Destination' cell AM34,R73; PEBD pull 2026-09-27 (workbook updated 2025-11-13); attribution: The Planetary Society; conventions in 07 FINDINGS R73
planetary_society_pebd_mission_costs,Funding by Destination,1992,Outer Planets (inflation adj),724.8431667,"USD millions (2025 dollars, PEBD inflation adjustment)",,PEBD sheet 'Funding by Destination' cell AN34,R73; PEBD pull 2026-09-27 (workbook updated 2025-11-13); attribution: The Planetary Society; conventions in 07 FINDINGS R73
planetary_society_pebd_mission_costs,Funding by Destination,1992,The Moon,0,USD millions (nominal),,PEBD sheet 'Funding by Destination' cell AU34,R73; PEBD pull 2026-09-27 (workbook updated 2025-11-13); attribution: The Planetary Society; conventions in 07 FINDINGS R73
planetary_society_pebd_mission_costs,Funding by Destination,1992,The Moon (inflation adj),0,"USD millions (2025 dollars, PEBD inflation adjustment)",,PEBD sheet 'Funding by Destination' cell AV34,R73; PEBD pull 2026-09-27 (workbook updated 2025-11-13); attribution: The Planetary Society; conventions in 07 FINDINGS R73
planetary_society_pebd_mission_costs,Funding by Destination,1992,Small Bodies,0,USD millions (nominal),,PEBD sheet 'Funding by Destination' cell BG34,R73; PEBD pull 2026-09-27 (workbook updated 2025-11-13); attribution: The Planetary Society; conventions in 07 FINDINGS R73
planetary_society_pebd_mission_costs,Funding by Destination,1992,Small Bodies (inflation adj),0,"USD millions (2025 dollars, PEBD inflation adjustment)",,PEBD sheet 'Funding by Destination' cell BH34,R73; PEBD pull 2026-09-27 (workbook updated 2025-11-13); attribution: The Planetary Society; conventions in 07 FINDINGS R73
planetary_society_pebd_mission_costs,Funding by Destination,1993,Mars Observer,21.2,USD millions (nominal),,PEBD sheet 'Funding by Destination' cell H35,R73; PEBD pull 2026-09-27 (workbook updated 2025-11-13); attribution: The Planetary Society; conventions in 07 FINDINGS R73
planetary_society_pebd_mission_costs,Funding by Destination,1993,Mars '94 NASA Cont.,3.5,USD millions (nominal),,PEBD sheet 'Funding by Destination' cell I35,R73; PEBD pull 2026-09-27 (workbook updated 2025-11-13); attribution: The Planetary Society; conventions in 07 FINDINGS R73
planetary_society_pebd_mission_costs,Funding by Destination,1993,Mars Pathfinder,3.1,USD millions (nominal),,PEBD sheet 'Funding by Destination' cell J35,R73; PEBD pull 2026-09-27 (workbook updated 2025-11-13); attribution: The Planetary Society; conventions in 07 FINDINGS R73
planetary_society_pebd_mission_costs,Funding by Destination,1993,Mars,27.8,USD millions (nominal),,PEBD sheet 'Funding by Destination' cell N35,R73; PEBD pull 2026-09-27 (workbook updated 2025-11-13); attribution: The Planetary Society; conventions in 07 FINDINGS R73
planetary_society_pebd_mission_costs,Funding by Destination,1993,Mars (inflation adj),67.5818,"USD millions (2025 dollars, PEBD inflation adjustment)",,PEBD sheet 'Funding by Destination' cell O35,R73; PEBD pull 2026-09-27 (workbook updated 2025-11-13); attribution: The Planetary Society; conventions in 07 FINDINGS R73
planetary_society_pebd_mission_costs,Funding by Destination,1993,Magellan,7,USD millions (nominal),,PEBD sheet 'Funding by Destination' cell U35,R73; PEBD pull 2026-09-27 (workbook updated 2025-11-13); attribution: The Planetary Society; conventions in 07 FINDINGS R73
planetary_society_pebd_mission_costs,Funding by Destination,1993,Venus,7,USD millions (nominal),,PEBD sheet 'Funding by Destination' cell Z35,R73; PEBD pull 2026-09-27 (workbook updated 2025-11-13); attribution: The Planetary Society; conventions in 07 FINDINGS R73
planetary_society_pebd_mission_costs,Funding by Destination,1993,Venus (inflation adj),16.331,"USD millions (2025 dollars, PEBD inflation adjustment)",,PEBD sheet 'Funding by Destination' cell AA35,R73; PEBD pull 2026-09-27 (workbook updated 2025-11-13); attribution: The Planetary Society; conventions in 07 FINDINGS R73
planetary_society_pebd_mission_costs,Funding by Destination,1993,Mercury,0,USD millions (nominal),,PEBD sheet 'Funding by Destination' cell AD35,R73; PEBD pull 2026-09-27 (workbook updated 2025-11-13); attribution: The Planetary Society; conventions in 07 FINDINGS R73
planetary_society_pebd_mission_costs,Funding by Destination,1993,Mercury (inflation adj),0,"USD millions (2025 dollars, PEBD inflation adjustment)",,PEBD sheet 'Funding by Destination' cell AE35,R73; PEBD pull 2026-09-27 (workbook updated 2025-11-13); attribution: The Planetary Society; conventions in 07 FINDINGS R73
planetary_society_pebd_mission_costs,Funding by Destination,1993,Pioneer 10 & 11,8.8,USD millions (nominal),,PEBD sheet 'Funding by Destination' cell AF35,R73; PEBD pull 2026-09-27 (workbook updated 2025-11-13); attribution: The Planetary Society; conventions in 07 FINDINGS R73
planetary_society_pebd_mission_costs,Funding by Destination,1993,Voyager,5.01,USD millions (nominal),,PEBD sheet 'Funding by Destination' cell AG35,R73; PEBD pull 2026-09-27 (workbook updated 2025-11-13); attribution: The Planetary Society; conventions in 07 FINDINGS R73
planetary_society_pebd_mission_costs,Funding by Destination,1993,Galileo,59.429,USD millions (nominal),,PEBD sheet 'Funding by Destination' cell AH35,R73; PEBD pull 2026-09-27 (workbook updated 2025-11-13); attribution: The Planetary Society; conventions in 07 FINDINGS R73
planetary_society_pebd_mission_costs,Funding by Destination,1993,Cassini,226.5196667,USD millions (nominal),,PEBD sheet 'Funding by Destination' cell AI35,R73; PEBD pull 2026-09-27 (workbook updated 2025-11-13); attribution: The Planetary Society; conventions in 07 FINDINGS R73
planetary_society_pebd_mission_costs,Funding by Destination,1993,Outer Planets,299.7586667,USD millions (nominal),,PEBD sheet 'Funding by Destination' cell AM35,R73; PEBD pull 2026-09-27 (workbook updated 2025-11-13); attribution: The Planetary Society; conventions in 07 FINDINGS R73
planetary_society_pebd_mission_costs,Funding by Destination,1993,Outer Planets (inflation adj),699.3369693,"USD millions (2025 dollars, PEBD inflation adjustment)",,PEBD sheet 'Funding by Destination' cell AN35,R73; PEBD pull 2026-09-27 (workbook updated 2025-11-13); attribution: The Planetary Society; conventions in 07 FINDINGS R73
planetary_society_pebd_mission_costs,Funding by Destination,1993,The Moon,0,USD millions (nominal),,PEBD sheet 'Funding by Destination' cell AU35,R73; PEBD pull 2026-09-27 (workbook updated 2025-11-13); attribution: The Planetary Society; conventions in 07 FINDINGS R73
planetary_society_pebd_mission_costs,Funding by Destination,1993,The Moon (inflation adj),0,"USD millions (2025 dollars, PEBD inflation adjustment)",,PEBD sheet 'Funding by Destination' cell AV35,R73; PEBD pull 2026-09-27 (workbook updated 2025-11-13); attribution: The Planetary Society; conventions in 07 FINDINGS R73
planetary_society_pebd_mission_costs,Funding by Destination,1993,Small Bodies,0,USD millions (nominal),,PEBD sheet 'Funding by Destination' cell BG35,R73; PEBD pull 2026-09-27 (workbook updated 2025-11-13); attribution: The Planetary Society; conventions in 07 FINDINGS R73
planetary_society_pebd_mission_costs,Funding by Destination,1993,Small Bodies (inflation adj),0,"USD millions (2025 dollars, PEBD inflation adjustment)",,PEBD sheet 'Funding by Destination' cell BH35,R73; PEBD pull 2026-09-27 (workbook updated 2025-11-13); attribution: The Planetary Society; conventions in 07 FINDINGS R73
planetary_society_pebd_mission_costs,Funding by Destination,1994,Mars '94 NASA Cont.,4.4,USD millions (nominal),,PEBD sheet 'Funding by Destination' cell I36,R73; PEBD pull 2026-09-27 (workbook updated 2025-11-13); attribution: The Planetary Society; conventions in 07 FINDINGS R73
planetary_society_pebd_mission_costs,Funding by Destination,1994,Mars Pathfinder,76.3,USD millions (nominal),,PEBD sheet 'Funding by Destination' cell J36,R73; PEBD pull 2026-09-27 (workbook updated 2025-11-13); attribution: The Planetary Society; conventions in 07 FINDINGS R73
planetary_society_pebd_mission_costs,Funding by Destination,1994,Mars Exploration Program,14.6,USD millions (nominal),,PEBD sheet 'Funding by Destination' cell K36,R73; PEBD pull 2026-09-27 (workbook updated 2025-11-13); attribution: The Planetary Society; conventions in 07 FINDINGS R73
planetary_society_pebd_mission_costs,Funding by Destination,1994,Mars,95.3,USD millions (nominal),,PEBD sheet 'Funding by Destination' cell N36,R73; PEBD pull 2026-09-27 (workbook updated 2025-11-13); attribution: The Planetary Society; conventions in 07 FINDINGS R73
planetary_society_pebd_mission_costs,Funding by Destination,1994,Mars (inflation adj),222.3349,"USD millions (2025 dollars, PEBD inflation adjustment)",,PEBD sheet 'Funding by Destination' cell O36,R73; PEBD pull 2026-09-27 (workbook updated 2025-11-13); attribution: The Planetary Society; conventions in 07 FINDINGS R73
planetary_society_pebd_mission_costs,Funding by Destination,1994,Magellan,11.8,USD millions (nominal),,PEBD sheet 'Funding by Destination' cell U36,R73; PEBD pull 2026-09-27 (workbook updated 2025-11-13); attribution: The Planetary Society; conventions in 07 FINDINGS R73
planetary_society_pebd_mission_costs,Funding by Destination,1994,Venus,11.8,USD millions (nominal),,PEBD sheet 'Funding by Destination' cell Z36,R73; PEBD pull 2026-09-27 (workbook updated 2025-11-13); attribution: The Planetary Society; conventions in 07 FINDINGS R73
planetary_society_pebd_mission_costs,Funding by Destination,1994,Venus (inflation adj),26.7034,"USD millions (2025 dollars, PEBD inflation adjustment)",,PEBD sheet 'Funding by Destination' cell AA36,R73; PEBD pull 2026-09-27 (workbook updated 2025-11-13); attribution: The Planetary Society; conventions in 07 FINDINGS R73
planetary_society_pebd_mission_costs,Funding by Destination,1994,Mercury,0,USD millions (nominal),,PEBD sheet 'Funding by Destination' cell AD36,R73; PEBD pull 2026-09-27 (workbook updated 2025-11-13); attribution: The Planetary Society; conventions in 07 FINDINGS R73
planetary_society_pebd_mission_costs,Funding by Destination,1994,Mercury (inflation adj),0,"USD millions (2025 dollars, PEBD inflation adjustment)",,PEBD sheet 'Funding by Destination' cell AE36,R73; PEBD pull 2026-09-27 (workbook updated 2025-11-13); attribution: The Planetary Society; conventions in 07 FINDINGS R73
planetary_society_pebd_mission_costs,Funding by Destination,1994,Pioneer 10 & 11,4.5,USD millions (nominal),,PEBD sheet 'Funding by Destination' cell AF36,R73; PEBD pull 2026-09-27 (workbook updated 2025-11-13); attribution: The Planetary Society; conventions in 07 FINDINGS R73
planetary_society_pebd_mission_costs,Funding by Destination,1994,Voyager,17,USD millions (nominal),,PEBD sheet 'Funding by Destination' cell AG36,R73; PEBD pull 2026-09-27 (workbook updated 2025-11-13); attribution: The Planetary Society; conventions in 07 FINDINGS R73
planetary_society_pebd_mission_costs,Funding by Destination,1994,Galileo,59.4,USD millions (nominal),,PEBD sheet 'Funding by Destination' cell AH36,R73; PEBD pull 2026-09-27 (workbook updated 2025-11-13); attribution: The Planetary Society; conventions in 07 FINDINGS R73
planetary_society_pebd_mission_costs,Funding by Destination,1994,Cassini,358.9666667,USD millions (nominal),,PEBD sheet 'Funding by Destination' cell AI36,R73; PEBD pull 2026-09-27 (workbook updated 2025-11-13); attribution: The Planetary Society; conventions in 07 FINDINGS R73
planetary_society_pebd_mission_costs,Funding by Destination,1994,Outer Planets,439.8666667,USD millions (nominal),,PEBD sheet 'Funding by Destination' cell AM36,R73; PEBD pull 2026-09-27 (workbook updated 2025-11-13); attribution: The Planetary Society; conventions in 07 FINDINGS R73
planetary_society_pebd_mission_costs,Funding by Destination,1994,Outer Planets (inflation adj),995.4182667,"USD millions (2025 dollars, PEBD inflation adjustment)",,PEBD sheet 'Funding by Destination' cell AN36,R73; PEBD pull 2026-09-27 (workbook updated 2025-11-13); attribution: The Planetary Society; conventions in 07 FINDINGS R73
planetary_society_pebd_mission_costs,Funding by Destination,1994,The Moon,0,USD millions (nominal),,PEBD sheet 'Funding by Destination' cell AU36,R73; PEBD pull 2026-09-27 (workbook updated 2025-11-13); attribution: The Planetary Society; conventions in 07 FINDINGS R73
planetary_society_pebd_mission_costs,Funding by Destination,1994,The Moon (inflation adj),0,"USD millions (2025 dollars, PEBD inflation adjustment)",,PEBD sheet 'Funding by Destination' cell AV36,R73; PEBD pull 2026-09-27 (workbook updated 2025-11-13); attribution: The Planetary Society; conventions in 07 FINDINGS R73
planetary_society_pebd_mission_costs,Funding by Destination,1994,NEAR,91.2,USD millions (nominal),,PEBD sheet 'Funding by Destination' cell AW36,R73; PEBD pull 2026-09-27 (workbook updated 2025-11-13); attribution: The Planetary Society; conventions in 07 FINDINGS R73
planetary_society_pebd_mission_costs,Funding by Destination,1994,Small Bodies,91.2,USD millions (nominal),,PEBD sheet 'Funding by Destination' cell BG36,R73; PEBD pull 2026-09-27 (workbook updated 2025-11-13); attribution: The Planetary Society; conventions in 07 FINDINGS R73
planetary_society_pebd_mission_costs,Funding by Destination,1994,Small Bodies (inflation adj),206.3856,"USD millions (2025 dollars, PEBD inflation adjustment)",,PEBD sheet 'Funding by Destination' cell BH36,R73; PEBD pull 2026-09-27 (workbook updated 2025-11-13); attribution: The Planetary Society; conventions in 07 FINDINGS R73
planetary_society_pebd_mission_costs,Funding by Destination,1995,Mars '94 NASA Cont.,2.1,USD millions (nominal),,PEBD sheet 'Funding by Destination' cell I37,R73; PEBD pull 2026-09-27 (workbook updated 2025-11-13); attribution: The Planetary Society; conventions in 07 FINDINGS R73
planetary_society_pebd_mission_costs,Funding by Destination,1995,Mars Pathfinder,109.4,USD millions (nominal),,PEBD sheet 'Funding by Destination' cell J37,R73; PEBD pull 2026-09-27 (workbook updated 2025-11-13); attribution: The Planetary Society; conventions in 07 FINDINGS R73
planetary_society_pebd_mission_costs,Funding by Destination,1995,Mars Exploration Program,83.3,USD millions (nominal),,PEBD sheet 'Funding by Destination' cell K37,R73; PEBD pull 2026-09-27 (workbook updated 2025-11-13); attribution: The Planetary Society; conventions in 07 FINDINGS R73
planetary_society_pebd_mission_costs,Funding by Destination,1995,Mars,194.8,USD millions (nominal),,PEBD sheet 'Funding by Destination' cell N37,R73; PEBD pull 2026-09-27 (workbook updated 2025-11-13); attribution: The Planetary Society; conventions in 07 FINDINGS R73
planetary_society_pebd_mission_costs,Funding by Destination,1995,Mars (inflation adj),440.8324,"USD millions (2025 dollars, PEBD inflation adjustment)",,PEBD sheet 'Funding by Destination' cell O37,R73; PEBD pull 2026-09-27 (workbook updated 2025-11-13); attribution: The Planetary Society; conventions in 07 FINDINGS R73
planetary_society_pebd_mission_costs,Funding by Destination,1995,Venus,0,USD millions (nominal),,PEBD sheet 'Funding by Destination' cell Z37,R73; PEBD pull 2026-09-27 (workbook updated 2025-11-13); attribution: The Planetary Society; conventions in 07 FINDINGS R73
planetary_society_pebd_mission_costs,Funding by Destination,1995,Venus (inflation adj),0,"USD millions (2025 dollars, PEBD inflation adjustment)",,PEBD sheet 'Funding by Destination' cell AA37,R73; PEBD pull 2026-09-27 (workbook updated 2025-11-13); attribution: The Planetary Society; conventions in 07 FINDINGS R73
planetary_society_pebd_mission_costs,Funding by Destination,1995,Mercury,0,USD millions (nominal),,PEBD sheet 'Funding by Destination' cell AD37,R73; PEBD pull 2026-09-27 (workbook updated 2025-11-13); attribution: The Planetary Society; conventions in 07 FINDINGS R73
planetary_society_pebd_mission_costs,Funding by Destination,1995,Mercury (inflation adj),0,"USD millions (2025 dollars, PEBD inflation adjustment)",,PEBD sheet 'Funding by Destination' cell AE37,R73; PEBD pull 2026-09-27 (workbook updated 2025-11-13); attribution: The Planetary Society; conventions in 07 FINDINGS R73
planetary_society_pebd_mission_costs,Funding by Destination,1995,Pioneer 10 & 11,2.5,USD millions (nominal),,PEBD sheet 'Funding by Destination' cell AF37,R73; PEBD pull 2026-09-27 (workbook updated 2025-11-13); attribution: The Planetary Society; conventions in 07 FINDINGS R73
planetary_society_pebd_mission_costs,Funding by Destination,1995,Voyager,4.3,USD millions (nominal),,PEBD sheet 'Funding by Destination' cell AG37,R73; PEBD pull 2026-09-27 (workbook updated 2025-11-13); attribution: The Planetary Society; conventions in 07 FINDINGS R73
planetary_society_pebd_mission_costs,Funding by Destination,1995,Galileo,70.7,USD millions (nominal),,PEBD sheet 'Funding by Destination' cell AH37,R73; PEBD pull 2026-09-27 (workbook updated 2025-11-13); attribution: The Planetary Society; conventions in 07 FINDINGS R73
planetary_society_pebd_mission_costs,Funding by Destination,1995,Cassini,346.8,USD millions (nominal),,PEBD sheet 'Funding by Destination' cell AI37,R73; PEBD pull 2026-09-27 (workbook updated 2025-11-13); attribution: The Planetary Society; conventions in 07 FINDINGS R73
planetary_society_pebd_mission_costs,Funding by Destination,1995,Outer Planets,424.3,USD millions (nominal),,PEBD sheet 'Funding by Destination' cell AM37,R73; PEBD pull 2026-09-27 (workbook updated 2025-11-13); attribution: The Planetary Society; conventions in 07 FINDINGS R73
planetary_society_pebd_mission_costs,Funding by Destination,1995,Outer Planets (inflation adj),935.5815,"USD millions (2025 dollars, PEBD inflation adjustment)",,PEBD sheet 'Funding by Destination' cell AN37,R73; PEBD pull 2026-09-27 (workbook updated 2025-11-13); attribution: The Planetary Society; conventions in 07 FINDINGS R73
planetary_society_pebd_mission_costs,Funding by Destination,1995,The Moon,0,USD millions (nominal),,PEBD sheet 'Funding by Destination' cell AU37,R73; PEBD pull 2026-09-27 (workbook updated 2025-11-13); attribution: The Planetary Society; conventions in 07 FINDINGS R73
planetary_society_pebd_mission_costs,Funding by Destination,1995,The Moon (inflation adj),0,"USD millions (2025 dollars, PEBD inflation adjustment)",,PEBD sheet 'Funding by Destination' cell AV37,R73; PEBD pull 2026-09-27 (workbook updated 2025-11-13); attribution: The Planetary Society; conventions in 07 FINDINGS R73
planetary_society_pebd_mission_costs,Funding by Destination,1995,NEAR,66,USD millions (nominal),,PEBD sheet 'Funding by Destination' cell AW37,R73; PEBD pull 2026-09-27 (workbook updated 2025-11-13); attribution: The Planetary Society; conventions in 07 FINDINGS R73
planetary_society_pebd_mission_costs,Funding by Destination,1995,Small Bodies,66,USD millions (nominal),,PEBD sheet 'Funding by Destination' cell BG37,R73; PEBD pull 2026-09-27 (workbook updated 2025-11-13); attribution: The Planetary Society; conventions in 07 FINDINGS R73
planetary_society_pebd_mission_costs,Funding by Destination,1995,Small Bodies (inflation adj),145.53,"USD millions (2025 dollars, PEBD inflation adjustment)",,PEBD sheet 'Funding by Destination' cell BH37,R73; PEBD pull 2026-09-27 (workbook updated 2025-11-13); attribution: The Planetary Society; conventions in 07 FINDINGS R73
planetary_society_pebd_mission_costs,Funding by Destination,1996,Mars '94 NASA Cont.,2.6,USD millions (nominal),,PEBD sheet 'Funding by Destination' cell I38,R73; PEBD pull 2026-09-27 (workbook updated 2025-11-13); attribution: The Planetary Society; conventions in 07 FINDINGS R73
planetary_society_pebd_mission_costs,Funding by Destination,1996,Mars Pathfinder,57.1,USD millions (nominal),,PEBD sheet 'Funding by Destination' cell J38,R73; PEBD pull 2026-09-27 (workbook updated 2025-11-13); attribution: The Planetary Society; conventions in 07 FINDINGS R73
planetary_society_pebd_mission_costs,Funding by Destination,1996,Mars Exploration Program,143.7,USD millions (nominal),,PEBD sheet 'Funding by Destination' cell K38,R73; PEBD pull 2026-09-27 (workbook updated 2025-11-13); attribution: The Planetary Society; conventions in 07 FINDINGS R73
planetary_society_pebd_mission_costs,Funding by Destination,1996,Mars,203.4,USD millions (nominal),,PEBD sheet 'Funding by Destination' cell N38,R73; PEBD pull 2026-09-27 (workbook updated 2025-11-13); attribution: The Planetary Society; conventions in 07 FINDINGS R73
planetary_society_pebd_mission_costs,Funding by Destination,1996,Mars (inflation adj),448.497,"USD millions (2025 dollars, PEBD inflation adjustment)",,PEBD sheet 'Funding by Destination' cell O38,R73; PEBD pull 2026-09-27 (workbook updated 2025-11-13); attribution: The Planetary Society; conventions in 07 FINDINGS R73
planetary_society_pebd_mission_costs,Funding by Destination,1996,Venus,0,USD millions (nominal),,PEBD sheet 'Funding by Destination' cell Z38,R73; PEBD pull 2026-09-27 (workbook updated 2025-11-13); attribution: The Planetary Society; conventions in 07 FINDINGS R73
planetary_society_pebd_mission_costs,Funding by Destination,1996,Venus (inflation adj),0,"USD millions (2025 dollars, PEBD inflation adjustment)",,PEBD sheet 'Funding by Destination' cell AA38,R73; PEBD pull 2026-09-27 (workbook updated 2025-11-13); attribution: The Planetary Society; conventions in 07 FINDINGS R73
planetary_society_pebd_mission_costs,Funding by Destination,1996,Mercury,0,USD millions (nominal),,PEBD sheet 'Funding by Destination' cell AD38,R73; PEBD pull 2026-09-27 (workbook updated 2025-11-13); attribution: The Planetary Society; conventions in 07 FINDINGS R73
planetary_society_pebd_mission_costs,Funding by Destination,1996,Mercury (inflation adj),0,"USD millions (2025 dollars, PEBD inflation adjustment)",,PEBD sheet 'Funding by Destination' cell AE38,R73; PEBD pull 2026-09-27 (workbook updated 2025-11-13); attribution: The Planetary Society; conventions in 07 FINDINGS R73
planetary_society_pebd_mission_costs,Funding by Destination,1996,Pioneer 10 & 11,2.5,USD millions (nominal),,PEBD sheet 'Funding by Destination' cell AF38,R73; PEBD pull 2026-09-27 (workbook updated 2025-11-13); attribution: The Planetary Society; conventions in 07 FINDINGS R73
planetary_society_pebd_mission_costs,Funding by Destination,1996,Voyager,8,USD millions (nominal),,PEBD sheet 'Funding by Destination' cell AG38,R73; PEBD pull 2026-09-27 (workbook updated 2025-11-13); attribution: The Planetary Society; conventions in 07 FINDINGS R73
planetary_society_pebd_mission_costs,Funding by Destination,1996,Galileo,71.5,USD millions (nominal),,PEBD sheet 'Funding by Destination' cell AH38,R73; PEBD pull 2026-09-27 (workbook updated 2025-11-13); attribution: The Planetary Society; conventions in 07 FINDINGS R73
planetary_society_pebd_mission_costs,Funding by Destination,1996,Cassini,287.6,USD millions (nominal),,PEBD sheet 'Funding by Destination' cell AI38,R73; PEBD pull 2026-09-27 (workbook updated 2025-11-13); attribution: The Planetary Society; conventions in 07 FINDINGS R73
planetary_society_pebd_mission_costs,Funding by Destination,1996,Outer Planets,369.6,USD millions (nominal),,PEBD sheet 'Funding by Destination' cell AM38,R73; PEBD pull 2026-09-27 (workbook updated 2025-11-13); attribution: The Planetary Society; conventions in 07 FINDINGS R73
planetary_society_pebd_mission_costs,Funding by Destination,1996,Outer Planets (inflation adj),795.0096,"USD millions (2025 dollars, PEBD inflation adjustment)",,PEBD sheet 'Funding by Destination' cell AN38,R73; PEBD pull 2026-09-27 (workbook updated 2025-11-13); attribution: The Planetary Society; conventions in 07 FINDINGS R73
planetary_society_pebd_mission_costs,Funding by Destination,1996,Lunar Prospector,36.4,USD millions (nominal),,PEBD sheet 'Funding by Destination' cell AR38,R73; PEBD pull 2026-09-27 (workbook updated 2025-11-13); attribution: The Planetary Society; conventions in 07 FINDINGS R73
planetary_society_pebd_mission_costs,Funding by Destination,1996,The Moon,36.4,USD millions (nominal),,PEBD sheet 'Funding by Destination' cell AU38,R73; PEBD pull 2026-09-27 (workbook updated 2025-11-13); attribution: The Planetary Society; conventions in 07 FINDINGS R73
planetary_society_pebd_mission_costs,Funding by Destination,1996,The Moon (inflation adj),80.262,"USD millions (2025 dollars, PEBD inflation adjustment)",,PEBD sheet 'Funding by Destination' cell AV38,R73; PEBD pull 2026-09-27 (workbook updated 2025-11-13); attribution: The Planetary Society; conventions in 07 FINDINGS R73
planetary_society_pebd_mission_costs,Funding by Destination,1996,NEAR,16.4,USD millions (nominal),,PEBD sheet 'Funding by Destination' cell AW38,R73; PEBD pull 2026-09-27 (workbook updated 2025-11-13); attribution: The Planetary Society; conventions in 07 FINDINGS R73
planetary_society_pebd_mission_costs,Funding by Destination,1996,Stardust,27.7,USD millions (nominal),,PEBD sheet 'Funding by Destination' cell AX38,R73; PEBD pull 2026-09-27 (workbook updated 2025-11-13); attribution: The Planetary Society; conventions in 07 FINDINGS R73
planetary_society_pebd_mission_costs,Funding by Destination,1996,DS1,41.2,USD millions (nominal),,PEBD sheet 'Funding by Destination' cell AY38,R73; PEBD pull 2026-09-27 (workbook updated 2025-11-13); attribution: The Planetary Society; conventions in 07 FINDINGS R73
planetary_society_pebd_mission_costs,Funding by Destination,1996,Small Bodies,85.3,USD millions (nominal),,PEBD sheet 'Funding by Destination' cell BG38,R73; PEBD pull 2026-09-27 (workbook updated 2025-11-13); attribution: The Planetary Society; conventions in 07 FINDINGS R73
planetary_society_pebd_mission_costs,Funding by Destination,1996,Small Bodies (inflation adj),183.4803,"USD millions (2025 dollars, PEBD inflation adjustment)",,PEBD sheet 'Funding by Destination' cell BH38,R73; PEBD pull 2026-09-27 (workbook updated 2025-11-13); attribution: The Planetary Society; conventions in 07 FINDINGS R73
planetary_society_pebd_mission_costs,Funding by Destination,1997,Mars Pathfinder,11.8,USD millions (nominal),,PEBD sheet 'Funding by Destination' cell J39,R73; PEBD pull 2026-09-27 (workbook updated 2025-11-13); attribution: The Planetary Society; conventions in 07 FINDINGS R73
planetary_society_pebd_mission_costs,Funding by Destination,1997,Mars Exploration Program,143,USD millions (nominal),,PEBD sheet 'Funding by Destination' cell K39,R73; PEBD pull 2026-09-27 (workbook updated 2025-11-13); attribution: The Planetary Society; conventions in 07 FINDINGS R73
planetary_society_pebd_mission_costs,Funding by Destination,1997,Mars,154.8,USD millions (nominal),,PEBD sheet 'Funding by Destination' cell N39,R73; PEBD pull 2026-09-27 (workbook updated 2025-11-13); attribution: The Planetary Society; conventions in 07 FINDINGS R73
planetary_society_pebd_mission_costs,Funding by Destination,1997,Mars (inflation adj),332.9748,"USD millions (2025 dollars, PEBD inflation adjustment)",,PEBD sheet 'Funding by Destination' cell O39,R73; PEBD pull 2026-09-27 (workbook updated 2025-11-13); attribution: The Planetary Society; conventions in 07 FINDINGS R73
planetary_society_pebd_mission_costs,Funding by Destination,1997,Venus,0,USD millions (nominal),,PEBD sheet 'Funding by Destination' cell Z39,R73; PEBD pull 2026-09-27 (workbook updated 2025-11-13); attribution: The Planetary Society; conventions in 07 FINDINGS R73
planetary_society_pebd_mission_costs,Funding by Destination,1997,Venus (inflation adj),0,"USD millions (2025 dollars, PEBD inflation adjustment)",,PEBD sheet 'Funding by Destination' cell AA39,R73; PEBD pull 2026-09-27 (workbook updated 2025-11-13); attribution: The Planetary Society; conventions in 07 FINDINGS R73
planetary_society_pebd_mission_costs,Funding by Destination,1997,Mercury,0,USD millions (nominal),,PEBD sheet 'Funding by Destination' cell AD39,R73; PEBD pull 2026-09-27 (workbook updated 2025-11-13); attribution: The Planetary Society; conventions in 07 FINDINGS R73
planetary_society_pebd_mission_costs,Funding by Destination,1997,Mercury (inflation adj),0,"USD millions (2025 dollars, PEBD inflation adjustment)",,PEBD sheet 'Funding by Destination' cell AE39,R73; PEBD pull 2026-09-27 (workbook updated 2025-11-13); attribution: The Planetary Society; conventions in 07 FINDINGS R73
planetary_society_pebd_mission_costs,Funding by Destination,1997,Pioneer 10 & 11,2.5,USD millions (nominal),,PEBD sheet 'Funding by Destination' cell AF39,R73; PEBD pull 2026-09-27 (workbook updated 2025-11-13); attribution: The Planetary Society; conventions in 07 FINDINGS R73
planetary_society_pebd_mission_costs,Funding by Destination,1997,Voyager,8,USD millions (nominal),,PEBD sheet 'Funding by Destination' cell AG39,R73; PEBD pull 2026-09-27 (workbook updated 2025-11-13); attribution: The Planetary Society; conventions in 07 FINDINGS R73
planetary_society_pebd_mission_costs,Funding by Destination,1997,Galileo,64.4,USD millions (nominal),,PEBD sheet 'Funding by Destination' cell AH39,R73; PEBD pull 2026-09-27 (workbook updated 2025-11-13); attribution: The Planetary Society; conventions in 07 FINDINGS R73
planetary_society_pebd_mission_costs,Funding by Destination,1997,Cassini,187.6,USD millions (nominal),,PEBD sheet 'Funding by Destination' cell AI39,R73; PEBD pull 2026-09-27 (workbook updated 2025-11-13); attribution: The Planetary Society; conventions in 07 FINDINGS R73
planetary_society_pebd_mission_costs,Funding by Destination,1997,Outer Planets,262.5,USD millions (nominal),,PEBD sheet 'Funding by Destination' cell AM39,R73; PEBD pull 2026-09-27 (workbook updated 2025-11-13); attribution: The Planetary Society; conventions in 07 FINDINGS R73
planetary_society_pebd_mission_costs,Funding by Destination,1997,Outer Planets (inflation adj),557.025,"USD millions (2025 dollars, PEBD inflation adjustment)",,PEBD sheet 'Funding by Destination' cell AN39,R73; PEBD pull 2026-09-27 (workbook updated 2025-11-13); attribution: The Planetary Society; conventions in 07 FINDINGS R73
planetary_society_pebd_mission_costs,Funding by Destination,1997,Lunar Prospector,20.6,USD millions (nominal),,PEBD sheet 'Funding by Destination' cell AR39,R73; PEBD pull 2026-09-27 (workbook updated 2025-11-13); attribution: The Planetary Society; conventions in 07 FINDINGS R73
planetary_society_pebd_mission_costs,Funding by Destination,1997,The Moon,20.6,USD millions (nominal),,PEBD sheet 'Funding by Destination' cell AU39,R73; PEBD pull 2026-09-27 (workbook updated 2025-11-13); attribution: The Planetary Society; conventions in 07 FINDINGS R73
planetary_society_pebd_mission_costs,Funding by Destination,1997,The Moon (inflation adj),44.3106,"USD millions (2025 dollars, PEBD inflation adjustment)",,PEBD sheet 'Funding by Destination' cell AV39,R73; PEBD pull 2026-09-27 (workbook updated 2025-11-13); attribution: The Planetary Society; conventions in 07 FINDINGS R73
planetary_society_pebd_mission_costs,Funding by Destination,1997,NEAR,3.3,USD millions (nominal),,PEBD sheet 'Funding by Destination' cell AW39,R73; PEBD pull 2026-09-27 (workbook updated 2025-11-13); attribution: The Planetary Society; conventions in 07 FINDINGS R73
planetary_society_pebd_mission_costs,Funding by Destination,1997,Stardust,63.7,USD millions (nominal),,PEBD sheet 'Funding by Destination' cell AX39,R73; PEBD pull 2026-09-27 (workbook updated 2025-11-13); attribution: The Planetary Society; conventions in 07 FINDINGS R73
planetary_society_pebd_mission_costs,Funding by Destination,1997,DS1,40.1,USD millions (nominal),,PEBD sheet 'Funding by Destination' cell AY39,R73; PEBD pull 2026-09-27 (workbook updated 2025-11-13); attribution: The Planetary Society; conventions in 07 FINDINGS R73
planetary_society_pebd_mission_costs,Funding by Destination,1997,Small Bodies,107.1,USD millions (nominal),,PEBD sheet 'Funding by Destination' cell BG39,R73; PEBD pull 2026-09-27 (workbook updated 2025-11-13); attribution: The Planetary Society; conventions in 07 FINDINGS R73
planetary_society_pebd_mission_costs,Funding by Destination,1997,Small Bodies (inflation adj),227.2662,"USD millions (2025 dollars, PEBD inflation adjustment)",,PEBD sheet 'Funding by Destination' cell BH39,R73; PEBD pull 2026-09-27 (workbook updated 2025-11-13); attribution: The Planetary Society; conventions in 07 FINDINGS R73
planetary_society_pebd_mission_costs,Funding by Destination,1998,Mars Pathfinder,4.6,USD millions (nominal),,PEBD sheet 'Funding by Destination' cell J40,R73; PEBD pull 2026-09-27 (workbook updated 2025-11-13); attribution: The Planetary Society; conventions in 07 FINDINGS R73
planetary_society_pebd_mission_costs,Funding by Destination,1998,Mars Exploration Program,164.7,USD millions (nominal),,PEBD sheet 'Funding by Destination' cell K40,R73; PEBD pull 2026-09-27 (workbook updated 2025-11-13); attribution: The Planetary Society; conventions in 07 FINDINGS R73
planetary_society_pebd_mission_costs,Funding by Destination,1998,Mars,169.3,USD millions (nominal),,PEBD sheet 'Funding by Destination' cell N40,R73; PEBD pull 2026-09-27 (workbook updated 2025-11-13); attribution: The Planetary Society; conventions in 07 FINDINGS R73
planetary_society_pebd_mission_costs,Funding by Destination,1998,Mars (inflation adj),359.2546,"USD millions (2025 dollars, PEBD inflation adjustment)",,PEBD sheet 'Funding by Destination' cell O40,R73; PEBD pull 2026-09-27 (workbook updated 2025-11-13); attribution: The Planetary Society; conventions in 07 FINDINGS R73
planetary_society_pebd_mission_costs,Funding by Destination,1998,Venus,0,USD millions (nominal),,PEBD sheet 'Funding by Destination' cell Z40,R73; PEBD pull 2026-09-27 (workbook updated 2025-11-13); attribution: The Planetary Society; conventions in 07 FINDINGS R73
planetary_society_pebd_mission_costs,Funding by Destination,1998,Venus (inflation adj),0,"USD millions (2025 dollars, PEBD inflation adjustment)",,PEBD sheet 'Funding by Destination' cell AA40,R73; PEBD pull 2026-09-27 (workbook updated 2025-11-13); attribution: The Planetary Society; conventions in 07 FINDINGS R73
planetary_society_pebd_mission_costs,Funding by Destination,1998,Mercury,0,USD millions (nominal),,PEBD sheet 'Funding by Destination' cell AD40,R73; PEBD pull 2026-09-27 (workbook updated 2025-11-13); attribution: The Planetary Society; conventions in 07 FINDINGS R73
planetary_society_pebd_mission_costs,Funding by Destination,1998,Mercury (inflation adj),0,"USD millions (2025 dollars, PEBD inflation adjustment)",,PEBD sheet 'Funding by Destination' cell AE40,R73; PEBD pull 2026-09-27 (workbook updated 2025-11-13); attribution: The Planetary Society; conventions in 07 FINDINGS R73
planetary_society_pebd_mission_costs,Funding by Destination,1998,Voyager,8,USD millions (nominal),,PEBD sheet 'Funding by Destination' cell AG40,R73; PEBD pull 2026-09-27 (workbook updated 2025-11-13); attribution: The Planetary Society; conventions in 07 FINDINGS R73
planetary_society_pebd_mission_costs,Funding by Destination,1998,Galileo,29.8,USD millions (nominal),,PEBD sheet 'Funding by Destination' cell AH40,R73; PEBD pull 2026-09-27 (workbook updated 2025-11-13); attribution: The Planetary Society; conventions in 07 FINDINGS R73
planetary_society_pebd_mission_costs,Funding by Destination,1998,Cassini,60.4,USD millions (nominal),,PEBD sheet 'Funding by Destination' cell AI40,R73; PEBD pull 2026-09-27 (workbook updated 2025-11-13); attribution: The Planetary Society; conventions in 07 FINDINGS R73
planetary_society_pebd_mission_costs,Funding by Destination,1998,Outer Planets,98.2,USD millions (nominal),,PEBD sheet 'Funding by Destination' cell AM40,R73; PEBD pull 2026-09-27 (workbook updated 2025-11-13); attribution: The Planetary Society; conventions in 07 FINDINGS R73
planetary_society_pebd_mission_costs,Funding by Destination,1998,Outer Planets (inflation adj),203.274,"USD millions (2025 dollars, PEBD inflation adjustment)",,PEBD sheet 'Funding by Destination' cell AN40,R73; PEBD pull 2026-09-27 (workbook updated 2025-11-13); attribution: The Planetary Society; conventions in 07 FINDINGS R73
planetary_society_pebd_mission_costs,Funding by Destination,1998,Lunar Prospector,4.7,USD millions (nominal),,PEBD sheet 'Funding by Destination' cell AR40,R73; PEBD pull 2026-09-27 (workbook updated 2025-11-13); attribution: The Planetary Society; conventions in 07 FINDINGS R73
planetary_society_pebd_mission_costs,Funding by Destination,1998,The Moon,4.7,USD millions (nominal),,PEBD sheet 'Funding by Destination' cell AU40,R73; PEBD pull 2026-09-27 (workbook updated 2025-11-13); attribution: The Planetary Society; conventions in 07 FINDINGS R73
planetary_society_pebd_mission_costs,Funding by Destination,1998,The Moon (inflation adj),9.9734,"USD millions (2025 dollars, PEBD inflation adjustment)",,PEBD sheet 'Funding by Destination' cell AV40,R73; PEBD pull 2026-09-27 (workbook updated 2025-11-13); attribution: The Planetary Society; conventions in 07 FINDINGS R73
planetary_society_pebd_mission_costs,Funding by Destination,1998,NEAR,11.2,USD millions (nominal),,PEBD sheet 'Funding by Destination' cell AW40,R73; PEBD pull 2026-09-27 (workbook updated 2025-11-13); attribution: The Planetary Society; conventions in 07 FINDINGS R73
planetary_society_pebd_mission_costs,Funding by Destination,1998,Stardust,54.5,USD millions (nominal),,PEBD sheet 'Funding by Destination' cell AX40,R73; PEBD pull 2026-09-27 (workbook updated 2025-11-13); attribution: The Planetary Society; conventions in 07 FINDINGS R73
planetary_society_pebd_mission_costs,Funding by Destination,1998,DS1,63.9,USD millions (nominal),,PEBD sheet 'Funding by Destination' cell AY40,R73; PEBD pull 2026-09-27 (workbook updated 2025-11-13); attribution: The Planetary Society; conventions in 07 FINDINGS R73
planetary_society_pebd_mission_costs,Funding by Destination,1998,CONTOUR,0.4,USD millions (nominal),,PEBD sheet 'Funding by Destination' cell AZ40,R73; PEBD pull 2026-09-27 (workbook updated 2025-11-13); attribution: The Planetary Society; conventions in 07 FINDINGS R73
planetary_society_pebd_mission_costs,Funding by Destination,1998,Small Bodies,130,USD millions (nominal),,PEBD sheet 'Funding by Destination' cell BG40,R73; PEBD pull 2026-09-27 (workbook updated 2025-11-13); attribution: The Planetary Society; conventions in 07 FINDINGS R73
planetary_society_pebd_mission_costs,Funding by Destination,1998,Small Bodies (inflation adj),269.1,"USD millions (2025 dollars, PEBD inflation adjustment)",,PEBD sheet 'Funding by Destination' cell BH40,R73; PEBD pull 2026-09-27 (workbook updated 2025-11-13); attribution: The Planetary Society; conventions in 07 FINDINGS R73
planetary_society_pebd_mission_costs,Funding by Destination,1999,Mars Exploration Program,188.5,USD millions (nominal),,PEBD sheet 'Funding by Destination' cell K41,R73; PEBD pull 2026-09-27 (workbook updated 2025-11-13); attribution: The Planetary Society; conventions in 07 FINDINGS R73
planetary_society_pebd_mission_costs,Funding by Destination,1999,Mars,188.5,USD millions (nominal),,PEBD sheet 'Funding by Destination' cell N41,R73; PEBD pull 2026-09-27 (workbook updated 2025-11-13); attribution: The Planetary Society; conventions in 07 FINDINGS R73
planetary_society_pebd_mission_costs,Funding by Destination,1999,Mars (inflation adj),390.195,"USD millions (2025 dollars, PEBD inflation adjustment)",,PEBD sheet 'Funding by Destination' cell O41,R73; PEBD pull 2026-09-27 (workbook updated 2025-11-13); attribution: The Planetary Society; conventions in 07 FINDINGS R73
planetary_society_pebd_mission_costs,Funding by Destination,1999,Venus,0,USD millions (nominal),,PEBD sheet 'Funding by Destination' cell Z41,R73; PEBD pull 2026-09-27 (workbook updated 2025-11-13); attribution: The Planetary Society; conventions in 07 FINDINGS R73
planetary_society_pebd_mission_costs,Funding by Destination,1999,Venus (inflation adj),0,"USD millions (2025 dollars, PEBD inflation adjustment)",,PEBD sheet 'Funding by Destination' cell AA41,R73; PEBD pull 2026-09-27 (workbook updated 2025-11-13); attribution: The Planetary Society; conventions in 07 FINDINGS R73
planetary_society_pebd_mission_costs,Funding by Destination,1999,Mercury,0,USD millions (nominal),,PEBD sheet 'Funding by Destination' cell AD41,R73; PEBD pull 2026-09-27 (workbook updated 2025-11-13); attribution: The Planetary Society; conventions in 07 FINDINGS R73
planetary_society_pebd_mission_costs,Funding by Destination,1999,Mercury (inflation adj),0,"USD millions (2025 dollars, PEBD inflation adjustment)",,PEBD sheet 'Funding by Destination' cell AE41,R73; PEBD pull 2026-09-27 (workbook updated 2025-11-13); attribution: The Planetary Society; conventions in 07 FINDINGS R73
planetary_society_pebd_mission_costs,Funding by Destination,1999,Galileo,16,USD millions (nominal),,PEBD sheet 'Funding by Destination' cell AH41,R73; PEBD pull 2026-09-27 (workbook updated 2025-11-13); attribution: The Planetary Society; conventions in 07 FINDINGS R73
planetary_society_pebd_mission_costs,Funding by Destination,1999,Cassini,64.6,USD millions (nominal),,PEBD sheet 'Funding by Destination' cell AI41,R73; PEBD pull 2026-09-27 (workbook updated 2025-11-13); attribution: The Planetary Society; conventions in 07 FINDINGS R73
planetary_society_pebd_mission_costs,Funding by Destination,1999,Outer Planets Program,15.4,USD millions (nominal),,PEBD sheet 'Funding by Destination' cell AK41,R73; PEBD pull 2026-09-27 (workbook updated 2025-11-13); attribution: The Planetary Society; conventions in 07 FINDINGS R73
planetary_society_pebd_mission_costs,Funding by Destination,1999,Outer Planets,96,USD millions (nominal),,PEBD sheet 'Funding by Destination' cell AM41,R73; PEBD pull 2026-09-27 (workbook updated 2025-11-13); attribution: The Planetary Society; conventions in 07 FINDINGS R73
planetary_society_pebd_mission_costs,Funding by Destination,1999,Outer Planets (inflation adj),194.016,"USD millions (2025 dollars, PEBD inflation adjustment)",,PEBD sheet 'Funding by Destination' cell AN41,R73; PEBD pull 2026-09-27 (workbook updated 2025-11-13); attribution: The Planetary Society; conventions in 07 FINDINGS R73
planetary_society_pebd_mission_costs,Funding by Destination,1999,Lunar Prospector,2.2,USD millions (nominal),,PEBD sheet 'Funding by Destination' cell AR41,R73; PEBD pull 2026-09-27 (workbook updated 2025-11-13); attribution: The Planetary Society; conventions in 07 FINDINGS R73
planetary_society_pebd_mission_costs,Funding by Destination,1999,The Moon,2.2,USD millions (nominal),,PEBD sheet 'Funding by Destination' cell AU41,R73; PEBD pull 2026-09-27 (workbook updated 2025-11-13); attribution: The Planetary Society; conventions in 07 FINDINGS R73
planetary_society_pebd_mission_costs,Funding by Destination,1999,The Moon (inflation adj),4.554,"USD millions (2025 dollars, PEBD inflation adjustment)",,PEBD sheet 'Funding by Destination' cell AV41,R73; PEBD pull 2026-09-27 (workbook updated 2025-11-13); attribution: The Planetary Society; conventions in 07 FINDINGS R73
planetary_society_pebd_mission_costs,Funding by Destination,1999,NEAR,14.5,USD millions (nominal),,PEBD sheet 'Funding by Destination' cell AW41,R73; PEBD pull 2026-09-27 (workbook updated 2025-11-13); attribution: The Planetary Society; conventions in 07 FINDINGS R73
planetary_society_pebd_mission_costs,Funding by Destination,1999,Stardust,24.8,USD millions (nominal),,PEBD sheet 'Funding by Destination' cell AX41,R73; PEBD pull 2026-09-27 (workbook updated 2025-11-13); attribution: The Planetary Society; conventions in 07 FINDINGS R73
planetary_society_pebd_mission_costs,Funding by Destination,1999,DS1,13.8,USD millions (nominal),,PEBD sheet 'Funding by Destination' cell AY41,R73; PEBD pull 2026-09-27 (workbook updated 2025-11-13); attribution: The Planetary Society; conventions in 07 FINDINGS R73
planetary_society_pebd_mission_costs,Funding by Destination,1999,CONTOUR,8.8,USD millions (nominal),,PEBD sheet 'Funding by Destination' cell AZ41,R73; PEBD pull 2026-09-27 (workbook updated 2025-11-13); attribution: The Planetary Society; conventions in 07 FINDINGS R73
planetary_society_pebd_mission_costs,Funding by Destination,1999,Deep Impact,1.5,USD millions (nominal),,PEBD sheet 'Funding by Destination' cell BA41,R73; PEBD pull 2026-09-27 (workbook updated 2025-11-13); attribution: The Planetary Society; conventions in 07 FINDINGS R73
planetary_society_pebd_mission_costs,Funding by Destination,1999,Small Bodies,63.4,USD millions (nominal),,PEBD sheet 'Funding by Destination' cell BG41,R73; PEBD pull 2026-09-27 (workbook updated 2025-11-13); attribution: The Planetary Society; conventions in 07 FINDINGS R73
planetary_society_pebd_mission_costs,Funding by Destination,1999,Small Bodies (inflation adj),128.1314,"USD millions (2025 dollars, PEBD inflation adjustment)",,PEBD sheet 'Funding by Destination' cell BH41,R73; PEBD pull 2026-09-27 (workbook updated 2025-11-13); attribution: The Planetary Society; conventions in 07 FINDINGS R73
planetary_society_pebd_mission_costs,Funding by Destination,2000,Mars Exploration Program,254.3,USD millions (nominal),,PEBD sheet 'Funding by Destination' cell K42,R73; PEBD pull 2026-09-27 (workbook updated 2025-11-13); attribution: The Planetary Society; conventions in 07 FINDINGS R73
planetary_society_pebd_mission_costs,Funding by Destination,2000,Mars,254.3,USD millions (nominal),,PEBD sheet 'Funding by Destination' cell N42,R73; PEBD pull 2026-09-27 (workbook updated 2025-11-13); attribution: The Planetary Society; conventions in 07 FINDINGS R73
planetary_society_pebd_mission_costs,Funding by Destination,2000,Mars (inflation adj),513.9403,"USD millions (2025 dollars, PEBD inflation adjustment)",,PEBD sheet 'Funding by Destination' cell O42,R73; PEBD pull 2026-09-27 (workbook updated 2025-11-13); attribution: The Planetary Society; conventions in 07 FINDINGS R73
planetary_society_pebd_mission_costs,Funding by Destination,2000,Venus,0,USD millions (nominal),,PEBD sheet 'Funding by Destination' cell Z42,R73; PEBD pull 2026-09-27 (workbook updated 2025-11-13); attribution: The Planetary Society; conventions in 07 FINDINGS R73
planetary_society_pebd_mission_costs,Funding by Destination,2000,Venus (inflation adj),0,"USD millions (2025 dollars, PEBD inflation adjustment)",,PEBD sheet 'Funding by Destination' cell AA42,R73; PEBD pull 2026-09-27 (workbook updated 2025-11-13); attribution: The Planetary Society; conventions in 07 FINDINGS R73
planetary_society_pebd_mission_costs,Funding by Destination,2000,MESSENGER,1.7,USD millions (nominal),,PEBD sheet 'Funding by Destination' cell AC42,R73; PEBD pull 2026-09-27 (workbook updated 2025-11-13); attribution: The Planetary Society; conventions in 07 FINDINGS R73
planetary_society_pebd_mission_costs,Funding by Destination,2000,Mercury,1.7,USD millions (nominal),,PEBD sheet 'Funding by Destination' cell AD42,R73; PEBD pull 2026-09-27 (workbook updated 2025-11-13); attribution: The Planetary Society; conventions in 07 FINDINGS R73
planetary_society_pebd_mission_costs,Funding by Destination,2000,Mercury (inflation adj),3.4357,"USD millions (2025 dollars, PEBD inflation adjustment)",,PEBD sheet 'Funding by Destination' cell AE42,R73; PEBD pull 2026-09-27 (workbook updated 2025-11-13); attribution: The Planetary Society; conventions in 07 FINDINGS R73
planetary_society_pebd_mission_costs,Funding by Destination,2000,Galileo,15,USD millions (nominal),,PEBD sheet 'Funding by Destination' cell AH42,R73; PEBD pull 2026-09-27 (workbook updated 2025-11-13); attribution: The Planetary Society; conventions in 07 FINDINGS R73
planetary_society_pebd_mission_costs,Funding by Destination,2000,Cassini,61.2,USD millions (nominal),,PEBD sheet 'Funding by Destination' cell AI42,R73; PEBD pull 2026-09-27 (workbook updated 2025-11-13); attribution: The Planetary Society; conventions in 07 FINDINGS R73
planetary_society_pebd_mission_costs,Funding by Destination,2000,Outer Planets,76.2,USD millions (nominal),,PEBD sheet 'Funding by Destination' cell AM42,R73; PEBD pull 2026-09-27 (workbook updated 2025-11-13); attribution: The Planetary Society; conventions in 07 FINDINGS R73
planetary_society_pebd_mission_costs,Funding by Destination,2000,Outer Planets (inflation adj),147.9804,"USD millions (2025 dollars, PEBD inflation adjustment)",,PEBD sheet 'Funding by Destination' cell AN42,R73; PEBD pull 2026-09-27 (workbook updated 2025-11-13); attribution: The Planetary Society; conventions in 07 FINDINGS R73
planetary_society_pebd_mission_costs,Funding by Destination,2000,The Moon,0,USD millions (nominal),,PEBD sheet 'Funding by Destination' cell AU42,R73; PEBD pull 2026-09-27 (workbook updated 2025-11-13); attribution: The Planetary Society; conventions in 07 FINDINGS R73
planetary_society_pebd_mission_costs,Funding by Destination,2000,The Moon (inflation adj),0,"USD millions (2025 dollars, PEBD inflation adjustment)",,PEBD sheet 'Funding by Destination' cell AV42,R73; PEBD pull 2026-09-27 (workbook updated 2025-11-13); attribution: The Planetary Society; conventions in 07 FINDINGS R73
planetary_society_pebd_mission_costs,Funding by Destination,2000,NEAR,13.2,USD millions (nominal),,PEBD sheet 'Funding by Destination' cell AW42,R73; PEBD pull 2026-09-27 (workbook updated 2025-11-13); attribution: The Planetary Society; conventions in 07 FINDINGS R73
planetary_society_pebd_mission_costs,Funding by Destination,2000,Stardust,4.3,USD millions (nominal),,PEBD sheet 'Funding by Destination' cell AX42,R73; PEBD pull 2026-09-27 (workbook updated 2025-11-13); attribution: The Planetary Society; conventions in 07 FINDINGS R73
planetary_society_pebd_mission_costs,Funding by Destination,2000,DS1,4.9,USD millions (nominal),,PEBD sheet 'Funding by Destination' cell AY42,R73; PEBD pull 2026-09-27 (workbook updated 2025-11-13); attribution: The Planetary Society; conventions in 07 FINDINGS R73
planetary_society_pebd_mission_costs,Funding by Destination,2000,CONTOUR,52.1,USD millions (nominal),,PEBD sheet 'Funding by Destination' cell AZ42,R73; PEBD pull 2026-09-27 (workbook updated 2025-11-13); attribution: The Planetary Society; conventions in 07 FINDINGS R73
planetary_society_pebd_mission_costs,Funding by Destination,2000,Deep Impact,22.8,USD millions (nominal),,PEBD sheet 'Funding by Destination' cell BA42,R73; PEBD pull 2026-09-27 (workbook updated 2025-11-13); attribution: The Planetary Society; conventions in 07 FINDINGS R73
planetary_society_pebd_mission_costs,Funding by Destination,2000,Small Bodies,97.3,USD millions (nominal),,PEBD sheet 'Funding by Destination' cell BG42,R73; PEBD pull 2026-09-27 (workbook updated 2025-11-13); attribution: The Planetary Society; conventions in 07 FINDINGS R73
planetary_society_pebd_mission_costs,Funding by Destination,2000,Small Bodies (inflation adj),188.9566,"USD millions (2025 dollars, PEBD inflation adjustment)",,PEBD sheet 'Funding by Destination' cell BH42,R73; PEBD pull 2026-09-27 (workbook updated 2025-11-13); attribution: The Planetary Society; conventions in 07 FINDINGS R73
planetary_society_pebd_mission_costs,Funding by Destination,2001,Mars Exploration Program,447.6,USD millions (nominal),,PEBD sheet 'Funding by Destination' cell K43,R73; PEBD pull 2026-09-27 (workbook updated 2025-11-13); attribution: The Planetary Society; conventions in 07 FINDINGS R73
planetary_society_pebd_mission_costs,Funding by Destination,2001,Mars,447.6,USD millions (nominal),,PEBD sheet 'Funding by Destination' cell N43,R73; PEBD pull 2026-09-27 (workbook updated 2025-11-13); attribution: The Planetary Society; conventions in 07 FINDINGS R73
planetary_society_pebd_mission_costs,Funding by Destination,2001,Mars (inflation adj),869.2392,"USD millions (2025 dollars, PEBD inflation adjustment)",,PEBD sheet 'Funding by Destination' cell O43,R73; PEBD pull 2026-09-27 (workbook updated 2025-11-13); attribution: The Planetary Society; conventions in 07 FINDINGS R73
planetary_society_pebd_mission_costs,Funding by Destination,2001,Venus,0,USD millions (nominal),,PEBD sheet 'Funding by Destination' cell Z43,R73; PEBD pull 2026-09-27 (workbook updated 2025-11-13); attribution: The Planetary Society; conventions in 07 FINDINGS R73
planetary_society_pebd_mission_costs,Funding by Destination,2001,Venus (inflation adj),0,"USD millions (2025 dollars, PEBD inflation adjustment)",,PEBD sheet 'Funding by Destination' cell AA43,R73; PEBD pull 2026-09-27 (workbook updated 2025-11-13); attribution: The Planetary Society; conventions in 07 FINDINGS R73
planetary_society_pebd_mission_costs,Funding by Destination,2001,MESSENGER,9.6,USD millions (nominal),,PEBD sheet 'Funding by Destination' cell AC43,R73; PEBD pull 2026-09-27 (workbook updated 2025-11-13); attribution: The Planetary Society; conventions in 07 FINDINGS R73
planetary_society_pebd_mission_costs,Funding by Destination,2001,Mercury,9.6,USD millions (nominal),,PEBD sheet 'Funding by Destination' cell AD43,R73; PEBD pull 2026-09-27 (workbook updated 2025-11-13); attribution: The Planetary Society; conventions in 07 FINDINGS R73
planetary_society_pebd_mission_costs,Funding by Destination,2001,Mercury (inflation adj),18.6432,"USD millions (2025 dollars, PEBD inflation adjustment)",,PEBD sheet 'Funding by Destination' cell AE43,R73; PEBD pull 2026-09-27 (workbook updated 2025-11-13); attribution: The Planetary Society; conventions in 07 FINDINGS R73
planetary_society_pebd_mission_costs,Funding by Destination,2001,Galileo,15,USD millions (nominal),,PEBD sheet 'Funding by Destination' cell AH43,R73; PEBD pull 2026-09-27 (workbook updated 2025-11-13); attribution: The Planetary Society; conventions in 07 FINDINGS R73
planetary_society_pebd_mission_costs,Funding by Destination,2001,Cassini,58.1,USD millions (nominal),,PEBD sheet 'Funding by Destination' cell AI43,R73; PEBD pull 2026-09-27 (workbook updated 2025-11-13); attribution: The Planetary Society; conventions in 07 FINDINGS R73
planetary_society_pebd_mission_costs,Funding by Destination,2001,Outer Planets Program,87.3,USD millions (nominal),,PEBD sheet 'Funding by Destination' cell AK43,R73; PEBD pull 2026-09-27 (workbook updated 2025-11-13); attribution: The Planetary Society; conventions in 07 FINDINGS R73
planetary_society_pebd_mission_costs,Funding by Destination,2001,Outer Planets,160.4,USD millions (nominal),,PEBD sheet 'Funding by Destination' cell AM43,R73; PEBD pull 2026-09-27 (workbook updated 2025-11-13); attribution: The Planetary Society; conventions in 07 FINDINGS R73
planetary_society_pebd_mission_costs,Funding by Destination,2001,Outer Planets (inflation adj),300.5896,"USD millions (2025 dollars, PEBD inflation adjustment)",,PEBD sheet 'Funding by Destination' cell AN43,R73; PEBD pull 2026-09-27 (workbook updated 2025-11-13); attribution: The Planetary Society; conventions in 07 FINDINGS R73
planetary_society_pebd_mission_costs,Funding by Destination,2001,The Moon,0,USD millions (nominal),,PEBD sheet 'Funding by Destination' cell AU43,R73; PEBD pull 2026-09-27 (workbook updated 2025-11-13); attribution: The Planetary Society; conventions in 07 FINDINGS R73
planetary_society_pebd_mission_costs,Funding by Destination,2001,The Moon (inflation adj),0,"USD millions (2025 dollars, PEBD inflation adjustment)",,PEBD sheet 'Funding by Destination' cell AV43,R73; PEBD pull 2026-09-27 (workbook updated 2025-11-13); attribution: The Planetary Society; conventions in 07 FINDINGS R73
planetary_society_pebd_mission_costs,Funding by Destination,2001,NEAR,10,USD millions (nominal),,PEBD sheet 'Funding by Destination' cell AW43,R73; PEBD pull 2026-09-27 (workbook updated 2025-11-13); attribution: The Planetary Society; conventions in 07 FINDINGS R73
planetary_society_pebd_mission_costs,Funding by Destination,2001,Stardust,4.6,USD millions (nominal),,PEBD sheet 'Funding by Destination' cell AX43,R73; PEBD pull 2026-09-27 (workbook updated 2025-11-13); attribution: The Planetary Society; conventions in 07 FINDINGS R73
planetary_society_pebd_mission_costs,Funding by Destination,2001,DS1,5.8,USD millions (nominal),,PEBD sheet 'Funding by Destination' cell AY43,R73; PEBD pull 2026-09-27 (workbook updated 2025-11-13); attribution: The Planetary Society; conventions in 07 FINDINGS R73
planetary_society_pebd_mission_costs,Funding by Destination,2001,CONTOUR,62.2,USD millions (nominal),,PEBD sheet 'Funding by Destination' cell AZ43,R73; PEBD pull 2026-09-27 (workbook updated 2025-11-13); attribution: The Planetary Society; conventions in 07 FINDINGS R73
planetary_society_pebd_mission_costs,Funding by Destination,2001,Deep Impact,72.7,USD millions (nominal),,PEBD sheet 'Funding by Destination' cell BA43,R73; PEBD pull 2026-09-27 (workbook updated 2025-11-13); attribution: The Planetary Society; conventions in 07 FINDINGS R73
planetary_society_pebd_mission_costs,Funding by Destination,2001,New Horizons,0.7,USD millions (nominal),,PEBD sheet 'Funding by Destination' cell BC43,R73; PEBD pull 2026-09-27 (workbook updated 2025-11-13); attribution: The Planetary Society; conventions in 07 FINDINGS R73
planetary_society_pebd_mission_costs,Funding by Destination,2001,Small Bodies,156,USD millions (nominal),,PEBD sheet 'Funding by Destination' cell BG43,R73; PEBD pull 2026-09-27 (workbook updated 2025-11-13); attribution: The Planetary Society; conventions in 07 FINDINGS R73
planetary_society_pebd_mission_costs,Funding by Destination,2001,Small Bodies (inflation adj),292.344,"USD millions (2025 dollars, PEBD inflation adjustment)",,PEBD sheet 'Funding by Destination' cell BH43,R73; PEBD pull 2026-09-27 (workbook updated 2025-11-13); attribution: The Planetary Society; conventions in 07 FINDINGS R73
planetary_society_pebd_mission_costs,Funding by Destination,2002,Mars Exploration Program,456.9,USD millions (nominal),,PEBD sheet 'Funding by Destination' cell K44,R73; PEBD pull 2026-09-27 (workbook updated 2025-11-13); attribution: The Planetary Society; conventions in 07 FINDINGS R73
planetary_society_pebd_mission_costs,Funding by Destination,2002,Mars,456.9,USD millions (nominal),,PEBD sheet 'Funding by Destination' cell N44,R73; PEBD pull 2026-09-27 (workbook updated 2025-11-13); attribution: The Planetary Society; conventions in 07 FINDINGS R73
planetary_society_pebd_mission_costs,Funding by Destination,2002,Mars (inflation adj),856.2306,"USD millions (2025 dollars, PEBD inflation adjustment)",,PEBD sheet 'Funding by Destination' cell O44,R73; PEBD pull 2026-09-27 (workbook updated 2025-11-13); attribution: The Planetary Society; conventions in 07 FINDINGS R73
planetary_society_pebd_mission_costs,Funding by Destination,2002,Venus,0,USD millions (nominal),,PEBD sheet 'Funding by Destination' cell Z44,R73; PEBD pull 2026-09-27 (workbook updated 2025-11-13); attribution: The Planetary Society; conventions in 07 FINDINGS R73
planetary_society_pebd_mission_costs,Funding by Destination,2002,Venus (inflation adj),0,"USD millions (2025 dollars, PEBD inflation adjustment)",,PEBD sheet 'Funding by Destination' cell AA44,R73; PEBD pull 2026-09-27 (workbook updated 2025-11-13); attribution: The Planetary Society; conventions in 07 FINDINGS R73
planetary_society_pebd_mission_costs,Funding by Destination,2002,MESSENGER,51.8,USD millions (nominal),,PEBD sheet 'Funding by Destination' cell AC44,R73; PEBD pull 2026-09-27 (workbook updated 2025-11-13); attribution: The Planetary Society; conventions in 07 FINDINGS R73
planetary_society_pebd_mission_costs,Funding by Destination,2002,Mercury,51.8,USD millions (nominal),,PEBD sheet 'Funding by Destination' cell AD44,R73; PEBD pull 2026-09-27 (workbook updated 2025-11-13); attribution: The Planetary Society; conventions in 07 FINDINGS R73
planetary_society_pebd_mission_costs,Funding by Destination,2002,Mercury (inflation adj),97.0732,"USD millions (2025 dollars, PEBD inflation adjustment)",,PEBD sheet 'Funding by Destination' cell AE44,R73; PEBD pull 2026-09-27 (workbook updated 2025-11-13); attribution: The Planetary Society; conventions in 07 FINDINGS R73
planetary_society_pebd_mission_costs,Funding by Destination,2002,Voyager,1.8,USD millions (nominal),,PEBD sheet 'Funding by Destination' cell AG44,R73; PEBD pull 2026-09-27 (workbook updated 2025-11-13); attribution: The Planetary Society; conventions in 07 FINDINGS R73
planetary_society_pebd_mission_costs,Funding by Destination,2002,Galileo,15,USD millions (nominal),,PEBD sheet 'Funding by Destination' cell AH44,R73; PEBD pull 2026-09-27 (workbook updated 2025-11-13); attribution: The Planetary Society; conventions in 07 FINDINGS R73
planetary_society_pebd_mission_costs,Funding by Destination,2002,Cassini,65.8,USD millions (nominal),,PEBD sheet 'Funding by Destination' cell AI44,R73; PEBD pull 2026-09-27 (workbook updated 2025-11-13); attribution: The Planetary Society; conventions in 07 FINDINGS R73
planetary_society_pebd_mission_costs,Funding by Destination,2002,Outer Planets Program,24.1,USD millions (nominal),,PEBD sheet 'Funding by Destination' cell AK44,R73; PEBD pull 2026-09-27 (workbook updated 2025-11-13); attribution: The Planetary Society; conventions in 07 FINDINGS R73
planetary_society_pebd_mission_costs,Funding by Destination,2002,Outer Planets,106.7,USD millions (nominal),,PEBD sheet 'Funding by Destination' cell AM44,R73; PEBD pull 2026-09-27 (workbook updated 2025-11-13); attribution: The Planetary Society; conventions in 07 FINDINGS R73
planetary_society_pebd_mission_costs,Funding by Destination,2002,Outer Planets (inflation adj),194.5141,"USD millions (2025 dollars, PEBD inflation adjustment)",,PEBD sheet 'Funding by Destination' cell AN44,R73; PEBD pull 2026-09-27 (workbook updated 2025-11-13); attribution: The Planetary Society; conventions in 07 FINDINGS R73
planetary_society_pebd_mission_costs,Funding by Destination,2002,The Moon,0,USD millions (nominal),,PEBD sheet 'Funding by Destination' cell AU44,R73; PEBD pull 2026-09-27 (workbook updated 2025-11-13); attribution: The Planetary Society; conventions in 07 FINDINGS R73
planetary_society_pebd_mission_costs,Funding by Destination,2002,The Moon (inflation adj),0,"USD millions (2025 dollars, PEBD inflation adjustment)",,PEBD sheet 'Funding by Destination' cell AV44,R73; PEBD pull 2026-09-27 (workbook updated 2025-11-13); attribution: The Planetary Society; conventions in 07 FINDINGS R73
planetary_society_pebd_mission_costs,Funding by Destination,2002,NEAR,1.5,USD millions (nominal),,PEBD sheet 'Funding by Destination' cell AW44,R73; PEBD pull 2026-09-27 (workbook updated 2025-11-13); attribution: The Planetary Society; conventions in 07 FINDINGS R73
planetary_society_pebd_mission_costs,Funding by Destination,2002,Stardust,4.3,USD millions (nominal),,PEBD sheet 'Funding by Destination' cell AX44,R73; PEBD pull 2026-09-27 (workbook updated 2025-11-13); attribution: The Planetary Society; conventions in 07 FINDINGS R73
planetary_society_pebd_mission_costs,Funding by Destination,2002,DS1,0.6,USD millions (nominal),,PEBD sheet 'Funding by Destination' cell AY44,R73; PEBD pull 2026-09-27 (workbook updated 2025-11-13); attribution: The Planetary Society; conventions in 07 FINDINGS R73
planetary_society_pebd_mission_costs,Funding by Destination,2002,CONTOUR,19.7,USD millions (nominal),,PEBD sheet 'Funding by Destination' cell AZ44,R73; PEBD pull 2026-09-27 (workbook updated 2025-11-13); attribution: The Planetary Society; conventions in 07 FINDINGS R73
planetary_society_pebd_mission_costs,Funding by Destination,2002,Deep Impact,113.4,USD millions (nominal),,PEBD sheet 'Funding by Destination' cell BA44,R73; PEBD pull 2026-09-27 (workbook updated 2025-11-13); attribution: The Planetary Society; conventions in 07 FINDINGS R73
planetary_society_pebd_mission_costs,Funding by Destination,2002,Dawn,1,USD millions (nominal),,PEBD sheet 'Funding by Destination' cell BB44,R73; PEBD pull 2026-09-27 (workbook updated 2025-11-13); attribution: The Planetary Society; conventions in 07 FINDINGS R73
planetary_society_pebd_mission_costs,Funding by Destination,2002,New Horizons,30,USD millions (nominal),,PEBD sheet 'Funding by Destination' cell BC44,R73; PEBD pull 2026-09-27 (workbook updated 2025-11-13); attribution: The Planetary Society; conventions in 07 FINDINGS R73
planetary_society_pebd_mission_costs,Funding by Destination,2002,Small Bodies,170.5,USD millions (nominal),,PEBD sheet 'Funding by Destination' cell BG44,R73; PEBD pull 2026-09-27 (workbook updated 2025-11-13); attribution: The Planetary Society; conventions in 07 FINDINGS R73
planetary_society_pebd_mission_costs,Funding by Destination,2002,Small Bodies (inflation adj),310.8215,"USD millions (2025 dollars, PEBD inflation adjustment)",,PEBD sheet 'Funding by Destination' cell BH44,R73; PEBD pull 2026-09-27 (workbook updated 2025-11-13); attribution: The Planetary Society; conventions in 07 FINDINGS R73
planetary_society_pebd_mission_costs,Funding by Destination,2003,Mars Exploration Program,500.4,USD millions (nominal),,PEBD sheet 'Funding by Destination' cell K45,R73; PEBD pull 2026-09-27 (workbook updated 2025-11-13); attribution: The Planetary Society; conventions in 07 FINDINGS R73
planetary_society_pebd_mission_costs,Funding by Destination,2003,Mars,500.4,USD millions (nominal),,PEBD sheet 'Funding by Destination' cell N45,R73; PEBD pull 2026-09-27 (workbook updated 2025-11-13); attribution: The Planetary Society; conventions in 07 FINDINGS R73
planetary_society_pebd_mission_costs,Funding by Destination,2003,Mars (inflation adj),912.2292,"USD millions (2025 dollars, PEBD inflation adjustment)",,PEBD sheet 'Funding by Destination' cell O45,R73; PEBD pull 2026-09-27 (workbook updated 2025-11-13); attribution: The Planetary Society; conventions in 07 FINDINGS R73
planetary_society_pebd_mission_costs,Funding by Destination,2003,Venus,0,USD millions (nominal),,PEBD sheet 'Funding by Destination' cell Z45,R73; PEBD pull 2026-09-27 (workbook updated 2025-11-13); attribution: The Planetary Society; conventions in 07 FINDINGS R73
planetary_society_pebd_mission_costs,Funding by Destination,2003,Venus (inflation adj),0,"USD millions (2025 dollars, PEBD inflation adjustment)",,PEBD sheet 'Funding by Destination' cell AA45,R73; PEBD pull 2026-09-27 (workbook updated 2025-11-13); attribution: The Planetary Society; conventions in 07 FINDINGS R73
planetary_society_pebd_mission_costs,Funding by Destination,2003,MESSENGER,97.4,USD millions (nominal),,PEBD sheet 'Funding by Destination' cell AC45,R73; PEBD pull 2026-09-27 (workbook updated 2025-11-13); attribution: The Planetary Society; conventions in 07 FINDINGS R73
planetary_society_pebd_mission_costs,Funding by Destination,2003,Mercury,97.4,USD millions (nominal),,PEBD sheet 'Funding by Destination' cell AD45,R73; PEBD pull 2026-09-27 (workbook updated 2025-11-13); attribution: The Planetary Society; conventions in 07 FINDINGS R73
planetary_society_pebd_mission_costs,Funding by Destination,2003,Mercury (inflation adj),177.5602,"USD millions (2025 dollars, PEBD inflation adjustment)",,PEBD sheet 'Funding by Destination' cell AE45,R73; PEBD pull 2026-09-27 (workbook updated 2025-11-13); attribution: The Planetary Society; conventions in 07 FINDINGS R73
planetary_society_pebd_mission_costs,Funding by Destination,2003,Voyager,0.8,USD millions (nominal),,PEBD sheet 'Funding by Destination' cell AG45,R73; PEBD pull 2026-09-27 (workbook updated 2025-11-13); attribution: The Planetary Society; conventions in 07 FINDINGS R73
planetary_society_pebd_mission_costs,Funding by Destination,2003,Galileo,15,USD millions (nominal),,PEBD sheet 'Funding by Destination' cell AH45,R73; PEBD pull 2026-09-27 (workbook updated 2025-11-13); attribution: The Planetary Society; conventions in 07 FINDINGS R73
planetary_society_pebd_mission_costs,Funding by Destination,2003,Cassini,75.7,USD millions (nominal),,PEBD sheet 'Funding by Destination' cell AI45,R73; PEBD pull 2026-09-27 (workbook updated 2025-11-13); attribution: The Planetary Society; conventions in 07 FINDINGS R73
planetary_society_pebd_mission_costs,Funding by Destination,2003,Outer Planets Program,15,USD millions (nominal),,PEBD sheet 'Funding by Destination' cell AK45,R73; PEBD pull 2026-09-27 (workbook updated 2025-11-13); attribution: The Planetary Society; conventions in 07 FINDINGS R73
planetary_society_pebd_mission_costs,Funding by Destination,2003,Outer Planets,106.5,USD millions (nominal),,PEBD sheet 'Funding by Destination' cell AM45,R73; PEBD pull 2026-09-27 (workbook updated 2025-11-13); attribution: The Planetary Society; conventions in 07 FINDINGS R73
planetary_society_pebd_mission_costs,Funding by Destination,2003,Outer Planets (inflation adj),189.996,"USD millions (2025 dollars, PEBD inflation adjustment)",,PEBD sheet 'Funding by Destination' cell AN45,R73; PEBD pull 2026-09-27 (workbook updated 2025-11-13); attribution: The Planetary Society; conventions in 07 FINDINGS R73
planetary_society_pebd_mission_costs,Funding by Destination,2003,The Moon,0,USD millions (nominal),,PEBD sheet 'Funding by Destination' cell AU45,R73; PEBD pull 2026-09-27 (workbook updated 2025-11-13); attribution: The Planetary Society; conventions in 07 FINDINGS R73
planetary_society_pebd_mission_costs,Funding by Destination,2003,The Moon (inflation adj),0,"USD millions (2025 dollars, PEBD inflation adjustment)",,PEBD sheet 'Funding by Destination' cell AV45,R73; PEBD pull 2026-09-27 (workbook updated 2025-11-13); attribution: The Planetary Society; conventions in 07 FINDINGS R73
planetary_society_pebd_mission_costs,Funding by Destination,2003,NEAR,3,USD millions (nominal),,PEBD sheet 'Funding by Destination' cell AW45,R73; PEBD pull 2026-09-27 (workbook updated 2025-11-13); attribution: The Planetary Society; conventions in 07 FINDINGS R73
planetary_society_pebd_mission_costs,Funding by Destination,2003,Stardust,5.6,USD millions (nominal),,PEBD sheet 'Funding by Destination' cell AX45,R73; PEBD pull 2026-09-27 (workbook updated 2025-11-13); attribution: The Planetary Society; conventions in 07 FINDINGS R73
planetary_society_pebd_mission_costs,Funding by Destination,2003,Deep Impact,80.5,USD millions (nominal),,PEBD sheet 'Funding by Destination' cell BA45,R73; PEBD pull 2026-09-27 (workbook updated 2025-11-13); attribution: The Planetary Society; conventions in 07 FINDINGS R73
planetary_society_pebd_mission_costs,Funding by Destination,2003,Dawn,36.3,USD millions (nominal),,PEBD sheet 'Funding by Destination' cell BB45,R73; PEBD pull 2026-09-27 (workbook updated 2025-11-13); attribution: The Planetary Society; conventions in 07 FINDINGS R73
planetary_society_pebd_mission_costs,Funding by Destination,2003,New Horizons,123.6,USD millions (nominal),,PEBD sheet 'Funding by Destination' cell BC45,R73; PEBD pull 2026-09-27 (workbook updated 2025-11-13); attribution: The Planetary Society; conventions in 07 FINDINGS R73
planetary_society_pebd_mission_costs,Funding by Destination,2003,Small Bodies,249,USD millions (nominal),,PEBD sheet 'Funding by Destination' cell BG45,R73; PEBD pull 2026-09-27 (workbook updated 2025-11-13); attribution: The Planetary Society; conventions in 07 FINDINGS R73
planetary_society_pebd_mission_costs,Funding by Destination,2003,Small Bodies (inflation adj),444.216,"USD millions (2025 dollars, PEBD inflation adjustment)",,PEBD sheet 'Funding by Destination' cell BH45,R73; PEBD pull 2026-09-27 (workbook updated 2025-11-13); attribution: The Planetary Society; conventions in 07 FINDINGS R73
planetary_society_pebd_mission_costs,Funding by Destination,2004,Mars Exploration Program,596.3,USD millions (nominal),,PEBD sheet 'Funding by Destination' cell K46,R73; PEBD pull 2026-09-27 (workbook updated 2025-11-13); attribution: The Planetary Society; conventions in 07 FINDINGS R73
planetary_society_pebd_mission_costs,Funding by Destination,2004,Mars,596.3,USD millions (nominal),,PEBD sheet 'Funding by Destination' cell N46,R73; PEBD pull 2026-09-27 (workbook updated 2025-11-13); attribution: The Planetary Society; conventions in 07 FINDINGS R73
planetary_society_pebd_mission_costs,Funding by Destination,2004,Mars (inflation adj),1063.7992,"USD millions (2025 dollars, PEBD inflation adjustment)",,PEBD sheet 'Funding by Destination' cell O46,R73; PEBD pull 2026-09-27 (workbook updated 2025-11-13); attribution: The Planetary Society; conventions in 07 FINDINGS R73
planetary_society_pebd_mission_costs,Funding by Destination,2004,Venus,0,USD millions (nominal),,PEBD sheet 'Funding by Destination' cell Z46,R73; PEBD pull 2026-09-27 (workbook updated 2025-11-13); attribution: The Planetary Society; conventions in 07 FINDINGS R73
planetary_society_pebd_mission_costs,Funding by Destination,2004,Venus (inflation adj),0,"USD millions (2025 dollars, PEBD inflation adjustment)",,PEBD sheet 'Funding by Destination' cell AA46,R73; PEBD pull 2026-09-27 (workbook updated 2025-11-13); attribution: The Planetary Society; conventions in 07 FINDINGS R73
planetary_society_pebd_mission_costs,Funding by Destination,2004,MESSENGER,86.7,USD millions (nominal),,PEBD sheet 'Funding by Destination' cell AC46,R73; PEBD pull 2026-09-27 (workbook updated 2025-11-13); attribution: The Planetary Society; conventions in 07 FINDINGS R73
planetary_society_pebd_mission_costs,Funding by Destination,2004,Mercury,86.7,USD millions (nominal),,PEBD sheet 'Funding by Destination' cell AD46,R73; PEBD pull 2026-09-27 (workbook updated 2025-11-13); attribution: The Planetary Society; conventions in 07 FINDINGS R73
planetary_society_pebd_mission_costs,Funding by Destination,2004,Mercury (inflation adj),154.6728,"USD millions (2025 dollars, PEBD inflation adjustment)",,PEBD sheet 'Funding by Destination' cell AE46,R73; PEBD pull 2026-09-27 (workbook updated 2025-11-13); attribution: The Planetary Society; conventions in 07 FINDINGS R73
planetary_society_pebd_mission_costs,Funding by Destination,2004,Voyager,2,USD millions (nominal),,PEBD sheet 'Funding by Destination' cell AG46,R73; PEBD pull 2026-09-27 (workbook updated 2025-11-13); attribution: The Planetary Society; conventions in 07 FINDINGS R73
planetary_society_pebd_mission_costs,Funding by Destination,2004,Cassini,81.21428571,USD millions (nominal),,PEBD sheet 'Funding by Destination' cell AI46,R73; PEBD pull 2026-09-27 (workbook updated 2025-11-13); attribution: The Planetary Society; conventions in 07 FINDINGS R73
planetary_society_pebd_mission_costs,Funding by Destination,2004,Outer Planets,83.21428571,USD millions (nominal),,PEBD sheet 'Funding by Destination' cell AM46,R73; PEBD pull 2026-09-27 (workbook updated 2025-11-13); attribution: The Planetary Society; conventions in 07 FINDINGS R73
planetary_society_pebd_mission_costs,Funding by Destination,2004,Outer Planets (inflation adj),143.5446429,"USD millions (2025 dollars, PEBD inflation adjustment)",,PEBD sheet 'Funding by Destination' cell AN46,R73; PEBD pull 2026-09-27 (workbook updated 2025-11-13); attribution: The Planetary Society; conventions in 07 FINDINGS R73
planetary_society_pebd_mission_costs,Funding by Destination,2004,The Moon,0,USD millions (nominal),,PEBD sheet 'Funding by Destination' cell AU46,R73; PEBD pull 2026-09-27 (workbook updated 2025-11-13); attribution: The Planetary Society; conventions in 07 FINDINGS R73
planetary_society_pebd_mission_costs,Funding by Destination,2004,The Moon (inflation adj),0,"USD millions (2025 dollars, PEBD inflation adjustment)",,PEBD sheet 'Funding by Destination' cell AV46,R73; PEBD pull 2026-09-27 (workbook updated 2025-11-13); attribution: The Planetary Society; conventions in 07 FINDINGS R73
planetary_society_pebd_mission_costs,Funding by Destination,2004,Stardust,6.8,USD millions (nominal),,PEBD sheet 'Funding by Destination' cell AX46,R73; PEBD pull 2026-09-27 (workbook updated 2025-11-13); attribution: The Planetary Society; conventions in 07 FINDINGS R73
planetary_society_pebd_mission_costs,Funding by Destination,2004,Deep Impact,17.8,USD millions (nominal),,PEBD sheet 'Funding by Destination' cell BA46,R73; PEBD pull 2026-09-27 (workbook updated 2025-11-13); attribution: The Planetary Society; conventions in 07 FINDINGS R73
planetary_society_pebd_mission_costs,Funding by Destination,2004,Dawn,126.5,USD millions (nominal),,PEBD sheet 'Funding by Destination' cell BB46,R73; PEBD pull 2026-09-27 (workbook updated 2025-11-13); attribution: The Planetary Society; conventions in 07 FINDINGS R73
planetary_society_pebd_mission_costs,Funding by Destination,2004,New Horizons,140.1,USD millions (nominal),,PEBD sheet 'Funding by Destination' cell BC46,R73; PEBD pull 2026-09-27 (workbook updated 2025-11-13); attribution: The Planetary Society; conventions in 07 FINDINGS R73
planetary_society_pebd_mission_costs,Funding by Destination,2004,Small Bodies,291.2,USD millions (nominal),,PEBD sheet 'Funding by Destination' cell BG46,R73; PEBD pull 2026-09-27 (workbook updated 2025-11-13); attribution: The Planetary Society; conventions in 07 FINDINGS R73
planetary_society_pebd_mission_costs,Funding by Destination,2004,Small Bodies (inflation adj),502.32,"USD millions (2025 dollars, PEBD inflation adjustment)",,PEBD sheet 'Funding by Destination' cell BH46,R73; PEBD pull 2026-09-27 (workbook updated 2025-11-13); attribution: The Planetary Society; conventions in 07 FINDINGS R73
planetary_society_pebd_mission_costs,Funding by Destination,2005,Mars Exploration Program,588.5,USD millions (nominal),,PEBD sheet 'Funding by Destination' cell K47,R73; PEBD pull 2026-09-27 (workbook updated 2025-11-13); attribution: The Planetary Society; conventions in 07 FINDINGS R73
planetary_society_pebd_mission_costs,Funding by Destination,2005,Mars,588.5,USD millions (nominal),,PEBD sheet 'Funding by Destination' cell N47,R73; PEBD pull 2026-09-27 (workbook updated 2025-11-13); attribution: The Planetary Society; conventions in 07 FINDINGS R73
planetary_society_pebd_mission_costs,Funding by Destination,2005,Mars (inflation adj),1015.1625,"USD millions (2025 dollars, PEBD inflation adjustment)",,PEBD sheet 'Funding by Destination' cell O47,R73; PEBD pull 2026-09-27 (workbook updated 2025-11-13); attribution: The Planetary Society; conventions in 07 FINDINGS R73
planetary_society_pebd_mission_costs,Funding by Destination,2005,Venus,0,USD millions (nominal),,PEBD sheet 'Funding by Destination' cell Z47,R73; PEBD pull 2026-09-27 (workbook updated 2025-11-13); attribution: The Planetary Society; conventions in 07 FINDINGS R73
planetary_society_pebd_mission_costs,Funding by Destination,2005,Venus (inflation adj),0,"USD millions (2025 dollars, PEBD inflation adjustment)",,PEBD sheet 'Funding by Destination' cell AA47,R73; PEBD pull 2026-09-27 (workbook updated 2025-11-13); attribution: The Planetary Society; conventions in 07 FINDINGS R73
planetary_society_pebd_mission_costs,Funding by Destination,2005,MESSENGER,42.3,USD millions (nominal),,PEBD sheet 'Funding by Destination' cell AC47,R73; PEBD pull 2026-09-27 (workbook updated 2025-11-13); attribution: The Planetary Society; conventions in 07 FINDINGS R73
planetary_society_pebd_mission_costs,Funding by Destination,2005,Mercury,42.3,USD millions (nominal),,PEBD sheet 'Funding by Destination' cell AD47,R73; PEBD pull 2026-09-27 (workbook updated 2025-11-13); attribution: The Planetary Society; conventions in 07 FINDINGS R73
planetary_society_pebd_mission_costs,Funding by Destination,2005,Mercury (inflation adj),72.9675,"USD millions (2025 dollars, PEBD inflation adjustment)",,PEBD sheet 'Funding by Destination' cell AE47,R73; PEBD pull 2026-09-27 (workbook updated 2025-11-13); attribution: The Planetary Society; conventions in 07 FINDINGS R73
planetary_society_pebd_mission_costs,Funding by Destination,2005,Cassini,81,USD millions (nominal),,PEBD sheet 'Funding by Destination' cell AI47,R73; PEBD pull 2026-09-27 (workbook updated 2025-11-13); attribution: The Planetary Society; conventions in 07 FINDINGS R73
planetary_society_pebd_mission_costs,Funding by Destination,2005,Juno,2.7,USD millions (nominal),,PEBD sheet 'Funding by Destination' cell AJ47,R73; PEBD pull 2026-09-27 (workbook updated 2025-11-13); attribution: The Planetary Society; conventions in 07 FINDINGS R73
planetary_society_pebd_mission_costs,Funding by Destination,2005,Outer Planets,83.7,USD millions (nominal),,PEBD sheet 'Funding by Destination' cell AM47,R73; PEBD pull 2026-09-27 (workbook updated 2025-11-13); attribution: The Planetary Society; conventions in 07 FINDINGS R73
planetary_society_pebd_mission_costs,Funding by Destination,2005,Outer Planets (inflation adj),140.1138,"USD millions (2025 dollars, PEBD inflation adjustment)",,PEBD sheet 'Funding by Destination' cell AN47,R73; PEBD pull 2026-09-27 (workbook updated 2025-11-13); attribution: The Planetary Society; conventions in 07 FINDINGS R73
planetary_society_pebd_mission_costs,Funding by Destination,2005,The Moon,0,USD millions (nominal),,PEBD sheet 'Funding by Destination' cell AU47,R73; PEBD pull 2026-09-27 (workbook updated 2025-11-13); attribution: The Planetary Society; conventions in 07 FINDINGS R73
planetary_society_pebd_mission_costs,Funding by Destination,2005,The Moon (inflation adj),0,"USD millions (2025 dollars, PEBD inflation adjustment)",,PEBD sheet 'Funding by Destination' cell AV47,R73; PEBD pull 2026-09-27 (workbook updated 2025-11-13); attribution: The Planetary Society; conventions in 07 FINDINGS R73
planetary_society_pebd_mission_costs,Funding by Destination,2005,Stardust,5.6,USD millions (nominal),,PEBD sheet 'Funding by Destination' cell AX47,R73; PEBD pull 2026-09-27 (workbook updated 2025-11-13); attribution: The Planetary Society; conventions in 07 FINDINGS R73
planetary_society_pebd_mission_costs,Funding by Destination,2005,Deep Impact,31.9,USD millions (nominal),,PEBD sheet 'Funding by Destination' cell BA47,R73; PEBD pull 2026-09-27 (workbook updated 2025-11-13); attribution: The Planetary Society; conventions in 07 FINDINGS R73
planetary_society_pebd_mission_costs,Funding by Destination,2005,Dawn,85.9,USD millions (nominal),,PEBD sheet 'Funding by Destination' cell BB47,R73; PEBD pull 2026-09-27 (workbook updated 2025-11-13); attribution: The Planetary Society; conventions in 07 FINDINGS R73
planetary_society_pebd_mission_costs,Funding by Destination,2005,New Horizons,193.5,USD millions (nominal),,PEBD sheet 'Funding by Destination' cell BC47,R73; PEBD pull 2026-09-27 (workbook updated 2025-11-13); attribution: The Planetary Society; conventions in 07 FINDINGS R73
planetary_society_pebd_mission_costs,Funding by Destination,2005,Small Bodies,316.9,USD millions (nominal),,PEBD sheet 'Funding by Destination' cell BG47,R73; PEBD pull 2026-09-27 (workbook updated 2025-11-13); attribution: The Planetary Society; conventions in 07 FINDINGS R73
planetary_society_pebd_mission_costs,Funding by Destination,2005,Small Bodies (inflation adj),530.4906,"USD millions (2025 dollars, PEBD inflation adjustment)",,PEBD sheet 'Funding by Destination' cell BH47,R73; PEBD pull 2026-09-27 (workbook updated 2025-11-13); attribution: The Planetary Society; conventions in 07 FINDINGS R73
planetary_society_pebd_mission_costs,Funding by Destination,2006,Mars Exploration Program,662.2,USD millions (nominal),,PEBD sheet 'Funding by Destination' cell K48,R73; PEBD pull 2026-09-27 (workbook updated 2025-11-13); attribution: The Planetary Society; conventions in 07 FINDINGS R73
planetary_society_pebd_mission_costs,Funding by Destination,2006,Mars,662.2,USD millions (nominal),,PEBD sheet 'Funding by Destination' cell N48,R73; PEBD pull 2026-09-27 (workbook updated 2025-11-13); attribution: The Planetary Society; conventions in 07 FINDINGS R73
planetary_society_pebd_mission_costs,Funding by Destination,2006,Mars (inflation adj),1108.5228,"USD millions (2025 dollars, PEBD inflation adjustment)",,PEBD sheet 'Funding by Destination' cell O48,R73; PEBD pull 2026-09-27 (workbook updated 2025-11-13); attribution: The Planetary Society; conventions in 07 FINDINGS R73
planetary_society_pebd_mission_costs,Funding by Destination,2006,Venus,0,USD millions (nominal),,PEBD sheet 'Funding by Destination' cell Z48,R73; PEBD pull 2026-09-27 (workbook updated 2025-11-13); attribution: The Planetary Society; conventions in 07 FINDINGS R73
planetary_society_pebd_mission_costs,Funding by Destination,2006,Venus (inflation adj),0,"USD millions (2025 dollars, PEBD inflation adjustment)",,PEBD sheet 'Funding by Destination' cell AA48,R73; PEBD pull 2026-09-27 (workbook updated 2025-11-13); attribution: The Planetary Society; conventions in 07 FINDINGS R73
planetary_society_pebd_mission_costs,Funding by Destination,2006,MESSENGER,7.7,USD millions (nominal),,PEBD sheet 'Funding by Destination' cell AC48,R73; PEBD pull 2026-09-27 (workbook updated 2025-11-13); attribution: The Planetary Society; conventions in 07 FINDINGS R73
planetary_society_pebd_mission_costs,Funding by Destination,2006,Mercury,7.7,USD millions (nominal),,PEBD sheet 'Funding by Destination' cell AD48,R73; PEBD pull 2026-09-27 (workbook updated 2025-11-13); attribution: The Planetary Society; conventions in 07 FINDINGS R73
planetary_society_pebd_mission_costs,Funding by Destination,2006,Mercury (inflation adj),12.8898,"USD millions (2025 dollars, PEBD inflation adjustment)",,PEBD sheet 'Funding by Destination' cell AE48,R73; PEBD pull 2026-09-27 (workbook updated 2025-11-13); attribution: The Planetary Society; conventions in 07 FINDINGS R73
planetary_society_pebd_mission_costs,Funding by Destination,2006,Cassini,81.25,USD millions (nominal),,PEBD sheet 'Funding by Destination' cell AI48,R73; PEBD pull 2026-09-27 (workbook updated 2025-11-13); attribution: The Planetary Society; conventions in 07 FINDINGS R73
planetary_society_pebd_mission_costs,Funding by Destination,2006,Juno,40.4,USD millions (nominal),,PEBD sheet 'Funding by Destination' cell AJ48,R73; PEBD pull 2026-09-27 (workbook updated 2025-11-13); attribution: The Planetary Society; conventions in 07 FINDINGS R73
planetary_society_pebd_mission_costs,Funding by Destination,2006,Outer Planets,121.65,USD millions (nominal),,PEBD sheet 'Funding by Destination' cell AM48,R73; PEBD pull 2026-09-27 (workbook updated 2025-11-13); attribution: The Planetary Society; conventions in 07 FINDINGS R73
planetary_society_pebd_mission_costs,Funding by Destination,2006,Outer Planets (inflation adj),197.3163,"USD millions (2025 dollars, PEBD inflation adjustment)",,PEBD sheet 'Funding by Destination' cell AN48,R73; PEBD pull 2026-09-27 (workbook updated 2025-11-13); attribution: The Planetary Society; conventions in 07 FINDINGS R73
planetary_society_pebd_mission_costs,Funding by Destination,2006,The Moon,0,USD millions (nominal),,PEBD sheet 'Funding by Destination' cell AU48,R73; PEBD pull 2026-09-27 (workbook updated 2025-11-13); attribution: The Planetary Society; conventions in 07 FINDINGS R73
planetary_society_pebd_mission_costs,Funding by Destination,2006,The Moon (inflation adj),0,"USD millions (2025 dollars, PEBD inflation adjustment)",,PEBD sheet 'Funding by Destination' cell AV48,R73; PEBD pull 2026-09-27 (workbook updated 2025-11-13); attribution: The Planetary Society; conventions in 07 FINDINGS R73
planetary_society_pebd_mission_costs,Funding by Destination,2006,Stardust,6.6,USD millions (nominal),,PEBD sheet 'Funding by Destination' cell AX48,R73; PEBD pull 2026-09-27 (workbook updated 2025-11-13); attribution: The Planetary Society; conventions in 07 FINDINGS R73
planetary_society_pebd_mission_costs,Funding by Destination,2006,Deep Impact,7.7,USD millions (nominal),,PEBD sheet 'Funding by Destination' cell BA48,R73; PEBD pull 2026-09-27 (workbook updated 2025-11-13); attribution: The Planetary Society; conventions in 07 FINDINGS R73
planetary_society_pebd_mission_costs,Funding by Destination,2006,Dawn,59.6,USD millions (nominal),,PEBD sheet 'Funding by Destination' cell BB48,R73; PEBD pull 2026-09-27 (workbook updated 2025-11-13); attribution: The Planetary Society; conventions in 07 FINDINGS R73
planetary_society_pebd_mission_costs,Funding by Destination,2006,New Horizons,77.8,USD millions (nominal),,PEBD sheet 'Funding by Destination' cell BC48,R73; PEBD pull 2026-09-27 (workbook updated 2025-11-13); attribution: The Planetary Society; conventions in 07 FINDINGS R73
planetary_society_pebd_mission_costs,Funding by Destination,2006,Small Bodies,151.7,USD millions (nominal),,PEBD sheet 'Funding by Destination' cell BG48,R73; PEBD pull 2026-09-27 (workbook updated 2025-11-13); attribution: The Planetary Society; conventions in 07 FINDINGS R73
planetary_society_pebd_mission_costs,Funding by Destination,2006,Small Bodies (inflation adj),246.0574,"USD millions (2025 dollars, PEBD inflation adjustment)",,PEBD sheet 'Funding by Destination' cell BH48,R73; PEBD pull 2026-09-27 (workbook updated 2025-11-13); attribution: The Planetary Society; conventions in 07 FINDINGS R73
planetary_society_pebd_mission_costs,Funding by Destination,2007,Mars Exploration Program,634.9,USD millions (nominal),,PEBD sheet 'Funding by Destination' cell K49,R73; PEBD pull 2026-09-27 (workbook updated 2025-11-13); attribution: The Planetary Society; conventions in 07 FINDINGS R73
planetary_society_pebd_mission_costs,Funding by Destination,2007,Mars,634.9,USD millions (nominal),,PEBD sheet 'Funding by Destination' cell N49,R73; PEBD pull 2026-09-27 (workbook updated 2025-11-13); attribution: The Planetary Society; conventions in 07 FINDINGS R73
planetary_society_pebd_mission_costs,Funding by Destination,2007,Mars (inflation adj),1029.8078,"USD millions (2025 dollars, PEBD inflation adjustment)",,PEBD sheet 'Funding by Destination' cell O49,R73; PEBD pull 2026-09-27 (workbook updated 2025-11-13); attribution: The Planetary Society; conventions in 07 FINDINGS R73
planetary_society_pebd_mission_costs,Funding by Destination,2007,Venus,0,USD millions (nominal),,PEBD sheet 'Funding by Destination' cell Z49,R73; PEBD pull 2026-09-27 (workbook updated 2025-11-13); attribution: The Planetary Society; conventions in 07 FINDINGS R73
planetary_society_pebd_mission_costs,Funding by Destination,2007,Venus (inflation adj),0,"USD millions (2025 dollars, PEBD inflation adjustment)",,PEBD sheet 'Funding by Destination' cell AA49,R73; PEBD pull 2026-09-27 (workbook updated 2025-11-13); attribution: The Planetary Society; conventions in 07 FINDINGS R73
planetary_society_pebd_mission_costs,Funding by Destination,2007,MESSENGER,8.2,USD millions (nominal),,PEBD sheet 'Funding by Destination' cell AC49,R73; PEBD pull 2026-09-27 (workbook updated 2025-11-13); attribution: The Planetary Society; conventions in 07 FINDINGS R73
planetary_society_pebd_mission_costs,Funding by Destination,2007,Mercury,8.2,USD millions (nominal),,PEBD sheet 'Funding by Destination' cell AD49,R73; PEBD pull 2026-09-27 (workbook updated 2025-11-13); attribution: The Planetary Society; conventions in 07 FINDINGS R73
planetary_society_pebd_mission_costs,Funding by Destination,2007,Mercury (inflation adj),13.3004,"USD millions (2025 dollars, PEBD inflation adjustment)",,PEBD sheet 'Funding by Destination' cell AE49,R73; PEBD pull 2026-09-27 (workbook updated 2025-11-13); attribution: The Planetary Society; conventions in 07 FINDINGS R73
planetary_society_pebd_mission_costs,Funding by Destination,2007,Cassini,81.25,USD millions (nominal),,PEBD sheet 'Funding by Destination' cell AI49,R73; PEBD pull 2026-09-27 (workbook updated 2025-11-13); attribution: The Planetary Society; conventions in 07 FINDINGS R73
planetary_society_pebd_mission_costs,Funding by Destination,2007,Juno,87.8,USD millions (nominal),,PEBD sheet 'Funding by Destination' cell AJ49,R73; PEBD pull 2026-09-27 (workbook updated 2025-11-13); attribution: The Planetary Society; conventions in 07 FINDINGS R73
planetary_society_pebd_mission_costs,Funding by Destination,2007,Outer Planets,169.05,USD millions (nominal),,PEBD sheet 'Funding by Destination' cell AM49,R73; PEBD pull 2026-09-27 (workbook updated 2025-11-13); attribution: The Planetary Society; conventions in 07 FINDINGS R73
planetary_society_pebd_mission_costs,Funding by Destination,2007,Outer Planets (inflation adj),264.0561,"USD millions (2025 dollars, PEBD inflation adjustment)",,PEBD sheet 'Funding by Destination' cell AN49,R73; PEBD pull 2026-09-27 (workbook updated 2025-11-13); attribution: The Planetary Society; conventions in 07 FINDINGS R73
planetary_society_pebd_mission_costs,Funding by Destination,2007,GRAIL,1.2,USD millions (nominal),,PEBD sheet 'Funding by Destination' cell AS49,R73; PEBD pull 2026-09-27 (workbook updated 2025-11-13); attribution: The Planetary Society; conventions in 07 FINDINGS R73
planetary_society_pebd_mission_costs,Funding by Destination,2007,The Moon,1.2,USD millions (nominal),,PEBD sheet 'Funding by Destination' cell AU49,R73; PEBD pull 2026-09-27 (workbook updated 2025-11-13); attribution: The Planetary Society; conventions in 07 FINDINGS R73
planetary_society_pebd_mission_costs,Funding by Destination,2007,The Moon (inflation adj),1.9464,"USD millions (2025 dollars, PEBD inflation adjustment)",,PEBD sheet 'Funding by Destination' cell AV49,R73; PEBD pull 2026-09-27 (workbook updated 2025-11-13); attribution: The Planetary Society; conventions in 07 FINDINGS R73
planetary_society_pebd_mission_costs,Funding by Destination,2007,Stardust,5.8,USD millions (nominal),,PEBD sheet 'Funding by Destination' cell AX49,R73; PEBD pull 2026-09-27 (workbook updated 2025-11-13); attribution: The Planetary Society; conventions in 07 FINDINGS R73
planetary_society_pebd_mission_costs,Funding by Destination,2007,Deep Impact,9.175,USD millions (nominal),,PEBD sheet 'Funding by Destination' cell BA49,R73; PEBD pull 2026-09-27 (workbook updated 2025-11-13); attribution: The Planetary Society; conventions in 07 FINDINGS R73
planetary_society_pebd_mission_costs,Funding by Destination,2007,Dawn,63.7,USD millions (nominal),,PEBD sheet 'Funding by Destination' cell BB49,R73; PEBD pull 2026-09-27 (workbook updated 2025-11-13); attribution: The Planetary Society; conventions in 07 FINDINGS R73
planetary_society_pebd_mission_costs,Funding by Destination,2007,New Horizons,18.8,USD millions (nominal),,PEBD sheet 'Funding by Destination' cell BC49,R73; PEBD pull 2026-09-27 (workbook updated 2025-11-13); attribution: The Planetary Society; conventions in 07 FINDINGS R73
planetary_society_pebd_mission_costs,Funding by Destination,2007,Small Bodies,97.475,USD millions (nominal),,PEBD sheet 'Funding by Destination' cell BG49,R73; PEBD pull 2026-09-27 (workbook updated 2025-11-13); attribution: The Planetary Society; conventions in 07 FINDINGS R73
planetary_society_pebd_mission_costs,Funding by Destination,2007,Small Bodies (inflation adj),152.25595,"USD millions (2025 dollars, PEBD inflation adjustment)",,PEBD sheet 'Funding by Destination' cell BH49,R73; PEBD pull 2026-09-27 (workbook updated 2025-11-13); attribution: The Planetary Society; conventions in 07 FINDINGS R73
planetary_society_pebd_mission_costs,Funding by Destination,2008,Mars Exploration Program,709.3,USD millions (nominal),,PEBD sheet 'Funding by Destination' cell K50,R73; PEBD pull 2026-09-27 (workbook updated 2025-11-13); attribution: The Planetary Society; conventions in 07 FINDINGS R73
planetary_society_pebd_mission_costs,Funding by Destination,2008,Mars,709.3,USD millions (nominal),,PEBD sheet 'Funding by Destination' cell N50,R73; PEBD pull 2026-09-27 (workbook updated 2025-11-13); attribution: The Planetary Society; conventions in 07 FINDINGS R73
planetary_society_pebd_mission_costs,Funding by Destination,2008,Mars (inflation adj),1107.9266,"USD millions (2025 dollars, PEBD inflation adjustment)",,PEBD sheet 'Funding by Destination' cell O50,R73; PEBD pull 2026-09-27 (workbook updated 2025-11-13); attribution: The Planetary Society; conventions in 07 FINDINGS R73
planetary_society_pebd_mission_costs,Funding by Destination,2008,Venus,0,USD millions (nominal),,PEBD sheet 'Funding by Destination' cell Z50,R73; PEBD pull 2026-09-27 (workbook updated 2025-11-13); attribution: The Planetary Society; conventions in 07 FINDINGS R73
planetary_society_pebd_mission_costs,Funding by Destination,2008,Venus (inflation adj),0,"USD millions (2025 dollars, PEBD inflation adjustment)",,PEBD sheet 'Funding by Destination' cell AA50,R73; PEBD pull 2026-09-27 (workbook updated 2025-11-13); attribution: The Planetary Society; conventions in 07 FINDINGS R73
planetary_society_pebd_mission_costs,Funding by Destination,2008,MESSENGER,9.4,USD millions (nominal),,PEBD sheet 'Funding by Destination' cell AC50,R73; PEBD pull 2026-09-27 (workbook updated 2025-11-13); attribution: The Planetary Society; conventions in 07 FINDINGS R73
planetary_society_pebd_mission_costs,Funding by Destination,2008,Mercury,9.4,USD millions (nominal),,PEBD sheet 'Funding by Destination' cell AD50,R73; PEBD pull 2026-09-27 (workbook updated 2025-11-13); attribution: The Planetary Society; conventions in 07 FINDINGS R73
planetary_society_pebd_mission_costs,Funding by Destination,2008,Mercury (inflation adj),14.6828,"USD millions (2025 dollars, PEBD inflation adjustment)",,PEBD sheet 'Funding by Destination' cell AE50,R73; PEBD pull 2026-09-27 (workbook updated 2025-11-13); attribution: The Planetary Society; conventions in 07 FINDINGS R73
planetary_society_pebd_mission_costs,Funding by Destination,2008,Cassini,81.25,USD millions (nominal),,PEBD sheet 'Funding by Destination' cell AI50,R73; PEBD pull 2026-09-27 (workbook updated 2025-11-13); attribution: The Planetary Society; conventions in 07 FINDINGS R73
planetary_society_pebd_mission_costs,Funding by Destination,2008,Juno,95,USD millions (nominal),,PEBD sheet 'Funding by Destination' cell AJ50,R73; PEBD pull 2026-09-27 (workbook updated 2025-11-13); attribution: The Planetary Society; conventions in 07 FINDINGS R73
planetary_society_pebd_mission_costs,Funding by Destination,2008,Outer Planets,176.25,USD millions (nominal),,PEBD sheet 'Funding by Destination' cell AM50,R73; PEBD pull 2026-09-27 (workbook updated 2025-11-13); attribution: The Planetary Society; conventions in 07 FINDINGS R73
planetary_society_pebd_mission_costs,Funding by Destination,2008,Outer Planets (inflation adj),265.785,"USD millions (2025 dollars, PEBD inflation adjustment)",,PEBD sheet 'Funding by Destination' cell AN50,R73; PEBD pull 2026-09-27 (workbook updated 2025-11-13); attribution: The Planetary Society; conventions in 07 FINDINGS R73
planetary_society_pebd_mission_costs,Funding by Destination,2008,GRAIL,67.1,USD millions (nominal),,PEBD sheet 'Funding by Destination' cell AS50,R73; PEBD pull 2026-09-27 (workbook updated 2025-11-13); attribution: The Planetary Society; conventions in 07 FINDINGS R73
planetary_society_pebd_mission_costs,Funding by Destination,2008,Lunar Exploration Program,41.3,USD millions (nominal),,PEBD sheet 'Funding by Destination' cell AT50,R73; PEBD pull 2026-09-27 (workbook updated 2025-11-13); attribution: The Planetary Society; conventions in 07 FINDINGS R73
planetary_society_pebd_mission_costs,Funding by Destination,2008,The Moon,108.4,USD millions (nominal),,PEBD sheet 'Funding by Destination' cell AU50,R73; PEBD pull 2026-09-27 (workbook updated 2025-11-13); attribution: The Planetary Society; conventions in 07 FINDINGS R73
planetary_society_pebd_mission_costs,Funding by Destination,2008,The Moon (inflation adj),169.3208,"USD millions (2025 dollars, PEBD inflation adjustment)",,PEBD sheet 'Funding by Destination' cell AV50,R73; PEBD pull 2026-09-27 (workbook updated 2025-11-13); attribution: The Planetary Society; conventions in 07 FINDINGS R73
planetary_society_pebd_mission_costs,Funding by Destination,2008,Stardust,5.8,USD millions (nominal),,PEBD sheet 'Funding by Destination' cell AX50,R73; PEBD pull 2026-09-27 (workbook updated 2025-11-13); attribution: The Planetary Society; conventions in 07 FINDINGS R73
planetary_society_pebd_mission_costs,Funding by Destination,2008,Deep Impact,9.175,USD millions (nominal),,PEBD sheet 'Funding by Destination' cell BA50,R73; PEBD pull 2026-09-27 (workbook updated 2025-11-13); attribution: The Planetary Society; conventions in 07 FINDINGS R73
planetary_society_pebd_mission_costs,Funding by Destination,2008,Dawn,7.8,USD millions (nominal),,PEBD sheet 'Funding by Destination' cell BB50,R73; PEBD pull 2026-09-27 (workbook updated 2025-11-13); attribution: The Planetary Society; conventions in 07 FINDINGS R73
planetary_society_pebd_mission_costs,Funding by Destination,2008,New Horizons,20.2,USD millions (nominal),,PEBD sheet 'Funding by Destination' cell BC50,R73; PEBD pull 2026-09-27 (workbook updated 2025-11-13); attribution: The Planetary Society; conventions in 07 FINDINGS R73
planetary_society_pebd_mission_costs,Funding by Destination,2008,Small Bodies,42.975,USD millions (nominal),,PEBD sheet 'Funding by Destination' cell BG50,R73; PEBD pull 2026-09-27 (workbook updated 2025-11-13); attribution: The Planetary Society; conventions in 07 FINDINGS R73
planetary_society_pebd_mission_costs,Funding by Destination,2008,Small Bodies (inflation adj),64.8063,"USD millions (2025 dollars, PEBD inflation adjustment)",,PEBD sheet 'Funding by Destination' cell BH50,R73; PEBD pull 2026-09-27 (workbook updated 2025-11-13); attribution: The Planetary Society; conventions in 07 FINDINGS R73
planetary_society_pebd_mission_costs,Funding by Destination,2009,Mars Exploration Program,361.7,USD millions (nominal),,PEBD sheet 'Funding by Destination' cell K51,R73; PEBD pull 2026-09-27 (workbook updated 2025-11-13); attribution: The Planetary Society; conventions in 07 FINDINGS R73
planetary_society_pebd_mission_costs,Funding by Destination,2009,Mars,361.7,USD millions (nominal),,PEBD sheet 'Funding by Destination' cell N51,R73; PEBD pull 2026-09-27 (workbook updated 2025-11-13); attribution: The Planetary Society; conventions in 07 FINDINGS R73
planetary_society_pebd_mission_costs,Funding by Destination,2009,Mars (inflation adj),545.4436,"USD millions (2025 dollars, PEBD inflation adjustment)",,PEBD sheet 'Funding by Destination' cell O51,R73; PEBD pull 2026-09-27 (workbook updated 2025-11-13); attribution: The Planetary Society; conventions in 07 FINDINGS R73
planetary_society_pebd_mission_costs,Funding by Destination,2009,Venus,0,USD millions (nominal),,PEBD sheet 'Funding by Destination' cell Z51,R73; PEBD pull 2026-09-27 (workbook updated 2025-11-13); attribution: The Planetary Society; conventions in 07 FINDINGS R73
planetary_society_pebd_mission_costs,Funding by Destination,2009,Venus (inflation adj),0,"USD millions (2025 dollars, PEBD inflation adjustment)",,PEBD sheet 'Funding by Destination' cell AA51,R73; PEBD pull 2026-09-27 (workbook updated 2025-11-13); attribution: The Planetary Society; conventions in 07 FINDINGS R73
planetary_society_pebd_mission_costs,Funding by Destination,2009,MESSENGER,11.5,USD millions (nominal),,PEBD sheet 'Funding by Destination' cell AC51,R73; PEBD pull 2026-09-27 (workbook updated 2025-11-13); attribution: The Planetary Society; conventions in 07 FINDINGS R73
planetary_society_pebd_mission_costs,Funding by Destination,2009,Mercury,11.5,USD millions (nominal),,PEBD sheet 'Funding by Destination' cell AD51,R73; PEBD pull 2026-09-27 (workbook updated 2025-11-13); attribution: The Planetary Society; conventions in 07 FINDINGS R73
planetary_society_pebd_mission_costs,Funding by Destination,2009,Mercury (inflation adj),17.342,"USD millions (2025 dollars, PEBD inflation adjustment)",,PEBD sheet 'Funding by Destination' cell AE51,R73; PEBD pull 2026-09-27 (workbook updated 2025-11-13); attribution: The Planetary Society; conventions in 07 FINDINGS R73
planetary_society_pebd_mission_costs,Funding by Destination,2009,Cassini,81.25,USD millions (nominal),,PEBD sheet 'Funding by Destination' cell AI51,R73; PEBD pull 2026-09-27 (workbook updated 2025-11-13); attribution: The Planetary Society; conventions in 07 FINDINGS R73
planetary_society_pebd_mission_costs,Funding by Destination,2009,Juno,260.1,USD millions (nominal),,PEBD sheet 'Funding by Destination' cell AJ51,R73; PEBD pull 2026-09-27 (workbook updated 2025-11-13); attribution: The Planetary Society; conventions in 07 FINDINGS R73
planetary_society_pebd_mission_costs,Funding by Destination,2009,Outer Planets Program,23.55,USD millions (nominal),,PEBD sheet 'Funding by Destination' cell AK51,R73; PEBD pull 2026-09-27 (workbook updated 2025-11-13); attribution: The Planetary Society; conventions in 07 FINDINGS R73
planetary_society_pebd_mission_costs,Funding by Destination,2009,Outer Planets,364.9,USD millions (nominal),,PEBD sheet 'Funding by Destination' cell AM51,R73; PEBD pull 2026-09-27 (workbook updated 2025-11-13); attribution: The Planetary Society; conventions in 07 FINDINGS R73
planetary_society_pebd_mission_costs,Funding by Destination,2009,Outer Planets (inflation adj),540.052,"USD millions (2025 dollars, PEBD inflation adjustment)",,PEBD sheet 'Funding by Destination' cell AN51,R73; PEBD pull 2026-09-27 (workbook updated 2025-11-13); attribution: The Planetary Society; conventions in 07 FINDINGS R73
planetary_society_pebd_mission_costs,Funding by Destination,2009,GRAIL,152.9,USD millions (nominal),,PEBD sheet 'Funding by Destination' cell AS51,R73; PEBD pull 2026-09-27 (workbook updated 2025-11-13); attribution: The Planetary Society; conventions in 07 FINDINGS R73
planetary_society_pebd_mission_costs,Funding by Destination,2009,Lunar Exploration Program,69.1,USD millions (nominal),,PEBD sheet 'Funding by Destination' cell AT51,R73; PEBD pull 2026-09-27 (workbook updated 2025-11-13); attribution: The Planetary Society; conventions in 07 FINDINGS R73
planetary_society_pebd_mission_costs,Funding by Destination,2009,The Moon,222,USD millions (nominal),,PEBD sheet 'Funding by Destination' cell AU51,R73; PEBD pull 2026-09-27 (workbook updated 2025-11-13); attribution: The Planetary Society; conventions in 07 FINDINGS R73
planetary_society_pebd_mission_costs,Funding by Destination,2009,The Moon (inflation adj),334.776,"USD millions (2025 dollars, PEBD inflation adjustment)",,PEBD sheet 'Funding by Destination' cell AV51,R73; PEBD pull 2026-09-27 (workbook updated 2025-11-13); attribution: The Planetary Society; conventions in 07 FINDINGS R73
planetary_society_pebd_mission_costs,Funding by Destination,2009,Stardust,5.8,USD millions (nominal),,PEBD sheet 'Funding by Destination' cell AX51,R73; PEBD pull 2026-09-27 (workbook updated 2025-11-13); attribution: The Planetary Society; conventions in 07 FINDINGS R73
planetary_society_pebd_mission_costs,Funding by Destination,2009,Deep Impact,9.175,USD millions (nominal),,PEBD sheet 'Funding by Destination' cell BA51,R73; PEBD pull 2026-09-27 (workbook updated 2025-11-13); attribution: The Planetary Society; conventions in 07 FINDINGS R73
planetary_society_pebd_mission_costs,Funding by Destination,2009,Dawn,7.6,USD millions (nominal),,PEBD sheet 'Funding by Destination' cell BB51,R73; PEBD pull 2026-09-27 (workbook updated 2025-11-13); attribution: The Planetary Society; conventions in 07 FINDINGS R73
planetary_society_pebd_mission_costs,Funding by Destination,2009,New Horizons,19,USD millions (nominal),,PEBD sheet 'Funding by Destination' cell BC51,R73; PEBD pull 2026-09-27 (workbook updated 2025-11-13); attribution: The Planetary Society; conventions in 07 FINDINGS R73
planetary_society_pebd_mission_costs,Funding by Destination,2009,Small Bodies,41.575,USD millions (nominal),,PEBD sheet 'Funding by Destination' cell BG51,R73; PEBD pull 2026-09-27 (workbook updated 2025-11-13); attribution: The Planetary Society; conventions in 07 FINDINGS R73
planetary_society_pebd_mission_costs,Funding by Destination,2009,Small Bodies (inflation adj),61.531,"USD millions (2025 dollars, PEBD inflation adjustment)",,PEBD sheet 'Funding by Destination' cell BH51,R73; PEBD pull 2026-09-27 (workbook updated 2025-11-13); attribution: The Planetary Society; conventions in 07 FINDINGS R73
planetary_society_pebd_mission_costs,Funding by Destination,2010,Mars Exploration Program,438.2,USD millions (nominal),,PEBD sheet 'Funding by Destination' cell K52,R73; PEBD pull 2026-09-27 (workbook updated 2025-11-13); attribution: The Planetary Society; conventions in 07 FINDINGS R73
planetary_society_pebd_mission_costs,Funding by Destination,2010,Mars,438.2,USD millions (nominal),,PEBD sheet 'Funding by Destination' cell N52,R73; PEBD pull 2026-09-27 (workbook updated 2025-11-13); attribution: The Planetary Society; conventions in 07 FINDINGS R73
planetary_society_pebd_mission_costs,Funding by Destination,2010,Mars (inflation adj),648.536,"USD millions (2025 dollars, PEBD inflation adjustment)",,PEBD sheet 'Funding by Destination' cell O52,R73; PEBD pull 2026-09-27 (workbook updated 2025-11-13); attribution: The Planetary Society; conventions in 07 FINDINGS R73
planetary_society_pebd_mission_costs,Funding by Destination,2010,Venus,0,USD millions (nominal),,PEBD sheet 'Funding by Destination' cell Z52,R73; PEBD pull 2026-09-27 (workbook updated 2025-11-13); attribution: The Planetary Society; conventions in 07 FINDINGS R73
planetary_society_pebd_mission_costs,Funding by Destination,2010,Venus (inflation adj),0,"USD millions (2025 dollars, PEBD inflation adjustment)",,PEBD sheet 'Funding by Destination' cell AA52,R73; PEBD pull 2026-09-27 (workbook updated 2025-11-13); attribution: The Planetary Society; conventions in 07 FINDINGS R73
planetary_society_pebd_mission_costs,Funding by Destination,2010,MESSENGER,16.3,USD millions (nominal),,PEBD sheet 'Funding by Destination' cell AC52,R73; PEBD pull 2026-09-27 (workbook updated 2025-11-13); attribution: The Planetary Society; conventions in 07 FINDINGS R73
planetary_society_pebd_mission_costs,Funding by Destination,2010,Mercury,16.3,USD millions (nominal),,PEBD sheet 'Funding by Destination' cell AD52,R73; PEBD pull 2026-09-27 (workbook updated 2025-11-13); attribution: The Planetary Society; conventions in 07 FINDINGS R73
planetary_society_pebd_mission_costs,Funding by Destination,2010,Mercury (inflation adj),24.124,"USD millions (2025 dollars, PEBD inflation adjustment)",,PEBD sheet 'Funding by Destination' cell AE52,R73; PEBD pull 2026-09-27 (workbook updated 2025-11-13); attribution: The Planetary Society; conventions in 07 FINDINGS R73
planetary_society_pebd_mission_costs,Funding by Destination,2010,Cassini,81.25,USD millions (nominal),,PEBD sheet 'Funding by Destination' cell AI52,R73; PEBD pull 2026-09-27 (workbook updated 2025-11-13); attribution: The Planetary Society; conventions in 07 FINDINGS R73
planetary_society_pebd_mission_costs,Funding by Destination,2010,Juno,257.1,USD millions (nominal),,PEBD sheet 'Funding by Destination' cell AJ52,R73; PEBD pull 2026-09-27 (workbook updated 2025-11-13); attribution: The Planetary Society; conventions in 07 FINDINGS R73
planetary_society_pebd_mission_costs,Funding by Destination,2010,Outer Planets Program,19.35,USD millions (nominal),,PEBD sheet 'Funding by Destination' cell AK52,R73; PEBD pull 2026-09-27 (workbook updated 2025-11-13); attribution: The Planetary Society; conventions in 07 FINDINGS R73
planetary_society_pebd_mission_costs,Funding by Destination,2010,Outer Planets,357.7,USD millions (nominal),,PEBD sheet 'Funding by Destination' cell AM52,R73; PEBD pull 2026-09-27 (workbook updated 2025-11-13); attribution: The Planetary Society; conventions in 07 FINDINGS R73
planetary_society_pebd_mission_costs,Funding by Destination,2010,Outer Planets (inflation adj),522.242,"USD millions (2025 dollars, PEBD inflation adjustment)",,PEBD sheet 'Funding by Destination' cell AN52,R73; PEBD pull 2026-09-27 (workbook updated 2025-11-13); attribution: The Planetary Society; conventions in 07 FINDINGS R73
planetary_society_pebd_mission_costs,Funding by Destination,2010,GRAIL,124.1,USD millions (nominal),,PEBD sheet 'Funding by Destination' cell AS52,R73; PEBD pull 2026-09-27 (workbook updated 2025-11-13); attribution: The Planetary Society; conventions in 07 FINDINGS R73
planetary_society_pebd_mission_costs,Funding by Destination,2010,Lunar Exploration Program,94.5,USD millions (nominal),,PEBD sheet 'Funding by Destination' cell AT52,R73; PEBD pull 2026-09-27 (workbook updated 2025-11-13); attribution: The Planetary Society; conventions in 07 FINDINGS R73
planetary_society_pebd_mission_costs,Funding by Destination,2010,The Moon,218.6,USD millions (nominal),,PEBD sheet 'Funding by Destination' cell AU52,R73; PEBD pull 2026-09-27 (workbook updated 2025-11-13); attribution: The Planetary Society; conventions in 07 FINDINGS R73
planetary_society_pebd_mission_costs,Funding by Destination,2010,The Moon (inflation adj),323.528,"USD millions (2025 dollars, PEBD inflation adjustment)",,PEBD sheet 'Funding by Destination' cell AV52,R73; PEBD pull 2026-09-27 (workbook updated 2025-11-13); attribution: The Planetary Society; conventions in 07 FINDINGS R73
planetary_society_pebd_mission_costs,Funding by Destination,2010,Stardust,5.8,USD millions (nominal),,PEBD sheet 'Funding by Destination' cell AX52,R73; PEBD pull 2026-09-27 (workbook updated 2025-11-13); attribution: The Planetary Society; conventions in 07 FINDINGS R73
planetary_society_pebd_mission_costs,Funding by Destination,2010,Deep Impact,9.175,USD millions (nominal),,PEBD sheet 'Funding by Destination' cell BA52,R73; PEBD pull 2026-09-27 (workbook updated 2025-11-13); attribution: The Planetary Society; conventions in 07 FINDINGS R73
planetary_society_pebd_mission_costs,Funding by Destination,2010,Dawn,8.1,USD millions (nominal),,PEBD sheet 'Funding by Destination' cell BB52,R73; PEBD pull 2026-09-27 (workbook updated 2025-11-13); attribution: The Planetary Society; conventions in 07 FINDINGS R73
planetary_society_pebd_mission_costs,Funding by Destination,2010,New Horizons,18.425,USD millions (nominal),,PEBD sheet 'Funding by Destination' cell BC52,R73; PEBD pull 2026-09-27 (workbook updated 2025-11-13); attribution: The Planetary Society; conventions in 07 FINDINGS R73
planetary_society_pebd_mission_costs,Funding by Destination,2010,Small Bodies,41.5,USD millions (nominal),,PEBD sheet 'Funding by Destination' cell BG52,R73; PEBD pull 2026-09-27 (workbook updated 2025-11-13); attribution: The Planetary Society; conventions in 07 FINDINGS R73
planetary_society_pebd_mission_costs,Funding by Destination,2010,Small Bodies (inflation adj),60.59,"USD millions (2025 dollars, PEBD inflation adjustment)",,PEBD sheet 'Funding by Destination' cell BH52,R73; PEBD pull 2026-09-27 (workbook updated 2025-11-13); attribution: The Planetary Society; conventions in 07 FINDINGS R73
planetary_society_pebd_mission_costs,Funding by Destination,2011,Mars Exploration Program,547.4,USD millions (nominal),,PEBD sheet 'Funding by Destination' cell K53,R73; PEBD pull 2026-09-27 (workbook updated 2025-11-13); attribution: The Planetary Society; conventions in 07 FINDINGS R73
planetary_society_pebd_mission_costs,Funding by Destination,2011,InSight,3,USD millions (nominal),,PEBD sheet 'Funding by Destination' cell L53,R73; PEBD pull 2026-09-27 (workbook updated 2025-11-13); attribution: The Planetary Society; conventions in 07 FINDINGS R73
planetary_society_pebd_mission_costs,Funding by Destination,2011,Mars,550.4,USD millions (nominal),,PEBD sheet 'Funding by Destination' cell N53,R73; PEBD pull 2026-09-27 (workbook updated 2025-11-13); attribution: The Planetary Society; conventions in 07 FINDINGS R73
planetary_society_pebd_mission_costs,Funding by Destination,2011,Mars (inflation adj),803.584,"USD millions (2025 dollars, PEBD inflation adjustment)",,PEBD sheet 'Funding by Destination' cell O53,R73; PEBD pull 2026-09-27 (workbook updated 2025-11-13); attribution: The Planetary Society; conventions in 07 FINDINGS R73
planetary_society_pebd_mission_costs,Funding by Destination,2011,Venus,0,USD millions (nominal),,PEBD sheet 'Funding by Destination' cell Z53,R73; PEBD pull 2026-09-27 (workbook updated 2025-11-13); attribution: The Planetary Society; conventions in 07 FINDINGS R73
planetary_society_pebd_mission_costs,Funding by Destination,2011,Venus (inflation adj),0,"USD millions (2025 dollars, PEBD inflation adjustment)",,PEBD sheet 'Funding by Destination' cell AA53,R73; PEBD pull 2026-09-27 (workbook updated 2025-11-13); attribution: The Planetary Society; conventions in 07 FINDINGS R73
planetary_society_pebd_mission_costs,Funding by Destination,2011,MESSENGER,15.8,USD millions (nominal),,PEBD sheet 'Funding by Destination' cell AC53,R73; PEBD pull 2026-09-27 (workbook updated 2025-11-13); attribution: The Planetary Society; conventions in 07 FINDINGS R73
planetary_society_pebd_mission_costs,Funding by Destination,2011,Mercury,15.8,USD millions (nominal),,PEBD sheet 'Funding by Destination' cell AD53,R73; PEBD pull 2026-09-27 (workbook updated 2025-11-13); attribution: The Planetary Society; conventions in 07 FINDINGS R73
planetary_society_pebd_mission_costs,Funding by Destination,2011,Mercury (inflation adj),23.068,"USD millions (2025 dollars, PEBD inflation adjustment)",,PEBD sheet 'Funding by Destination' cell AE53,R73; PEBD pull 2026-09-27 (workbook updated 2025-11-13); attribution: The Planetary Society; conventions in 07 FINDINGS R73
planetary_society_pebd_mission_costs,Funding by Destination,2011,Voyager,4.4,USD millions (nominal),,PEBD sheet 'Funding by Destination' cell AG53,R73; PEBD pull 2026-09-27 (workbook updated 2025-11-13); attribution: The Planetary Society; conventions in 07 FINDINGS R73
planetary_society_pebd_mission_costs,Funding by Destination,2011,Cassini,65.8,USD millions (nominal),,PEBD sheet 'Funding by Destination' cell AI53,R73; PEBD pull 2026-09-27 (workbook updated 2025-11-13); attribution: The Planetary Society; conventions in 07 FINDINGS R73
planetary_society_pebd_mission_costs,Funding by Destination,2011,Juno,189.2,USD millions (nominal),,PEBD sheet 'Funding by Destination' cell AJ53,R73; PEBD pull 2026-09-27 (workbook updated 2025-11-13); attribution: The Planetary Society; conventions in 07 FINDINGS R73
planetary_society_pebd_mission_costs,Funding by Destination,2011,Outer Planets Program,26.1,USD millions (nominal),,PEBD sheet 'Funding by Destination' cell AK53,R73; PEBD pull 2026-09-27 (workbook updated 2025-11-13); attribution: The Planetary Society; conventions in 07 FINDINGS R73
planetary_society_pebd_mission_costs,Funding by Destination,2011,Outer Planets,285.5,USD millions (nominal),,PEBD sheet 'Funding by Destination' cell AM53,R73; PEBD pull 2026-09-27 (workbook updated 2025-11-13); attribution: The Planetary Society; conventions in 07 FINDINGS R73
planetary_society_pebd_mission_costs,Funding by Destination,2011,Outer Planets (inflation adj),410.2635,"USD millions (2025 dollars, PEBD inflation adjustment)",,PEBD sheet 'Funding by Destination' cell AN53,R73; PEBD pull 2026-09-27 (workbook updated 2025-11-13); attribution: The Planetary Society; conventions in 07 FINDINGS R73
planetary_society_pebd_mission_costs,Funding by Destination,2011,GRAIL,103.4,USD millions (nominal),,PEBD sheet 'Funding by Destination' cell AS53,R73; PEBD pull 2026-09-27 (workbook updated 2025-11-13); attribution: The Planetary Society; conventions in 07 FINDINGS R73
planetary_society_pebd_mission_costs,Funding by Destination,2011,Lunar Exploration Program,130.2,USD millions (nominal),,PEBD sheet 'Funding by Destination' cell AT53,R73; PEBD pull 2026-09-27 (workbook updated 2025-11-13); attribution: The Planetary Society; conventions in 07 FINDINGS R73
planetary_society_pebd_mission_costs,Funding by Destination,2011,The Moon,233.6,USD millions (nominal),,PEBD sheet 'Funding by Destination' cell AU53,R73; PEBD pull 2026-09-27 (workbook updated 2025-11-13); attribution: The Planetary Society; conventions in 07 FINDINGS R73
planetary_society_pebd_mission_costs,Funding by Destination,2011,The Moon (inflation adj),341.056,"USD millions (2025 dollars, PEBD inflation adjustment)",,PEBD sheet 'Funding by Destination' cell AV53,R73; PEBD pull 2026-09-27 (workbook updated 2025-11-13); attribution: The Planetary Society; conventions in 07 FINDINGS R73
planetary_society_pebd_mission_costs,Funding by Destination,2011,Stardust,5.8,USD millions (nominal),,PEBD sheet 'Funding by Destination' cell AX53,R73; PEBD pull 2026-09-27 (workbook updated 2025-11-13); attribution: The Planetary Society; conventions in 07 FINDINGS R73
planetary_society_pebd_mission_costs,Funding by Destination,2011,Deep Impact,5.3,USD millions (nominal),,PEBD sheet 'Funding by Destination' cell BA53,R73; PEBD pull 2026-09-27 (workbook updated 2025-11-13); attribution: The Planetary Society; conventions in 07 FINDINGS R73
planetary_society_pebd_mission_costs,Funding by Destination,2011,Dawn,14.8,USD millions (nominal),,PEBD sheet 'Funding by Destination' cell BB53,R73; PEBD pull 2026-09-27 (workbook updated 2025-11-13); attribution: The Planetary Society; conventions in 07 FINDINGS R73
planetary_society_pebd_mission_costs,Funding by Destination,2011,New Horizons,9.7,USD millions (nominal),,PEBD sheet 'Funding by Destination' cell BC53,R73; PEBD pull 2026-09-27 (workbook updated 2025-11-13); attribution: The Planetary Society; conventions in 07 FINDINGS R73
planetary_society_pebd_mission_costs,Funding by Destination,2011,OSIRIS-REx,4.9,USD millions (nominal),,PEBD sheet 'Funding by Destination' cell BD53,R73; PEBD pull 2026-09-27 (workbook updated 2025-11-13); attribution: The Planetary Society; conventions in 07 FINDINGS R73
planetary_society_pebd_mission_costs,Funding by Destination,2011,Small Bodies,40.5,USD millions (nominal),,PEBD sheet 'Funding by Destination' cell BG53,R73; PEBD pull 2026-09-27 (workbook updated 2025-11-13); attribution: The Planetary Society; conventions in 07 FINDINGS R73
planetary_society_pebd_mission_costs,Funding by Destination,2011,Small Bodies (inflation adj),58.1985,"USD millions (2025 dollars, PEBD inflation adjustment)",,PEBD sheet 'Funding by Destination' cell BH53,R73; PEBD pull 2026-09-27 (workbook updated 2025-11-13); attribution: The Planetary Society; conventions in 07 FINDINGS R73
planetary_society_pebd_mission_costs,Funding by Destination,2012,Mars Exploration Program,587.1,USD millions (nominal),,PEBD sheet 'Funding by Destination' cell K54,R73; PEBD pull 2026-09-27 (workbook updated 2025-11-13); attribution: The Planetary Society; conventions in 07 FINDINGS R73
planetary_society_pebd_mission_costs,Funding by Destination,2012,InSight,62,USD millions (nominal),,PEBD sheet 'Funding by Destination' cell L54,R73; PEBD pull 2026-09-27 (workbook updated 2025-11-13); attribution: The Planetary Society; conventions in 07 FINDINGS R73
planetary_society_pebd_mission_costs,Funding by Destination,2012,Mars,649.1,USD millions (nominal),,PEBD sheet 'Funding by Destination' cell N54,R73; PEBD pull 2026-09-27 (workbook updated 2025-11-13); attribution: The Planetary Society; conventions in 07 FINDINGS R73
planetary_society_pebd_mission_costs,Funding by Destination,2012,Mars (inflation adj),932.7567,"USD millions (2025 dollars, PEBD inflation adjustment)",,PEBD sheet 'Funding by Destination' cell O54,R73; PEBD pull 2026-09-27 (workbook updated 2025-11-13); attribution: The Planetary Society; conventions in 07 FINDINGS R73
planetary_society_pebd_mission_costs,Funding by Destination,2012,Venus,0,USD millions (nominal),,PEBD sheet 'Funding by Destination' cell Z54,R73; PEBD pull 2026-09-27 (workbook updated 2025-11-13); attribution: The Planetary Society; conventions in 07 FINDINGS R73
planetary_society_pebd_mission_costs,Funding by Destination,2012,Venus (inflation adj),0,"USD millions (2025 dollars, PEBD inflation adjustment)",,PEBD sheet 'Funding by Destination' cell AA54,R73; PEBD pull 2026-09-27 (workbook updated 2025-11-13); attribution: The Planetary Society; conventions in 07 FINDINGS R73
planetary_society_pebd_mission_costs,Funding by Destination,2012,MESSENGER,22.7,USD millions (nominal),,PEBD sheet 'Funding by Destination' cell AC54,R73; PEBD pull 2026-09-27 (workbook updated 2025-11-13); attribution: The Planetary Society; conventions in 07 FINDINGS R73
planetary_society_pebd_mission_costs,Funding by Destination,2012,Mercury,22.7,USD millions (nominal),,PEBD sheet 'Funding by Destination' cell AD54,R73; PEBD pull 2026-09-27 (workbook updated 2025-11-13); attribution: The Planetary Society; conventions in 07 FINDINGS R73
planetary_society_pebd_mission_costs,Funding by Destination,2012,Mercury (inflation adj),32.6199,"USD millions (2025 dollars, PEBD inflation adjustment)",,PEBD sheet 'Funding by Destination' cell AE54,R73; PEBD pull 2026-09-27 (workbook updated 2025-11-13); attribution: The Planetary Society; conventions in 07 FINDINGS R73
planetary_society_pebd_mission_costs,Funding by Destination,2012,Voyager,5.3,USD millions (nominal),,PEBD sheet 'Funding by Destination' cell AG54,R73; PEBD pull 2026-09-27 (workbook updated 2025-11-13); attribution: The Planetary Society; conventions in 07 FINDINGS R73
planetary_society_pebd_mission_costs,Funding by Destination,2012,Cassini,60.3,USD millions (nominal),,PEBD sheet 'Funding by Destination' cell AI54,R73; PEBD pull 2026-09-27 (workbook updated 2025-11-13); attribution: The Planetary Society; conventions in 07 FINDINGS R73
planetary_society_pebd_mission_costs,Funding by Destination,2012,Juno,14.4,USD millions (nominal),,PEBD sheet 'Funding by Destination' cell AJ54,R73; PEBD pull 2026-09-27 (workbook updated 2025-11-13); attribution: The Planetary Society; conventions in 07 FINDINGS R73
planetary_society_pebd_mission_costs,Funding by Destination,2012,Outer Planets Program,61.8,USD millions (nominal),,PEBD sheet 'Funding by Destination' cell AK54,R73; PEBD pull 2026-09-27 (workbook updated 2025-11-13); attribution: The Planetary Society; conventions in 07 FINDINGS R73
planetary_society_pebd_mission_costs,Funding by Destination,2012,Outer Planets,141.8,USD millions (nominal),,PEBD sheet 'Funding by Destination' cell AM54,R73; PEBD pull 2026-09-27 (workbook updated 2025-11-13); attribution: The Planetary Society; conventions in 07 FINDINGS R73
planetary_society_pebd_mission_costs,Funding by Destination,2012,Outer Planets (inflation adj),201.6396,"USD millions (2025 dollars, PEBD inflation adjustment)",,PEBD sheet 'Funding by Destination' cell AN54,R73; PEBD pull 2026-09-27 (workbook updated 2025-11-13); attribution: The Planetary Society; conventions in 07 FINDINGS R73
planetary_society_pebd_mission_costs,Funding by Destination,2012,GRAIL,29.8,USD millions (nominal),,PEBD sheet 'Funding by Destination' cell AS54,R73; PEBD pull 2026-09-27 (workbook updated 2025-11-13); attribution: The Planetary Society; conventions in 07 FINDINGS R73
planetary_society_pebd_mission_costs,Funding by Destination,2012,Lunar Exploration Program,139.9,USD millions (nominal),,PEBD sheet 'Funding by Destination' cell AT54,R73; PEBD pull 2026-09-27 (workbook updated 2025-11-13); attribution: The Planetary Society; conventions in 07 FINDINGS R73
planetary_society_pebd_mission_costs,Funding by Destination,2012,The Moon,169.7,USD millions (nominal),,PEBD sheet 'Funding by Destination' cell AU54,R73; PEBD pull 2026-09-27 (workbook updated 2025-11-13); attribution: The Planetary Society; conventions in 07 FINDINGS R73
planetary_society_pebd_mission_costs,Funding by Destination,2012,The Moon (inflation adj),243.8589,"USD millions (2025 dollars, PEBD inflation adjustment)",,PEBD sheet 'Funding by Destination' cell AV54,R73; PEBD pull 2026-09-27 (workbook updated 2025-11-13); attribution: The Planetary Society; conventions in 07 FINDINGS R73
planetary_society_pebd_mission_costs,Funding by Destination,2012,Deep Impact,4,USD millions (nominal),,PEBD sheet 'Funding by Destination' cell BA54,R73; PEBD pull 2026-09-27 (workbook updated 2025-11-13); attribution: The Planetary Society; conventions in 07 FINDINGS R73
planetary_society_pebd_mission_costs,Funding by Destination,2012,Dawn,14.3,USD millions (nominal),,PEBD sheet 'Funding by Destination' cell BB54,R73; PEBD pull 2026-09-27 (workbook updated 2025-11-13); attribution: The Planetary Society; conventions in 07 FINDINGS R73
planetary_society_pebd_mission_costs,Funding by Destination,2012,New Horizons,26.5,USD millions (nominal),,PEBD sheet 'Funding by Destination' cell BC54,R73; PEBD pull 2026-09-27 (workbook updated 2025-11-13); attribution: The Planetary Society; conventions in 07 FINDINGS R73
planetary_society_pebd_mission_costs,Funding by Destination,2012,OSIRIS-REx,99.8,USD millions (nominal),,PEBD sheet 'Funding by Destination' cell BD54,R73; PEBD pull 2026-09-27 (workbook updated 2025-11-13); attribution: The Planetary Society; conventions in 07 FINDINGS R73
planetary_society_pebd_mission_costs,Funding by Destination,2012,Small Bodies,144.6,USD millions (nominal),,PEBD sheet 'Funding by Destination' cell BG54,R73; PEBD pull 2026-09-27 (workbook updated 2025-11-13); attribution: The Planetary Society; conventions in 07 FINDINGS R73
planetary_society_pebd_mission_costs,Funding by Destination,2012,Small Bodies (inflation adj),205.6212,"USD millions (2025 dollars, PEBD inflation adjustment)",,PEBD sheet 'Funding by Destination' cell BH54,R73; PEBD pull 2026-09-27 (workbook updated 2025-11-13); attribution: The Planetary Society; conventions in 07 FINDINGS R73
planetary_society_pebd_mission_costs,Funding by Destination,2013,Mars Exploration Program,369.5,USD millions (nominal),,PEBD sheet 'Funding by Destination' cell K55,R73; PEBD pull 2026-09-27 (workbook updated 2025-11-13); attribution: The Planetary Society; conventions in 07 FINDINGS R73
planetary_society_pebd_mission_costs,Funding by Destination,2013,InSight,122.7,USD millions (nominal),,PEBD sheet 'Funding by Destination' cell L55,R73; PEBD pull 2026-09-27 (workbook updated 2025-11-13); attribution: The Planetary Society; conventions in 07 FINDINGS R73
planetary_society_pebd_mission_costs,Funding by Destination,2013,Mars,492.2,USD millions (nominal),,PEBD sheet 'Funding by Destination' cell N55,R73; PEBD pull 2026-09-27 (workbook updated 2025-11-13); attribution: The Planetary Society; conventions in 07 FINDINGS R73
planetary_society_pebd_mission_costs,Funding by Destination,2013,Mars (inflation adj),699.9084,"USD millions (2025 dollars, PEBD inflation adjustment)",,PEBD sheet 'Funding by Destination' cell O55,R73; PEBD pull 2026-09-27 (workbook updated 2025-11-13); attribution: The Planetary Society; conventions in 07 FINDINGS R73
planetary_society_pebd_mission_costs,Funding by Destination,2013,Venus,0,USD millions (nominal),,PEBD sheet 'Funding by Destination' cell Z55,R73; PEBD pull 2026-09-27 (workbook updated 2025-11-13); attribution: The Planetary Society; conventions in 07 FINDINGS R73
planetary_society_pebd_mission_costs,Funding by Destination,2013,Venus (inflation adj),0,"USD millions (2025 dollars, PEBD inflation adjustment)",,PEBD sheet 'Funding by Destination' cell AA55,R73; PEBD pull 2026-09-27 (workbook updated 2025-11-13); attribution: The Planetary Society; conventions in 07 FINDINGS R73
planetary_society_pebd_mission_costs,Funding by Destination,2013,MESSENGER,34.9,USD millions (nominal),,PEBD sheet 'Funding by Destination' cell AC55,R73; PEBD pull 2026-09-27 (workbook updated 2025-11-13); attribution: The Planetary Society; conventions in 07 FINDINGS R73
planetary_society_pebd_mission_costs,Funding by Destination,2013,Mercury,34.9,USD millions (nominal),,PEBD sheet 'Funding by Destination' cell AD55,R73; PEBD pull 2026-09-27 (workbook updated 2025-11-13); attribution: The Planetary Society; conventions in 07 FINDINGS R73
planetary_society_pebd_mission_costs,Funding by Destination,2013,Mercury (inflation adj),49.6278,"USD millions (2025 dollars, PEBD inflation adjustment)",,PEBD sheet 'Funding by Destination' cell AE55,R73; PEBD pull 2026-09-27 (workbook updated 2025-11-13); attribution: The Planetary Society; conventions in 07 FINDINGS R73
planetary_society_pebd_mission_costs,Funding by Destination,2013,Voyager,5.3,USD millions (nominal),,PEBD sheet 'Funding by Destination' cell AG55,R73; PEBD pull 2026-09-27 (workbook updated 2025-11-13); attribution: The Planetary Society; conventions in 07 FINDINGS R73
planetary_society_pebd_mission_costs,Funding by Destination,2013,Cassini,57.9,USD millions (nominal),,PEBD sheet 'Funding by Destination' cell AI55,R73; PEBD pull 2026-09-27 (workbook updated 2025-11-13); attribution: The Planetary Society; conventions in 07 FINDINGS R73
planetary_society_pebd_mission_costs,Funding by Destination,2013,Juno,17.8,USD millions (nominal),,PEBD sheet 'Funding by Destination' cell AJ55,R73; PEBD pull 2026-09-27 (workbook updated 2025-11-13); attribution: The Planetary Society; conventions in 07 FINDINGS R73
planetary_society_pebd_mission_costs,Funding by Destination,2013,Outer Planets Program,89.9,USD millions (nominal),,PEBD sheet 'Funding by Destination' cell AK55,R73; PEBD pull 2026-09-27 (workbook updated 2025-11-13); attribution: The Planetary Society; conventions in 07 FINDINGS R73
planetary_society_pebd_mission_costs,Funding by Destination,2013,Outer Planets,170.9,USD millions (nominal),,PEBD sheet 'Funding by Destination' cell AM55,R73; PEBD pull 2026-09-27 (workbook updated 2025-11-13); attribution: The Planetary Society; conventions in 07 FINDINGS R73
planetary_society_pebd_mission_costs,Funding by Destination,2013,Outer Planets (inflation adj),239.4309,"USD millions (2025 dollars, PEBD inflation adjustment)",,PEBD sheet 'Funding by Destination' cell AN55,R73; PEBD pull 2026-09-27 (workbook updated 2025-11-13); attribution: The Planetary Society; conventions in 07 FINDINGS R73
planetary_society_pebd_mission_costs,Funding by Destination,2013,GRAIL,7,USD millions (nominal),,PEBD sheet 'Funding by Destination' cell AS55,R73; PEBD pull 2026-09-27 (workbook updated 2025-11-13); attribution: The Planetary Society; conventions in 07 FINDINGS R73
planetary_society_pebd_mission_costs,Funding by Destination,2013,Lunar Exploration Program,71.8,USD millions (nominal),,PEBD sheet 'Funding by Destination' cell AT55,R73; PEBD pull 2026-09-27 (workbook updated 2025-11-13); attribution: The Planetary Society; conventions in 07 FINDINGS R73
planetary_society_pebd_mission_costs,Funding by Destination,2013,The Moon,78.8,USD millions (nominal),,PEBD sheet 'Funding by Destination' cell AU55,R73; PEBD pull 2026-09-27 (workbook updated 2025-11-13); attribution: The Planetary Society; conventions in 07 FINDINGS R73
planetary_society_pebd_mission_costs,Funding by Destination,2013,The Moon (inflation adj),112.0536,"USD millions (2025 dollars, PEBD inflation adjustment)",,PEBD sheet 'Funding by Destination' cell AV55,R73; PEBD pull 2026-09-27 (workbook updated 2025-11-13); attribution: The Planetary Society; conventions in 07 FINDINGS R73
planetary_society_pebd_mission_costs,Funding by Destination,2013,Deep Impact,3,USD millions (nominal),,PEBD sheet 'Funding by Destination' cell BA55,R73; PEBD pull 2026-09-27 (workbook updated 2025-11-13); attribution: The Planetary Society; conventions in 07 FINDINGS R73
planetary_society_pebd_mission_costs,Funding by Destination,2013,Dawn,23.3,USD millions (nominal),,PEBD sheet 'Funding by Destination' cell BB55,R73; PEBD pull 2026-09-27 (workbook updated 2025-11-13); attribution: The Planetary Society; conventions in 07 FINDINGS R73
planetary_society_pebd_mission_costs,Funding by Destination,2013,New Horizons,9.6,USD millions (nominal),,PEBD sheet 'Funding by Destination' cell BC55,R73; PEBD pull 2026-09-27 (workbook updated 2025-11-13); attribution: The Planetary Society; conventions in 07 FINDINGS R73
planetary_society_pebd_mission_costs,Funding by Destination,2013,OSIRIS-REx,125.5,USD millions (nominal),,PEBD sheet 'Funding by Destination' cell BD55,R73; PEBD pull 2026-09-27 (workbook updated 2025-11-13); attribution: The Planetary Society; conventions in 07 FINDINGS R73
planetary_society_pebd_mission_costs,Funding by Destination,2013,Small Bodies,161.4,USD millions (nominal),,PEBD sheet 'Funding by Destination' cell BG55,R73; PEBD pull 2026-09-27 (workbook updated 2025-11-13); attribution: The Planetary Society; conventions in 07 FINDINGS R73
planetary_society_pebd_mission_costs,Funding by Destination,2013,Small Bodies (inflation adj),226.1214,"USD millions (2025 dollars, PEBD inflation adjustment)",,PEBD sheet 'Funding by Destination' cell BH55,R73; PEBD pull 2026-09-27 (workbook updated 2025-11-13); attribution: The Planetary Society; conventions in 07 FINDINGS R73
planetary_society_pebd_mission_costs,Funding by Destination,2014,Mars Exploration Program,288,USD millions (nominal),,PEBD sheet 'Funding by Destination' cell K56,R73; PEBD pull 2026-09-27 (workbook updated 2025-11-13); attribution: The Planetary Society; conventions in 07 FINDINGS R73
planetary_society_pebd_mission_costs,Funding by Destination,2014,InSight,203.3,USD millions (nominal),,PEBD sheet 'Funding by Destination' cell L56,R73; PEBD pull 2026-09-27 (workbook updated 2025-11-13); attribution: The Planetary Society; conventions in 07 FINDINGS R73
planetary_society_pebd_mission_costs,Funding by Destination,2014,Mars,491.3,USD millions (nominal),,PEBD sheet 'Funding by Destination' cell N56,R73; PEBD pull 2026-09-27 (workbook updated 2025-11-13); attribution: The Planetary Society; conventions in 07 FINDINGS R73
planetary_society_pebd_mission_costs,Funding by Destination,2014,Mars (inflation adj),688.3113,"USD millions (2025 dollars, PEBD inflation adjustment)",,PEBD sheet 'Funding by Destination' cell O56,R73; PEBD pull 2026-09-27 (workbook updated 2025-11-13); attribution: The Planetary Society; conventions in 07 FINDINGS R73
planetary_society_pebd_mission_costs,Funding by Destination,2014,Venus,0,USD millions (nominal),,PEBD sheet 'Funding by Destination' cell Z56,R73; PEBD pull 2026-09-27 (workbook updated 2025-11-13); attribution: The Planetary Society; conventions in 07 FINDINGS R73
planetary_society_pebd_mission_costs,Funding by Destination,2014,Venus (inflation adj),0,"USD millions (2025 dollars, PEBD inflation adjustment)",,PEBD sheet 'Funding by Destination' cell AA56,R73; PEBD pull 2026-09-27 (workbook updated 2025-11-13); attribution: The Planetary Society; conventions in 07 FINDINGS R73
planetary_society_pebd_mission_costs,Funding by Destination,2014,MESSENGER,16.6,USD millions (nominal),,PEBD sheet 'Funding by Destination' cell AC56,R73; PEBD pull 2026-09-27 (workbook updated 2025-11-13); attribution: The Planetary Society; conventions in 07 FINDINGS R73
planetary_society_pebd_mission_costs,Funding by Destination,2014,Mercury,16.6,USD millions (nominal),,PEBD sheet 'Funding by Destination' cell AD56,R73; PEBD pull 2026-09-27 (workbook updated 2025-11-13); attribution: The Planetary Society; conventions in 07 FINDINGS R73
planetary_society_pebd_mission_costs,Funding by Destination,2014,Mercury (inflation adj),23.2566,"USD millions (2025 dollars, PEBD inflation adjustment)",,PEBD sheet 'Funding by Destination' cell AE56,R73; PEBD pull 2026-09-27 (workbook updated 2025-11-13); attribution: The Planetary Society; conventions in 07 FINDINGS R73
planetary_society_pebd_mission_costs,Funding by Destination,2014,Voyager,5.4,USD millions (nominal),,PEBD sheet 'Funding by Destination' cell AG56,R73; PEBD pull 2026-09-27 (workbook updated 2025-11-13); attribution: The Planetary Society; conventions in 07 FINDINGS R73
planetary_society_pebd_mission_costs,Funding by Destination,2014,Cassini,51.6,USD millions (nominal),,PEBD sheet 'Funding by Destination' cell AI56,R73; PEBD pull 2026-09-27 (workbook updated 2025-11-13); attribution: The Planetary Society; conventions in 07 FINDINGS R73
planetary_society_pebd_mission_costs,Funding by Destination,2014,Juno,7.7,USD millions (nominal),,PEBD sheet 'Funding by Destination' cell AJ56,R73; PEBD pull 2026-09-27 (workbook updated 2025-11-13); attribution: The Planetary Society; conventions in 07 FINDINGS R73
planetary_society_pebd_mission_costs,Funding by Destination,2014,Outer Planets Program,100.8,USD millions (nominal),,PEBD sheet 'Funding by Destination' cell AK56,R73; PEBD pull 2026-09-27 (workbook updated 2025-11-13); attribution: The Planetary Society; conventions in 07 FINDINGS R73
planetary_society_pebd_mission_costs,Funding by Destination,2014,Outer Planets,165.5,USD millions (nominal),,PEBD sheet 'Funding by Destination' cell AM56,R73; PEBD pull 2026-09-27 (workbook updated 2025-11-13); attribution: The Planetary Society; conventions in 07 FINDINGS R73
planetary_society_pebd_mission_costs,Funding by Destination,2014,Outer Planets (inflation adj),227.397,"USD millions (2025 dollars, PEBD inflation adjustment)",,PEBD sheet 'Funding by Destination' cell AN56,R73; PEBD pull 2026-09-27 (workbook updated 2025-11-13); attribution: The Planetary Society; conventions in 07 FINDINGS R73
planetary_society_pebd_mission_costs,Funding by Destination,2014,GRAIL,3,USD millions (nominal),,PEBD sheet 'Funding by Destination' cell AS56,R73; PEBD pull 2026-09-27 (workbook updated 2025-11-13); attribution: The Planetary Society; conventions in 07 FINDINGS R73
planetary_society_pebd_mission_costs,Funding by Destination,2014,Lunar Exploration Program,23.8,USD millions (nominal),,PEBD sheet 'Funding by Destination' cell AT56,R73; PEBD pull 2026-09-27 (workbook updated 2025-11-13); attribution: The Planetary Society; conventions in 07 FINDINGS R73
planetary_society_pebd_mission_costs,Funding by Destination,2014,The Moon,26.8,USD millions (nominal),,PEBD sheet 'Funding by Destination' cell AU56,R73; PEBD pull 2026-09-27 (workbook updated 2025-11-13); attribution: The Planetary Society; conventions in 07 FINDINGS R73
planetary_society_pebd_mission_costs,Funding by Destination,2014,The Moon (inflation adj),37.5468,"USD millions (2025 dollars, PEBD inflation adjustment)",,PEBD sheet 'Funding by Destination' cell AV56,R73; PEBD pull 2026-09-27 (workbook updated 2025-11-13); attribution: The Planetary Society; conventions in 07 FINDINGS R73
planetary_society_pebd_mission_costs,Funding by Destination,2014,Dawn,1.5,USD millions (nominal),,PEBD sheet 'Funding by Destination' cell BB56,R73; PEBD pull 2026-09-27 (workbook updated 2025-11-13); attribution: The Planetary Society; conventions in 07 FINDINGS R73
planetary_society_pebd_mission_costs,Funding by Destination,2014,New Horizons,12.9,USD millions (nominal),,PEBD sheet 'Funding by Destination' cell BC56,R73; PEBD pull 2026-09-27 (workbook updated 2025-11-13); attribution: The Planetary Society; conventions in 07 FINDINGS R73
planetary_society_pebd_mission_costs,Funding by Destination,2014,OSIRIS-REx,207.3,USD millions (nominal),,PEBD sheet 'Funding by Destination' cell BD56,R73; PEBD pull 2026-09-27 (workbook updated 2025-11-13); attribution: The Planetary Society; conventions in 07 FINDINGS R73
planetary_society_pebd_mission_costs,Funding by Destination,2014,Small Bodies,221.7,USD millions (nominal),,PEBD sheet 'Funding by Destination' cell BG56,R73; PEBD pull 2026-09-27 (workbook updated 2025-11-13); attribution: The Planetary Society; conventions in 07 FINDINGS R73
planetary_society_pebd_mission_costs,Funding by Destination,2014,Small Bodies (inflation adj),304.6158,"USD millions (2025 dollars, PEBD inflation adjustment)",,PEBD sheet 'Funding by Destination' cell BH56,R73; PEBD pull 2026-09-27 (workbook updated 2025-11-13); attribution: The Planetary Society; conventions in 07 FINDINGS R73
planetary_society_pebd_mission_costs,Funding by Destination,2015,Mars Exploration Program,305,USD millions (nominal),,PEBD sheet 'Funding by Destination' cell K57,R73; PEBD pull 2026-09-27 (workbook updated 2025-11-13); attribution: The Planetary Society; conventions in 07 FINDINGS R73
planetary_society_pebd_mission_costs,Funding by Destination,2015,InSight,170,USD millions (nominal),,PEBD sheet 'Funding by Destination' cell L57,R73; PEBD pull 2026-09-27 (workbook updated 2025-11-13); attribution: The Planetary Society; conventions in 07 FINDINGS R73
planetary_society_pebd_mission_costs,Funding by Destination,2015,Mars,475,USD millions (nominal),,PEBD sheet 'Funding by Destination' cell N57,R73; PEBD pull 2026-09-27 (workbook updated 2025-11-13); attribution: The Planetary Society; conventions in 07 FINDINGS R73
planetary_society_pebd_mission_costs,Funding by Destination,2015,Mars (inflation adj),652.65,"USD millions (2025 dollars, PEBD inflation adjustment)",,PEBD sheet 'Funding by Destination' cell O57,R73; PEBD pull 2026-09-27 (workbook updated 2025-11-13); attribution: The Planetary Society; conventions in 07 FINDINGS R73
planetary_society_pebd_mission_costs,Funding by Destination,2015,Venus,0,USD millions (nominal),,PEBD sheet 'Funding by Destination' cell Z57,R73; PEBD pull 2026-09-27 (workbook updated 2025-11-13); attribution: The Planetary Society; conventions in 07 FINDINGS R73
planetary_society_pebd_mission_costs,Funding by Destination,2015,Venus (inflation adj),0,"USD millions (2025 dollars, PEBD inflation adjustment)",,PEBD sheet 'Funding by Destination' cell AA57,R73; PEBD pull 2026-09-27 (workbook updated 2025-11-13); attribution: The Planetary Society; conventions in 07 FINDINGS R73
planetary_society_pebd_mission_costs,Funding by Destination,2015,MESSENGER,12.2,USD millions (nominal),,PEBD sheet 'Funding by Destination' cell AC57,R73; PEBD pull 2026-09-27 (workbook updated 2025-11-13); attribution: The Planetary Society; conventions in 07 FINDINGS R73
planetary_society_pebd_mission_costs,Funding by Destination,2015,Mercury,12.2,USD millions (nominal),,PEBD sheet 'Funding by Destination' cell AD57,R73; PEBD pull 2026-09-27 (workbook updated 2025-11-13); attribution: The Planetary Society; conventions in 07 FINDINGS R73
planetary_society_pebd_mission_costs,Funding by Destination,2015,Mercury (inflation adj),16.7628,"USD millions (2025 dollars, PEBD inflation adjustment)",,PEBD sheet 'Funding by Destination' cell AE57,R73; PEBD pull 2026-09-27 (workbook updated 2025-11-13); attribution: The Planetary Society; conventions in 07 FINDINGS R73
planetary_society_pebd_mission_costs,Funding by Destination,2015,Voyager,5.5,USD millions (nominal),,PEBD sheet 'Funding by Destination' cell AG57,R73; PEBD pull 2026-09-27 (workbook updated 2025-11-13); attribution: The Planetary Society; conventions in 07 FINDINGS R73
planetary_society_pebd_mission_costs,Funding by Destination,2015,Cassini,68.1,USD millions (nominal),,PEBD sheet 'Funding by Destination' cell AI57,R73; PEBD pull 2026-09-27 (workbook updated 2025-11-13); attribution: The Planetary Society; conventions in 07 FINDINGS R73
planetary_society_pebd_mission_costs,Funding by Destination,2015,Juno,35.4,USD millions (nominal),,PEBD sheet 'Funding by Destination' cell AJ57,R73; PEBD pull 2026-09-27 (workbook updated 2025-11-13); attribution: The Planetary Society; conventions in 07 FINDINGS R73
planetary_society_pebd_mission_costs,Funding by Destination,2015,Outer Planets Program,15.9,USD millions (nominal),,PEBD sheet 'Funding by Destination' cell AK57,R73; PEBD pull 2026-09-27 (workbook updated 2025-11-13); attribution: The Planetary Society; conventions in 07 FINDINGS R73
planetary_society_pebd_mission_costs,Funding by Destination,2015,Europa Clipper,100,USD millions (nominal),,PEBD sheet 'Funding by Destination' cell AL57,R73; PEBD pull 2026-09-27 (workbook updated 2025-11-13); attribution: The Planetary Society; conventions in 07 FINDINGS R73
planetary_society_pebd_mission_costs,Funding by Destination,2015,Outer Planets,224.9,USD millions (nominal),,PEBD sheet 'Funding by Destination' cell AM57,R73; PEBD pull 2026-09-27 (workbook updated 2025-11-13); attribution: The Planetary Society; conventions in 07 FINDINGS R73
planetary_society_pebd_mission_costs,Funding by Destination,2015,Outer Planets (inflation adj),302.9403,"USD millions (2025 dollars, PEBD inflation adjustment)",,PEBD sheet 'Funding by Destination' cell AN57,R73; PEBD pull 2026-09-27 (workbook updated 2025-11-13); attribution: The Planetary Society; conventions in 07 FINDINGS R73
planetary_society_pebd_mission_costs,Funding by Destination,2015,The Moon,0,USD millions (nominal),,PEBD sheet 'Funding by Destination' cell AU57,R73; PEBD pull 2026-09-27 (workbook updated 2025-11-13); attribution: The Planetary Society; conventions in 07 FINDINGS R73
planetary_society_pebd_mission_costs,Funding by Destination,2015,The Moon (inflation adj),0,"USD millions (2025 dollars, PEBD inflation adjustment)",,PEBD sheet 'Funding by Destination' cell AV57,R73; PEBD pull 2026-09-27 (workbook updated 2025-11-13); attribution: The Planetary Society; conventions in 07 FINDINGS R73
planetary_society_pebd_mission_costs,Funding by Destination,2015,Dawn,17.2,USD millions (nominal),,PEBD sheet 'Funding by Destination' cell BB57,R73; PEBD pull 2026-09-27 (workbook updated 2025-11-13); attribution: The Planetary Society; conventions in 07 FINDINGS R73
planetary_society_pebd_mission_costs,Funding by Destination,2015,New Horizons,28.8,USD millions (nominal),,PEBD sheet 'Funding by Destination' cell BC57,R73; PEBD pull 2026-09-27 (workbook updated 2025-11-13); attribution: The Planetary Society; conventions in 07 FINDINGS R73
planetary_society_pebd_mission_costs,Funding by Destination,2015,OSIRIS-REx,209.8,USD millions (nominal),,PEBD sheet 'Funding by Destination' cell BD57,R73; PEBD pull 2026-09-27 (workbook updated 2025-11-13); attribution: The Planetary Society; conventions in 07 FINDINGS R73
planetary_society_pebd_mission_costs,Funding by Destination,2015,Small Bodies,255.8,USD millions (nominal),,PEBD sheet 'Funding by Destination' cell BG57,R73; PEBD pull 2026-09-27 (workbook updated 2025-11-13); attribution: The Planetary Society; conventions in 07 FINDINGS R73
planetary_society_pebd_mission_costs,Funding by Destination,2015,Small Bodies (inflation adj),344.5626,"USD millions (2025 dollars, PEBD inflation adjustment)",,PEBD sheet 'Funding by Destination' cell BH57,R73; PEBD pull 2026-09-27 (workbook updated 2025-11-13); attribution: The Planetary Society; conventions in 07 FINDINGS R73
planetary_society_pebd_mission_costs,Funding by Destination,2016,Mars Exploration Program,513,USD millions (nominal),,PEBD sheet 'Funding by Destination' cell K58,R73; PEBD pull 2026-09-27 (workbook updated 2025-11-13); attribution: The Planetary Society; conventions in 07 FINDINGS R73
planetary_society_pebd_mission_costs,Funding by Destination,2016,InSight,92.1,USD millions (nominal),,PEBD sheet 'Funding by Destination' cell L58,R73; PEBD pull 2026-09-27 (workbook updated 2025-11-13); attribution: The Planetary Society; conventions in 07 FINDINGS R73
planetary_society_pebd_mission_costs,Funding by Destination,2016,Mars,605.1,USD millions (nominal),,PEBD sheet 'Funding by Destination' cell N58,R73; PEBD pull 2026-09-27 (workbook updated 2025-11-13); attribution: The Planetary Society; conventions in 07 FINDINGS R73
planetary_society_pebd_mission_costs,Funding by Destination,2016,Mars (inflation adj),815.0697,"USD millions (2025 dollars, PEBD inflation adjustment)",,PEBD sheet 'Funding by Destination' cell O58,R73; PEBD pull 2026-09-27 (workbook updated 2025-11-13); attribution: The Planetary Society; conventions in 07 FINDINGS R73
planetary_society_pebd_mission_costs,Funding by Destination,2016,Venus,0,USD millions (nominal),,PEBD sheet 'Funding by Destination' cell Z58,R73; PEBD pull 2026-09-27 (workbook updated 2025-11-13); attribution: The Planetary Society; conventions in 07 FINDINGS R73
planetary_society_pebd_mission_costs,Funding by Destination,2016,Venus (inflation adj),0,"USD millions (2025 dollars, PEBD inflation adjustment)",,PEBD sheet 'Funding by Destination' cell AA58,R73; PEBD pull 2026-09-27 (workbook updated 2025-11-13); attribution: The Planetary Society; conventions in 07 FINDINGS R73
planetary_society_pebd_mission_costs,Funding by Destination,2016,MESSENGER,6,USD millions (nominal),,PEBD sheet 'Funding by Destination' cell AC58,R73; PEBD pull 2026-09-27 (workbook updated 2025-11-13); attribution: The Planetary Society; conventions in 07 FINDINGS R73
planetary_society_pebd_mission_costs,Funding by Destination,2016,Mercury,6,USD millions (nominal),,PEBD sheet 'Funding by Destination' cell AD58,R73; PEBD pull 2026-09-27 (workbook updated 2025-11-13); attribution: The Planetary Society; conventions in 07 FINDINGS R73
planetary_society_pebd_mission_costs,Funding by Destination,2016,Mercury (inflation adj),8.082,"USD millions (2025 dollars, PEBD inflation adjustment)",,PEBD sheet 'Funding by Destination' cell AE58,R73; PEBD pull 2026-09-27 (workbook updated 2025-11-13); attribution: The Planetary Society; conventions in 07 FINDINGS R73
planetary_society_pebd_mission_costs,Funding by Destination,2016,Voyager,5.7,USD millions (nominal),,PEBD sheet 'Funding by Destination' cell AG58,R73; PEBD pull 2026-09-27 (workbook updated 2025-11-13); attribution: The Planetary Society; conventions in 07 FINDINGS R73
planetary_society_pebd_mission_costs,Funding by Destination,2016,Cassini,58.8,USD millions (nominal),,PEBD sheet 'Funding by Destination' cell AI58,R73; PEBD pull 2026-09-27 (workbook updated 2025-11-13); attribution: The Planetary Society; conventions in 07 FINDINGS R73
planetary_society_pebd_mission_costs,Funding by Destination,2016,Juno,45.8,USD millions (nominal),,PEBD sheet 'Funding by Destination' cell AJ58,R73; PEBD pull 2026-09-27 (workbook updated 2025-11-13); attribution: The Planetary Society; conventions in 07 FINDINGS R73
planetary_society_pebd_mission_costs,Funding by Destination,2016,Outer Planets Program,55.9,USD millions (nominal),,PEBD sheet 'Funding by Destination' cell AK58,R73; PEBD pull 2026-09-27 (workbook updated 2025-11-13); attribution: The Planetary Society; conventions in 07 FINDINGS R73
planetary_society_pebd_mission_costs,Funding by Destination,2016,Europa Clipper,146.3,USD millions (nominal),,PEBD sheet 'Funding by Destination' cell AL58,R73; PEBD pull 2026-09-27 (workbook updated 2025-11-13); attribution: The Planetary Society; conventions in 07 FINDINGS R73
planetary_society_pebd_mission_costs,Funding by Destination,2016,Outer Planets,312.5,USD millions (nominal),,PEBD sheet 'Funding by Destination' cell AM58,R73; PEBD pull 2026-09-27 (workbook updated 2025-11-13); attribution: The Planetary Society; conventions in 07 FINDINGS R73
planetary_society_pebd_mission_costs,Funding by Destination,2016,Outer Planets (inflation adj),415.9375,"USD millions (2025 dollars, PEBD inflation adjustment)",,PEBD sheet 'Funding by Destination' cell AN58,R73; PEBD pull 2026-09-27 (workbook updated 2025-11-13); attribution: The Planetary Society; conventions in 07 FINDINGS R73
planetary_society_pebd_mission_costs,Funding by Destination,2016,The Moon,0,USD millions (nominal),,PEBD sheet 'Funding by Destination' cell AU58,R73; PEBD pull 2026-09-27 (workbook updated 2025-11-13); attribution: The Planetary Society; conventions in 07 FINDINGS R73
planetary_society_pebd_mission_costs,Funding by Destination,2016,The Moon (inflation adj),0,"USD millions (2025 dollars, PEBD inflation adjustment)",,PEBD sheet 'Funding by Destination' cell AV58,R73; PEBD pull 2026-09-27 (workbook updated 2025-11-13); attribution: The Planetary Society; conventions in 07 FINDINGS R73
planetary_society_pebd_mission_costs,Funding by Destination,2016,Dawn,22.2,USD millions (nominal),,PEBD sheet 'Funding by Destination' cell BB58,R73; PEBD pull 2026-09-27 (workbook updated 2025-11-13); attribution: The Planetary Society; conventions in 07 FINDINGS R73
planetary_society_pebd_mission_costs,Funding by Destination,2016,New Horizons,21.5,USD millions (nominal),,PEBD sheet 'Funding by Destination' cell BC58,R73; PEBD pull 2026-09-27 (workbook updated 2025-11-13); attribution: The Planetary Society; conventions in 07 FINDINGS R73
planetary_society_pebd_mission_costs,Funding by Destination,2016,OSIRIS-REx,124.7,USD millions (nominal),,PEBD sheet 'Funding by Destination' cell BD58,R73; PEBD pull 2026-09-27 (workbook updated 2025-11-13); attribution: The Planetary Society; conventions in 07 FINDINGS R73
planetary_society_pebd_mission_costs,Funding by Destination,2016,Lucy,3,USD millions (nominal),,PEBD sheet 'Funding by Destination' cell BE58,R73; PEBD pull 2026-09-27 (workbook updated 2025-11-13); attribution: The Planetary Society; conventions in 07 FINDINGS R73
planetary_society_pebd_mission_costs,Funding by Destination,2016,Psyche,3,USD millions (nominal),,PEBD sheet 'Funding by Destination' cell BF58,R73; PEBD pull 2026-09-27 (workbook updated 2025-11-13); attribution: The Planetary Society; conventions in 07 FINDINGS R73
planetary_society_pebd_mission_costs,Funding by Destination,2016,Small Bodies,174.4,USD millions (nominal),,PEBD sheet 'Funding by Destination' cell BG58,R73; PEBD pull 2026-09-27 (workbook updated 2025-11-13); attribution: The Planetary Society; conventions in 07 FINDINGS R73
planetary_society_pebd_mission_costs,Funding by Destination,2016,Small Bodies (inflation adj),232.1264,"USD millions (2025 dollars, PEBD inflation adjustment)",,PEBD sheet 'Funding by Destination' cell BH58,R73; PEBD pull 2026-09-27 (workbook updated 2025-11-13); attribution: The Planetary Society; conventions in 07 FINDINGS R73
planetary_society_pebd_mission_costs,Funding by Destination,2017,Mars Exploration Program,647,USD millions (nominal),,PEBD sheet 'Funding by Destination' cell K59,R73; PEBD pull 2026-09-27 (workbook updated 2025-11-13); attribution: The Planetary Society; conventions in 07 FINDINGS R73
planetary_society_pebd_mission_costs,Funding by Destination,2017,InSight,32.3,USD millions (nominal),,PEBD sheet 'Funding by Destination' cell L59,R73; PEBD pull 2026-09-27 (workbook updated 2025-11-13); attribution: The Planetary Society; conventions in 07 FINDINGS R73
planetary_society_pebd_mission_costs,Funding by Destination,2017,Mars,679.3,USD millions (nominal),,PEBD sheet 'Funding by Destination' cell N59,R73; PEBD pull 2026-09-27 (workbook updated 2025-11-13); attribution: The Planetary Society; conventions in 07 FINDINGS R73
planetary_society_pebd_mission_costs,Funding by Destination,2017,Mars (inflation adj),904.1483,"USD millions (2025 dollars, PEBD inflation adjustment)",,PEBD sheet 'Funding by Destination' cell O59,R73; PEBD pull 2026-09-27 (workbook updated 2025-11-13); attribution: The Planetary Society; conventions in 07 FINDINGS R73
planetary_society_pebd_mission_costs,Funding by Destination,2017,Venus,0,USD millions (nominal),,PEBD sheet 'Funding by Destination' cell Z59,R73; PEBD pull 2026-09-27 (workbook updated 2025-11-13); attribution: The Planetary Society; conventions in 07 FINDINGS R73
planetary_society_pebd_mission_costs,Funding by Destination,2017,Venus (inflation adj),0,"USD millions (2025 dollars, PEBD inflation adjustment)",,PEBD sheet 'Funding by Destination' cell AA59,R73; PEBD pull 2026-09-27 (workbook updated 2025-11-13); attribution: The Planetary Society; conventions in 07 FINDINGS R73
planetary_society_pebd_mission_costs,Funding by Destination,2017,MESSENGER,6.8,USD millions (nominal),,PEBD sheet 'Funding by Destination' cell AC59,R73; PEBD pull 2026-09-27 (workbook updated 2025-11-13); attribution: The Planetary Society; conventions in 07 FINDINGS R73
planetary_society_pebd_mission_costs,Funding by Destination,2017,Mercury,6.8,USD millions (nominal),,PEBD sheet 'Funding by Destination' cell AD59,R73; PEBD pull 2026-09-27 (workbook updated 2025-11-13); attribution: The Planetary Society; conventions in 07 FINDINGS R73
planetary_society_pebd_mission_costs,Funding by Destination,2017,Mercury (inflation adj),9.0508,"USD millions (2025 dollars, PEBD inflation adjustment)",,PEBD sheet 'Funding by Destination' cell AE59,R73; PEBD pull 2026-09-27 (workbook updated 2025-11-13); attribution: The Planetary Society; conventions in 07 FINDINGS R73
planetary_society_pebd_mission_costs,Funding by Destination,2017,Voyager,5.6,USD millions (nominal),,PEBD sheet 'Funding by Destination' cell AG59,R73; PEBD pull 2026-09-27 (workbook updated 2025-11-13); attribution: The Planetary Society; conventions in 07 FINDINGS R73
planetary_society_pebd_mission_costs,Funding by Destination,2017,Cassini,54.1,USD millions (nominal),,PEBD sheet 'Funding by Destination' cell AI59,R73; PEBD pull 2026-09-27 (workbook updated 2025-11-13); attribution: The Planetary Society; conventions in 07 FINDINGS R73
planetary_society_pebd_mission_costs,Funding by Destination,2017,Juno,61.9,USD millions (nominal),,PEBD sheet 'Funding by Destination' cell AJ59,R73; PEBD pull 2026-09-27 (workbook updated 2025-11-13); attribution: The Planetary Society; conventions in 07 FINDINGS R73
planetary_society_pebd_mission_costs,Funding by Destination,2017,Outer Planets Program,68,USD millions (nominal),,PEBD sheet 'Funding by Destination' cell AK59,R73; PEBD pull 2026-09-27 (workbook updated 2025-11-13); attribution: The Planetary Society; conventions in 07 FINDINGS R73
planetary_society_pebd_mission_costs,Funding by Destination,2017,Europa Clipper,237.4,USD millions (nominal),,PEBD sheet 'Funding by Destination' cell AL59,R73; PEBD pull 2026-09-27 (workbook updated 2025-11-13); attribution: The Planetary Society; conventions in 07 FINDINGS R73
planetary_society_pebd_mission_costs,Funding by Destination,2017,Outer Planets,427,USD millions (nominal),,PEBD sheet 'Funding by Destination' cell AM59,R73; PEBD pull 2026-09-27 (workbook updated 2025-11-13); attribution: The Planetary Society; conventions in 07 FINDINGS R73
planetary_society_pebd_mission_costs,Funding by Destination,2017,Outer Planets (inflation adj),556.381,"USD millions (2025 dollars, PEBD inflation adjustment)",,PEBD sheet 'Funding by Destination' cell AN59,R73; PEBD pull 2026-09-27 (workbook updated 2025-11-13); attribution: The Planetary Society; conventions in 07 FINDINGS R73
planetary_society_pebd_mission_costs,Funding by Destination,2017,The Moon,0,USD millions (nominal),,PEBD sheet 'Funding by Destination' cell AU59,R73; PEBD pull 2026-09-27 (workbook updated 2025-11-13); attribution: The Planetary Society; conventions in 07 FINDINGS R73
planetary_society_pebd_mission_costs,Funding by Destination,2017,The Moon (inflation adj),0,"USD millions (2025 dollars, PEBD inflation adjustment)",,PEBD sheet 'Funding by Destination' cell AV59,R73; PEBD pull 2026-09-27 (workbook updated 2025-11-13); attribution: The Planetary Society; conventions in 07 FINDINGS R73
planetary_society_pebd_mission_costs,Funding by Destination,2017,Dawn,1,USD millions (nominal),,PEBD sheet 'Funding by Destination' cell BB59,R73; PEBD pull 2026-09-27 (workbook updated 2025-11-13); attribution: The Planetary Society; conventions in 07 FINDINGS R73
planetary_society_pebd_mission_costs,Funding by Destination,2017,New Horizons,29.4,USD millions (nominal),,PEBD sheet 'Funding by Destination' cell BC59,R73; PEBD pull 2026-09-27 (workbook updated 2025-11-13); attribution: The Planetary Society; conventions in 07 FINDINGS R73
planetary_society_pebd_mission_costs,Funding by Destination,2017,OSIRIS-REx,39.5,USD millions (nominal),,PEBD sheet 'Funding by Destination' cell BD59,R73; PEBD pull 2026-09-27 (workbook updated 2025-11-13); attribution: The Planetary Society; conventions in 07 FINDINGS R73
planetary_society_pebd_mission_costs,Funding by Destination,2017,Lucy,54.5,USD millions (nominal),,PEBD sheet 'Funding by Destination' cell BE59,R73; PEBD pull 2026-09-27 (workbook updated 2025-11-13); attribution: The Planetary Society; conventions in 07 FINDINGS R73
planetary_society_pebd_mission_costs,Funding by Destination,2017,Psyche,47.3,USD millions (nominal),,PEBD sheet 'Funding by Destination' cell BF59,R73; PEBD pull 2026-09-27 (workbook updated 2025-11-13); attribution: The Planetary Society; conventions in 07 FINDINGS R73
planetary_society_pebd_mission_costs,Funding by Destination,2017,Small Bodies,171.7,USD millions (nominal),,PEBD sheet 'Funding by Destination' cell BG59,R73; PEBD pull 2026-09-27 (workbook updated 2025-11-13); attribution: The Planetary Society; conventions in 07 FINDINGS R73
planetary_society_pebd_mission_costs,Funding by Destination,2017,Small Bodies (inflation adj),223.7251,"USD millions (2025 dollars, PEBD inflation adjustment)",,PEBD sheet 'Funding by Destination' cell BH59,R73; PEBD pull 2026-09-27 (workbook updated 2025-11-13); attribution: The Planetary Society; conventions in 07 FINDINGS R73
planetary_society_pebd_mission_costs,Funding by Destination,2018,Mars Exploration Program,678,USD millions (nominal),,PEBD sheet 'Funding by Destination' cell K60,R73; PEBD pull 2026-09-27 (workbook updated 2025-11-13); attribution: The Planetary Society; conventions in 07 FINDINGS R73
planetary_society_pebd_mission_costs,Funding by Destination,2018,InSight,74.3,USD millions (nominal),,PEBD sheet 'Funding by Destination' cell L60,R73; PEBD pull 2026-09-27 (workbook updated 2025-11-13); attribution: The Planetary Society; conventions in 07 FINDINGS R73
planetary_society_pebd_mission_costs,Funding by Destination,2018,Mars,752.3,USD millions (nominal),,PEBD sheet 'Funding by Destination' cell N60,R73; PEBD pull 2026-09-27 (workbook updated 2025-11-13); attribution: The Planetary Society; conventions in 07 FINDINGS R73
planetary_society_pebd_mission_costs,Funding by Destination,2018,Mars (inflation adj),980.2469,"USD millions (2025 dollars, PEBD inflation adjustment)",,PEBD sheet 'Funding by Destination' cell O60,R73; PEBD pull 2026-09-27 (workbook updated 2025-11-13); attribution: The Planetary Society; conventions in 07 FINDINGS R73
planetary_society_pebd_mission_costs,Funding by Destination,2018,Venus,0,USD millions (nominal),,PEBD sheet 'Funding by Destination' cell Z60,R73; PEBD pull 2026-09-27 (workbook updated 2025-11-13); attribution: The Planetary Society; conventions in 07 FINDINGS R73
planetary_society_pebd_mission_costs,Funding by Destination,2018,Venus (inflation adj),0,"USD millions (2025 dollars, PEBD inflation adjustment)",,PEBD sheet 'Funding by Destination' cell AA60,R73; PEBD pull 2026-09-27 (workbook updated 2025-11-13); attribution: The Planetary Society; conventions in 07 FINDINGS R73
planetary_society_pebd_mission_costs,Funding by Destination,2018,Mercury,0,USD millions (nominal),,PEBD sheet 'Funding by Destination' cell AD60,R73; PEBD pull 2026-09-27 (workbook updated 2025-11-13); attribution: The Planetary Society; conventions in 07 FINDINGS R73
planetary_society_pebd_mission_costs,Funding by Destination,2018,Mercury (inflation adj),0,"USD millions (2025 dollars, PEBD inflation adjustment)",,PEBD sheet 'Funding by Destination' cell AE60,R73; PEBD pull 2026-09-27 (workbook updated 2025-11-13); attribution: The Planetary Society; conventions in 07 FINDINGS R73
planetary_society_pebd_mission_costs,Funding by Destination,2018,Voyager,5.6,USD millions (nominal),,PEBD sheet 'Funding by Destination' cell AG60,R73; PEBD pull 2026-09-27 (workbook updated 2025-11-13); attribution: The Planetary Society; conventions in 07 FINDINGS R73
planetary_society_pebd_mission_costs,Funding by Destination,2018,Cassini,19.2,USD millions (nominal),,PEBD sheet 'Funding by Destination' cell AI60,R73; PEBD pull 2026-09-27 (workbook updated 2025-11-13); attribution: The Planetary Society; conventions in 07 FINDINGS R73
planetary_society_pebd_mission_costs,Funding by Destination,2018,Juno,17.8,USD millions (nominal),,PEBD sheet 'Funding by Destination' cell AJ60,R73; PEBD pull 2026-09-27 (workbook updated 2025-11-13); attribution: The Planetary Society; conventions in 07 FINDINGS R73
planetary_society_pebd_mission_costs,Funding by Destination,2018,Outer Planets Program,97,USD millions (nominal),,PEBD sheet 'Funding by Destination' cell AK60,R73; PEBD pull 2026-09-27 (workbook updated 2025-11-13); attribution: The Planetary Society; conventions in 07 FINDINGS R73
planetary_society_pebd_mission_costs,Funding by Destination,2018,Europa Clipper,525,USD millions (nominal),,PEBD sheet 'Funding by Destination' cell AL60,R73; PEBD pull 2026-09-27 (workbook updated 2025-11-13); attribution: The Planetary Society; conventions in 07 FINDINGS R73
planetary_society_pebd_mission_costs,Funding by Destination,2018,Outer Planets,664.6,USD millions (nominal),,PEBD sheet 'Funding by Destination' cell AM60,R73; PEBD pull 2026-09-27 (workbook updated 2025-11-13); attribution: The Planetary Society; conventions in 07 FINDINGS R73
planetary_society_pebd_mission_costs,Funding by Destination,2018,Outer Planets (inflation adj),844.7066,"USD millions (2025 dollars, PEBD inflation adjustment)",,PEBD sheet 'Funding by Destination' cell AN60,R73; PEBD pull 2026-09-27 (workbook updated 2025-11-13); attribution: The Planetary Society; conventions in 07 FINDINGS R73
planetary_society_pebd_mission_costs,Funding by Destination,2018,The Moon,0,USD millions (nominal),,PEBD sheet 'Funding by Destination' cell AU60,R73; PEBD pull 2026-09-27 (workbook updated 2025-11-13); attribution: The Planetary Society; conventions in 07 FINDINGS R73
planetary_society_pebd_mission_costs,Funding by Destination,2018,The Moon (inflation adj),0,"USD millions (2025 dollars, PEBD inflation adjustment)",,PEBD sheet 'Funding by Destination' cell AV60,R73; PEBD pull 2026-09-27 (workbook updated 2025-11-13); attribution: The Planetary Society; conventions in 07 FINDINGS R73
planetary_society_pebd_mission_costs,Funding by Destination,2018,Dawn,11.1,USD millions (nominal),,PEBD sheet 'Funding by Destination' cell BB60,R73; PEBD pull 2026-09-27 (workbook updated 2025-11-13); attribution: The Planetary Society; conventions in 07 FINDINGS R73
planetary_society_pebd_mission_costs,Funding by Destination,2018,New Horizons,12,USD millions (nominal),,PEBD sheet 'Funding by Destination' cell BC60,R73; PEBD pull 2026-09-27 (workbook updated 2025-11-13); attribution: The Planetary Society; conventions in 07 FINDINGS R73
planetary_society_pebd_mission_costs,Funding by Destination,2018,OSIRIS-REx,42.8,USD millions (nominal),,PEBD sheet 'Funding by Destination' cell BD60,R73; PEBD pull 2026-09-27 (workbook updated 2025-11-13); attribution: The Planetary Society; conventions in 07 FINDINGS R73
planetary_society_pebd_mission_costs,Funding by Destination,2018,Lucy,81.4,USD millions (nominal),,PEBD sheet 'Funding by Destination' cell BE60,R73; PEBD pull 2026-09-27 (workbook updated 2025-11-13); attribution: The Planetary Society; conventions in 07 FINDINGS R73
planetary_society_pebd_mission_costs,Funding by Destination,2018,Psyche,42,USD millions (nominal),,PEBD sheet 'Funding by Destination' cell BF60,R73; PEBD pull 2026-09-27 (workbook updated 2025-11-13); attribution: The Planetary Society; conventions in 07 FINDINGS R73
planetary_society_pebd_mission_costs,Funding by Destination,2018,Small Bodies,189.3,USD millions (nominal),,PEBD sheet 'Funding by Destination' cell BG60,R73; PEBD pull 2026-09-27 (workbook updated 2025-11-13); attribution: The Planetary Society; conventions in 07 FINDINGS R73
planetary_society_pebd_mission_costs,Funding by Destination,2018,Small Bodies (inflation adj),240.6003,"USD millions (2025 dollars, PEBD inflation adjustment)",,PEBD sheet 'Funding by Destination' cell BH60,R73; PEBD pull 2026-09-27 (workbook updated 2025-11-13); attribution: The Planetary Society; conventions in 07 FINDINGS R73
planetary_society_pebd_mission_costs,Funding by Destination,2019,Mars Exploration Program,712.7,USD millions (nominal),,PEBD sheet 'Funding by Destination' cell K61,R73; PEBD pull 2026-09-27 (workbook updated 2025-11-13); attribution: The Planetary Society; conventions in 07 FINDINGS R73
planetary_society_pebd_mission_costs,Funding by Destination,2019,InSight,23.1,USD millions (nominal),,PEBD sheet 'Funding by Destination' cell L61,R73; PEBD pull 2026-09-27 (workbook updated 2025-11-13); attribution: The Planetary Society; conventions in 07 FINDINGS R73
planetary_society_pebd_mission_costs,Funding by Destination,2019,Mars,735.8,USD millions (nominal),,PEBD sheet 'Funding by Destination' cell N61,R73; PEBD pull 2026-09-27 (workbook updated 2025-11-13); attribution: The Planetary Society; conventions in 07 FINDINGS R73
planetary_society_pebd_mission_costs,Funding by Destination,2019,Mars (inflation adj),935.2018,"USD millions (2025 dollars, PEBD inflation adjustment)",,PEBD sheet 'Funding by Destination' cell O61,R73; PEBD pull 2026-09-27 (workbook updated 2025-11-13); attribution: The Planetary Society; conventions in 07 FINDINGS R73
planetary_society_pebd_mission_costs,Funding by Destination,2019,Venus,0,USD millions (nominal),,PEBD sheet 'Funding by Destination' cell Z61,R73; PEBD pull 2026-09-27 (workbook updated 2025-11-13); attribution: The Planetary Society; conventions in 07 FINDINGS R73
planetary_society_pebd_mission_costs,Funding by Destination,2019,Venus (inflation adj),0,"USD millions (2025 dollars, PEBD inflation adjustment)",,PEBD sheet 'Funding by Destination' cell AA61,R73; PEBD pull 2026-09-27 (workbook updated 2025-11-13); attribution: The Planetary Society; conventions in 07 FINDINGS R73
planetary_society_pebd_mission_costs,Funding by Destination,2019,Mercury,0,USD millions (nominal),,PEBD sheet 'Funding by Destination' cell AD61,R73; PEBD pull 2026-09-27 (workbook updated 2025-11-13); attribution: The Planetary Society; conventions in 07 FINDINGS R73
planetary_society_pebd_mission_costs,Funding by Destination,2019,Mercury (inflation adj),0,"USD millions (2025 dollars, PEBD inflation adjustment)",,PEBD sheet 'Funding by Destination' cell AE61,R73; PEBD pull 2026-09-27 (workbook updated 2025-11-13); attribution: The Planetary Society; conventions in 07 FINDINGS R73
planetary_society_pebd_mission_costs,Funding by Destination,2019,Voyager,5.8,USD millions (nominal),,PEBD sheet 'Funding by Destination' cell AG61,R73; PEBD pull 2026-09-27 (workbook updated 2025-11-13); attribution: The Planetary Society; conventions in 07 FINDINGS R73
planetary_society_pebd_mission_costs,Funding by Destination,2019,Cassini,3.9,USD millions (nominal),,PEBD sheet 'Funding by Destination' cell AI61,R73; PEBD pull 2026-09-27 (workbook updated 2025-11-13); attribution: The Planetary Society; conventions in 07 FINDINGS R73
planetary_society_pebd_mission_costs,Funding by Destination,2019,Juno,11.8,USD millions (nominal),,PEBD sheet 'Funding by Destination' cell AJ61,R73; PEBD pull 2026-09-27 (workbook updated 2025-11-13); attribution: The Planetary Society; conventions in 07 FINDINGS R73
planetary_society_pebd_mission_costs,Funding by Destination,2019,Outer Planets Program,244.7,USD millions (nominal),,PEBD sheet 'Funding by Destination' cell AK61,R73; PEBD pull 2026-09-27 (workbook updated 2025-11-13); attribution: The Planetary Society; conventions in 07 FINDINGS R73
planetary_society_pebd_mission_costs,Funding by Destination,2019,Europa Clipper,545,USD millions (nominal),,PEBD sheet 'Funding by Destination' cell AL61,R73; PEBD pull 2026-09-27 (workbook updated 2025-11-13); attribution: The Planetary Society; conventions in 07 FINDINGS R73
planetary_society_pebd_mission_costs,Funding by Destination,2019,Outer Planets,811.2,USD millions (nominal),,PEBD sheet 'Funding by Destination' cell AM61,R73; PEBD pull 2026-09-27 (workbook updated 2025-11-13); attribution: The Planetary Society; conventions in 07 FINDINGS R73
planetary_society_pebd_mission_costs,Funding by Destination,2019,Outer Planets (inflation adj),1011.5664,"USD millions (2025 dollars, PEBD inflation adjustment)",,PEBD sheet 'Funding by Destination' cell AN61,R73; PEBD pull 2026-09-27 (workbook updated 2025-11-13); attribution: The Planetary Society; conventions in 07 FINDINGS R73
planetary_society_pebd_mission_costs,Funding by Destination,2019,Lunar Exploration Program,188.1,USD millions (nominal),,PEBD sheet 'Funding by Destination' cell AT61,R73; PEBD pull 2026-09-27 (workbook updated 2025-11-13); attribution: The Planetary Society; conventions in 07 FINDINGS R73
planetary_society_pebd_mission_costs,Funding by Destination,2019,The Moon,188.1,USD millions (nominal),,PEBD sheet 'Funding by Destination' cell AU61,R73; PEBD pull 2026-09-27 (workbook updated 2025-11-13); attribution: The Planetary Society; conventions in 07 FINDINGS R73
planetary_society_pebd_mission_costs,Funding by Destination,2019,The Moon (inflation adj),239.0751,"USD millions (2025 dollars, PEBD inflation adjustment)",,PEBD sheet 'Funding by Destination' cell AV61,R73; PEBD pull 2026-09-27 (workbook updated 2025-11-13); attribution: The Planetary Society; conventions in 07 FINDINGS R73
planetary_society_pebd_mission_costs,Funding by Destination,2019,Dawn,0.2,USD millions (nominal),,PEBD sheet 'Funding by Destination' cell BB61,R73; PEBD pull 2026-09-27 (workbook updated 2025-11-13); attribution: The Planetary Society; conventions in 07 FINDINGS R73
planetary_society_pebd_mission_costs,Funding by Destination,2019,New Horizons,12.7,USD millions (nominal),,PEBD sheet 'Funding by Destination' cell BC61,R73; PEBD pull 2026-09-27 (workbook updated 2025-11-13); attribution: The Planetary Society; conventions in 07 FINDINGS R73
planetary_society_pebd_mission_costs,Funding by Destination,2019,OSIRIS-REx,50.3,USD millions (nominal),,PEBD sheet 'Funding by Destination' cell BD61,R73; PEBD pull 2026-09-27 (workbook updated 2025-11-13); attribution: The Planetary Society; conventions in 07 FINDINGS R73
planetary_society_pebd_mission_costs,Funding by Destination,2019,Lucy,165.5,USD millions (nominal),,PEBD sheet 'Funding by Destination' cell BE61,R73; PEBD pull 2026-09-27 (workbook updated 2025-11-13); attribution: The Planetary Society; conventions in 07 FINDINGS R73
planetary_society_pebd_mission_costs,Funding by Destination,2019,Psyche,174.2,USD millions (nominal),,PEBD sheet 'Funding by Destination' cell BF61,R73; PEBD pull 2026-09-27 (workbook updated 2025-11-13); attribution: The Planetary Society; conventions in 07 FINDINGS R73
planetary_society_pebd_mission_costs,Funding by Destination,2019,Small Bodies,402.9,USD millions (nominal),,PEBD sheet 'Funding by Destination' cell BG61,R73; PEBD pull 2026-09-27 (workbook updated 2025-11-13); attribution: The Planetary Society; conventions in 07 FINDINGS R73
planetary_society_pebd_mission_costs,Funding by Destination,2019,Small Bodies (inflation adj),502.4163,"USD millions (2025 dollars, PEBD inflation adjustment)",,PEBD sheet 'Funding by Destination' cell BH61,R73; PEBD pull 2026-09-27 (workbook updated 2025-11-13); attribution: The Planetary Society; conventions in 07 FINDINGS R73
planetary_society_pebd_mission_costs,Funding by Destination,2020,Mars Exploration Program,565.6,USD millions (nominal),,PEBD sheet 'Funding by Destination' cell K62,R73; PEBD pull 2026-09-27 (workbook updated 2025-11-13); attribution: The Planetary Society; conventions in 07 FINDINGS R73
planetary_society_pebd_mission_costs,Funding by Destination,2020,InSight,13.6,USD millions (nominal),,PEBD sheet 'Funding by Destination' cell L62,R73; PEBD pull 2026-09-27 (workbook updated 2025-11-13); attribution: The Planetary Society; conventions in 07 FINDINGS R73
planetary_society_pebd_mission_costs,Funding by Destination,2020,Mars,579.2,USD millions (nominal),,PEBD sheet 'Funding by Destination' cell N62,R73; PEBD pull 2026-09-27 (workbook updated 2025-11-13); attribution: The Planetary Society; conventions in 07 FINDINGS R73
planetary_society_pebd_mission_costs,Funding by Destination,2020,Mars (inflation adj),722.2624,"USD millions (2025 dollars, PEBD inflation adjustment)",,PEBD sheet 'Funding by Destination' cell O62,R73; PEBD pull 2026-09-27 (workbook updated 2025-11-13); attribution: The Planetary Society; conventions in 07 FINDINGS R73
planetary_society_pebd_mission_costs,Funding by Destination,2020,Venus,0,USD millions (nominal),,PEBD sheet 'Funding by Destination' cell Z62,R73; PEBD pull 2026-09-27 (workbook updated 2025-11-13); attribution: The Planetary Society; conventions in 07 FINDINGS R73
planetary_society_pebd_mission_costs,Funding by Destination,2020,Venus (inflation adj),0,"USD millions (2025 dollars, PEBD inflation adjustment)",,PEBD sheet 'Funding by Destination' cell AA62,R73; PEBD pull 2026-09-27 (workbook updated 2025-11-13); attribution: The Planetary Society; conventions in 07 FINDINGS R73
planetary_society_pebd_mission_costs,Funding by Destination,2020,Mercury,0,USD millions (nominal),,PEBD sheet 'Funding by Destination' cell AD62,R73; PEBD pull 2026-09-27 (workbook updated 2025-11-13); attribution: The Planetary Society; conventions in 07 FINDINGS R73
planetary_society_pebd_mission_costs,Funding by Destination,2020,Mercury (inflation adj),0,"USD millions (2025 dollars, PEBD inflation adjustment)",,PEBD sheet 'Funding by Destination' cell AE62,R73; PEBD pull 2026-09-27 (workbook updated 2025-11-13); attribution: The Planetary Society; conventions in 07 FINDINGS R73
planetary_society_pebd_mission_costs,Funding by Destination,2020,Juno,33.8,USD millions (nominal),,PEBD sheet 'Funding by Destination' cell AJ62,R73; PEBD pull 2026-09-27 (workbook updated 2025-11-13); attribution: The Planetary Society; conventions in 07 FINDINGS R73
planetary_society_pebd_mission_costs,Funding by Destination,2020,Outer Planets Program,39.4,USD millions (nominal),,PEBD sheet 'Funding by Destination' cell AK62,R73; PEBD pull 2026-09-27 (workbook updated 2025-11-13); attribution: The Planetary Society; conventions in 07 FINDINGS R73
planetary_society_pebd_mission_costs,Funding by Destination,2020,Europa Clipper,592.6,USD millions (nominal),,PEBD sheet 'Funding by Destination' cell AL62,R73; PEBD pull 2026-09-27 (workbook updated 2025-11-13); attribution: The Planetary Society; conventions in 07 FINDINGS R73
planetary_society_pebd_mission_costs,Funding by Destination,2020,Outer Planets,665.8,USD millions (nominal),,PEBD sheet 'Funding by Destination' cell AM62,R73; PEBD pull 2026-09-27 (workbook updated 2025-11-13); attribution: The Planetary Society; conventions in 07 FINDINGS R73
planetary_society_pebd_mission_costs,Funding by Destination,2020,Outer Planets (inflation adj),812.276,"USD millions (2025 dollars, PEBD inflation adjustment)",,PEBD sheet 'Funding by Destination' cell AN62,R73; PEBD pull 2026-09-27 (workbook updated 2025-11-13); attribution: The Planetary Society; conventions in 07 FINDINGS R73
planetary_society_pebd_mission_costs,Funding by Destination,2020,Lunar Exploration Program,300,USD millions (nominal),,PEBD sheet 'Funding by Destination' cell AT62,R73; PEBD pull 2026-09-27 (workbook updated 2025-11-13); attribution: The Planetary Society; conventions in 07 FINDINGS R73
planetary_society_pebd_mission_costs,Funding by Destination,2020,The Moon,300,USD millions (nominal),,PEBD sheet 'Funding by Destination' cell AU62,R73; PEBD pull 2026-09-27 (workbook updated 2025-11-13); attribution: The Planetary Society; conventions in 07 FINDINGS R73
planetary_society_pebd_mission_costs,Funding by Destination,2020,The Moon (inflation adj),374.1,"USD millions (2025 dollars, PEBD inflation adjustment)",,PEBD sheet 'Funding by Destination' cell AV62,R73; PEBD pull 2026-09-27 (workbook updated 2025-11-13); attribution: The Planetary Society; conventions in 07 FINDINGS R73
planetary_society_pebd_mission_costs,Funding by Destination,2020,New Horizons,17.3,USD millions (nominal),,PEBD sheet 'Funding by Destination' cell BC62,R73; PEBD pull 2026-09-27 (workbook updated 2025-11-13); attribution: The Planetary Society; conventions in 07 FINDINGS R73
planetary_society_pebd_mission_costs,Funding by Destination,2020,OSIRIS-REx,37.1,USD millions (nominal),,PEBD sheet 'Funding by Destination' cell BD62,R73; PEBD pull 2026-09-27 (workbook updated 2025-11-13); attribution: The Planetary Society; conventions in 07 FINDINGS R73
planetary_society_pebd_mission_costs,Funding by Destination,2020,Lucy,208.6,USD millions (nominal),,PEBD sheet 'Funding by Destination' cell BE62,R73; PEBD pull 2026-09-27 (workbook updated 2025-11-13); attribution: The Planetary Society; conventions in 07 FINDINGS R73
planetary_society_pebd_mission_costs,Funding by Destination,2020,Psyche,214,USD millions (nominal),,PEBD sheet 'Funding by Destination' cell BF62,R73; PEBD pull 2026-09-27 (workbook updated 2025-11-13); attribution: The Planetary Society; conventions in 07 FINDINGS R73
planetary_society_pebd_mission_costs,Funding by Destination,2020,Small Bodies,477,USD millions (nominal),,PEBD sheet 'Funding by Destination' cell BG62,R73; PEBD pull 2026-09-27 (workbook updated 2025-11-13); attribution: The Planetary Society; conventions in 07 FINDINGS R73
planetary_society_pebd_mission_costs,Funding by Destination,2020,Small Bodies (inflation adj),581.94,"USD millions (2025 dollars, PEBD inflation adjustment)",,PEBD sheet 'Funding by Destination' cell BH62,R73; PEBD pull 2026-09-27 (workbook updated 2025-11-13); attribution: The Planetary Society; conventions in 07 FINDINGS R73
planetary_society_pebd_mission_costs,Funding by Destination,2021,Mars Exploration Program,339.5,USD millions (nominal),,PEBD sheet 'Funding by Destination' cell K63,R73; PEBD pull 2026-09-27 (workbook updated 2025-11-13); attribution: The Planetary Society; conventions in 07 FINDINGS R73
planetary_society_pebd_mission_costs,Funding by Destination,2021,InSight,14.9,USD millions (nominal),,PEBD sheet 'Funding by Destination' cell L63,R73; PEBD pull 2026-09-27 (workbook updated 2025-11-13); attribution: The Planetary Society; conventions in 07 FINDINGS R73
planetary_society_pebd_mission_costs,Funding by Destination,2021,MSR,264.9,USD millions (nominal),,PEBD sheet 'Funding by Destination' cell M63,R73; PEBD pull 2026-09-27 (workbook updated 2025-11-13); attribution: The Planetary Society; conventions in 07 FINDINGS R73
planetary_society_pebd_mission_costs,Funding by Destination,2021,Mars,619.3,USD millions (nominal),,PEBD sheet 'Funding by Destination' cell N63,R73; PEBD pull 2026-09-27 (workbook updated 2025-11-13); attribution: The Planetary Society; conventions in 07 FINDINGS R73
planetary_society_pebd_mission_costs,Funding by Destination,2021,Mars (inflation adj),755.546,"USD millions (2025 dollars, PEBD inflation adjustment)",,PEBD sheet 'Funding by Destination' cell O63,R73; PEBD pull 2026-09-27 (workbook updated 2025-11-13); attribution: The Planetary Society; conventions in 07 FINDINGS R73
planetary_society_pebd_mission_costs,Funding by Destination,2021,DAVINCI,3.5,USD millions (nominal),,PEBD sheet 'Funding by Destination' cell V63,R73; PEBD pull 2026-09-27 (workbook updated 2025-11-13); attribution: The Planetary Society; conventions in 07 FINDINGS R73
planetary_society_pebd_mission_costs,Funding by Destination,2021,VERITAS,6.5,USD millions (nominal),,PEBD sheet 'Funding by Destination' cell W63,R73; PEBD pull 2026-09-27 (workbook updated 2025-11-13); attribution: The Planetary Society; conventions in 07 FINDINGS R73
planetary_society_pebd_mission_costs,Funding by Destination,2021,Venus,10,USD millions (nominal),,PEBD sheet 'Funding by Destination' cell Z63,R73; PEBD pull 2026-09-27 (workbook updated 2025-11-13); attribution: The Planetary Society; conventions in 07 FINDINGS R73
planetary_society_pebd_mission_costs,Funding by Destination,2021,Venus (inflation adj),11.76,"USD millions (2025 dollars, PEBD inflation adjustment)",,PEBD sheet 'Funding by Destination' cell AA63,R73; PEBD pull 2026-09-27 (workbook updated 2025-11-13); attribution: The Planetary Society; conventions in 07 FINDINGS R73
planetary_society_pebd_mission_costs,Funding by Destination,2021,Mercury,0,USD millions (nominal),,PEBD sheet 'Funding by Destination' cell AD63,R73; PEBD pull 2026-09-27 (workbook updated 2025-11-13); attribution: The Planetary Society; conventions in 07 FINDINGS R73
planetary_society_pebd_mission_costs,Funding by Destination,2021,Mercury (inflation adj),0,"USD millions (2025 dollars, PEBD inflation adjustment)",,PEBD sheet 'Funding by Destination' cell AE63,R73; PEBD pull 2026-09-27 (workbook updated 2025-11-13); attribution: The Planetary Society; conventions in 07 FINDINGS R73
planetary_society_pebd_mission_costs,Funding by Destination,2021,Juno,35,USD millions (nominal),,PEBD sheet 'Funding by Destination' cell AJ63,R73; PEBD pull 2026-09-27 (workbook updated 2025-11-13); attribution: The Planetary Society; conventions in 07 FINDINGS R73
planetary_society_pebd_mission_costs,Funding by Destination,2021,Outer Planets Program,26.7,USD millions (nominal),,PEBD sheet 'Funding by Destination' cell AK63,R73; PEBD pull 2026-09-27 (workbook updated 2025-11-13); attribution: The Planetary Society; conventions in 07 FINDINGS R73
planetary_society_pebd_mission_costs,Funding by Destination,2021,Europa Clipper,434.8,USD millions (nominal),,PEBD sheet 'Funding by Destination' cell AL63,R73; PEBD pull 2026-09-27 (workbook updated 2025-11-13); attribution: The Planetary Society; conventions in 07 FINDINGS R73
planetary_society_pebd_mission_costs,Funding by Destination,2021,Outer Planets,496.5,USD millions (nominal),,PEBD sheet 'Funding by Destination' cell AM63,R73; PEBD pull 2026-09-27 (workbook updated 2025-11-13); attribution: The Planetary Society; conventions in 07 FINDINGS R73
planetary_society_pebd_mission_costs,Funding by Destination,2021,Outer Planets (inflation adj),583.884,"USD millions (2025 dollars, PEBD inflation adjustment)",,PEBD sheet 'Funding by Destination' cell AN63,R73; PEBD pull 2026-09-27 (workbook updated 2025-11-13); attribution: The Planetary Society; conventions in 07 FINDINGS R73
planetary_society_pebd_mission_costs,Funding by Destination,2021,Lunar Exploration Program,443.6,USD millions (nominal),,PEBD sheet 'Funding by Destination' cell AT63,R73; PEBD pull 2026-09-27 (workbook updated 2025-11-13); attribution: The Planetary Society; conventions in 07 FINDINGS R73
planetary_society_pebd_mission_costs,Funding by Destination,2021,The Moon,443.6,USD millions (nominal),,PEBD sheet 'Funding by Destination' cell AU63,R73; PEBD pull 2026-09-27 (workbook updated 2025-11-13); attribution: The Planetary Society; conventions in 07 FINDINGS R73
planetary_society_pebd_mission_costs,Funding by Destination,2021,The Moon (inflation adj),541.192,"USD millions (2025 dollars, PEBD inflation adjustment)",,PEBD sheet 'Funding by Destination' cell AV63,R73; PEBD pull 2026-09-27 (workbook updated 2025-11-13); attribution: The Planetary Society; conventions in 07 FINDINGS R73
planetary_society_pebd_mission_costs,Funding by Destination,2021,New Horizons,12.5,USD millions (nominal),,PEBD sheet 'Funding by Destination' cell BC63,R73; PEBD pull 2026-09-27 (workbook updated 2025-11-13); attribution: The Planetary Society; conventions in 07 FINDINGS R73
planetary_society_pebd_mission_costs,Funding by Destination,2021,OSIRIS-REx,10.4,USD millions (nominal),,PEBD sheet 'Funding by Destination' cell BD63,R73; PEBD pull 2026-09-27 (workbook updated 2025-11-13); attribution: The Planetary Society; conventions in 07 FINDINGS R73
planetary_society_pebd_mission_costs,Funding by Destination,2021,Lucy,139.9,USD millions (nominal),,PEBD sheet 'Funding by Destination' cell BE63,R73; PEBD pull 2026-09-27 (workbook updated 2025-11-13); attribution: The Planetary Society; conventions in 07 FINDINGS R73
planetary_society_pebd_mission_costs,Funding by Destination,2021,Psyche,175.6,USD millions (nominal),,PEBD sheet 'Funding by Destination' cell BF63,R73; PEBD pull 2026-09-27 (workbook updated 2025-11-13); attribution: The Planetary Society; conventions in 07 FINDINGS R73
planetary_society_pebd_mission_costs,Funding by Destination,2021,Small Bodies,338.4,USD millions (nominal),,PEBD sheet 'Funding by Destination' cell BG63,R73; PEBD pull 2026-09-27 (workbook updated 2025-11-13); attribution: The Planetary Society; conventions in 07 FINDINGS R73
planetary_society_pebd_mission_costs,Funding by Destination,2021,Small Bodies (inflation adj),397.9584,"USD millions (2025 dollars, PEBD inflation adjustment)",,PEBD sheet 'Funding by Destination' cell BH63,R73; PEBD pull 2026-09-27 (workbook updated 2025-11-13); attribution: The Planetary Society; conventions in 07 FINDINGS R73
planetary_society_pebd_mission_costs,Funding by Destination,2022,Mars Exploration Program,264.9,USD millions (nominal),,PEBD sheet 'Funding by Destination' cell K64,R73; PEBD pull 2026-09-27 (workbook updated 2025-11-13); attribution: The Planetary Society; conventions in 07 FINDINGS R73
planetary_society_pebd_mission_costs,Funding by Destination,2022,InSight,11.4,USD millions (nominal),,PEBD sheet 'Funding by Destination' cell L64,R73; PEBD pull 2026-09-27 (workbook updated 2025-11-13); attribution: The Planetary Society; conventions in 07 FINDINGS R73
planetary_society_pebd_mission_costs,Funding by Destination,2022,MSR,653.2,USD millions (nominal),,PEBD sheet 'Funding by Destination' cell M64,R73; PEBD pull 2026-09-27 (workbook updated 2025-11-13); attribution: The Planetary Society; conventions in 07 FINDINGS R73
planetary_society_pebd_mission_costs,Funding by Destination,2022,Mars,929.5,USD millions (nominal),,PEBD sheet 'Funding by Destination' cell N64,R73; PEBD pull 2026-09-27 (workbook updated 2025-11-13); attribution: The Planetary Society; conventions in 07 FINDINGS R73
planetary_society_pebd_mission_costs,Funding by Destination,2022,Mars (inflation adj),1093.092,"USD millions (2025 dollars, PEBD inflation adjustment)",,PEBD sheet 'Funding by Destination' cell O64,R73; PEBD pull 2026-09-27 (workbook updated 2025-11-13); attribution: The Planetary Society; conventions in 07 FINDINGS R73
planetary_society_pebd_mission_costs,Funding by Destination,2022,DAVINCI,12.4,USD millions (nominal),,PEBD sheet 'Funding by Destination' cell V64,R73; PEBD pull 2026-09-27 (workbook updated 2025-11-13); attribution: The Planetary Society; conventions in 07 FINDINGS R73
planetary_society_pebd_mission_costs,Funding by Destination,2022,VERITAS,14.4,USD millions (nominal),,PEBD sheet 'Funding by Destination' cell W64,R73; PEBD pull 2026-09-27 (workbook updated 2025-11-13); attribution: The Planetary Society; conventions in 07 FINDINGS R73
planetary_society_pebd_mission_costs,Funding by Destination,2022,Envision,17.8,USD millions (nominal),,PEBD sheet 'Funding by Destination' cell X64,R73; PEBD pull 2026-09-27 (workbook updated 2025-11-13); attribution: The Planetary Society; conventions in 07 FINDINGS R73
planetary_society_pebd_mission_costs,Funding by Destination,2022,Venus,44.6,USD millions (nominal),,PEBD sheet 'Funding by Destination' cell Z64,R73; PEBD pull 2026-09-27 (workbook updated 2025-11-13); attribution: The Planetary Society; conventions in 07 FINDINGS R73
planetary_society_pebd_mission_costs,Funding by Destination,2022,Venus (inflation adj),49.6844,"USD millions (2025 dollars, PEBD inflation adjustment)",,PEBD sheet 'Funding by Destination' cell AA64,R73; PEBD pull 2026-09-27 (workbook updated 2025-11-13); attribution: The Planetary Society; conventions in 07 FINDINGS R73
planetary_society_pebd_mission_costs,Funding by Destination,2022,Mercury,0,USD millions (nominal),,PEBD sheet 'Funding by Destination' cell AD64,R73; PEBD pull 2026-09-27 (workbook updated 2025-11-13); attribution: The Planetary Society; conventions in 07 FINDINGS R73
planetary_society_pebd_mission_costs,Funding by Destination,2022,Mercury (inflation adj),0,"USD millions (2025 dollars, PEBD inflation adjustment)",,PEBD sheet 'Funding by Destination' cell AE64,R73; PEBD pull 2026-09-27 (workbook updated 2025-11-13); attribution: The Planetary Society; conventions in 07 FINDINGS R73
planetary_society_pebd_mission_costs,Funding by Destination,2022,Juno,31.8,USD millions (nominal),,PEBD sheet 'Funding by Destination' cell AJ64,R73; PEBD pull 2026-09-27 (workbook updated 2025-11-13); attribution: The Planetary Society; conventions in 07 FINDINGS R73
planetary_society_pebd_mission_costs,Funding by Destination,2022,Outer Planets Program,12.3,USD millions (nominal),,PEBD sheet 'Funding by Destination' cell AK64,R73; PEBD pull 2026-09-27 (workbook updated 2025-11-13); attribution: The Planetary Society; conventions in 07 FINDINGS R73
planetary_society_pebd_mission_costs,Funding by Destination,2022,Europa Clipper,472.1,USD millions (nominal),,PEBD sheet 'Funding by Destination' cell AL64,R73; PEBD pull 2026-09-27 (workbook updated 2025-11-13); attribution: The Planetary Society; conventions in 07 FINDINGS R73
planetary_society_pebd_mission_costs,Funding by Destination,2022,Outer Planets,516.2,USD millions (nominal),,PEBD sheet 'Funding by Destination' cell AM64,R73; PEBD pull 2026-09-27 (workbook updated 2025-11-13); attribution: The Planetary Society; conventions in 07 FINDINGS R73
planetary_society_pebd_mission_costs,Funding by Destination,2022,Outer Planets (inflation adj),575.0468,"USD millions (2025 dollars, PEBD inflation adjustment)",,PEBD sheet 'Funding by Destination' cell AN64,R73; PEBD pull 2026-09-27 (workbook updated 2025-11-13); attribution: The Planetary Society; conventions in 07 FINDINGS R73
planetary_society_pebd_mission_costs,Funding by Destination,2022,Lunar Exploration Program,478.6,USD millions (nominal),,PEBD sheet 'Funding by Destination' cell AT64,R73; PEBD pull 2026-09-27 (workbook updated 2025-11-13); attribution: The Planetary Society; conventions in 07 FINDINGS R73
planetary_society_pebd_mission_costs,Funding by Destination,2022,The Moon,478.6,USD millions (nominal),,PEBD sheet 'Funding by Destination' cell AU64,R73; PEBD pull 2026-09-27 (workbook updated 2025-11-13); attribution: The Planetary Society; conventions in 07 FINDINGS R73
planetary_society_pebd_mission_costs,Funding by Destination,2022,The Moon (inflation adj),562.8336,"USD millions (2025 dollars, PEBD inflation adjustment)",,PEBD sheet 'Funding by Destination' cell AV64,R73; PEBD pull 2026-09-27 (workbook updated 2025-11-13); attribution: The Planetary Society; conventions in 07 FINDINGS R73
planetary_society_pebd_mission_costs,Funding by Destination,2022,New Horizons,9.5,USD millions (nominal),,PEBD sheet 'Funding by Destination' cell BC64,R73; PEBD pull 2026-09-27 (workbook updated 2025-11-13); attribution: The Planetary Society; conventions in 07 FINDINGS R73
planetary_society_pebd_mission_costs,Funding by Destination,2022,OSIRIS-REx,12.5,USD millions (nominal),,PEBD sheet 'Funding by Destination' cell BD64,R73; PEBD pull 2026-09-27 (workbook updated 2025-11-13); attribution: The Planetary Society; conventions in 07 FINDINGS R73
planetary_society_pebd_mission_costs,Funding by Destination,2022,Lucy,44.6,USD millions (nominal),,PEBD sheet 'Funding by Destination' cell BE64,R73; PEBD pull 2026-09-27 (workbook updated 2025-11-13); attribution: The Planetary Society; conventions in 07 FINDINGS R73
planetary_society_pebd_mission_costs,Funding by Destination,2022,Psyche,163.8,USD millions (nominal),,PEBD sheet 'Funding by Destination' cell BF64,R73; PEBD pull 2026-09-27 (workbook updated 2025-11-13); attribution: The Planetary Society; conventions in 07 FINDINGS R73
planetary_society_pebd_mission_costs,Funding by Destination,2022,Small Bodies,230.4,USD millions (nominal),,PEBD sheet 'Funding by Destination' cell BG64,R73; PEBD pull 2026-09-27 (workbook updated 2025-11-13); attribution: The Planetary Society; conventions in 07 FINDINGS R73
planetary_society_pebd_mission_costs,Funding by Destination,2022,Small Bodies (inflation adj),230.4,"USD millions (2025 dollars, PEBD inflation adjustment)",,PEBD sheet 'Funding by Destination' cell BH64,R73; PEBD pull 2026-09-27 (workbook updated 2025-11-13); attribution: The Planetary Society; conventions in 07 FINDINGS R73
planetary_society_pebd_mission_costs,Funding by Destination,2023,Mars Exploration Program,248.2,USD millions (nominal),,PEBD sheet 'Funding by Destination' cell K65,R73; PEBD pull 2026-09-27 (workbook updated 2025-11-13); attribution: The Planetary Society; conventions in 07 FINDINGS R73
planetary_society_pebd_mission_costs,Funding by Destination,2023,InSight,0.3,USD millions (nominal),,PEBD sheet 'Funding by Destination' cell L65,R73; PEBD pull 2026-09-27 (workbook updated 2025-11-13); attribution: The Planetary Society; conventions in 07 FINDINGS R73
planetary_society_pebd_mission_costs,Funding by Destination,2023,MSR,818.8,USD millions (nominal),,PEBD sheet 'Funding by Destination' cell M65,R73; PEBD pull 2026-09-27 (workbook updated 2025-11-13); attribution: The Planetary Society; conventions in 07 FINDINGS R73
planetary_society_pebd_mission_costs,Funding by Destination,2023,Mars,1067.3,USD millions (nominal),,PEBD sheet 'Funding by Destination' cell N65,R73; PEBD pull 2026-09-27 (workbook updated 2025-11-13); attribution: The Planetary Society; conventions in 07 FINDINGS R73
planetary_society_pebd_mission_costs,Funding by Destination,2023,Mars (inflation adj),1067.3,"USD millions (2025 dollars, PEBD inflation adjustment)",,PEBD sheet 'Funding by Destination' cell O65,R73; PEBD pull 2026-09-27 (workbook updated 2025-11-13); attribution: The Planetary Society; conventions in 07 FINDINGS R73
planetary_society_pebd_mission_costs,Funding by Destination,2023,DAVINCI,20.2,USD millions (nominal),,PEBD sheet 'Funding by Destination' cell V65,R73; PEBD pull 2026-09-27 (workbook updated 2025-11-13); attribution: The Planetary Society; conventions in 07 FINDINGS R73
planetary_society_pebd_mission_costs,Funding by Destination,2023,VERITAS,9.5,USD millions (nominal),,PEBD sheet 'Funding by Destination' cell W65,R73; PEBD pull 2026-09-27 (workbook updated 2025-11-13); attribution: The Planetary Society; conventions in 07 FINDINGS R73
planetary_society_pebd_mission_costs,Funding by Destination,2023,Envision,10.9,USD millions (nominal),,PEBD sheet 'Funding by Destination' cell X65,R73; PEBD pull 2026-09-27 (workbook updated 2025-11-13); attribution: The Planetary Society; conventions in 07 FINDINGS R73
planetary_society_pebd_mission_costs,Funding by Destination,2023,Venus,40.6,USD millions (nominal),,PEBD sheet 'Funding by Destination' cell Z65,R73; PEBD pull 2026-09-27 (workbook updated 2025-11-13); attribution: The Planetary Society; conventions in 07 FINDINGS R73
planetary_society_pebd_mission_costs,Funding by Destination,2023,Venus (inflation adj),40.6,"USD millions (2025 dollars, PEBD inflation adjustment)",,PEBD sheet 'Funding by Destination' cell AA65,R73; PEBD pull 2026-09-27 (workbook updated 2025-11-13); attribution: The Planetary Society; conventions in 07 FINDINGS R73
planetary_society_pebd_mission_costs,Funding by Destination,2023,Mercury,0,USD millions (nominal),,PEBD sheet 'Funding by Destination' cell AD65,R73; PEBD pull 2026-09-27 (workbook updated 2025-11-13); attribution: The Planetary Society; conventions in 07 FINDINGS R73
planetary_society_pebd_mission_costs,Funding by Destination,2023,Mercury (inflation adj),0,"USD millions (2025 dollars, PEBD inflation adjustment)",,PEBD sheet 'Funding by Destination' cell AE65,R73; PEBD pull 2026-09-27 (workbook updated 2025-11-13); attribution: The Planetary Society; conventions in 07 FINDINGS R73
planetary_society_pebd_mission_costs,Funding by Destination,2023,Juno,30.5,USD millions (nominal),,PEBD sheet 'Funding by Destination' cell AJ65,R73; PEBD pull 2026-09-27 (workbook updated 2025-11-13); attribution: The Planetary Society; conventions in 07 FINDINGS R73
planetary_society_pebd_mission_costs,Funding by Destination,2023,Outer Planets Program,11.8,USD millions (nominal),,PEBD sheet 'Funding by Destination' cell AK65,R73; PEBD pull 2026-09-27 (workbook updated 2025-11-13); attribution: The Planetary Society; conventions in 07 FINDINGS R73
planetary_society_pebd_mission_costs,Funding by Destination,2023,Europa Clipper,345,USD millions (nominal),,PEBD sheet 'Funding by Destination' cell AL65,R73; PEBD pull 2026-09-27 (workbook updated 2025-11-13); attribution: The Planetary Society; conventions in 07 FINDINGS R73
planetary_society_pebd_mission_costs,Funding by Destination,2023,Outer Planets,387.3,USD millions (nominal),,PEBD sheet 'Funding by Destination' cell AM65,R73; PEBD pull 2026-09-27 (workbook updated 2025-11-13); attribution: The Planetary Society; conventions in 07 FINDINGS R73
planetary_society_pebd_mission_costs,Funding by Destination,2023,Outer Planets (inflation adj),387.3,"USD millions (2025 dollars, PEBD inflation adjustment)",,PEBD sheet 'Funding by Destination' cell AN65,R73; PEBD pull 2026-09-27 (workbook updated 2025-11-13); attribution: The Planetary Society; conventions in 07 FINDINGS R73
planetary_society_pebd_mission_costs,Funding by Destination,2023,Lunar Exploration Program,486.3,USD millions (nominal),,PEBD sheet 'Funding by Destination' cell AT65,R73; PEBD pull 2026-09-27 (workbook updated 2025-11-13); attribution: The Planetary Society; conventions in 07 FINDINGS R73
planetary_society_pebd_mission_costs,Funding by Destination,2023,The Moon,486.3,USD millions (nominal),,PEBD sheet 'Funding by Destination' cell AU65,R73; PEBD pull 2026-09-27 (workbook updated 2025-11-13); attribution: The Planetary Society; conventions in 07 FINDINGS R73
planetary_society_pebd_mission_costs,Funding by Destination,2023,The Moon (inflation adj),541.7382,"USD millions (2025 dollars, PEBD inflation adjustment)",,PEBD sheet 'Funding by Destination' cell AV65,R73; PEBD pull 2026-09-27 (workbook updated 2025-11-13); attribution: The Planetary Society; conventions in 07 FINDINGS R73
planetary_society_pebd_mission_costs,Funding by Destination,2023,OSIRIS-REx,30.7,USD millions (nominal),,PEBD sheet 'Funding by Destination' cell BD65,R73; PEBD pull 2026-09-27 (workbook updated 2025-11-13); attribution: The Planetary Society; conventions in 07 FINDINGS R73
planetary_society_pebd_mission_costs,Funding by Destination,2023,Lucy,18.9,USD millions (nominal),,PEBD sheet 'Funding by Destination' cell BE65,R73; PEBD pull 2026-09-27 (workbook updated 2025-11-13); attribution: The Planetary Society; conventions in 07 FINDINGS R73
planetary_society_pebd_mission_costs,Funding by Destination,2023,Psyche,109.3,USD millions (nominal),,PEBD sheet 'Funding by Destination' cell BF65,R73; PEBD pull 2026-09-27 (workbook updated 2025-11-13); attribution: The Planetary Society; conventions in 07 FINDINGS R73
planetary_society_pebd_mission_costs,Funding by Destination,2023,Small Bodies,158.9,USD millions (nominal),,PEBD sheet 'Funding by Destination' cell BG65,R73; PEBD pull 2026-09-27 (workbook updated 2025-11-13); attribution: The Planetary Society; conventions in 07 FINDINGS R73
planetary_society_pebd_mission_costs,Funding by Destination,2023,Small Bodies (inflation adj),158.9,"USD millions (2025 dollars, PEBD inflation adjustment)",,PEBD sheet 'Funding by Destination' cell BH65,R73; PEBD pull 2026-09-27 (workbook updated 2025-11-13); attribution: The Planetary Society; conventions in 07 FINDINGS R73
planetary_society_pebd_mission_costs,Funding by Destination,2024,Mars Exploration Program,255,USD millions (nominal),,PEBD sheet 'Funding by Destination' cell K66,R73; PEBD pull 2026-09-27 (workbook updated 2025-11-13); attribution: The Planetary Society; conventions in 07 FINDINGS R73
planetary_society_pebd_mission_costs,Funding by Destination,2024,MSR,310,USD millions (nominal),,PEBD sheet 'Funding by Destination' cell M66,R73; PEBD pull 2026-09-27 (workbook updated 2025-11-13); attribution: The Planetary Society; conventions in 07 FINDINGS R73
planetary_society_pebd_mission_costs,Funding by Destination,2024,Mars,565,USD millions (nominal),,PEBD sheet 'Funding by Destination' cell N66,R73; PEBD pull 2026-09-27 (workbook updated 2025-11-13); attribution: The Planetary Society; conventions in 07 FINDINGS R73
planetary_society_pebd_mission_costs,Funding by Destination,2024,Mars (inflation adj),565,"USD millions (2025 dollars, PEBD inflation adjustment)",,PEBD sheet 'Funding by Destination' cell O66,R73; PEBD pull 2026-09-27 (workbook updated 2025-11-13); attribution: The Planetary Society; conventions in 07 FINDINGS R73
planetary_society_pebd_mission_costs,Funding by Destination,2024,DAVINCI,30.3,USD millions (nominal),,PEBD sheet 'Funding by Destination' cell V66,R73; PEBD pull 2026-09-27 (workbook updated 2025-11-13); attribution: The Planetary Society; conventions in 07 FINDINGS R73
planetary_society_pebd_mission_costs,Funding by Destination,2024,VERITAS,5,USD millions (nominal),,PEBD sheet 'Funding by Destination' cell W66,R73; PEBD pull 2026-09-27 (workbook updated 2025-11-13); attribution: The Planetary Society; conventions in 07 FINDINGS R73
planetary_society_pebd_mission_costs,Funding by Destination,2024,Envision,30.3,USD millions (nominal),,PEBD sheet 'Funding by Destination' cell X66,R73; PEBD pull 2026-09-27 (workbook updated 2025-11-13); attribution: The Planetary Society; conventions in 07 FINDINGS R73
planetary_society_pebd_mission_costs,Funding by Destination,2024,Venus Technology,5.7,USD millions (nominal),,PEBD sheet 'Funding by Destination' cell Y66,R73; PEBD pull 2026-09-27 (workbook updated 2025-11-13); attribution: The Planetary Society; conventions in 07 FINDINGS R73
planetary_society_pebd_mission_costs,Funding by Destination,2024,Venus,65.6,USD millions (nominal),,PEBD sheet 'Funding by Destination' cell Z66,R73; PEBD pull 2026-09-27 (workbook updated 2025-11-13); attribution: The Planetary Society; conventions in 07 FINDINGS R73
planetary_society_pebd_mission_costs,Funding by Destination,2024,Venus (inflation adj),65.6,"USD millions (2025 dollars, PEBD inflation adjustment)",,PEBD sheet 'Funding by Destination' cell AA66,R73; PEBD pull 2026-09-27 (workbook updated 2025-11-13); attribution: The Planetary Society; conventions in 07 FINDINGS R73
planetary_society_pebd_mission_costs,Funding by Destination,2024,Mercury,0,USD millions (nominal),,PEBD sheet 'Funding by Destination' cell AD66,R73; PEBD pull 2026-09-27 (workbook updated 2025-11-13); attribution: The Planetary Society; conventions in 07 FINDINGS R73
planetary_society_pebd_mission_costs,Funding by Destination,2024,Mercury (inflation adj),0,"USD millions (2025 dollars, PEBD inflation adjustment)",,PEBD sheet 'Funding by Destination' cell AE66,R73; PEBD pull 2026-09-27 (workbook updated 2025-11-13); attribution: The Planetary Society; conventions in 07 FINDINGS R73
planetary_society_pebd_mission_costs,Funding by Destination,2024,Juno,28.4,USD millions (nominal),,PEBD sheet 'Funding by Destination' cell AJ66,R73; PEBD pull 2026-09-27 (workbook updated 2025-11-13); attribution: The Planetary Society; conventions in 07 FINDINGS R73
planetary_society_pebd_mission_costs,Funding by Destination,2024,Outer Planets Program,12.6,USD millions (nominal),,PEBD sheet 'Funding by Destination' cell AK66,R73; PEBD pull 2026-09-27 (workbook updated 2025-11-13); attribution: The Planetary Society; conventions in 07 FINDINGS R73
planetary_society_pebd_mission_costs,Funding by Destination,2024,Europa Clipper,339.9,USD millions (nominal),,PEBD sheet 'Funding by Destination' cell AL66,R73; PEBD pull 2026-09-27 (workbook updated 2025-11-13); attribution: The Planetary Society; conventions in 07 FINDINGS R73
planetary_society_pebd_mission_costs,Funding by Destination,2024,Outer Planets,380.9,USD millions (nominal),,PEBD sheet 'Funding by Destination' cell AM66,R73; PEBD pull 2026-09-27 (workbook updated 2025-11-13); attribution: The Planetary Society; conventions in 07 FINDINGS R73
planetary_society_pebd_mission_costs,Funding by Destination,2024,Outer Planets (inflation adj),380.9,"USD millions (2025 dollars, PEBD inflation adjustment)",,PEBD sheet 'Funding by Destination' cell AN66,R73; PEBD pull 2026-09-27 (workbook updated 2025-11-13); attribution: The Planetary Society; conventions in 07 FINDINGS R73
planetary_society_pebd_mission_costs,Funding by Destination,2024,Lunar Exploration Program,363.4,USD millions (nominal),,PEBD sheet 'Funding by Destination' cell AT66,R73; PEBD pull 2026-09-27 (workbook updated 2025-11-13); attribution: The Planetary Society; conventions in 07 FINDINGS R73
planetary_society_pebd_mission_costs,Funding by Destination,2024,The Moon,363.4,USD millions (nominal),,PEBD sheet 'Funding by Destination' cell AU66,R73; PEBD pull 2026-09-27 (workbook updated 2025-11-13); attribution: The Planetary Society; conventions in 07 FINDINGS R73
planetary_society_pebd_mission_costs,Funding by Destination,2024,The Moon (inflation adj),389.5648,"USD millions (2025 dollars, PEBD inflation adjustment)",,PEBD sheet 'Funding by Destination' cell AV66,R73; PEBD pull 2026-09-27 (workbook updated 2025-11-13); attribution: The Planetary Society; conventions in 07 FINDINGS R73
planetary_society_pebd_mission_costs,Funding by Destination,2024,OSIRIS-REx,16.8,USD millions (nominal),,PEBD sheet 'Funding by Destination' cell BD66,R73; PEBD pull 2026-09-27 (workbook updated 2025-11-13); attribution: The Planetary Society; conventions in 07 FINDINGS R73
planetary_society_pebd_mission_costs,Funding by Destination,2024,Lucy,25.6,USD millions (nominal),,PEBD sheet 'Funding by Destination' cell BE66,R73; PEBD pull 2026-09-27 (workbook updated 2025-11-13); attribution: The Planetary Society; conventions in 07 FINDINGS R73
planetary_society_pebd_mission_costs,Funding by Destination,2024,Psyche,57.7,USD millions (nominal),,PEBD sheet 'Funding by Destination' cell BF66,R73; PEBD pull 2026-09-27 (workbook updated 2025-11-13); attribution: The Planetary Society; conventions in 07 FINDINGS R73
planetary_society_pebd_mission_costs,Funding by Destination,2024,Small Bodies,100.1,USD millions (nominal),,PEBD sheet 'Funding by Destination' cell BG66,R73; PEBD pull 2026-09-27 (workbook updated 2025-11-13); attribution: The Planetary Society; conventions in 07 FINDINGS R73
planetary_society_pebd_mission_costs,Funding by Destination,2024,Small Bodies (inflation adj),100.1,"USD millions (2025 dollars, PEBD inflation adjustment)",,PEBD sheet 'Funding by Destination' cell BH66,R73; PEBD pull 2026-09-27 (workbook updated 2025-11-13); attribution: The Planetary Society; conventions in 07 FINDINGS R73
planetary_society_pebd_mission_costs,Funding by Destination,Total,Mars,18116.993,USD millions (nominal),,PEBD sheet 'Funding by Destination' cell N67,R73; PEBD pull 2026-09-27 (workbook updated 2025-11-13); attribution: The Planetary Society; conventions in 07 FINDINGS R73
planetary_society_pebd_mission_costs,Funding by Destination,Total,Mars (inflation adj),38840.90536,"USD millions (2025 dollars, PEBD inflation adjustment)",,PEBD sheet 'Funding by Destination' cell O67,R73; PEBD pull 2026-09-27 (workbook updated 2025-11-13); attribution: The Planetary Society; conventions in 07 FINDINGS R73
planetary_society_pebd_mission_costs,Funding by Destination,Total,Venus,1137.246333,USD millions (nominal),,PEBD sheet 'Funding by Destination' cell Z67,R73; PEBD pull 2026-09-27 (workbook updated 2025-11-13); attribution: The Planetary Society; conventions in 07 FINDINGS R73
planetary_society_pebd_mission_costs,Funding by Destination,Total,Venus (inflation adj),4589.697878,"USD millions (2025 dollars, PEBD inflation adjustment)",,PEBD sheet 'Funding by Destination' cell AA67,R73; PEBD pull 2026-09-27 (workbook updated 2025-11-13); attribution: The Planetary Society; conventions in 07 FINDINGS R73
planetary_society_pebd_mission_costs,Funding by Destination,Total,Mercury,578.107,USD millions (nominal),,PEBD sheet 'Funding by Destination' cell AD67,R73; PEBD pull 2026-09-27 (workbook updated 2025-11-13); attribution: The Planetary Society; conventions in 07 FINDINGS R73
planetary_society_pebd_mission_costs,Funding by Destination,Total,Mercury (inflation adj),1813.846435,"USD millions (2025 dollars, PEBD inflation adjustment)",,PEBD sheet 'Funding by Destination' cell AE67,R73; PEBD pull 2026-09-27 (workbook updated 2025-11-13); attribution: The Planetary Society; conventions in 07 FINDINGS R73
planetary_society_pebd_mission_costs,Funding by Destination,Total,Outer Planets,11691.67529,USD millions (nominal),,PEBD sheet 'Funding by Destination' cell AM67,R73; PEBD pull 2026-09-27 (workbook updated 2025-11-13); attribution: The Planetary Society; conventions in 07 FINDINGS R73
planetary_society_pebd_mission_costs,Funding by Destination,Total,Outer Planets (inflation adj),23489.80765,"USD millions (2025 dollars, PEBD inflation adjustment)",,PEBD sheet 'Funding by Destination' cell AN67,R73; PEBD pull 2026-09-27 (workbook updated 2025-11-13); attribution: The Planetary Society; conventions in 07 FINDINGS R73
planetary_society_pebd_mission_costs,Funding by Destination,Total,The Moon,4400.152,USD millions (nominal),,PEBD sheet 'Funding by Destination' cell AU67,R73; PEBD pull 2026-09-27 (workbook updated 2025-11-13); attribution: The Planetary Society; conventions in 07 FINDINGS R73
planetary_society_pebd_mission_costs,Funding by Destination,Total,The Moon (inflation adj),18017.60945,"USD millions (2025 dollars, PEBD inflation adjustment)",,PEBD sheet 'Funding by Destination' cell AV67,R73; PEBD pull 2026-09-27 (workbook updated 2025-11-13); attribution: The Planetary Society; conventions in 07 FINDINGS R73
planetary_society_pebd_mission_costs,Funding by Destination,Total,Small Bodies,5266.225,USD millions (nominal),,PEBD sheet 'Funding by Destination' cell BG67,R73; PEBD pull 2026-09-27 (workbook updated 2025-11-13); attribution: The Planetary Society; conventions in 07 FINDINGS R73
planetary_society_pebd_mission_costs,Funding by Destination,Total,Small Bodies (inflation adj),7821.56885,"USD millions (2025 dollars, PEBD inflation adjustment)",,PEBD sheet 'Funding by Destination' cell BH67,R73; PEBD pull 2026-09-27 (workbook updated 2025-11-13); attribution: The Planetary Society; conventions in 07 FINDINGS R73
