source_id,sheet,row_label,column_header,value,unit,italic_estimate,location_in_source,notes
planetary_society_pebd_mission_costs,"Major Programs, 1994 - current",1994,Total Planetary Science,771.9,USD millions (nominal),,"PEBD sheet 'Major Programs, 1994 - current' cell C2",R73; PEBD pull 2026-09-27 (workbook updated 2025-11-13); attribution: The Planetary Society; conventions in 07 FINDINGS R73
planetary_society_pebd_mission_costs,"Major Programs, 1994 - current",1994,Discovery (actual),127.4,USD millions (nominal),,"PEBD sheet 'Major Programs, 1994 - current' cell F2",R73; PEBD pull 2026-09-27 (workbook updated 2025-11-13); attribution: The Planetary Society; conventions in 07 FINDINGS R73
planetary_society_pebd_mission_costs,"Major Programs, 1994 - current",1994,"Discovery (actual, inflation adj)",288.3062,"USD millions (2025 dollars, PEBD inflation adjustment)",,"PEBD sheet 'Major Programs, 1994 - current' cell H2",R73; PEBD pull 2026-09-27 (workbook updated 2025-11-13); attribution: The Planetary Society; conventions in 07 FINDINGS R73
planetary_society_pebd_mission_costs,"Major Programs, 1994 - current",1994,Discovery % of Planetary,0.1650472859,fraction (0-1),,"PEBD sheet 'Major Programs, 1994 - current' cell I2",R73; PEBD pull 2026-09-27 (workbook updated 2025-11-13); attribution: The Planetary Society; conventions in 07 FINDINGS R73
planetary_society_pebd_mission_costs,"Major Programs, 1994 - current",1994,Mars Exploration Program (actual),14.6,USD millions (nominal),,"PEBD sheet 'Major Programs, 1994 - current' cell R2",R73; PEBD pull 2026-09-27 (workbook updated 2025-11-13); attribution: The Planetary Society; conventions in 07 FINDINGS R73
planetary_society_pebd_mission_costs,"Major Programs, 1994 - current",1994,"Mars Exploration Program (actual, inflation adj)",33.0398,"USD millions (2025 dollars, PEBD inflation adjustment)",,"PEBD sheet 'Major Programs, 1994 - current' cell T2",R73; PEBD pull 2026-09-27 (workbook updated 2025-11-13); attribution: The Planetary Society; conventions in 07 FINDINGS R73
planetary_society_pebd_mission_costs,"Major Programs, 1994 - current",1994,Mars Exploration Program % of Planetary,0.01891436715,fraction (0-1),,"PEBD sheet 'Major Programs, 1994 - current' cell U2",R73; PEBD pull 2026-09-27 (workbook updated 2025-11-13); attribution: The Planetary Society; conventions in 07 FINDINGS R73
planetary_society_pebd_mission_costs,"Major Programs, 1994 - current",1995,Total Planetary Science,825.2,USD millions (nominal),,"PEBD sheet 'Major Programs, 1994 - current' cell C3",R73; PEBD pull 2026-09-27 (workbook updated 2025-11-13); attribution: The Planetary Society; conventions in 07 FINDINGS R73
planetary_society_pebd_mission_costs,"Major Programs, 1994 - current",1995,Discovery (requested),129.7,USD millions (nominal),,"PEBD sheet 'Major Programs, 1994 - current' cell D3",R73; PEBD pull 2026-09-27 (workbook updated 2025-11-13); attribution: The Planetary Society; conventions in 07 FINDINGS R73
planetary_society_pebd_mission_costs,"Major Programs, 1994 - current",1995,Discovery (actual),129.7,USD millions (nominal),,"PEBD sheet 'Major Programs, 1994 - current' cell F3",R73; PEBD pull 2026-09-27 (workbook updated 2025-11-13); attribution: The Planetary Society; conventions in 07 FINDINGS R73
planetary_society_pebd_mission_costs,"Major Programs, 1994 - current",1995,"Discovery (requested, inflation adj)",285.9885,"USD millions (2025 dollars, PEBD inflation adjustment)",,"PEBD sheet 'Major Programs, 1994 - current' cell G3",R73; PEBD pull 2026-09-27 (workbook updated 2025-11-13); attribution: The Planetary Society; conventions in 07 FINDINGS R73
planetary_society_pebd_mission_costs,"Major Programs, 1994 - current",1995,"Discovery (actual, inflation adj)",285.9885,"USD millions (2025 dollars, PEBD inflation adjustment)",,"PEBD sheet 'Major Programs, 1994 - current' cell H3",R73; PEBD pull 2026-09-27 (workbook updated 2025-11-13); attribution: The Planetary Society; conventions in 07 FINDINGS R73
planetary_society_pebd_mission_costs,"Major Programs, 1994 - current",1995,Discovery % of Planetary,0.1571740184,fraction (0-1),,"PEBD sheet 'Major Programs, 1994 - current' cell I3",R73; PEBD pull 2026-09-27 (workbook updated 2025-11-13); attribution: The Planetary Society; conventions in 07 FINDINGS R73
planetary_society_pebd_mission_costs,"Major Programs, 1994 - current",1995,Mars Exploration Program (requested),101.6,USD millions (nominal),,"PEBD sheet 'Major Programs, 1994 - current' cell P3",R73; PEBD pull 2026-09-27 (workbook updated 2025-11-13); attribution: The Planetary Society; conventions in 07 FINDINGS R73
planetary_society_pebd_mission_costs,"Major Programs, 1994 - current",1995,Mars Exploration Program (actual),83.3,USD millions (nominal),,"PEBD sheet 'Major Programs, 1994 - current' cell R3",R73; PEBD pull 2026-09-27 (workbook updated 2025-11-13); attribution: The Planetary Society; conventions in 07 FINDINGS R73
planetary_society_pebd_mission_costs,"Major Programs, 1994 - current",1995,"Mars Exploration Program (requested, inflation adj)",224.028,"USD millions (2025 dollars, PEBD inflation adjustment)",,"PEBD sheet 'Major Programs, 1994 - current' cell S3",R73; PEBD pull 2026-09-27 (workbook updated 2025-11-13); attribution: The Planetary Society; conventions in 07 FINDINGS R73
planetary_society_pebd_mission_costs,"Major Programs, 1994 - current",1995,"Mars Exploration Program (actual, inflation adj)",183.6765,"USD millions (2025 dollars, PEBD inflation adjustment)",,"PEBD sheet 'Major Programs, 1994 - current' cell T3",R73; PEBD pull 2026-09-27 (workbook updated 2025-11-13); attribution: The Planetary Society; conventions in 07 FINDINGS R73
planetary_society_pebd_mission_costs,"Major Programs, 1994 - current",1995,Mars Exploration Program % of Planetary,0.1009452254,fraction (0-1),,"PEBD sheet 'Major Programs, 1994 - current' cell U3",R73; PEBD pull 2026-09-27 (workbook updated 2025-11-13); attribution: The Planetary Society; conventions in 07 FINDINGS R73
planetary_society_pebd_mission_costs,"Major Programs, 1994 - current",1996,Total Planetary Science,833.8,USD millions (nominal),,"PEBD sheet 'Major Programs, 1994 - current' cell C4",R73; PEBD pull 2026-09-27 (workbook updated 2025-11-13); attribution: The Planetary Society; conventions in 07 FINDINGS R73
planetary_society_pebd_mission_costs,"Major Programs, 1994 - current",1996,Discovery (requested),103.8,USD millions (nominal),,"PEBD sheet 'Major Programs, 1994 - current' cell D4",R73; PEBD pull 2026-09-27 (workbook updated 2025-11-13); attribution: The Planetary Society; conventions in 07 FINDINGS R73
planetary_society_pebd_mission_costs,"Major Programs, 1994 - current",1996,Discovery (actual),102.2,USD millions (nominal),,"PEBD sheet 'Major Programs, 1994 - current' cell F4",R73; PEBD pull 2026-09-27 (workbook updated 2025-11-13); attribution: The Planetary Society; conventions in 07 FINDINGS R73
planetary_society_pebd_mission_costs,"Major Programs, 1994 - current",1996,"Discovery (requested, inflation adj)",223.2738,"USD millions (2025 dollars, PEBD inflation adjustment)",,"PEBD sheet 'Major Programs, 1994 - current' cell G4",R73; PEBD pull 2026-09-27 (workbook updated 2025-11-13); attribution: The Planetary Society; conventions in 07 FINDINGS R73
planetary_society_pebd_mission_costs,"Major Programs, 1994 - current",1996,"Discovery (actual, inflation adj)",219.8322,"USD millions (2025 dollars, PEBD inflation adjustment)",,"PEBD sheet 'Major Programs, 1994 - current' cell H4",R73; PEBD pull 2026-09-27 (workbook updated 2025-11-13); attribution: The Planetary Society; conventions in 07 FINDINGS R73
planetary_society_pebd_mission_costs,"Major Programs, 1994 - current",1996,Discovery % of Planetary,0.12257136,fraction (0-1),,"PEBD sheet 'Major Programs, 1994 - current' cell I4",R73; PEBD pull 2026-09-27 (workbook updated 2025-11-13); attribution: The Planetary Society; conventions in 07 FINDINGS R73
planetary_society_pebd_mission_costs,"Major Programs, 1994 - current",1996,Mars Exploration Program (requested),109.9,USD millions (nominal),,"PEBD sheet 'Major Programs, 1994 - current' cell P4",R73; PEBD pull 2026-09-27 (workbook updated 2025-11-13); attribution: The Planetary Society; conventions in 07 FINDINGS R73
planetary_society_pebd_mission_costs,"Major Programs, 1994 - current",1996,Mars Exploration Program (actual),143.7,USD millions (nominal),,"PEBD sheet 'Major Programs, 1994 - current' cell R4",R73; PEBD pull 2026-09-27 (workbook updated 2025-11-13); attribution: The Planetary Society; conventions in 07 FINDINGS R73
planetary_society_pebd_mission_costs,"Major Programs, 1994 - current",1996,"Mars Exploration Program (requested, inflation adj)",236.3949,"USD millions (2025 dollars, PEBD inflation adjustment)",,"PEBD sheet 'Major Programs, 1994 - current' cell S4",R73; PEBD pull 2026-09-27 (workbook updated 2025-11-13); attribution: The Planetary Society; conventions in 07 FINDINGS R73
planetary_society_pebd_mission_costs,"Major Programs, 1994 - current",1996,"Mars Exploration Program (actual, inflation adj)",309.0987,"USD millions (2025 dollars, PEBD inflation adjustment)",,"PEBD sheet 'Major Programs, 1994 - current' cell T4",R73; PEBD pull 2026-09-27 (workbook updated 2025-11-13); attribution: The Planetary Society; conventions in 07 FINDINGS R73
planetary_society_pebd_mission_costs,"Major Programs, 1994 - current",1996,Mars Exploration Program % of Planetary,0.1723434876,fraction (0-1),,"PEBD sheet 'Major Programs, 1994 - current' cell U4",R73; PEBD pull 2026-09-27 (workbook updated 2025-11-13); attribution: The Planetary Society; conventions in 07 FINDINGS R73
planetary_society_pebd_mission_costs,"Major Programs, 1994 - current",1997,Total Planetary Science,676.9,USD millions (nominal),,"PEBD sheet 'Major Programs, 1994 - current' cell C5",R73; PEBD pull 2026-09-27 (workbook updated 2025-11-13); attribution: The Planetary Society; conventions in 07 FINDINGS R73
planetary_society_pebd_mission_costs,"Major Programs, 1994 - current",1997,Discovery (requested),101.9,USD millions (nominal),,"PEBD sheet 'Major Programs, 1994 - current' cell D5",R73; PEBD pull 2026-09-27 (workbook updated 2025-11-13); attribution: The Planetary Society; conventions in 07 FINDINGS R73
planetary_society_pebd_mission_costs,"Major Programs, 1994 - current",1997,Discovery (actual),92.7,USD millions (nominal),,"PEBD sheet 'Major Programs, 1994 - current' cell F5",R73; PEBD pull 2026-09-27 (workbook updated 2025-11-13); attribution: The Planetary Society; conventions in 07 FINDINGS R73
planetary_society_pebd_mission_costs,"Major Programs, 1994 - current",1997,"Discovery (requested, inflation adj)",216.2318,"USD millions (2025 dollars, PEBD inflation adjustment)",,"PEBD sheet 'Major Programs, 1994 - current' cell G5",R73; PEBD pull 2026-09-27 (workbook updated 2025-11-13); attribution: The Planetary Society; conventions in 07 FINDINGS R73
planetary_society_pebd_mission_costs,"Major Programs, 1994 - current",1997,"Discovery (actual, inflation adj)",196.7094,"USD millions (2025 dollars, PEBD inflation adjustment)",,"PEBD sheet 'Major Programs, 1994 - current' cell H5",R73; PEBD pull 2026-09-27 (workbook updated 2025-11-13); attribution: The Planetary Society; conventions in 07 FINDINGS R73
planetary_society_pebd_mission_costs,"Major Programs, 1994 - current",1997,Discovery % of Planetary,0.1369478505,fraction (0-1),,"PEBD sheet 'Major Programs, 1994 - current' cell I5",R73; PEBD pull 2026-09-27 (workbook updated 2025-11-13); attribution: The Planetary Society; conventions in 07 FINDINGS R73
planetary_society_pebd_mission_costs,"Major Programs, 1994 - current",1997,Mars Exploration Program (requested),140.4,USD millions (nominal),,"PEBD sheet 'Major Programs, 1994 - current' cell P5",R73; PEBD pull 2026-09-27 (workbook updated 2025-11-13); attribution: The Planetary Society; conventions in 07 FINDINGS R73
planetary_society_pebd_mission_costs,"Major Programs, 1994 - current",1997,Mars Exploration Program (actual),143,USD millions (nominal),,"PEBD sheet 'Major Programs, 1994 - current' cell R5",R73; PEBD pull 2026-09-27 (workbook updated 2025-11-13); attribution: The Planetary Society; conventions in 07 FINDINGS R73
planetary_society_pebd_mission_costs,"Major Programs, 1994 - current",1997,"Mars Exploration Program (requested, inflation adj)",297.9288,"USD millions (2025 dollars, PEBD inflation adjustment)",,"PEBD sheet 'Major Programs, 1994 - current' cell S5",R73; PEBD pull 2026-09-27 (workbook updated 2025-11-13); attribution: The Planetary Society; conventions in 07 FINDINGS R73
planetary_society_pebd_mission_costs,"Major Programs, 1994 - current",1997,"Mars Exploration Program (actual, inflation adj)",303.446,"USD millions (2025 dollars, PEBD inflation adjustment)",,"PEBD sheet 'Major Programs, 1994 - current' cell T5",R73; PEBD pull 2026-09-27 (workbook updated 2025-11-13); attribution: The Planetary Society; conventions in 07 FINDINGS R73
planetary_society_pebd_mission_costs,"Major Programs, 1994 - current",1997,Mars Exploration Program % of Planetary,0.211257202,fraction (0-1),,"PEBD sheet 'Major Programs, 1994 - current' cell U5",R73; PEBD pull 2026-09-27 (workbook updated 2025-11-13); attribution: The Planetary Society; conventions in 07 FINDINGS R73
planetary_society_pebd_mission_costs,"Major Programs, 1994 - current",1998,Total Planetary Science,706.151,USD millions (nominal),,"PEBD sheet 'Major Programs, 1994 - current' cell C6",R73; PEBD pull 2026-09-27 (workbook updated 2025-11-13); attribution: The Planetary Society; conventions in 07 FINDINGS R73
planetary_society_pebd_mission_costs,"Major Programs, 1994 - current",1998,Discovery (requested),140.4,USD millions (nominal),,"PEBD sheet 'Major Programs, 1994 - current' cell D6",R73; PEBD pull 2026-09-27 (workbook updated 2025-11-13); attribution: The Planetary Society; conventions in 07 FINDINGS R73
planetary_society_pebd_mission_costs,"Major Programs, 1994 - current",1998,Discovery (actual),89.6,USD millions (nominal),,"PEBD sheet 'Major Programs, 1994 - current' cell F6",R73; PEBD pull 2026-09-27 (workbook updated 2025-11-13); attribution: The Planetary Society; conventions in 07 FINDINGS R73
planetary_society_pebd_mission_costs,"Major Programs, 1994 - current",1998,"Discovery (requested, inflation adj)",290.628,"USD millions (2025 dollars, PEBD inflation adjustment)",,"PEBD sheet 'Major Programs, 1994 - current' cell G6",R73; PEBD pull 2026-09-27 (workbook updated 2025-11-13); attribution: The Planetary Society; conventions in 07 FINDINGS R73
planetary_society_pebd_mission_costs,"Major Programs, 1994 - current",1998,"Discovery (actual, inflation adj)",185.472,"USD millions (2025 dollars, PEBD inflation adjustment)",,"PEBD sheet 'Major Programs, 1994 - current' cell H6",R73; PEBD pull 2026-09-27 (workbook updated 2025-11-13); attribution: The Planetary Society; conventions in 07 FINDINGS R73
planetary_society_pebd_mission_costs,"Major Programs, 1994 - current",1998,Discovery % of Planetary,0.126885043,fraction (0-1),,"PEBD sheet 'Major Programs, 1994 - current' cell I6",R73; PEBD pull 2026-09-27 (workbook updated 2025-11-13); attribution: The Planetary Society; conventions in 07 FINDINGS R73
planetary_society_pebd_mission_costs,"Major Programs, 1994 - current",1998,Mars Exploration Program (requested),163.7,USD millions (nominal),,"PEBD sheet 'Major Programs, 1994 - current' cell P6",R73; PEBD pull 2026-09-27 (workbook updated 2025-11-13); attribution: The Planetary Society; conventions in 07 FINDINGS R73
planetary_society_pebd_mission_costs,"Major Programs, 1994 - current",1998,Mars Exploration Program (actual),164.7,USD millions (nominal),,"PEBD sheet 'Major Programs, 1994 - current' cell R6",R73; PEBD pull 2026-09-27 (workbook updated 2025-11-13); attribution: The Planetary Society; conventions in 07 FINDINGS R73
planetary_society_pebd_mission_costs,"Major Programs, 1994 - current",1998,"Mars Exploration Program (requested, inflation adj)",338.859,"USD millions (2025 dollars, PEBD inflation adjustment)",,"PEBD sheet 'Major Programs, 1994 - current' cell S6",R73; PEBD pull 2026-09-27 (workbook updated 2025-11-13); attribution: The Planetary Society; conventions in 07 FINDINGS R73
planetary_society_pebd_mission_costs,"Major Programs, 1994 - current",1998,"Mars Exploration Program (actual, inflation adj)",340.929,"USD millions (2025 dollars, PEBD inflation adjustment)",,"PEBD sheet 'Major Programs, 1994 - current' cell T6",R73; PEBD pull 2026-09-27 (workbook updated 2025-11-13); attribution: The Planetary Society; conventions in 07 FINDINGS R73
planetary_society_pebd_mission_costs,"Major Programs, 1994 - current",1998,Mars Exploration Program % of Planetary,0.2332362342,fraction (0-1),,"PEBD sheet 'Major Programs, 1994 - current' cell U6",R73; PEBD pull 2026-09-27 (workbook updated 2025-11-13); attribution: The Planetary Society; conventions in 07 FINDINGS R73
planetary_society_pebd_mission_costs,"Major Programs, 1994 - current",1999,Total Planetary Science,787.751,USD millions (nominal),,"PEBD sheet 'Major Programs, 1994 - current' cell C7",R73; PEBD pull 2026-09-27 (workbook updated 2025-11-13); attribution: The Planetary Society; conventions in 07 FINDINGS R73
planetary_society_pebd_mission_costs,"Major Programs, 1994 - current",1999,Discovery (requested),159.3,USD millions (nominal),,"PEBD sheet 'Major Programs, 1994 - current' cell D7",R73; PEBD pull 2026-09-27 (workbook updated 2025-11-13); attribution: The Planetary Society; conventions in 07 FINDINGS R73
planetary_society_pebd_mission_costs,"Major Programs, 1994 - current",1999,Discovery (actual),131.6,USD millions (nominal),,"PEBD sheet 'Major Programs, 1994 - current' cell F7",R73; PEBD pull 2026-09-27 (workbook updated 2025-11-13); attribution: The Planetary Society; conventions in 07 FINDINGS R73
planetary_society_pebd_mission_costs,"Major Programs, 1994 - current",1999,"Discovery (requested, inflation adj)",321.9453,"USD millions (2025 dollars, PEBD inflation adjustment)",,"PEBD sheet 'Major Programs, 1994 - current' cell G7",R73; PEBD pull 2026-09-27 (workbook updated 2025-11-13); attribution: The Planetary Society; conventions in 07 FINDINGS R73
planetary_society_pebd_mission_costs,"Major Programs, 1994 - current",1999,"Discovery (actual, inflation adj)",265.9636,"USD millions (2025 dollars, PEBD inflation adjustment)",,"PEBD sheet 'Major Programs, 1994 - current' cell H7",R73; PEBD pull 2026-09-27 (workbook updated 2025-11-13); attribution: The Planetary Society; conventions in 07 FINDINGS R73
planetary_society_pebd_mission_costs,"Major Programs, 1994 - current",1999,Discovery % of Planetary,0.1670578647,fraction (0-1),,"PEBD sheet 'Major Programs, 1994 - current' cell I7",R73; PEBD pull 2026-09-27 (workbook updated 2025-11-13); attribution: The Planetary Society; conventions in 07 FINDINGS R73
planetary_society_pebd_mission_costs,"Major Programs, 1994 - current",1999,Mars Exploration Program (requested),171.4,USD millions (nominal),,"PEBD sheet 'Major Programs, 1994 - current' cell P7",R73; PEBD pull 2026-09-27 (workbook updated 2025-11-13); attribution: The Planetary Society; conventions in 07 FINDINGS R73
planetary_society_pebd_mission_costs,"Major Programs, 1994 - current",1999,Mars Exploration Program (actual),188.5,USD millions (nominal),,"PEBD sheet 'Major Programs, 1994 - current' cell R7",R73; PEBD pull 2026-09-27 (workbook updated 2025-11-13); attribution: The Planetary Society; conventions in 07 FINDINGS R73
planetary_society_pebd_mission_costs,"Major Programs, 1994 - current",1999,"Mars Exploration Program (requested, inflation adj)",346.3994,"USD millions (2025 dollars, PEBD inflation adjustment)",,"PEBD sheet 'Major Programs, 1994 - current' cell S7",R73; PEBD pull 2026-09-27 (workbook updated 2025-11-13); attribution: The Planetary Society; conventions in 07 FINDINGS R73
planetary_society_pebd_mission_costs,"Major Programs, 1994 - current",1999,"Mars Exploration Program (actual, inflation adj)",380.9585,"USD millions (2025 dollars, PEBD inflation adjustment)",,"PEBD sheet 'Major Programs, 1994 - current' cell T7",R73; PEBD pull 2026-09-27 (workbook updated 2025-11-13); attribution: The Planetary Society; conventions in 07 FINDINGS R73
planetary_society_pebd_mission_costs,"Major Programs, 1994 - current",1999,Mars Exploration Program % of Planetary,0.2392888108,fraction (0-1),,"PEBD sheet 'Major Programs, 1994 - current' cell U7",R73; PEBD pull 2026-09-27 (workbook updated 2025-11-13); attribution: The Planetary Society; conventions in 07 FINDINGS R73
planetary_society_pebd_mission_costs,"Major Programs, 1994 - current",2000,Total Planetary Science,912.839,USD millions (nominal),,"PEBD sheet 'Major Programs, 1994 - current' cell C8",R73; PEBD pull 2026-09-27 (workbook updated 2025-11-13); attribution: The Planetary Society; conventions in 07 FINDINGS R73
planetary_society_pebd_mission_costs,"Major Programs, 1994 - current",2000,Discovery (requested),158.9,USD millions (nominal),,"PEBD sheet 'Major Programs, 1994 - current' cell D8",R73; PEBD pull 2026-09-27 (workbook updated 2025-11-13); attribution: The Planetary Society; conventions in 07 FINDINGS R73
planetary_society_pebd_mission_costs,"Major Programs, 1994 - current",2000,Discovery (actual),135.3,USD millions (nominal),,"PEBD sheet 'Major Programs, 1994 - current' cell F8",R73; PEBD pull 2026-09-27 (workbook updated 2025-11-13); attribution: The Planetary Society; conventions in 07 FINDINGS R73
planetary_society_pebd_mission_costs,"Major Programs, 1994 - current",2000,"Discovery (requested, inflation adj)",308.5838,"USD millions (2025 dollars, PEBD inflation adjustment)",,"PEBD sheet 'Major Programs, 1994 - current' cell G8",R73; PEBD pull 2026-09-27 (workbook updated 2025-11-13); attribution: The Planetary Society; conventions in 07 FINDINGS R73
planetary_society_pebd_mission_costs,"Major Programs, 1994 - current",2000,"Discovery (actual, inflation adj)",262.7526,"USD millions (2025 dollars, PEBD inflation adjustment)",,"PEBD sheet 'Major Programs, 1994 - current' cell H8",R73; PEBD pull 2026-09-27 (workbook updated 2025-11-13); attribution: The Planetary Society; conventions in 07 FINDINGS R73
planetary_society_pebd_mission_costs,"Major Programs, 1994 - current",2000,Discovery % of Planetary,0.1482189083,fraction (0-1),,"PEBD sheet 'Major Programs, 1994 - current' cell I8",R73; PEBD pull 2026-09-27 (workbook updated 2025-11-13); attribution: The Planetary Society; conventions in 07 FINDINGS R73
planetary_society_pebd_mission_costs,"Major Programs, 1994 - current",2000,Mars Exploration Program (requested),230.2,USD millions (nominal),,"PEBD sheet 'Major Programs, 1994 - current' cell P8",R73; PEBD pull 2026-09-27 (workbook updated 2025-11-13); attribution: The Planetary Society; conventions in 07 FINDINGS R73
planetary_society_pebd_mission_costs,"Major Programs, 1994 - current",2000,Mars Exploration Program (actual),254.3,USD millions (nominal),,"PEBD sheet 'Major Programs, 1994 - current' cell R8",R73; PEBD pull 2026-09-27 (workbook updated 2025-11-13); attribution: The Planetary Society; conventions in 07 FINDINGS R73
planetary_society_pebd_mission_costs,"Major Programs, 1994 - current",2000,"Mars Exploration Program (requested, inflation adj)",447.0484,"USD millions (2025 dollars, PEBD inflation adjustment)",,"PEBD sheet 'Major Programs, 1994 - current' cell S8",R73; PEBD pull 2026-09-27 (workbook updated 2025-11-13); attribution: The Planetary Society; conventions in 07 FINDINGS R73
planetary_society_pebd_mission_costs,"Major Programs, 1994 - current",2000,"Mars Exploration Program (actual, inflation adj)",493.8506,"USD millions (2025 dollars, PEBD inflation adjustment)",,"PEBD sheet 'Major Programs, 1994 - current' cell T8",R73; PEBD pull 2026-09-27 (workbook updated 2025-11-13); attribution: The Planetary Society; conventions in 07 FINDINGS R73
planetary_society_pebd_mission_costs,"Major Programs, 1994 - current",2000,Mars Exploration Program % of Planetary,0.2785814366,fraction (0-1),,"PEBD sheet 'Major Programs, 1994 - current' cell U8",R73; PEBD pull 2026-09-27 (workbook updated 2025-11-13); attribution: The Planetary Society; conventions in 07 FINDINGS R73
planetary_society_pebd_mission_costs,"Major Programs, 1994 - current",2001,Total Planetary Science,1165.29,USD millions (nominal),,"PEBD sheet 'Major Programs, 1994 - current' cell C9",R73; PEBD pull 2026-09-27 (workbook updated 2025-11-13); attribution: The Planetary Society; conventions in 07 FINDINGS R73
planetary_society_pebd_mission_costs,"Major Programs, 1994 - current",2001,Discovery (requested),198.2,USD millions (nominal),,"PEBD sheet 'Major Programs, 1994 - current' cell D9",R73; PEBD pull 2026-09-27 (workbook updated 2025-11-13); attribution: The Planetary Society; conventions in 07 FINDINGS R73
planetary_society_pebd_mission_costs,"Major Programs, 1994 - current",2001,Discovery (actual),228.3,USD millions (nominal),,"PEBD sheet 'Major Programs, 1994 - current' cell F9",R73; PEBD pull 2026-09-27 (workbook updated 2025-11-13); attribution: The Planetary Society; conventions in 07 FINDINGS R73
planetary_society_pebd_mission_costs,"Major Programs, 1994 - current",2001,"Discovery (requested, inflation adj)",371.4268,"USD millions (2025 dollars, PEBD inflation adjustment)",,"PEBD sheet 'Major Programs, 1994 - current' cell G9",R73; PEBD pull 2026-09-27 (workbook updated 2025-11-13); attribution: The Planetary Society; conventions in 07 FINDINGS R73
planetary_society_pebd_mission_costs,"Major Programs, 1994 - current",2001,"Discovery (actual, inflation adj)",427.8342,"USD millions (2025 dollars, PEBD inflation adjustment)",,"PEBD sheet 'Major Programs, 1994 - current' cell H9",R73; PEBD pull 2026-09-27 (workbook updated 2025-11-13); attribution: The Planetary Society; conventions in 07 FINDINGS R73
planetary_society_pebd_mission_costs,"Major Programs, 1994 - current",2001,Discovery % of Planetary,0.1959168962,fraction (0-1),,"PEBD sheet 'Major Programs, 1994 - current' cell I9",R73; PEBD pull 2026-09-27 (workbook updated 2025-11-13); attribution: The Planetary Society; conventions in 07 FINDINGS R73
planetary_society_pebd_mission_costs,"Major Programs, 1994 - current",2001,Mars Exploration Program (requested),355.6,USD millions (nominal),,"PEBD sheet 'Major Programs, 1994 - current' cell P9",R73; PEBD pull 2026-09-27 (workbook updated 2025-11-13); attribution: The Planetary Society; conventions in 07 FINDINGS R73
planetary_society_pebd_mission_costs,"Major Programs, 1994 - current",2001,Mars Exploration Program (actual),447.6,USD millions (nominal),,"PEBD sheet 'Major Programs, 1994 - current' cell R9",R73; PEBD pull 2026-09-27 (workbook updated 2025-11-13); attribution: The Planetary Society; conventions in 07 FINDINGS R73
planetary_society_pebd_mission_costs,"Major Programs, 1994 - current",2001,"Mars Exploration Program (requested, inflation adj)",666.3944,"USD millions (2025 dollars, PEBD inflation adjustment)",,"PEBD sheet 'Major Programs, 1994 - current' cell S9",R73; PEBD pull 2026-09-27 (workbook updated 2025-11-13); attribution: The Planetary Society; conventions in 07 FINDINGS R73
planetary_society_pebd_mission_costs,"Major Programs, 1994 - current",2001,"Mars Exploration Program (actual, inflation adj)",838.8024,"USD millions (2025 dollars, PEBD inflation adjustment)",,"PEBD sheet 'Major Programs, 1994 - current' cell T9",R73; PEBD pull 2026-09-27 (workbook updated 2025-11-13); attribution: The Planetary Society; conventions in 07 FINDINGS R73
planetary_society_pebd_mission_costs,"Major Programs, 1994 - current",2001,Mars Exploration Program % of Planetary,0.3841103931,fraction (0-1),,"PEBD sheet 'Major Programs, 1994 - current' cell U9",R73; PEBD pull 2026-09-27 (workbook updated 2025-11-13); attribution: The Planetary Society; conventions in 07 FINDINGS R73
planetary_society_pebd_mission_costs,"Major Programs, 1994 - current",2001,Technology / Radioisotope Power (actual),112.4,USD millions (nominal),,"PEBD sheet 'Major Programs, 1994 - current' cell AR9",R73; PEBD pull 2026-09-27 (workbook updated 2025-11-13); attribution: The Planetary Society; conventions in 07 FINDINGS R73
planetary_society_pebd_mission_costs,"Major Programs, 1994 - current",2001,"Technology / Radioisotope Power (actual, inflation adj)",210.6376,"USD millions (2025 dollars, PEBD inflation adjustment)",,"PEBD sheet 'Major Programs, 1994 - current' cell AS9",R73; PEBD pull 2026-09-27 (workbook updated 2025-11-13); attribution: The Planetary Society; conventions in 07 FINDINGS R73
planetary_society_pebd_mission_costs,"Major Programs, 1994 - current",2001,% of Planetary,0.09645667602,fraction (0-1),,"PEBD sheet 'Major Programs, 1994 - current' cell AT9",R73; PEBD pull 2026-09-27 (workbook updated 2025-11-13); attribution: The Planetary Society; conventions in 07 FINDINGS R73
planetary_society_pebd_mission_costs,"Major Programs, 1994 - current",2002,Total Planetary Science,1017.9,USD millions (nominal),,"PEBD sheet 'Major Programs, 1994 - current' cell C10",R73; PEBD pull 2026-09-27 (workbook updated 2025-11-13); attribution: The Planetary Society; conventions in 07 FINDINGS R73
planetary_society_pebd_mission_costs,"Major Programs, 1994 - current",2002,Discovery (requested),146.9,USD millions (nominal),,"PEBD sheet 'Major Programs, 1994 - current' cell D10",R73; PEBD pull 2026-09-27 (workbook updated 2025-11-13); attribution: The Planetary Society; conventions in 07 FINDINGS R73
planetary_society_pebd_mission_costs,"Major Programs, 1994 - current",2002,Discovery (actual),222.8,USD millions (nominal),,"PEBD sheet 'Major Programs, 1994 - current' cell F10",R73; PEBD pull 2026-09-27 (workbook updated 2025-11-13); attribution: The Planetary Society; conventions in 07 FINDINGS R73
planetary_society_pebd_mission_costs,"Major Programs, 1994 - current",2002,"Discovery (requested, inflation adj)",267.7987,"USD millions (2025 dollars, PEBD inflation adjustment)",,"PEBD sheet 'Major Programs, 1994 - current' cell G10",R73; PEBD pull 2026-09-27 (workbook updated 2025-11-13); attribution: The Planetary Society; conventions in 07 FINDINGS R73
planetary_society_pebd_mission_costs,"Major Programs, 1994 - current",2002,"Discovery (actual, inflation adj)",406.1644,"USD millions (2025 dollars, PEBD inflation adjustment)",,"PEBD sheet 'Major Programs, 1994 - current' cell H10",R73; PEBD pull 2026-09-27 (workbook updated 2025-11-13); attribution: The Planetary Society; conventions in 07 FINDINGS R73
planetary_society_pebd_mission_costs,"Major Programs, 1994 - current",2002,Discovery % of Planetary,0.218882012,fraction (0-1),,"PEBD sheet 'Major Programs, 1994 - current' cell I10",R73; PEBD pull 2026-09-27 (workbook updated 2025-11-13); attribution: The Planetary Society; conventions in 07 FINDINGS R73
planetary_society_pebd_mission_costs,"Major Programs, 1994 - current",2002,Mars Exploration Program (requested),464.2,USD millions (nominal),,"PEBD sheet 'Major Programs, 1994 - current' cell P10",R73; PEBD pull 2026-09-27 (workbook updated 2025-11-13); attribution: The Planetary Society; conventions in 07 FINDINGS R73
planetary_society_pebd_mission_costs,"Major Programs, 1994 - current",2002,Mars Exploration Program (actual),456.9,USD millions (nominal),,"PEBD sheet 'Major Programs, 1994 - current' cell R10",R73; PEBD pull 2026-09-27 (workbook updated 2025-11-13); attribution: The Planetary Society; conventions in 07 FINDINGS R73
planetary_society_pebd_mission_costs,"Major Programs, 1994 - current",2002,"Mars Exploration Program (requested, inflation adj)",846.2366,"USD millions (2025 dollars, PEBD inflation adjustment)",,"PEBD sheet 'Major Programs, 1994 - current' cell S10",R73; PEBD pull 2026-09-27 (workbook updated 2025-11-13); attribution: The Planetary Society; conventions in 07 FINDINGS R73
planetary_society_pebd_mission_costs,"Major Programs, 1994 - current",2002,"Mars Exploration Program (actual, inflation adj)",832.9287,"USD millions (2025 dollars, PEBD inflation adjustment)",,"PEBD sheet 'Major Programs, 1994 - current' cell T10",R73; PEBD pull 2026-09-27 (workbook updated 2025-11-13); attribution: The Planetary Society; conventions in 07 FINDINGS R73
planetary_society_pebd_mission_costs,"Major Programs, 1994 - current",2002,Mars Exploration Program % of Planetary,0.4488653109,fraction (0-1),,"PEBD sheet 'Major Programs, 1994 - current' cell U10",R73; PEBD pull 2026-09-27 (workbook updated 2025-11-13); attribution: The Planetary Society; conventions in 07 FINDINGS R73
planetary_society_pebd_mission_costs,"Major Programs, 1994 - current",2002,Planetary Research & Analysis (actual),172.4,USD millions (nominal),,"PEBD sheet 'Major Programs, 1994 - current' cell AE10",R73; PEBD pull 2026-09-27 (workbook updated 2025-11-13); attribution: The Planetary Society; conventions in 07 FINDINGS R73
planetary_society_pebd_mission_costs,"Major Programs, 1994 - current",2002,"Planetary Research (actual, inflation adj)",314.2852,"USD millions (2025 dollars, PEBD inflation adjustment)",,"PEBD sheet 'Major Programs, 1994 - current' cell AF10",R73; PEBD pull 2026-09-27 (workbook updated 2025-11-13); attribution: The Planetary Society; conventions in 07 FINDINGS R73
planetary_society_pebd_mission_costs,"Major Programs, 1994 - current",2002,R&A % of Planetary,0.1693683073,fraction (0-1),,"PEBD sheet 'Major Programs, 1994 - current' cell AG10",R73; PEBD pull 2026-09-27 (workbook updated 2025-11-13); attribution: The Planetary Society; conventions in 07 FINDINGS R73
planetary_society_pebd_mission_costs,"Major Programs, 1994 - current",2002,Technology / Radioisotope Power (actual),80.6,USD millions (nominal),,"PEBD sheet 'Major Programs, 1994 - current' cell AR10",R73; PEBD pull 2026-09-27 (workbook updated 2025-11-13); attribution: The Planetary Society; conventions in 07 FINDINGS R73
planetary_society_pebd_mission_costs,"Major Programs, 1994 - current",2002,"Technology / Radioisotope Power (actual, inflation adj)",146.9338,"USD millions (2025 dollars, PEBD inflation adjustment)",,"PEBD sheet 'Major Programs, 1994 - current' cell AS10",R73; PEBD pull 2026-09-27 (workbook updated 2025-11-13); attribution: The Planetary Society; conventions in 07 FINDINGS R73
planetary_society_pebd_mission_costs,"Major Programs, 1994 - current",2002,% of Planetary,0.07918263091,fraction (0-1),,"PEBD sheet 'Major Programs, 1994 - current' cell AT10",R73; PEBD pull 2026-09-27 (workbook updated 2025-11-13); attribution: The Planetary Society; conventions in 07 FINDINGS R73
planetary_society_pebd_mission_costs,"Major Programs, 1994 - current",2003,Total Planetary Science,1299.8,USD millions (nominal),,"PEBD sheet 'Major Programs, 1994 - current' cell C11",R73; PEBD pull 2026-09-27 (workbook updated 2025-11-13); attribution: The Planetary Society; conventions in 07 FINDINGS R73
planetary_society_pebd_mission_costs,"Major Programs, 1994 - current",2003,Discovery (requested),195.9,USD millions (nominal),,"PEBD sheet 'Major Programs, 1994 - current' cell D11",R73; PEBD pull 2026-09-27 (workbook updated 2025-11-13); attribution: The Planetary Society; conventions in 07 FINDINGS R73
planetary_society_pebd_mission_costs,"Major Programs, 1994 - current",2003,Discovery (actual),204,USD millions (nominal),,"PEBD sheet 'Major Programs, 1994 - current' cell F11",R73; PEBD pull 2026-09-27 (workbook updated 2025-11-13); attribution: The Planetary Society; conventions in 07 FINDINGS R73
planetary_society_pebd_mission_costs,"Major Programs, 1994 - current",2003,"Discovery (requested, inflation adj)",349.4856,"USD millions (2025 dollars, PEBD inflation adjustment)",,"PEBD sheet 'Major Programs, 1994 - current' cell G11",R73; PEBD pull 2026-09-27 (workbook updated 2025-11-13); attribution: The Planetary Society; conventions in 07 FINDINGS R73
planetary_society_pebd_mission_costs,"Major Programs, 1994 - current",2003,"Discovery (actual, inflation adj)",363.936,"USD millions (2025 dollars, PEBD inflation adjustment)",,"PEBD sheet 'Major Programs, 1994 - current' cell H11",R73; PEBD pull 2026-09-27 (workbook updated 2025-11-13); attribution: The Planetary Society; conventions in 07 FINDINGS R73
planetary_society_pebd_mission_costs,"Major Programs, 1994 - current",2003,Discovery % of Planetary,0.1569472226,fraction (0-1),,"PEBD sheet 'Major Programs, 1994 - current' cell I11",R73; PEBD pull 2026-09-27 (workbook updated 2025-11-13); attribution: The Planetary Society; conventions in 07 FINDINGS R73
planetary_society_pebd_mission_costs,"Major Programs, 1994 - current",2003,New Frontiers (requested),15,USD millions (nominal),,"PEBD sheet 'Major Programs, 1994 - current' cell J11",R73; PEBD pull 2026-09-27 (workbook updated 2025-11-13); attribution: The Planetary Society; conventions in 07 FINDINGS R73
planetary_society_pebd_mission_costs,"Major Programs, 1994 - current",2003,New Frontiers (actual),123.6,USD millions (nominal),,"PEBD sheet 'Major Programs, 1994 - current' cell L11",R73; PEBD pull 2026-09-27 (workbook updated 2025-11-13); attribution: The Planetary Society; conventions in 07 FINDINGS R73
planetary_society_pebd_mission_costs,"Major Programs, 1994 - current",2003,"New Frontiers (requested, inflation adj)",26.76,"USD millions (2025 dollars, PEBD inflation adjustment)",,"PEBD sheet 'Major Programs, 1994 - current' cell M11",R73; PEBD pull 2026-09-27 (workbook updated 2025-11-13); attribution: The Planetary Society; conventions in 07 FINDINGS R73
planetary_society_pebd_mission_costs,"Major Programs, 1994 - current",2003,"New Frontiers (actual, inflation adj)",220.5024,"USD millions (2025 dollars, PEBD inflation adjustment)",,"PEBD sheet 'Major Programs, 1994 - current' cell N11",R73; PEBD pull 2026-09-27 (workbook updated 2025-11-13); attribution: The Planetary Society; conventions in 07 FINDINGS R73
planetary_society_pebd_mission_costs,"Major Programs, 1994 - current",2003,New Frontiers % of Planetary,0.09509155255,fraction (0-1),,"PEBD sheet 'Major Programs, 1994 - current' cell O11",R73; PEBD pull 2026-09-27 (workbook updated 2025-11-13); attribution: The Planetary Society; conventions in 07 FINDINGS R73
planetary_society_pebd_mission_costs,"Major Programs, 1994 - current",2003,Mars Exploration Program (requested),492.6,USD millions (nominal),,"PEBD sheet 'Major Programs, 1994 - current' cell P11",R73; PEBD pull 2026-09-27 (workbook updated 2025-11-13); attribution: The Planetary Society; conventions in 07 FINDINGS R73
planetary_society_pebd_mission_costs,"Major Programs, 1994 - current",2003,Mars Exploration Program (actual),500.4,USD millions (nominal),,"PEBD sheet 'Major Programs, 1994 - current' cell R11",R73; PEBD pull 2026-09-27 (workbook updated 2025-11-13); attribution: The Planetary Society; conventions in 07 FINDINGS R73
planetary_society_pebd_mission_costs,"Major Programs, 1994 - current",2003,"Mars Exploration Program (requested, inflation adj)",878.7984,"USD millions (2025 dollars, PEBD inflation adjustment)",,"PEBD sheet 'Major Programs, 1994 - current' cell S11",R73; PEBD pull 2026-09-27 (workbook updated 2025-11-13); attribution: The Planetary Society; conventions in 07 FINDINGS R73
planetary_society_pebd_mission_costs,"Major Programs, 1994 - current",2003,"Mars Exploration Program (actual, inflation adj)",892.7136,"USD millions (2025 dollars, PEBD inflation adjustment)",,"PEBD sheet 'Major Programs, 1994 - current' cell T11",R73; PEBD pull 2026-09-27 (workbook updated 2025-11-13); attribution: The Planetary Society; conventions in 07 FINDINGS R73
planetary_society_pebd_mission_costs,"Major Programs, 1994 - current",2003,Mars Exploration Program % of Planetary,0.384982305,fraction (0-1),,"PEBD sheet 'Major Programs, 1994 - current' cell U11",R73; PEBD pull 2026-09-27 (workbook updated 2025-11-13); attribution: The Planetary Society; conventions in 07 FINDINGS R73
planetary_society_pebd_mission_costs,"Major Programs, 1994 - current",2003,Planetary Research & Analysis (actual),194.4,USD millions (nominal),,"PEBD sheet 'Major Programs, 1994 - current' cell AE11",R73; PEBD pull 2026-09-27 (workbook updated 2025-11-13); attribution: The Planetary Society; conventions in 07 FINDINGS R73
planetary_society_pebd_mission_costs,"Major Programs, 1994 - current",2003,"Planetary Research (actual, inflation adj)",346.8096,"USD millions (2025 dollars, PEBD inflation adjustment)",,"PEBD sheet 'Major Programs, 1994 - current' cell AF11",R73; PEBD pull 2026-09-27 (workbook updated 2025-11-13); attribution: The Planetary Society; conventions in 07 FINDINGS R73
planetary_society_pebd_mission_costs,"Major Programs, 1994 - current",2003,R&A % of Planetary,0.149561471,fraction (0-1),,"PEBD sheet 'Major Programs, 1994 - current' cell AG11",R73; PEBD pull 2026-09-27 (workbook updated 2025-11-13); attribution: The Planetary Society; conventions in 07 FINDINGS R73
planetary_society_pebd_mission_costs,"Major Programs, 1994 - current",2003,Technology / Radioisotope Power (actual),166.8,USD millions (nominal),,"PEBD sheet 'Major Programs, 1994 - current' cell AR11",R73; PEBD pull 2026-09-27 (workbook updated 2025-11-13); attribution: The Planetary Society; conventions in 07 FINDINGS R73
planetary_society_pebd_mission_costs,"Major Programs, 1994 - current",2003,"Technology / Radioisotope Power (actual, inflation adj)",297.5712,"USD millions (2025 dollars, PEBD inflation adjustment)",,"PEBD sheet 'Major Programs, 1994 - current' cell AS11",R73; PEBD pull 2026-09-27 (workbook updated 2025-11-13); attribution: The Planetary Society; conventions in 07 FINDINGS R73
planetary_society_pebd_mission_costs,"Major Programs, 1994 - current",2003,% of Planetary,0.128327435,fraction (0-1),,"PEBD sheet 'Major Programs, 1994 - current' cell AT11",R73; PEBD pull 2026-09-27 (workbook updated 2025-11-13); attribution: The Planetary Society; conventions in 07 FINDINGS R73
planetary_society_pebd_mission_costs,"Major Programs, 1994 - current",2004,Total Planetary Science,1644.2,USD millions (nominal),,"PEBD sheet 'Major Programs, 1994 - current' cell C12",R73; PEBD pull 2026-09-27 (workbook updated 2025-11-13); attribution: The Planetary Society; conventions in 07 FINDINGS R73
planetary_society_pebd_mission_costs,"Major Programs, 1994 - current",2004,Discovery (requested),224,USD millions (nominal),,"PEBD sheet 'Major Programs, 1994 - current' cell D12",R73; PEBD pull 2026-09-27 (workbook updated 2025-11-13); attribution: The Planetary Society; conventions in 07 FINDINGS R73
planetary_society_pebd_mission_costs,"Major Programs, 1994 - current",2004,Discovery (actual),272.4,USD millions (nominal),,"PEBD sheet 'Major Programs, 1994 - current' cell F12",R73; PEBD pull 2026-09-27 (workbook updated 2025-11-13); attribution: The Planetary Society; conventions in 07 FINDINGS R73
planetary_society_pebd_mission_costs,"Major Programs, 1994 - current",2004,"Discovery (requested, inflation adj)",386.4,"USD millions (2025 dollars, PEBD inflation adjustment)",,"PEBD sheet 'Major Programs, 1994 - current' cell G12",R73; PEBD pull 2026-09-27 (workbook updated 2025-11-13); attribution: The Planetary Society; conventions in 07 FINDINGS R73
planetary_society_pebd_mission_costs,"Major Programs, 1994 - current",2004,"Discovery (actual, inflation adj)",469.89,"USD millions (2025 dollars, PEBD inflation adjustment)",,"PEBD sheet 'Major Programs, 1994 - current' cell H12",R73; PEBD pull 2026-09-27 (workbook updated 2025-11-13); attribution: The Planetary Society; conventions in 07 FINDINGS R73
planetary_society_pebd_mission_costs,"Major Programs, 1994 - current",2004,Discovery % of Planetary,0.1656732758,fraction (0-1),,"PEBD sheet 'Major Programs, 1994 - current' cell I12",R73; PEBD pull 2026-09-27 (workbook updated 2025-11-13); attribution: The Planetary Society; conventions in 07 FINDINGS R73
planetary_society_pebd_mission_costs,"Major Programs, 1994 - current",2004,New Frontiers (requested),130.2,USD millions (nominal),,"PEBD sheet 'Major Programs, 1994 - current' cell J12",R73; PEBD pull 2026-09-27 (workbook updated 2025-11-13); attribution: The Planetary Society; conventions in 07 FINDINGS R73
planetary_society_pebd_mission_costs,"Major Programs, 1994 - current",2004,New Frontiers (actual),147.5,USD millions (nominal),,"PEBD sheet 'Major Programs, 1994 - current' cell L12",R73; PEBD pull 2026-09-27 (workbook updated 2025-11-13); attribution: The Planetary Society; conventions in 07 FINDINGS R73
planetary_society_pebd_mission_costs,"Major Programs, 1994 - current",2004,"New Frontiers (requested, inflation adj)",224.595,"USD millions (2025 dollars, PEBD inflation adjustment)",,"PEBD sheet 'Major Programs, 1994 - current' cell M12",R73; PEBD pull 2026-09-27 (workbook updated 2025-11-13); attribution: The Planetary Society; conventions in 07 FINDINGS R73
planetary_society_pebd_mission_costs,"Major Programs, 1994 - current",2004,"New Frontiers (actual, inflation adj)",254.4375,"USD millions (2025 dollars, PEBD inflation adjustment)",,"PEBD sheet 'Major Programs, 1994 - current' cell N12",R73; PEBD pull 2026-09-27 (workbook updated 2025-11-13); attribution: The Planetary Society; conventions in 07 FINDINGS R73
planetary_society_pebd_mission_costs,"Major Programs, 1994 - current",2004,New Frontiers % of Planetary,0.08970928111,fraction (0-1),,"PEBD sheet 'Major Programs, 1994 - current' cell O12",R73; PEBD pull 2026-09-27 (workbook updated 2025-11-13); attribution: The Planetary Society; conventions in 07 FINDINGS R73
planetary_society_pebd_mission_costs,"Major Programs, 1994 - current",2004,Mars Exploration Program (requested),570.3,USD millions (nominal),,"PEBD sheet 'Major Programs, 1994 - current' cell P12",R73; PEBD pull 2026-09-27 (workbook updated 2025-11-13); attribution: The Planetary Society; conventions in 07 FINDINGS R73
planetary_society_pebd_mission_costs,"Major Programs, 1994 - current",2004,Mars Exploration Program (actual),596.3,USD millions (nominal),,"PEBD sheet 'Major Programs, 1994 - current' cell R12",R73; PEBD pull 2026-09-27 (workbook updated 2025-11-13); attribution: The Planetary Society; conventions in 07 FINDINGS R73
planetary_society_pebd_mission_costs,"Major Programs, 1994 - current",2004,"Mars Exploration Program (requested, inflation adj)",983.7675,"USD millions (2025 dollars, PEBD inflation adjustment)",,"PEBD sheet 'Major Programs, 1994 - current' cell S12",R73; PEBD pull 2026-09-27 (workbook updated 2025-11-13); attribution: The Planetary Society; conventions in 07 FINDINGS R73
planetary_society_pebd_mission_costs,"Major Programs, 1994 - current",2004,"Mars Exploration Program (actual, inflation adj)",1028.6175,"USD millions (2025 dollars, PEBD inflation adjustment)",,"PEBD sheet 'Major Programs, 1994 - current' cell T12",R73; PEBD pull 2026-09-27 (workbook updated 2025-11-13); attribution: The Planetary Society; conventions in 07 FINDINGS R73
planetary_society_pebd_mission_costs,"Major Programs, 1994 - current",2004,Mars Exploration Program % of Planetary,0.3626687751,fraction (0-1),,"PEBD sheet 'Major Programs, 1994 - current' cell U12",R73; PEBD pull 2026-09-27 (workbook updated 2025-11-13); attribution: The Planetary Society; conventions in 07 FINDINGS R73
planetary_society_pebd_mission_costs,"Major Programs, 1994 - current",2004,Planetary Research & Analysis (actual),244.3,USD millions (nominal),TRUE,"PEBD sheet 'Major Programs, 1994 - current' cell AE12",R73; PEBD pull 2026-09-27 (workbook updated 2025-11-13); attribution: The Planetary Society; conventions in 07 FINDINGS R73
planetary_society_pebd_mission_costs,"Major Programs, 1994 - current",2004,"Planetary Research (actual, inflation adj)",421.4175,"USD millions (2025 dollars, PEBD inflation adjustment)",,"PEBD sheet 'Major Programs, 1994 - current' cell AF12",R73; PEBD pull 2026-09-27 (workbook updated 2025-11-13); attribution: The Planetary Society; conventions in 07 FINDINGS R73
planetary_society_pebd_mission_costs,"Major Programs, 1994 - current",2004,R&A % of Planetary,0.1485828975,fraction (0-1),,"PEBD sheet 'Major Programs, 1994 - current' cell AG12",R73; PEBD pull 2026-09-27 (workbook updated 2025-11-13); attribution: The Planetary Society; conventions in 07 FINDINGS R73
planetary_society_pebd_mission_costs,"Major Programs, 1994 - current",2004,Technology / Radioisotope Power (actual),193.4,USD millions (nominal),,"PEBD sheet 'Major Programs, 1994 - current' cell AR12",R73; PEBD pull 2026-09-27 (workbook updated 2025-11-13); attribution: The Planetary Society; conventions in 07 FINDINGS R73
planetary_society_pebd_mission_costs,"Major Programs, 1994 - current",2004,"Technology / Radioisotope Power (actual, inflation adj)",333.615,"USD millions (2025 dollars, PEBD inflation adjustment)",,"PEBD sheet 'Major Programs, 1994 - current' cell AS12",R73; PEBD pull 2026-09-27 (workbook updated 2025-11-13); attribution: The Planetary Society; conventions in 07 FINDINGS R73
planetary_society_pebd_mission_costs,"Major Programs, 1994 - current",2004,% of Planetary,0.117625593,fraction (0-1),,"PEBD sheet 'Major Programs, 1994 - current' cell AT12",R73; PEBD pull 2026-09-27 (workbook updated 2025-11-13); attribution: The Planetary Society; conventions in 07 FINDINGS R73
planetary_society_pebd_mission_costs,"Major Programs, 1994 - current",2005,Total Planetary Science,1462.4,USD millions (nominal),,"PEBD sheet 'Major Programs, 1994 - current' cell C13",R73; PEBD pull 2026-09-27 (workbook updated 2025-11-13); attribution: The Planetary Society; conventions in 07 FINDINGS R73
planetary_society_pebd_mission_costs,"Major Programs, 1994 - current",2005,Discovery (requested),170.3,USD millions (nominal),,"PEBD sheet 'Major Programs, 1994 - current' cell D13",R73; PEBD pull 2026-09-27 (workbook updated 2025-11-13); attribution: The Planetary Society; conventions in 07 FINDINGS R73
planetary_society_pebd_mission_costs,"Major Programs, 1994 - current",2005,Discovery (actual),182.9,USD millions (nominal),,"PEBD sheet 'Major Programs, 1994 - current' cell F13",R73; PEBD pull 2026-09-27 (workbook updated 2025-11-13); attribution: The Planetary Society; conventions in 07 FINDINGS R73
planetary_society_pebd_mission_costs,"Major Programs, 1994 - current",2005,"Discovery (requested, inflation adj)",285.0822,"USD millions (2025 dollars, PEBD inflation adjustment)",,"PEBD sheet 'Major Programs, 1994 - current' cell G13",R73; PEBD pull 2026-09-27 (workbook updated 2025-11-13); attribution: The Planetary Society; conventions in 07 FINDINGS R73
planetary_society_pebd_mission_costs,"Major Programs, 1994 - current",2005,"Discovery (actual, inflation adj)",306.1746,"USD millions (2025 dollars, PEBD inflation adjustment)",,"PEBD sheet 'Major Programs, 1994 - current' cell H13",R73; PEBD pull 2026-09-27 (workbook updated 2025-11-13); attribution: The Planetary Society; conventions in 07 FINDINGS R73
planetary_society_pebd_mission_costs,"Major Programs, 1994 - current",2005,Discovery % of Planetary,0.1250683807,fraction (0-1),,"PEBD sheet 'Major Programs, 1994 - current' cell I13",R73; PEBD pull 2026-09-27 (workbook updated 2025-11-13); attribution: The Planetary Society; conventions in 07 FINDINGS R73
planetary_society_pebd_mission_costs,"Major Programs, 1994 - current",2005,New Frontiers (requested),216.5,USD millions (nominal),,"PEBD sheet 'Major Programs, 1994 - current' cell J13",R73; PEBD pull 2026-09-27 (workbook updated 2025-11-13); attribution: The Planetary Society; conventions in 07 FINDINGS R73
planetary_society_pebd_mission_costs,"Major Programs, 1994 - current",2005,New Frontiers (actual),210.7,USD millions (nominal),,"PEBD sheet 'Major Programs, 1994 - current' cell L13",R73; PEBD pull 2026-09-27 (workbook updated 2025-11-13); attribution: The Planetary Society; conventions in 07 FINDINGS R73
planetary_society_pebd_mission_costs,"Major Programs, 1994 - current",2005,"New Frontiers (requested, inflation adj)",362.421,"USD millions (2025 dollars, PEBD inflation adjustment)",,"PEBD sheet 'Major Programs, 1994 - current' cell M13",R73; PEBD pull 2026-09-27 (workbook updated 2025-11-13); attribution: The Planetary Society; conventions in 07 FINDINGS R73
planetary_society_pebd_mission_costs,"Major Programs, 1994 - current",2005,"New Frontiers (actual, inflation adj)",352.7118,"USD millions (2025 dollars, PEBD inflation adjustment)",,"PEBD sheet 'Major Programs, 1994 - current' cell N13",R73; PEBD pull 2026-09-27 (workbook updated 2025-11-13); attribution: The Planetary Society; conventions in 07 FINDINGS R73
planetary_society_pebd_mission_costs,"Major Programs, 1994 - current",2005,New Frontiers % of Planetary,0.1440782276,fraction (0-1),,"PEBD sheet 'Major Programs, 1994 - current' cell O13",R73; PEBD pull 2026-09-27 (workbook updated 2025-11-13); attribution: The Planetary Society; conventions in 07 FINDINGS R73
planetary_society_pebd_mission_costs,"Major Programs, 1994 - current",2005,Mars Exploration Program (requested),690.9,USD millions (nominal),,"PEBD sheet 'Major Programs, 1994 - current' cell P13",R73; PEBD pull 2026-09-27 (workbook updated 2025-11-13); attribution: The Planetary Society; conventions in 07 FINDINGS R73
planetary_society_pebd_mission_costs,"Major Programs, 1994 - current",2005,Mars Exploration Program (actual),588.5,USD millions (nominal),,"PEBD sheet 'Major Programs, 1994 - current' cell R13",R73; PEBD pull 2026-09-27 (workbook updated 2025-11-13); attribution: The Planetary Society; conventions in 07 FINDINGS R73
planetary_society_pebd_mission_costs,"Major Programs, 1994 - current",2005,"Mars Exploration Program (requested, inflation adj)",1156.5666,"USD millions (2025 dollars, PEBD inflation adjustment)",,"PEBD sheet 'Major Programs, 1994 - current' cell S13",R73; PEBD pull 2026-09-27 (workbook updated 2025-11-13); attribution: The Planetary Society; conventions in 07 FINDINGS R73
planetary_society_pebd_mission_costs,"Major Programs, 1994 - current",2005,"Mars Exploration Program (actual, inflation adj)",985.149,"USD millions (2025 dollars, PEBD inflation adjustment)",,"PEBD sheet 'Major Programs, 1994 - current' cell T13",R73; PEBD pull 2026-09-27 (workbook updated 2025-11-13); attribution: The Planetary Society; conventions in 07 FINDINGS R73
planetary_society_pebd_mission_costs,"Major Programs, 1994 - current",2005,Mars Exploration Program % of Planetary,0.4024206783,fraction (0-1),,"PEBD sheet 'Major Programs, 1994 - current' cell U13",R73; PEBD pull 2026-09-27 (workbook updated 2025-11-13); attribution: The Planetary Society; conventions in 07 FINDINGS R73
planetary_society_pebd_mission_costs,"Major Programs, 1994 - current",2005,Planetary Research & Analysis (actual),247.5,USD millions (nominal),TRUE,"PEBD sheet 'Major Programs, 1994 - current' cell AE13",R73; PEBD pull 2026-09-27 (workbook updated 2025-11-13); attribution: The Planetary Society; conventions in 07 FINDINGS R73
planetary_society_pebd_mission_costs,"Major Programs, 1994 - current",2005,"Planetary Research (actual, inflation adj)",414.315,"USD millions (2025 dollars, PEBD inflation adjustment)",,"PEBD sheet 'Major Programs, 1994 - current' cell AF13",R73; PEBD pull 2026-09-27 (workbook updated 2025-11-13); attribution: The Planetary Society; conventions in 07 FINDINGS R73
planetary_society_pebd_mission_costs,"Major Programs, 1994 - current",2005,R&A % of Planetary,0.1692423414,fraction (0-1),,"PEBD sheet 'Major Programs, 1994 - current' cell AG13",R73; PEBD pull 2026-09-27 (workbook updated 2025-11-13); attribution: The Planetary Society; conventions in 07 FINDINGS R73
planetary_society_pebd_mission_costs,"Major Programs, 1994 - current",2005,Technology / Radioisotope Power (actual),128.9,USD millions (nominal),,"PEBD sheet 'Major Programs, 1994 - current' cell AR13",R73; PEBD pull 2026-09-27 (workbook updated 2025-11-13); attribution: The Planetary Society; conventions in 07 FINDINGS R73
planetary_society_pebd_mission_costs,"Major Programs, 1994 - current",2005,"Technology / Radioisotope Power (actual, inflation adj)",215.7786,"USD millions (2025 dollars, PEBD inflation adjustment)",,"PEBD sheet 'Major Programs, 1994 - current' cell AS13",R73; PEBD pull 2026-09-27 (workbook updated 2025-11-13); attribution: The Planetary Society; conventions in 07 FINDINGS R73
planetary_society_pebd_mission_costs,"Major Programs, 1994 - current",2005,% of Planetary,0.08814277899,fraction (0-1),,"PEBD sheet 'Major Programs, 1994 - current' cell AT13",R73; PEBD pull 2026-09-27 (workbook updated 2025-11-13); attribution: The Planetary Society; conventions in 07 FINDINGS R73
planetary_society_pebd_mission_costs,"Major Programs, 1994 - current",2006,Total Planetary Science,1448.3,USD millions (nominal),,"PEBD sheet 'Major Programs, 1994 - current' cell C14",R73; PEBD pull 2026-09-27 (workbook updated 2025-11-13); attribution: The Planetary Society; conventions in 07 FINDINGS R73
planetary_society_pebd_mission_costs,"Major Programs, 1994 - current",2006,Discovery (requested),168.7,USD millions (nominal),,"PEBD sheet 'Major Programs, 1994 - current' cell D14",R73; PEBD pull 2026-09-27 (workbook updated 2025-11-13); attribution: The Planetary Society; conventions in 07 FINDINGS R73
planetary_society_pebd_mission_costs,"Major Programs, 1994 - current",2006,Discovery (actual),131.8,USD millions (nominal),,"PEBD sheet 'Major Programs, 1994 - current' cell F14",R73; PEBD pull 2026-09-27 (workbook updated 2025-11-13); attribution: The Planetary Society; conventions in 07 FINDINGS R73
planetary_society_pebd_mission_costs,"Major Programs, 1994 - current",2006,"Discovery (requested, inflation adj)",273.6314,"USD millions (2025 dollars, PEBD inflation adjustment)",,"PEBD sheet 'Major Programs, 1994 - current' cell G14",R73; PEBD pull 2026-09-27 (workbook updated 2025-11-13); attribution: The Planetary Society; conventions in 07 FINDINGS R73
planetary_society_pebd_mission_costs,"Major Programs, 1994 - current",2006,"Discovery (actual, inflation adj)",213.7796,"USD millions (2025 dollars, PEBD inflation adjustment)",,"PEBD sheet 'Major Programs, 1994 - current' cell H14",R73; PEBD pull 2026-09-27 (workbook updated 2025-11-13); attribution: The Planetary Society; conventions in 07 FINDINGS R73
planetary_society_pebd_mission_costs,"Major Programs, 1994 - current",2006,Discovery % of Planetary,0.09100324518,fraction (0-1),,"PEBD sheet 'Major Programs, 1994 - current' cell I14",R73; PEBD pull 2026-09-27 (workbook updated 2025-11-13); attribution: The Planetary Society; conventions in 07 FINDINGS R73
planetary_society_pebd_mission_costs,"Major Programs, 1994 - current",2006,New Frontiers (requested),158.6,USD millions (nominal),,"PEBD sheet 'Major Programs, 1994 - current' cell J14",R73; PEBD pull 2026-09-27 (workbook updated 2025-11-13); attribution: The Planetary Society; conventions in 07 FINDINGS R73
planetary_society_pebd_mission_costs,"Major Programs, 1994 - current",2006,New Frontiers (actual),118.1,USD millions (nominal),,"PEBD sheet 'Major Programs, 1994 - current' cell L14",R73; PEBD pull 2026-09-27 (workbook updated 2025-11-13); attribution: The Planetary Society; conventions in 07 FINDINGS R73
planetary_society_pebd_mission_costs,"Major Programs, 1994 - current",2006,"New Frontiers (requested, inflation adj)",257.2492,"USD millions (2025 dollars, PEBD inflation adjustment)",,"PEBD sheet 'Major Programs, 1994 - current' cell M14",R73; PEBD pull 2026-09-27 (workbook updated 2025-11-13); attribution: The Planetary Society; conventions in 07 FINDINGS R73
planetary_society_pebd_mission_costs,"Major Programs, 1994 - current",2006,"New Frontiers (actual, inflation adj)",191.5582,"USD millions (2025 dollars, PEBD inflation adjustment)",,"PEBD sheet 'Major Programs, 1994 - current' cell N14",R73; PEBD pull 2026-09-27 (workbook updated 2025-11-13); attribution: The Planetary Society; conventions in 07 FINDINGS R73
planetary_society_pebd_mission_costs,"Major Programs, 1994 - current",2006,New Frontiers % of Planetary,0.08154387903,fraction (0-1),,"PEBD sheet 'Major Programs, 1994 - current' cell O14",R73; PEBD pull 2026-09-27 (workbook updated 2025-11-13); attribution: The Planetary Society; conventions in 07 FINDINGS R73
planetary_society_pebd_mission_costs,"Major Programs, 1994 - current",2006,Mars Exploration Program (requested),723.1,USD millions (nominal),,"PEBD sheet 'Major Programs, 1994 - current' cell P14",R73; PEBD pull 2026-09-27 (workbook updated 2025-11-13); attribution: The Planetary Society; conventions in 07 FINDINGS R73
planetary_society_pebd_mission_costs,"Major Programs, 1994 - current",2006,Mars Exploration Program (actual),662.2,USD millions (nominal),,"PEBD sheet 'Major Programs, 1994 - current' cell R14",R73; PEBD pull 2026-09-27 (workbook updated 2025-11-13); attribution: The Planetary Society; conventions in 07 FINDINGS R73
planetary_society_pebd_mission_costs,"Major Programs, 1994 - current",2006,"Mars Exploration Program (requested, inflation adj)",1172.8682,"USD millions (2025 dollars, PEBD inflation adjustment)",,"PEBD sheet 'Major Programs, 1994 - current' cell S14",R73; PEBD pull 2026-09-27 (workbook updated 2025-11-13); attribution: The Planetary Society; conventions in 07 FINDINGS R73
planetary_society_pebd_mission_costs,"Major Programs, 1994 - current",2006,"Mars Exploration Program (actual, inflation adj)",1074.0884,"USD millions (2025 dollars, PEBD inflation adjustment)",,"PEBD sheet 'Major Programs, 1994 - current' cell T14",R73; PEBD pull 2026-09-27 (workbook updated 2025-11-13); attribution: The Planetary Society; conventions in 07 FINDINGS R73
planetary_society_pebd_mission_costs,"Major Programs, 1994 - current",2006,Mars Exploration Program % of Planetary,0.4572257129,fraction (0-1),,"PEBD sheet 'Major Programs, 1994 - current' cell U14",R73; PEBD pull 2026-09-27 (workbook updated 2025-11-13); attribution: The Planetary Society; conventions in 07 FINDINGS R73
planetary_society_pebd_mission_costs,"Major Programs, 1994 - current",2006,Technology / Radioisotope Power (actual),56.7,USD millions (nominal),,"PEBD sheet 'Major Programs, 1994 - current' cell AR14",R73; PEBD pull 2026-09-27 (workbook updated 2025-11-13); attribution: The Planetary Society; conventions in 07 FINDINGS R73
planetary_society_pebd_mission_costs,"Major Programs, 1994 - current",2006,"Technology / Radioisotope Power (actual, inflation adj)",91.9674,"USD millions (2025 dollars, PEBD inflation adjustment)",,"PEBD sheet 'Major Programs, 1994 - current' cell AS14",R73; PEBD pull 2026-09-27 (workbook updated 2025-11-13); attribution: The Planetary Society; conventions in 07 FINDINGS R73
planetary_society_pebd_mission_costs,"Major Programs, 1994 - current",2006,% of Planetary,0.03914934751,fraction (0-1),,"PEBD sheet 'Major Programs, 1994 - current' cell AT14",R73; PEBD pull 2026-09-27 (workbook updated 2025-11-13); attribution: The Planetary Society; conventions in 07 FINDINGS R73
planetary_society_pebd_mission_costs,"Major Programs, 1994 - current",2007,Total Planetary Science,1215.5,USD millions (nominal),,"PEBD sheet 'Major Programs, 1994 - current' cell C15",R73; PEBD pull 2026-09-27 (workbook updated 2025-11-13); attribution: The Planetary Society; conventions in 07 FINDINGS R73
planetary_society_pebd_mission_costs,"Major Programs, 1994 - current",2007,Discovery (requested),161.9,USD millions (nominal),,"PEBD sheet 'Major Programs, 1994 - current' cell D15",R73; PEBD pull 2026-09-27 (workbook updated 2025-11-13); attribution: The Planetary Society; conventions in 07 FINDINGS R73
planetary_society_pebd_mission_costs,"Major Programs, 1994 - current",2007,Discovery (actual),128.3,USD millions (nominal),,"PEBD sheet 'Major Programs, 1994 - current' cell F15",R73; PEBD pull 2026-09-27 (workbook updated 2025-11-13); attribution: The Planetary Society; conventions in 07 FINDINGS R73
planetary_society_pebd_mission_costs,"Major Programs, 1994 - current",2007,"Discovery (requested, inflation adj)",252.8878,"USD millions (2025 dollars, PEBD inflation adjustment)",,"PEBD sheet 'Major Programs, 1994 - current' cell G15",R73; PEBD pull 2026-09-27 (workbook updated 2025-11-13); attribution: The Planetary Society; conventions in 07 FINDINGS R73
planetary_society_pebd_mission_costs,"Major Programs, 1994 - current",2007,"Discovery (actual, inflation adj)",200.4046,"USD millions (2025 dollars, PEBD inflation adjustment)",,"PEBD sheet 'Major Programs, 1994 - current' cell H15",R73; PEBD pull 2026-09-27 (workbook updated 2025-11-13); attribution: The Planetary Society; conventions in 07 FINDINGS R73
planetary_society_pebd_mission_costs,"Major Programs, 1994 - current",2007,Discovery % of Planetary,0.1055532703,fraction (0-1),,"PEBD sheet 'Major Programs, 1994 - current' cell I15",R73; PEBD pull 2026-09-27 (workbook updated 2025-11-13); attribution: The Planetary Society; conventions in 07 FINDINGS R73
planetary_society_pebd_mission_costs,"Major Programs, 1994 - current",2007,New Frontiers (requested),154.9,USD millions (nominal),,"PEBD sheet 'Major Programs, 1994 - current' cell J15",R73; PEBD pull 2026-09-27 (workbook updated 2025-11-13); attribution: The Planetary Society; conventions in 07 FINDINGS R73
planetary_society_pebd_mission_costs,"Major Programs, 1994 - current",2007,New Frontiers (actual),106.6,USD millions (nominal),,"PEBD sheet 'Major Programs, 1994 - current' cell L15",R73; PEBD pull 2026-09-27 (workbook updated 2025-11-13); attribution: The Planetary Society; conventions in 07 FINDINGS R73
planetary_society_pebd_mission_costs,"Major Programs, 1994 - current",2007,"New Frontiers (requested, inflation adj)",241.9538,"USD millions (2025 dollars, PEBD inflation adjustment)",,"PEBD sheet 'Major Programs, 1994 - current' cell M15",R73; PEBD pull 2026-09-27 (workbook updated 2025-11-13); attribution: The Planetary Society; conventions in 07 FINDINGS R73
planetary_society_pebd_mission_costs,"Major Programs, 1994 - current",2007,"New Frontiers (actual, inflation adj)",166.5092,"USD millions (2025 dollars, PEBD inflation adjustment)",,"PEBD sheet 'Major Programs, 1994 - current' cell N15",R73; PEBD pull 2026-09-27 (workbook updated 2025-11-13); attribution: The Planetary Society; conventions in 07 FINDINGS R73
planetary_society_pebd_mission_costs,"Major Programs, 1994 - current",2007,New Frontiers % of Planetary,0.08770053476,fraction (0-1),,"PEBD sheet 'Major Programs, 1994 - current' cell O15",R73; PEBD pull 2026-09-27 (workbook updated 2025-11-13); attribution: The Planetary Society; conventions in 07 FINDINGS R73
planetary_society_pebd_mission_costs,"Major Programs, 1994 - current",2007,Mars Exploration Program (requested),700.2,USD millions (nominal),,"PEBD sheet 'Major Programs, 1994 - current' cell P15",R73; PEBD pull 2026-09-27 (workbook updated 2025-11-13); attribution: The Planetary Society; conventions in 07 FINDINGS R73
planetary_society_pebd_mission_costs,"Major Programs, 1994 - current",2007,Mars Exploration Program (actual),634.9,USD millions (nominal),,"PEBD sheet 'Major Programs, 1994 - current' cell R15",R73; PEBD pull 2026-09-27 (workbook updated 2025-11-13); attribution: The Planetary Society; conventions in 07 FINDINGS R73
planetary_society_pebd_mission_costs,"Major Programs, 1994 - current",2007,"Mars Exploration Program (requested, inflation adj)",1093.7124,"USD millions (2025 dollars, PEBD inflation adjustment)",,"PEBD sheet 'Major Programs, 1994 - current' cell S15",R73; PEBD pull 2026-09-27 (workbook updated 2025-11-13); attribution: The Planetary Society; conventions in 07 FINDINGS R73
planetary_society_pebd_mission_costs,"Major Programs, 1994 - current",2007,"Mars Exploration Program (actual, inflation adj)",991.7138,"USD millions (2025 dollars, PEBD inflation adjustment)",,"PEBD sheet 'Major Programs, 1994 - current' cell T15",R73; PEBD pull 2026-09-27 (workbook updated 2025-11-13); attribution: The Planetary Society; conventions in 07 FINDINGS R73
planetary_society_pebd_mission_costs,"Major Programs, 1994 - current",2007,Mars Exploration Program % of Planetary,0.522336487,fraction (0-1),,"PEBD sheet 'Major Programs, 1994 - current' cell U15",R73; PEBD pull 2026-09-27 (workbook updated 2025-11-13); attribution: The Planetary Society; conventions in 07 FINDINGS R73
planetary_society_pebd_mission_costs,"Major Programs, 1994 - current",2007,Planetary Research & Analysis (actual),111.7,USD millions (nominal),,"PEBD sheet 'Major Programs, 1994 - current' cell AE15",R73; PEBD pull 2026-09-27 (workbook updated 2025-11-13); attribution: The Planetary Society; conventions in 07 FINDINGS R73
planetary_society_pebd_mission_costs,"Major Programs, 1994 - current",2007,"Planetary Research (actual, inflation adj)",174.4754,"USD millions (2025 dollars, PEBD inflation adjustment)",,"PEBD sheet 'Major Programs, 1994 - current' cell AF15",R73; PEBD pull 2026-09-27 (workbook updated 2025-11-13); attribution: The Planetary Society; conventions in 07 FINDINGS R73
planetary_society_pebd_mission_costs,"Major Programs, 1994 - current",2007,R&A % of Planetary,0.09189633896,fraction (0-1),,"PEBD sheet 'Major Programs, 1994 - current' cell AG15",R73; PEBD pull 2026-09-27 (workbook updated 2025-11-13); attribution: The Planetary Society; conventions in 07 FINDINGS R73
planetary_society_pebd_mission_costs,"Major Programs, 1994 - current",2007,Technology / Radioisotope Power (actual),84.8,USD millions (nominal),,"PEBD sheet 'Major Programs, 1994 - current' cell AR15",R73; PEBD pull 2026-09-27 (workbook updated 2025-11-13); attribution: The Planetary Society; conventions in 07 FINDINGS R73
planetary_society_pebd_mission_costs,"Major Programs, 1994 - current",2007,"Technology / Radioisotope Power (actual, inflation adj)",132.4576,"USD millions (2025 dollars, PEBD inflation adjustment)",,"PEBD sheet 'Major Programs, 1994 - current' cell AS15",R73; PEBD pull 2026-09-27 (workbook updated 2025-11-13); attribution: The Planetary Society; conventions in 07 FINDINGS R73
planetary_society_pebd_mission_costs,"Major Programs, 1994 - current",2007,% of Planetary,0.06976552859,fraction (0-1),,"PEBD sheet 'Major Programs, 1994 - current' cell AT15",R73; PEBD pull 2026-09-27 (workbook updated 2025-11-13); attribution: The Planetary Society; conventions in 07 FINDINGS R73
planetary_society_pebd_mission_costs,"Major Programs, 1994 - current",2008,Total Planetary Science,1312.7,USD millions (nominal),,"PEBD sheet 'Major Programs, 1994 - current' cell C16",R73; PEBD pull 2026-09-27 (workbook updated 2025-11-13); attribution: The Planetary Society; conventions in 07 FINDINGS R73
planetary_society_pebd_mission_costs,"Major Programs, 1994 - current",2008,Discovery (requested),184.9,USD millions (nominal),,"PEBD sheet 'Major Programs, 1994 - current' cell D16",R73; PEBD pull 2026-09-27 (workbook updated 2025-11-13); attribution: The Planetary Society; conventions in 07 FINDINGS R73
planetary_society_pebd_mission_costs,"Major Programs, 1994 - current",2008,Discovery (enacted),181.6,USD millions (nominal),TRUE,"PEBD sheet 'Major Programs, 1994 - current' cell E16",R73; PEBD pull 2026-09-27 (workbook updated 2025-11-13); attribution: The Planetary Society; conventions in 07 FINDINGS R73
planetary_society_pebd_mission_costs,"Major Programs, 1994 - current",2008,Discovery (actual),136.4,USD millions (nominal),,"PEBD sheet 'Major Programs, 1994 - current' cell F16",R73; PEBD pull 2026-09-27 (workbook updated 2025-11-13); attribution: The Planetary Society; conventions in 07 FINDINGS R73
planetary_society_pebd_mission_costs,"Major Programs, 1994 - current",2008,"Discovery (requested, inflation adj)",278.8292,"USD millions (2025 dollars, PEBD inflation adjustment)",,"PEBD sheet 'Major Programs, 1994 - current' cell G16",R73; PEBD pull 2026-09-27 (workbook updated 2025-11-13); attribution: The Planetary Society; conventions in 07 FINDINGS R73
planetary_society_pebd_mission_costs,"Major Programs, 1994 - current",2008,"Discovery (actual, inflation adj)",205.6912,"USD millions (2025 dollars, PEBD inflation adjustment)",,"PEBD sheet 'Major Programs, 1994 - current' cell H16",R73; PEBD pull 2026-09-27 (workbook updated 2025-11-13); attribution: The Planetary Society; conventions in 07 FINDINGS R73
planetary_society_pebd_mission_costs,"Major Programs, 1994 - current",2008,Discovery % of Planetary,0.1039079759,fraction (0-1),,"PEBD sheet 'Major Programs, 1994 - current' cell I16",R73; PEBD pull 2026-09-27 (workbook updated 2025-11-13); attribution: The Planetary Society; conventions in 07 FINDINGS R73
planetary_society_pebd_mission_costs,"Major Programs, 1994 - current",2008,New Frontiers (requested),147.3,USD millions (nominal),,"PEBD sheet 'Major Programs, 1994 - current' cell J16",R73; PEBD pull 2026-09-27 (workbook updated 2025-11-13); attribution: The Planetary Society; conventions in 07 FINDINGS R73
planetary_society_pebd_mission_costs,"Major Programs, 1994 - current",2008,New Fronties (enacted),146.8,USD millions (nominal),TRUE,"PEBD sheet 'Major Programs, 1994 - current' cell K16",R73; PEBD pull 2026-09-27 (workbook updated 2025-11-13); attribution: The Planetary Society; conventions in 07 FINDINGS R73
planetary_society_pebd_mission_costs,"Major Programs, 1994 - current",2008,New Frontiers (actual),115.1,USD millions (nominal),,"PEBD sheet 'Major Programs, 1994 - current' cell L16",R73; PEBD pull 2026-09-27 (workbook updated 2025-11-13); attribution: The Planetary Society; conventions in 07 FINDINGS R73
planetary_society_pebd_mission_costs,"Major Programs, 1994 - current",2008,"New Frontiers (requested, inflation adj)",222.1284,"USD millions (2025 dollars, PEBD inflation adjustment)",,"PEBD sheet 'Major Programs, 1994 - current' cell M16",R73; PEBD pull 2026-09-27 (workbook updated 2025-11-13); attribution: The Planetary Society; conventions in 07 FINDINGS R73
planetary_society_pebd_mission_costs,"Major Programs, 1994 - current",2008,"New Frontiers (actual, inflation adj)",173.5708,"USD millions (2025 dollars, PEBD inflation adjustment)",,"PEBD sheet 'Major Programs, 1994 - current' cell N16",R73; PEBD pull 2026-09-27 (workbook updated 2025-11-13); attribution: The Planetary Society; conventions in 07 FINDINGS R73
planetary_society_pebd_mission_costs,"Major Programs, 1994 - current",2008,New Frontiers % of Planetary,0.08768187705,fraction (0-1),,"PEBD sheet 'Major Programs, 1994 - current' cell O16",R73; PEBD pull 2026-09-27 (workbook updated 2025-11-13); attribution: The Planetary Society; conventions in 07 FINDINGS R73
planetary_society_pebd_mission_costs,"Major Programs, 1994 - current",2008,Mars Exploration Program (requested),625.7,USD millions (nominal),,"PEBD sheet 'Major Programs, 1994 - current' cell P16",R73; PEBD pull 2026-09-27 (workbook updated 2025-11-13); attribution: The Planetary Society; conventions in 07 FINDINGS R73
planetary_society_pebd_mission_costs,"Major Programs, 1994 - current",2008,Mars Exploration Program (enacted),626.4,USD millions (nominal),TRUE,"PEBD sheet 'Major Programs, 1994 - current' cell Q16",R73; PEBD pull 2026-09-27 (workbook updated 2025-11-13); attribution: The Planetary Society; conventions in 07 FINDINGS R73
planetary_society_pebd_mission_costs,"Major Programs, 1994 - current",2008,Mars Exploration Program (actual),709.3,USD millions (nominal),,"PEBD sheet 'Major Programs, 1994 - current' cell R16",R73; PEBD pull 2026-09-27 (workbook updated 2025-11-13); attribution: The Planetary Society; conventions in 07 FINDINGS R73
planetary_society_pebd_mission_costs,"Major Programs, 1994 - current",2008,"Mars Exploration Program (requested, inflation adj)",943.5556,"USD millions (2025 dollars, PEBD inflation adjustment)",,"PEBD sheet 'Major Programs, 1994 - current' cell S16",R73; PEBD pull 2026-09-27 (workbook updated 2025-11-13); attribution: The Planetary Society; conventions in 07 FINDINGS R73
planetary_society_pebd_mission_costs,"Major Programs, 1994 - current",2008,"Mars Exploration Program (actual, inflation adj)",1069.6244,"USD millions (2025 dollars, PEBD inflation adjustment)",,"PEBD sheet 'Major Programs, 1994 - current' cell T16",R73; PEBD pull 2026-09-27 (workbook updated 2025-11-13); attribution: The Planetary Society; conventions in 07 FINDINGS R73
planetary_society_pebd_mission_costs,"Major Programs, 1994 - current",2008,Mars Exploration Program % of Planetary,0.5403367106,fraction (0-1),,"PEBD sheet 'Major Programs, 1994 - current' cell U16",R73; PEBD pull 2026-09-27 (workbook updated 2025-11-13); attribution: The Planetary Society; conventions in 07 FINDINGS R73
planetary_society_pebd_mission_costs,"Major Programs, 1994 - current",2008,Lunar Exploration Program,41.3,USD millions (nominal),,"PEBD sheet 'Major Programs, 1994 - current' cell AB16",R73; PEBD pull 2026-09-27 (workbook updated 2025-11-13); attribution: The Planetary Society; conventions in 07 FINDINGS R73
planetary_society_pebd_mission_costs,"Major Programs, 1994 - current",2008,Lunar Exploration Program (inflation adj),62.2804,"USD millions (2025 dollars, PEBD inflation adjustment)",,"PEBD sheet 'Major Programs, 1994 - current' cell AC16",R73; PEBD pull 2026-09-27 (workbook updated 2025-11-13); attribution: The Planetary Society; conventions in 07 FINDINGS R73
planetary_society_pebd_mission_costs,"Major Programs, 1994 - current",2008,Lunar Exploration % of Planetary,0.03146187248,fraction (0-1),,"PEBD sheet 'Major Programs, 1994 - current' cell AD16",R73; PEBD pull 2026-09-27 (workbook updated 2025-11-13); attribution: The Planetary Society; conventions in 07 FINDINGS R73
planetary_society_pebd_mission_costs,"Major Programs, 1994 - current",2008,Planetary Research & Analysis (actual),286.7,USD millions (nominal),,"PEBD sheet 'Major Programs, 1994 - current' cell AE16",R73; PEBD pull 2026-09-27 (workbook updated 2025-11-13); attribution: The Planetary Society; conventions in 07 FINDINGS R73
planetary_society_pebd_mission_costs,"Major Programs, 1994 - current",2008,"Planetary Research (actual, inflation adj)",432.3436,"USD millions (2025 dollars, PEBD inflation adjustment)",,"PEBD sheet 'Major Programs, 1994 - current' cell AF16",R73; PEBD pull 2026-09-27 (workbook updated 2025-11-13); attribution: The Planetary Society; conventions in 07 FINDINGS R73
planetary_society_pebd_mission_costs,"Major Programs, 1994 - current",2008,R&A % of Planetary,0.2184048145,fraction (0-1),,"PEBD sheet 'Major Programs, 1994 - current' cell AG16",R73; PEBD pull 2026-09-27 (workbook updated 2025-11-13); attribution: The Planetary Society; conventions in 07 FINDINGS R73
planetary_society_pebd_mission_costs,"Major Programs, 1994 - current",2008,Technology / Radioisotope Power (actual),65.2,USD millions (nominal),,"PEBD sheet 'Major Programs, 1994 - current' cell AR16",R73; PEBD pull 2026-09-27 (workbook updated 2025-11-13); attribution: The Planetary Society; conventions in 07 FINDINGS R73
planetary_society_pebd_mission_costs,"Major Programs, 1994 - current",2008,"Technology / Radioisotope Power (actual, inflation adj)",98.3216,"USD millions (2025 dollars, PEBD inflation adjustment)",,"PEBD sheet 'Major Programs, 1994 - current' cell AS16",R73; PEBD pull 2026-09-27 (workbook updated 2025-11-13); attribution: The Planetary Society; conventions in 07 FINDINGS R73
planetary_society_pebd_mission_costs,"Major Programs, 1994 - current",2008,% of Planetary,0.04966862192,fraction (0-1),,"PEBD sheet 'Major Programs, 1994 - current' cell AT16",R73; PEBD pull 2026-09-27 (workbook updated 2025-11-13); attribution: The Planetary Society; conventions in 07 FINDINGS R73
planetary_society_pebd_mission_costs,"Major Programs, 1994 - current",2009,Total Planetary Science,1288.1,USD millions (nominal),,"PEBD sheet 'Major Programs, 1994 - current' cell C17",R73; PEBD pull 2026-09-27 (workbook updated 2025-11-13); attribution: The Planetary Society; conventions in 07 FINDINGS R73
planetary_society_pebd_mission_costs,"Major Programs, 1994 - current",2009,Discovery (requested),247,USD millions (nominal),,"PEBD sheet 'Major Programs, 1994 - current' cell D17",R73; PEBD pull 2026-09-27 (workbook updated 2025-11-13); attribution: The Planetary Society; conventions in 07 FINDINGS R73
planetary_society_pebd_mission_costs,"Major Programs, 1994 - current",2009,Discovery (enacted),246.966,USD millions (nominal),TRUE,"PEBD sheet 'Major Programs, 1994 - current' cell E17",R73; PEBD pull 2026-09-27 (workbook updated 2025-11-13); attribution: The Planetary Society; conventions in 07 FINDINGS R73
planetary_society_pebd_mission_costs,"Major Programs, 1994 - current",2009,Discovery (actual),234.8,USD millions (nominal),,"PEBD sheet 'Major Programs, 1994 - current' cell F17",R73; PEBD pull 2026-09-27 (workbook updated 2025-11-13); attribution: The Planetary Society; conventions in 07 FINDINGS R73
planetary_society_pebd_mission_costs,"Major Programs, 1994 - current",2009,"Discovery (requested, inflation adj)",365.56,"USD millions (2025 dollars, PEBD inflation adjustment)",,"PEBD sheet 'Major Programs, 1994 - current' cell G17",R73; PEBD pull 2026-09-27 (workbook updated 2025-11-13); attribution: The Planetary Society; conventions in 07 FINDINGS R73
planetary_society_pebd_mission_costs,"Major Programs, 1994 - current",2009,"Discovery (actual, inflation adj)",347.504,"USD millions (2025 dollars, PEBD inflation adjustment)",,"PEBD sheet 'Major Programs, 1994 - current' cell H17",R73; PEBD pull 2026-09-27 (workbook updated 2025-11-13); attribution: The Planetary Society; conventions in 07 FINDINGS R73
planetary_society_pebd_mission_costs,"Major Programs, 1994 - current",2009,Discovery % of Planetary,0.1822839842,fraction (0-1),,"PEBD sheet 'Major Programs, 1994 - current' cell I17",R73; PEBD pull 2026-09-27 (workbook updated 2025-11-13); attribution: The Planetary Society; conventions in 07 FINDINGS R73
planetary_society_pebd_mission_costs,"Major Programs, 1994 - current",2009,New Frontiers (requested),263.9,USD millions (nominal),,"PEBD sheet 'Major Programs, 1994 - current' cell J17",R73; PEBD pull 2026-09-27 (workbook updated 2025-11-13); attribution: The Planetary Society; conventions in 07 FINDINGS R73
planetary_society_pebd_mission_costs,"Major Programs, 1994 - current",2009,New Fronties (enacted),263.9,USD millions (nominal),TRUE,"PEBD sheet 'Major Programs, 1994 - current' cell K17",R73; PEBD pull 2026-09-27 (workbook updated 2025-11-13); attribution: The Planetary Society; conventions in 07 FINDINGS R73
planetary_society_pebd_mission_costs,"Major Programs, 1994 - current",2009,New Frontiers (actual),279.1,USD millions (nominal),,"PEBD sheet 'Major Programs, 1994 - current' cell L17",R73; PEBD pull 2026-09-27 (workbook updated 2025-11-13); attribution: The Planetary Society; conventions in 07 FINDINGS R73
planetary_society_pebd_mission_costs,"Major Programs, 1994 - current",2009,"New Frontiers (requested, inflation adj)",390.572,"USD millions (2025 dollars, PEBD inflation adjustment)",,"PEBD sheet 'Major Programs, 1994 - current' cell M17",R73; PEBD pull 2026-09-27 (workbook updated 2025-11-13); attribution: The Planetary Society; conventions in 07 FINDINGS R73
planetary_society_pebd_mission_costs,"Major Programs, 1994 - current",2009,"New Frontiers (actual, inflation adj)",413.068,"USD millions (2025 dollars, PEBD inflation adjustment)",,"PEBD sheet 'Major Programs, 1994 - current' cell N17",R73; PEBD pull 2026-09-27 (workbook updated 2025-11-13); attribution: The Planetary Society; conventions in 07 FINDINGS R73
planetary_society_pebd_mission_costs,"Major Programs, 1994 - current",2009,New Frontiers % of Planetary,0.2166757239,fraction (0-1),,"PEBD sheet 'Major Programs, 1994 - current' cell O17",R73; PEBD pull 2026-09-27 (workbook updated 2025-11-13); attribution: The Planetary Society; conventions in 07 FINDINGS R73
planetary_society_pebd_mission_costs,"Major Programs, 1994 - current",2009,Mars Exploration Program (requested),386.5,USD millions (nominal),,"PEBD sheet 'Major Programs, 1994 - current' cell P17",R73; PEBD pull 2026-09-27 (workbook updated 2025-11-13); attribution: The Planetary Society; conventions in 07 FINDINGS R73
planetary_society_pebd_mission_costs,"Major Programs, 1994 - current",2009,Mars Exploration Program (enacted),463.194,USD millions (nominal),TRUE,"PEBD sheet 'Major Programs, 1994 - current' cell Q17",R73; PEBD pull 2026-09-27 (workbook updated 2025-11-13); attribution: The Planetary Society; conventions in 07 FINDINGS R73
planetary_society_pebd_mission_costs,"Major Programs, 1994 - current",2009,Mars Exploration Program (actual),361.7,USD millions (nominal),,"PEBD sheet 'Major Programs, 1994 - current' cell R17",R73; PEBD pull 2026-09-27 (workbook updated 2025-11-13); attribution: The Planetary Society; conventions in 07 FINDINGS R73
planetary_society_pebd_mission_costs,"Major Programs, 1994 - current",2009,"Mars Exploration Program (requested, inflation adj)",572.02,"USD millions (2025 dollars, PEBD inflation adjustment)",,"PEBD sheet 'Major Programs, 1994 - current' cell S17",R73; PEBD pull 2026-09-27 (workbook updated 2025-11-13); attribution: The Planetary Society; conventions in 07 FINDINGS R73
planetary_society_pebd_mission_costs,"Major Programs, 1994 - current",2009,"Mars Exploration Program (actual, inflation adj)",535.316,"USD millions (2025 dollars, PEBD inflation adjustment)",,"PEBD sheet 'Major Programs, 1994 - current' cell T17",R73; PEBD pull 2026-09-27 (workbook updated 2025-11-13); attribution: The Planetary Society; conventions in 07 FINDINGS R73
planetary_society_pebd_mission_costs,"Major Programs, 1994 - current",2009,Mars Exploration Program % of Planetary,0.28080118,fraction (0-1),,"PEBD sheet 'Major Programs, 1994 - current' cell U17",R73; PEBD pull 2026-09-27 (workbook updated 2025-11-13); attribution: The Planetary Society; conventions in 07 FINDINGS R73
planetary_society_pebd_mission_costs,"Major Programs, 1994 - current",2009,Lunar Exploration Program,69.1,USD millions (nominal),,"PEBD sheet 'Major Programs, 1994 - current' cell AB17",R73; PEBD pull 2026-09-27 (workbook updated 2025-11-13); attribution: The Planetary Society; conventions in 07 FINDINGS R73
planetary_society_pebd_mission_costs,"Major Programs, 1994 - current",2009,Lunar Exploration Program (inflation adj),102.268,"USD millions (2025 dollars, PEBD inflation adjustment)",,"PEBD sheet 'Major Programs, 1994 - current' cell AC17",R73; PEBD pull 2026-09-27 (workbook updated 2025-11-13); attribution: The Planetary Society; conventions in 07 FINDINGS R73
planetary_society_pebd_mission_costs,"Major Programs, 1994 - current",2009,Lunar Exploration % of Planetary,0.05364490335,fraction (0-1),,"PEBD sheet 'Major Programs, 1994 - current' cell AD17",R73; PEBD pull 2026-09-27 (workbook updated 2025-11-13); attribution: The Planetary Society; conventions in 07 FINDINGS R73
planetary_society_pebd_mission_costs,"Major Programs, 1994 - current",2009,Planetary Research & Analysis (actual),235.3,USD millions (nominal),,"PEBD sheet 'Major Programs, 1994 - current' cell AE17",R73; PEBD pull 2026-09-27 (workbook updated 2025-11-13); attribution: The Planetary Society; conventions in 07 FINDINGS R73
planetary_society_pebd_mission_costs,"Major Programs, 1994 - current",2009,"Planetary Research (actual, inflation adj)",348.244,"USD millions (2025 dollars, PEBD inflation adjustment)",,"PEBD sheet 'Major Programs, 1994 - current' cell AF17",R73; PEBD pull 2026-09-27 (workbook updated 2025-11-13); attribution: The Planetary Society; conventions in 07 FINDINGS R73
planetary_society_pebd_mission_costs,"Major Programs, 1994 - current",2009,R&A % of Planetary,0.1826721528,fraction (0-1),,"PEBD sheet 'Major Programs, 1994 - current' cell AG17",R73; PEBD pull 2026-09-27 (workbook updated 2025-11-13); attribution: The Planetary Society; conventions in 07 FINDINGS R73
planetary_society_pebd_mission_costs,"Major Programs, 1994 - current",2009,Outer Planets (requested),101.1,USD millions (nominal),,"PEBD sheet 'Major Programs, 1994 - current' cell AH17",R73; PEBD pull 2026-09-27 (workbook updated 2025-11-13); attribution: The Planetary Society; conventions in 07 FINDINGS R73
planetary_society_pebd_mission_costs,"Major Programs, 1994 - current",2009,Outer Planets (enacted),101.089,USD millions (nominal),,"PEBD sheet 'Major Programs, 1994 - current' cell AI17",R73; PEBD pull 2026-09-27 (workbook updated 2025-11-13); attribution: The Planetary Society; conventions in 07 FINDINGS R73
planetary_society_pebd_mission_costs,"Major Programs, 1994 - current",2009,Outer Planets (actual),104.8,USD millions (nominal),,"PEBD sheet 'Major Programs, 1994 - current' cell AJ17",R73; PEBD pull 2026-09-27 (workbook updated 2025-11-13); attribution: The Planetary Society; conventions in 07 FINDINGS R73
planetary_society_pebd_mission_costs,"Major Programs, 1994 - current",2009,"Outer Planets (requested, inflation adj)",149.628,"USD millions (2025 dollars, PEBD inflation adjustment)",,"PEBD sheet 'Major Programs, 1994 - current' cell AK17",R73; PEBD pull 2026-09-27 (workbook updated 2025-11-13); attribution: The Planetary Society; conventions in 07 FINDINGS R73
planetary_society_pebd_mission_costs,"Major Programs, 1994 - current",2009,"Outer Planets (actual, inflation adj)",155.104,"USD millions (2025 dollars, PEBD inflation adjustment)",,"PEBD sheet 'Major Programs, 1994 - current' cell AL17",R73; PEBD pull 2026-09-27 (workbook updated 2025-11-13); attribution: The Planetary Society; conventions in 07 FINDINGS R73
planetary_society_pebd_mission_costs,"Major Programs, 1994 - current",2009,Outer Planets % Planetary,0.08136014285,fraction (0-1),,"PEBD sheet 'Major Programs, 1994 - current' cell AM17",R73; PEBD pull 2026-09-27 (workbook updated 2025-11-13); attribution: The Planetary Society; conventions in 07 FINDINGS R73
planetary_society_pebd_mission_costs,"Major Programs, 1994 - current",2009,Technology / Radioisotope Power (actual),72.4,USD millions (nominal),,"PEBD sheet 'Major Programs, 1994 - current' cell AR17",R73; PEBD pull 2026-09-27 (workbook updated 2025-11-13); attribution: The Planetary Society; conventions in 07 FINDINGS R73
planetary_society_pebd_mission_costs,"Major Programs, 1994 - current",2009,"Technology / Radioisotope Power (actual, inflation adj)",107.152,"USD millions (2025 dollars, PEBD inflation adjustment)",,"PEBD sheet 'Major Programs, 1994 - current' cell AS17",R73; PEBD pull 2026-09-27 (workbook updated 2025-11-13); attribution: The Planetary Society; conventions in 07 FINDINGS R73
planetary_society_pebd_mission_costs,"Major Programs, 1994 - current",2009,% of Planetary,0.05620681624,fraction (0-1),,"PEBD sheet 'Major Programs, 1994 - current' cell AT17",R73; PEBD pull 2026-09-27 (workbook updated 2025-11-13); attribution: The Planetary Society; conventions in 07 FINDINGS R73
planetary_society_pebd_mission_costs,"Major Programs, 1994 - current",2010,Total Planetary Science,1364.4,USD millions (nominal),,"PEBD sheet 'Major Programs, 1994 - current' cell C18",R73; PEBD pull 2026-09-27 (workbook updated 2025-11-13); attribution: The Planetary Society; conventions in 07 FINDINGS R73
planetary_society_pebd_mission_costs,"Major Programs, 1994 - current",2010,Discovery (requested),213.2,USD millions (nominal),,"PEBD sheet 'Major Programs, 1994 - current' cell D18",R73; PEBD pull 2026-09-27 (workbook updated 2025-11-13); attribution: The Planetary Society; conventions in 07 FINDINGS R73
planetary_society_pebd_mission_costs,"Major Programs, 1994 - current",2010,Discovery (enacted),213.2,USD millions (nominal),TRUE,"PEBD sheet 'Major Programs, 1994 - current' cell E18",R73; PEBD pull 2026-09-27 (workbook updated 2025-11-13); attribution: The Planetary Society; conventions in 07 FINDINGS R73
planetary_society_pebd_mission_costs,"Major Programs, 1994 - current",2010,Discovery (actual),184.5,USD millions (nominal),,"PEBD sheet 'Major Programs, 1994 - current' cell F18",R73; PEBD pull 2026-09-27 (workbook updated 2025-11-13); attribution: The Planetary Society; conventions in 07 FINDINGS R73
planetary_society_pebd_mission_costs,"Major Programs, 1994 - current",2010,"Discovery (requested, inflation adj)",311.272,"USD millions (2025 dollars, PEBD inflation adjustment)",,"PEBD sheet 'Major Programs, 1994 - current' cell G18",R73; PEBD pull 2026-09-27 (workbook updated 2025-11-13); attribution: The Planetary Society; conventions in 07 FINDINGS R73
planetary_society_pebd_mission_costs,"Major Programs, 1994 - current",2010,"Discovery (actual, inflation adj)",269.37,"USD millions (2025 dollars, PEBD inflation adjustment)",,"PEBD sheet 'Major Programs, 1994 - current' cell H18",R73; PEBD pull 2026-09-27 (workbook updated 2025-11-13); attribution: The Planetary Society; conventions in 07 FINDINGS R73
planetary_society_pebd_mission_costs,"Major Programs, 1994 - current",2010,Discovery % of Planetary,0.1352242744,fraction (0-1),,"PEBD sheet 'Major Programs, 1994 - current' cell I18",R73; PEBD pull 2026-09-27 (workbook updated 2025-11-13); attribution: The Planetary Society; conventions in 07 FINDINGS R73
planetary_society_pebd_mission_costs,"Major Programs, 1994 - current",2010,New Frontiers (requested),264.1,USD millions (nominal),,"PEBD sheet 'Major Programs, 1994 - current' cell J18",R73; PEBD pull 2026-09-27 (workbook updated 2025-11-13); attribution: The Planetary Society; conventions in 07 FINDINGS R73
planetary_society_pebd_mission_costs,"Major Programs, 1994 - current",2010,New Fronties (enacted),264.1,USD millions (nominal),TRUE,"PEBD sheet 'Major Programs, 1994 - current' cell K18",R73; PEBD pull 2026-09-27 (workbook updated 2025-11-13); attribution: The Planetary Society; conventions in 07 FINDINGS R73
planetary_society_pebd_mission_costs,"Major Programs, 1994 - current",2010,New Frontiers (actual),279.6,USD millions (nominal),,"PEBD sheet 'Major Programs, 1994 - current' cell L18",R73; PEBD pull 2026-09-27 (workbook updated 2025-11-13); attribution: The Planetary Society; conventions in 07 FINDINGS R73
planetary_society_pebd_mission_costs,"Major Programs, 1994 - current",2010,"New Frontiers (requested, inflation adj)",385.586,"USD millions (2025 dollars, PEBD inflation adjustment)",,"PEBD sheet 'Major Programs, 1994 - current' cell M18",R73; PEBD pull 2026-09-27 (workbook updated 2025-11-13); attribution: The Planetary Society; conventions in 07 FINDINGS R73
planetary_society_pebd_mission_costs,"Major Programs, 1994 - current",2010,"New Frontiers (actual, inflation adj)",408.216,"USD millions (2025 dollars, PEBD inflation adjustment)",,"PEBD sheet 'Major Programs, 1994 - current' cell N18",R73; PEBD pull 2026-09-27 (workbook updated 2025-11-13); attribution: The Planetary Society; conventions in 07 FINDINGS R73
planetary_society_pebd_mission_costs,"Major Programs, 1994 - current",2010,New Frontiers % of Planetary,0.2049252419,fraction (0-1),,"PEBD sheet 'Major Programs, 1994 - current' cell O18",R73; PEBD pull 2026-09-27 (workbook updated 2025-11-13); attribution: The Planetary Society; conventions in 07 FINDINGS R73
planetary_society_pebd_mission_costs,"Major Programs, 1994 - current",2010,Mars Exploration Program (requested),416.1,USD millions (nominal),,"PEBD sheet 'Major Programs, 1994 - current' cell P18",R73; PEBD pull 2026-09-27 (workbook updated 2025-11-13); attribution: The Planetary Society; conventions in 07 FINDINGS R73
planetary_society_pebd_mission_costs,"Major Programs, 1994 - current",2010,Mars Exploration Program (actual),438.2,USD millions (nominal),,"PEBD sheet 'Major Programs, 1994 - current' cell R18",R73; PEBD pull 2026-09-27 (workbook updated 2025-11-13); attribution: The Planetary Society; conventions in 07 FINDINGS R73
planetary_society_pebd_mission_costs,"Major Programs, 1994 - current",2010,"Mars Exploration Program (requested, inflation adj)",607.506,"USD millions (2025 dollars, PEBD inflation adjustment)",,"PEBD sheet 'Major Programs, 1994 - current' cell S18",R73; PEBD pull 2026-09-27 (workbook updated 2025-11-13); attribution: The Planetary Society; conventions in 07 FINDINGS R73
planetary_society_pebd_mission_costs,"Major Programs, 1994 - current",2010,"Mars Exploration Program (actual, inflation adj)",639.772,"USD millions (2025 dollars, PEBD inflation adjustment)",,"PEBD sheet 'Major Programs, 1994 - current' cell T18",R73; PEBD pull 2026-09-27 (workbook updated 2025-11-13); attribution: The Planetary Society; conventions in 07 FINDINGS R73
planetary_society_pebd_mission_costs,"Major Programs, 1994 - current",2010,Mars Exploration Program % of Planetary,0.3211668133,fraction (0-1),,"PEBD sheet 'Major Programs, 1994 - current' cell U18",R73; PEBD pull 2026-09-27 (workbook updated 2025-11-13); attribution: The Planetary Society; conventions in 07 FINDINGS R73
planetary_society_pebd_mission_costs,"Major Programs, 1994 - current",2010,Lunar Exploration Program,94.5,USD millions (nominal),,"PEBD sheet 'Major Programs, 1994 - current' cell AB18",R73; PEBD pull 2026-09-27 (workbook updated 2025-11-13); attribution: The Planetary Society; conventions in 07 FINDINGS R73
planetary_society_pebd_mission_costs,"Major Programs, 1994 - current",2010,Lunar Exploration Program (inflation adj),137.97,"USD millions (2025 dollars, PEBD inflation adjustment)",,"PEBD sheet 'Major Programs, 1994 - current' cell AC18",R73; PEBD pull 2026-09-27 (workbook updated 2025-11-13); attribution: The Planetary Society; conventions in 07 FINDINGS R73
planetary_society_pebd_mission_costs,"Major Programs, 1994 - current",2010,Lunar Exploration % of Planetary,0.06926121372,fraction (0-1),,"PEBD sheet 'Major Programs, 1994 - current' cell AD18",R73; PEBD pull 2026-09-27 (workbook updated 2025-11-13); attribution: The Planetary Society; conventions in 07 FINDINGS R73
planetary_society_pebd_mission_costs,"Major Programs, 1994 - current",2010,Planetary Research & Analysis (actual),235.3,USD millions (nominal),,"PEBD sheet 'Major Programs, 1994 - current' cell AE18",R73; PEBD pull 2026-09-27 (workbook updated 2025-11-13); attribution: The Planetary Society; conventions in 07 FINDINGS R73
planetary_society_pebd_mission_costs,"Major Programs, 1994 - current",2010,"Planetary Research (actual, inflation adj)",343.538,"USD millions (2025 dollars, PEBD inflation adjustment)",,"PEBD sheet 'Major Programs, 1994 - current' cell AF18",R73; PEBD pull 2026-09-27 (workbook updated 2025-11-13); attribution: The Planetary Society; conventions in 07 FINDINGS R73
planetary_society_pebd_mission_costs,"Major Programs, 1994 - current",2010,R&A % of Planetary,0.1724567575,fraction (0-1),,"PEBD sheet 'Major Programs, 1994 - current' cell AG18",R73; PEBD pull 2026-09-27 (workbook updated 2025-11-13); attribution: The Planetary Society; conventions in 07 FINDINGS R73
planetary_society_pebd_mission_costs,"Major Programs, 1994 - current",2010,Outer Planets (requested),98.6,USD millions (nominal),,"PEBD sheet 'Major Programs, 1994 - current' cell AH18",R73; PEBD pull 2026-09-27 (workbook updated 2025-11-13); attribution: The Planetary Society; conventions in 07 FINDINGS R73
planetary_society_pebd_mission_costs,"Major Programs, 1994 - current",2010,Outer Planets (actual),100.6,USD millions (nominal),,"PEBD sheet 'Major Programs, 1994 - current' cell AJ18",R73; PEBD pull 2026-09-27 (workbook updated 2025-11-13); attribution: The Planetary Society; conventions in 07 FINDINGS R73
planetary_society_pebd_mission_costs,"Major Programs, 1994 - current",2010,"Outer Planets (requested, inflation adj)",143.956,"USD millions (2025 dollars, PEBD inflation adjustment)",,"PEBD sheet 'Major Programs, 1994 - current' cell AK18",R73; PEBD pull 2026-09-27 (workbook updated 2025-11-13); attribution: The Planetary Society; conventions in 07 FINDINGS R73
planetary_society_pebd_mission_costs,"Major Programs, 1994 - current",2010,"Outer Planets (actual, inflation adj)",146.876,"USD millions (2025 dollars, PEBD inflation adjustment)",,"PEBD sheet 'Major Programs, 1994 - current' cell AL18",R73; PEBD pull 2026-09-27 (workbook updated 2025-11-13); attribution: The Planetary Society; conventions in 07 FINDINGS R73
planetary_society_pebd_mission_costs,"Major Programs, 1994 - current",2010,Outer Planets % Planetary,0.07373204339,fraction (0-1),,"PEBD sheet 'Major Programs, 1994 - current' cell AM18",R73; PEBD pull 2026-09-27 (workbook updated 2025-11-13); attribution: The Planetary Society; conventions in 07 FINDINGS R73
planetary_society_pebd_mission_costs,"Major Programs, 1994 - current",2010,Technology / Radioisotope Power (actual),105.5,USD millions (nominal),,"PEBD sheet 'Major Programs, 1994 - current' cell AR18",R73; PEBD pull 2026-09-27 (workbook updated 2025-11-13); attribution: The Planetary Society; conventions in 07 FINDINGS R73
planetary_society_pebd_mission_costs,"Major Programs, 1994 - current",2010,"Technology / Radioisotope Power (actual, inflation adj)",154.03,"USD millions (2025 dollars, PEBD inflation adjustment)",,"PEBD sheet 'Major Programs, 1994 - current' cell AS18",R73; PEBD pull 2026-09-27 (workbook updated 2025-11-13); attribution: The Planetary Society; conventions in 07 FINDINGS R73
planetary_society_pebd_mission_costs,"Major Programs, 1994 - current",2010,% of Planetary,0.07732336558,fraction (0-1),,"PEBD sheet 'Major Programs, 1994 - current' cell AT18",R73; PEBD pull 2026-09-27 (workbook updated 2025-11-13); attribution: The Planetary Society; conventions in 07 FINDINGS R73
planetary_society_pebd_mission_costs,"Major Programs, 1994 - current",2011,Total Planetary Science,1450.8,USD millions (nominal),,"PEBD sheet 'Major Programs, 1994 - current' cell C19",R73; PEBD pull 2026-09-27 (workbook updated 2025-11-13); attribution: The Planetary Society; conventions in 07 FINDINGS R73
planetary_society_pebd_mission_costs,"Major Programs, 1994 - current",2011,Discovery (requested),202,USD millions (nominal),,"PEBD sheet 'Major Programs, 1994 - current' cell D19",R73; PEBD pull 2026-09-27 (workbook updated 2025-11-13); attribution: The Planetary Society; conventions in 07 FINDINGS R73
planetary_society_pebd_mission_costs,"Major Programs, 1994 - current",2011,Discovery (actual),192,USD millions (nominal),,"PEBD sheet 'Major Programs, 1994 - current' cell F19",R73; PEBD pull 2026-09-27 (workbook updated 2025-11-13); attribution: The Planetary Society; conventions in 07 FINDINGS R73
planetary_society_pebd_mission_costs,"Major Programs, 1994 - current",2011,"Discovery (requested, inflation adj)",290.274,"USD millions (2025 dollars, PEBD inflation adjustment)",,"PEBD sheet 'Major Programs, 1994 - current' cell G19",R73; PEBD pull 2026-09-27 (workbook updated 2025-11-13); attribution: The Planetary Society; conventions in 07 FINDINGS R73
planetary_society_pebd_mission_costs,"Major Programs, 1994 - current",2011,"Discovery (actual, inflation adj)",275.904,"USD millions (2025 dollars, PEBD inflation adjustment)",,"PEBD sheet 'Major Programs, 1994 - current' cell H19",R73; PEBD pull 2026-09-27 (workbook updated 2025-11-13); attribution: The Planetary Society; conventions in 07 FINDINGS R73
planetary_society_pebd_mission_costs,"Major Programs, 1994 - current",2011,Discovery % of Planetary,0.1323407775,fraction (0-1),,"PEBD sheet 'Major Programs, 1994 - current' cell I19",R73; PEBD pull 2026-09-27 (workbook updated 2025-11-13); attribution: The Planetary Society; conventions in 07 FINDINGS R73
planetary_society_pebd_mission_costs,"Major Programs, 1994 - current",2011,New Frontiers (requested),223.8,USD millions (nominal),,"PEBD sheet 'Major Programs, 1994 - current' cell J19",R73; PEBD pull 2026-09-27 (workbook updated 2025-11-13); attribution: The Planetary Society; conventions in 07 FINDINGS R73
planetary_society_pebd_mission_costs,"Major Programs, 1994 - current",2011,New Frontiers (actual),213.2,USD millions (nominal),,"PEBD sheet 'Major Programs, 1994 - current' cell L19",R73; PEBD pull 2026-09-27 (workbook updated 2025-11-13); attribution: The Planetary Society; conventions in 07 FINDINGS R73
planetary_society_pebd_mission_costs,"Major Programs, 1994 - current",2011,"New Frontiers (requested, inflation adj)",321.6006,"USD millions (2025 dollars, PEBD inflation adjustment)",,"PEBD sheet 'Major Programs, 1994 - current' cell M19",R73; PEBD pull 2026-09-27 (workbook updated 2025-11-13); attribution: The Planetary Society; conventions in 07 FINDINGS R73
planetary_society_pebd_mission_costs,"Major Programs, 1994 - current",2011,"New Frontiers (actual, inflation adj)",306.3684,"USD millions (2025 dollars, PEBD inflation adjustment)",,"PEBD sheet 'Major Programs, 1994 - current' cell N19",R73; PEBD pull 2026-09-27 (workbook updated 2025-11-13); attribution: The Planetary Society; conventions in 07 FINDINGS R73
planetary_society_pebd_mission_costs,"Major Programs, 1994 - current",2011,New Frontiers % of Planetary,0.146953405,fraction (0-1),,"PEBD sheet 'Major Programs, 1994 - current' cell O19",R73; PEBD pull 2026-09-27 (workbook updated 2025-11-13); attribution: The Planetary Society; conventions in 07 FINDINGS R73
planetary_society_pebd_mission_costs,"Major Programs, 1994 - current",2011,Mars Exploration Program (requested),532.8,USD millions (nominal),,"PEBD sheet 'Major Programs, 1994 - current' cell P19",R73; PEBD pull 2026-09-27 (workbook updated 2025-11-13); attribution: The Planetary Society; conventions in 07 FINDINGS R73
planetary_society_pebd_mission_costs,"Major Programs, 1994 - current",2011,Mars Exploration Program (actual),547.4,USD millions (nominal),,"PEBD sheet 'Major Programs, 1994 - current' cell R19",R73; PEBD pull 2026-09-27 (workbook updated 2025-11-13); attribution: The Planetary Society; conventions in 07 FINDINGS R73
planetary_society_pebd_mission_costs,"Major Programs, 1994 - current",2011,"Mars Exploration Program (requested, inflation adj)",765.6336,"USD millions (2025 dollars, PEBD inflation adjustment)",,"PEBD sheet 'Major Programs, 1994 - current' cell S19",R73; PEBD pull 2026-09-27 (workbook updated 2025-11-13); attribution: The Planetary Society; conventions in 07 FINDINGS R73
planetary_society_pebd_mission_costs,"Major Programs, 1994 - current",2011,"Mars Exploration Program (actual, inflation adj)",786.6138,"USD millions (2025 dollars, PEBD inflation adjustment)",,"PEBD sheet 'Major Programs, 1994 - current' cell T19",R73; PEBD pull 2026-09-27 (workbook updated 2025-11-13); attribution: The Planetary Society; conventions in 07 FINDINGS R73
planetary_society_pebd_mission_costs,"Major Programs, 1994 - current",2011,Mars Exploration Program % of Planetary,0.3773090709,fraction (0-1),,"PEBD sheet 'Major Programs, 1994 - current' cell U19",R73; PEBD pull 2026-09-27 (workbook updated 2025-11-13); attribution: The Planetary Society; conventions in 07 FINDINGS R73
planetary_society_pebd_mission_costs,"Major Programs, 1994 - current",2011,Lunar Exploration Program,130.2,USD millions (nominal),,"PEBD sheet 'Major Programs, 1994 - current' cell AB19",R73; PEBD pull 2026-09-27 (workbook updated 2025-11-13); attribution: The Planetary Society; conventions in 07 FINDINGS R73
planetary_society_pebd_mission_costs,"Major Programs, 1994 - current",2011,Lunar Exploration Program (inflation adj),187.0974,"USD millions (2025 dollars, PEBD inflation adjustment)",,"PEBD sheet 'Major Programs, 1994 - current' cell AC19",R73; PEBD pull 2026-09-27 (workbook updated 2025-11-13); attribution: The Planetary Society; conventions in 07 FINDINGS R73
planetary_society_pebd_mission_costs,"Major Programs, 1994 - current",2011,Lunar Exploration % of Planetary,0.08974358974,fraction (0-1),,"PEBD sheet 'Major Programs, 1994 - current' cell AD19",R73; PEBD pull 2026-09-27 (workbook updated 2025-11-13); attribution: The Planetary Society; conventions in 07 FINDINGS R73
planetary_society_pebd_mission_costs,"Major Programs, 1994 - current",2011,Planetary Research & Analysis (actual),158.8,USD millions (nominal),,"PEBD sheet 'Major Programs, 1994 - current' cell AE19",R73; PEBD pull 2026-09-27 (workbook updated 2025-11-13); attribution: The Planetary Society; conventions in 07 FINDINGS R73
planetary_society_pebd_mission_costs,"Major Programs, 1994 - current",2011,"Planetary Research (actual, inflation adj)",228.1956,"USD millions (2025 dollars, PEBD inflation adjustment)",,"PEBD sheet 'Major Programs, 1994 - current' cell AF19",R73; PEBD pull 2026-09-27 (workbook updated 2025-11-13); attribution: The Planetary Society; conventions in 07 FINDINGS R73
planetary_society_pebd_mission_costs,"Major Programs, 1994 - current",2011,R&A % of Planetary,0.1094568514,fraction (0-1),,"PEBD sheet 'Major Programs, 1994 - current' cell AG19",R73; PEBD pull 2026-09-27 (workbook updated 2025-11-13); attribution: The Planetary Society; conventions in 07 FINDINGS R73
planetary_society_pebd_mission_costs,"Major Programs, 1994 - current",2011,Outer Planets (requested),103.5,USD millions (nominal),,"PEBD sheet 'Major Programs, 1994 - current' cell AH19",R73; PEBD pull 2026-09-27 (workbook updated 2025-11-13); attribution: The Planetary Society; conventions in 07 FINDINGS R73
planetary_society_pebd_mission_costs,"Major Programs, 1994 - current",2011,Outer Planets (actual),91.9,USD millions (nominal),,"PEBD sheet 'Major Programs, 1994 - current' cell AJ19",R73; PEBD pull 2026-09-27 (workbook updated 2025-11-13); attribution: The Planetary Society; conventions in 07 FINDINGS R73
planetary_society_pebd_mission_costs,"Major Programs, 1994 - current",2011,"Outer Planets (requested, inflation adj)",148.7295,"USD millions (2025 dollars, PEBD inflation adjustment)",,"PEBD sheet 'Major Programs, 1994 - current' cell AK19",R73; PEBD pull 2026-09-27 (workbook updated 2025-11-13); attribution: The Planetary Society; conventions in 07 FINDINGS R73
planetary_society_pebd_mission_costs,"Major Programs, 1994 - current",2011,"Outer Planets (actual, inflation adj)",132.0603,"USD millions (2025 dollars, PEBD inflation adjustment)",,"PEBD sheet 'Major Programs, 1994 - current' cell AL19",R73; PEBD pull 2026-09-27 (workbook updated 2025-11-13); attribution: The Planetary Society; conventions in 07 FINDINGS R73
planetary_society_pebd_mission_costs,"Major Programs, 1994 - current",2011,Outer Planets % Planetary,0.06334436173,fraction (0-1),,"PEBD sheet 'Major Programs, 1994 - current' cell AM19",R73; PEBD pull 2026-09-27 (workbook updated 2025-11-13); attribution: The Planetary Society; conventions in 07 FINDINGS R73
planetary_society_pebd_mission_costs,"Major Programs, 1994 - current",2011,Technology / Radioisotope Power (actual),117.3,USD millions (nominal),,"PEBD sheet 'Major Programs, 1994 - current' cell AR19",R73; PEBD pull 2026-09-27 (workbook updated 2025-11-13); attribution: The Planetary Society; conventions in 07 FINDINGS R73
planetary_society_pebd_mission_costs,"Major Programs, 1994 - current",2011,"Technology / Radioisotope Power (actual, inflation adj)",168.5601,"USD millions (2025 dollars, PEBD inflation adjustment)",,"PEBD sheet 'Major Programs, 1994 - current' cell AS19",R73; PEBD pull 2026-09-27 (workbook updated 2025-11-13); attribution: The Planetary Society; conventions in 07 FINDINGS R73
planetary_society_pebd_mission_costs,"Major Programs, 1994 - current",2011,% of Planetary,0.08085194376,fraction (0-1),,"PEBD sheet 'Major Programs, 1994 - current' cell AT19",R73; PEBD pull 2026-09-27 (workbook updated 2025-11-13); attribution: The Planetary Society; conventions in 07 FINDINGS R73
planetary_society_pebd_mission_costs,"Major Programs, 1994 - current",2012,Total Planetary Science,1501.4,USD millions (nominal),,"PEBD sheet 'Major Programs, 1994 - current' cell C20",R73; PEBD pull 2026-09-27 (workbook updated 2025-11-13); attribution: The Planetary Society; conventions in 07 FINDINGS R73
planetary_society_pebd_mission_costs,"Major Programs, 1994 - current",2012,Discovery (requested),179.1,USD millions (nominal),,"PEBD sheet 'Major Programs, 1994 - current' cell D20",R73; PEBD pull 2026-09-27 (workbook updated 2025-11-13); attribution: The Planetary Society; conventions in 07 FINDINGS R73
planetary_society_pebd_mission_costs,"Major Programs, 1994 - current",2012,Discovery (actual),172.6,USD millions (nominal),,"PEBD sheet 'Major Programs, 1994 - current' cell F20",R73; PEBD pull 2026-09-27 (workbook updated 2025-11-13); attribution: The Planetary Society; conventions in 07 FINDINGS R73
planetary_society_pebd_mission_costs,"Major Programs, 1994 - current",2012,"Discovery (requested, inflation adj)",254.6802,"USD millions (2025 dollars, PEBD inflation adjustment)",,"PEBD sheet 'Major Programs, 1994 - current' cell G20",R73; PEBD pull 2026-09-27 (workbook updated 2025-11-13); attribution: The Planetary Society; conventions in 07 FINDINGS R73
planetary_society_pebd_mission_costs,"Major Programs, 1994 - current",2012,"Discovery (actual, inflation adj)",245.4372,"USD millions (2025 dollars, PEBD inflation adjustment)",,"PEBD sheet 'Major Programs, 1994 - current' cell H20",R73; PEBD pull 2026-09-27 (workbook updated 2025-11-13); attribution: The Planetary Society; conventions in 07 FINDINGS R73
planetary_society_pebd_mission_costs,"Major Programs, 1994 - current",2012,Discovery % of Planetary,0.1149593713,fraction (0-1),,"PEBD sheet 'Major Programs, 1994 - current' cell I20",R73; PEBD pull 2026-09-27 (workbook updated 2025-11-13); attribution: The Planetary Society; conventions in 07 FINDINGS R73
planetary_society_pebd_mission_costs,"Major Programs, 1994 - current",2012,New Frontiers (requested),181.8,USD millions (nominal),,"PEBD sheet 'Major Programs, 1994 - current' cell J20",R73; PEBD pull 2026-09-27 (workbook updated 2025-11-13); attribution: The Planetary Society; conventions in 07 FINDINGS R73
planetary_society_pebd_mission_costs,"Major Programs, 1994 - current",2012,New Frontiers (actual),143.7,USD millions (nominal),,"PEBD sheet 'Major Programs, 1994 - current' cell L20",R73; PEBD pull 2026-09-27 (workbook updated 2025-11-13); attribution: The Planetary Society; conventions in 07 FINDINGS R73
planetary_society_pebd_mission_costs,"Major Programs, 1994 - current",2012,"New Frontiers (requested, inflation adj)",258.5196,"USD millions (2025 dollars, PEBD inflation adjustment)",,"PEBD sheet 'Major Programs, 1994 - current' cell M20",R73; PEBD pull 2026-09-27 (workbook updated 2025-11-13); attribution: The Planetary Society; conventions in 07 FINDINGS R73
planetary_society_pebd_mission_costs,"Major Programs, 1994 - current",2012,"New Frontiers (actual, inflation adj)",204.3414,"USD millions (2025 dollars, PEBD inflation adjustment)",,"PEBD sheet 'Major Programs, 1994 - current' cell N20",R73; PEBD pull 2026-09-27 (workbook updated 2025-11-13); attribution: The Planetary Society; conventions in 07 FINDINGS R73
planetary_society_pebd_mission_costs,"Major Programs, 1994 - current",2012,New Frontiers % of Planetary,0.09571067004,fraction (0-1),,"PEBD sheet 'Major Programs, 1994 - current' cell O20",R73; PEBD pull 2026-09-27 (workbook updated 2025-11-13); attribution: The Planetary Society; conventions in 07 FINDINGS R73
planetary_society_pebd_mission_costs,"Major Programs, 1994 - current",2012,Mars Exploration Program (requested),602.2,USD millions (nominal),,"PEBD sheet 'Major Programs, 1994 - current' cell P20",R73; PEBD pull 2026-09-27 (workbook updated 2025-11-13); attribution: The Planetary Society; conventions in 07 FINDINGS R73
planetary_society_pebd_mission_costs,"Major Programs, 1994 - current",2012,Mars Exploration Program (actual),587.1,USD millions (nominal),,"PEBD sheet 'Major Programs, 1994 - current' cell R20",R73; PEBD pull 2026-09-27 (workbook updated 2025-11-13); attribution: The Planetary Society; conventions in 07 FINDINGS R73
planetary_society_pebd_mission_costs,"Major Programs, 1994 - current",2012,"Mars Exploration Program (requested, inflation adj)",856.3284,"USD millions (2025 dollars, PEBD inflation adjustment)",,"PEBD sheet 'Major Programs, 1994 - current' cell S20",R73; PEBD pull 2026-09-27 (workbook updated 2025-11-13); attribution: The Planetary Society; conventions in 07 FINDINGS R73
planetary_society_pebd_mission_costs,"Major Programs, 1994 - current",2012,"Mars Exploration Program (actual, inflation adj)",834.8562,"USD millions (2025 dollars, PEBD inflation adjustment)",,"PEBD sheet 'Major Programs, 1994 - current' cell T20",R73; PEBD pull 2026-09-27 (workbook updated 2025-11-13); attribution: The Planetary Society; conventions in 07 FINDINGS R73
planetary_society_pebd_mission_costs,"Major Programs, 1994 - current",2012,Mars Exploration Program % of Planetary,0.391035034,fraction (0-1),,"PEBD sheet 'Major Programs, 1994 - current' cell U20",R73; PEBD pull 2026-09-27 (workbook updated 2025-11-13); attribution: The Planetary Society; conventions in 07 FINDINGS R73
planetary_society_pebd_mission_costs,"Major Programs, 1994 - current",2012,Lunar Exploration Program,139.9,USD millions (nominal),,"PEBD sheet 'Major Programs, 1994 - current' cell AB20",R73; PEBD pull 2026-09-27 (workbook updated 2025-11-13); attribution: The Planetary Society; conventions in 07 FINDINGS R73
planetary_society_pebd_mission_costs,"Major Programs, 1994 - current",2012,Lunar Exploration Program (inflation adj),198.9378,"USD millions (2025 dollars, PEBD inflation adjustment)",,"PEBD sheet 'Major Programs, 1994 - current' cell AC20",R73; PEBD pull 2026-09-27 (workbook updated 2025-11-13); attribution: The Planetary Society; conventions in 07 FINDINGS R73
planetary_society_pebd_mission_costs,"Major Programs, 1994 - current",2012,Lunar Exploration % of Planetary,0.09317969895,fraction (0-1),,"PEBD sheet 'Major Programs, 1994 - current' cell AD20",R73; PEBD pull 2026-09-27 (workbook updated 2025-11-13); attribution: The Planetary Society; conventions in 07 FINDINGS R73
planetary_society_pebd_mission_costs,"Major Programs, 1994 - current",2012,Planetary Research & Analysis (actual),158.8,USD millions (nominal),,"PEBD sheet 'Major Programs, 1994 - current' cell AE20",R73; PEBD pull 2026-09-27 (workbook updated 2025-11-13); attribution: The Planetary Society; conventions in 07 FINDINGS R73
planetary_society_pebd_mission_costs,"Major Programs, 1994 - current",2012,"Planetary Research (actual, inflation adj)",225.8136,"USD millions (2025 dollars, PEBD inflation adjustment)",,"PEBD sheet 'Major Programs, 1994 - current' cell AF20",R73; PEBD pull 2026-09-27 (workbook updated 2025-11-13); attribution: The Planetary Society; conventions in 07 FINDINGS R73
planetary_society_pebd_mission_costs,"Major Programs, 1994 - current",2012,R&A % of Planetary,0.1057679499,fraction (0-1),,"PEBD sheet 'Major Programs, 1994 - current' cell AG20",R73; PEBD pull 2026-09-27 (workbook updated 2025-11-13); attribution: The Planetary Society; conventions in 07 FINDINGS R73
planetary_society_pebd_mission_costs,"Major Programs, 1994 - current",2012,Outer Planets (requested),122.1,USD millions (nominal),,"PEBD sheet 'Major Programs, 1994 - current' cell AH20",R73; PEBD pull 2026-09-27 (workbook updated 2025-11-13); attribution: The Planetary Society; conventions in 07 FINDINGS R73
planetary_society_pebd_mission_costs,"Major Programs, 1994 - current",2012,Outer Planets (actual),122.1,USD millions (nominal),,"PEBD sheet 'Major Programs, 1994 - current' cell AJ20",R73; PEBD pull 2026-09-27 (workbook updated 2025-11-13); attribution: The Planetary Society; conventions in 07 FINDINGS R73
planetary_society_pebd_mission_costs,"Major Programs, 1994 - current",2012,"Outer Planets (requested, inflation adj)",173.6262,"USD millions (2025 dollars, PEBD inflation adjustment)",,"PEBD sheet 'Major Programs, 1994 - current' cell AK20",R73; PEBD pull 2026-09-27 (workbook updated 2025-11-13); attribution: The Planetary Society; conventions in 07 FINDINGS R73
planetary_society_pebd_mission_costs,"Major Programs, 1994 - current",2012,"Outer Planets (actual, inflation adj)",173.6262,"USD millions (2025 dollars, PEBD inflation adjustment)",,"PEBD sheet 'Major Programs, 1994 - current' cell AL20",R73; PEBD pull 2026-09-27 (workbook updated 2025-11-13); attribution: The Planetary Society; conventions in 07 FINDINGS R73
planetary_society_pebd_mission_costs,"Major Programs, 1994 - current",2012,Outer Planets % Planetary,0.08132409751,fraction (0-1),,"PEBD sheet 'Major Programs, 1994 - current' cell AM20",R73; PEBD pull 2026-09-27 (workbook updated 2025-11-13); attribution: The Planetary Society; conventions in 07 FINDINGS R73
planetary_society_pebd_mission_costs,"Major Programs, 1994 - current",2012,Technology / Radioisotope Power (actual),161.9,USD millions (nominal),,"PEBD sheet 'Major Programs, 1994 - current' cell AR20",R73; PEBD pull 2026-09-27 (workbook updated 2025-11-13); attribution: The Planetary Society; conventions in 07 FINDINGS R73
planetary_society_pebd_mission_costs,"Major Programs, 1994 - current",2012,"Technology / Radioisotope Power (actual, inflation adj)",230.2218,"USD millions (2025 dollars, PEBD inflation adjustment)",,"PEBD sheet 'Major Programs, 1994 - current' cell AS20",R73; PEBD pull 2026-09-27 (workbook updated 2025-11-13); attribution: The Planetary Society; conventions in 07 FINDINGS R73
planetary_society_pebd_mission_costs,"Major Programs, 1994 - current",2012,% of Planetary,0.1078326895,fraction (0-1),,"PEBD sheet 'Major Programs, 1994 - current' cell AT20",R73; PEBD pull 2026-09-27 (workbook updated 2025-11-13); attribution: The Planetary Society; conventions in 07 FINDINGS R73
planetary_society_pebd_mission_costs,"Major Programs, 1994 - current",2013,Total Planetary Science,1217.5,USD millions (nominal),,"PEBD sheet 'Major Programs, 1994 - current' cell C21",R73; PEBD pull 2026-09-27 (workbook updated 2025-11-13); attribution: The Planetary Society; conventions in 07 FINDINGS R73
planetary_society_pebd_mission_costs,"Major Programs, 1994 - current",2013,Discovery (requested),189.6,USD millions (nominal),,"PEBD sheet 'Major Programs, 1994 - current' cell D21",R73; PEBD pull 2026-09-27 (workbook updated 2025-11-13); attribution: The Planetary Society; conventions in 07 FINDINGS R73
planetary_society_pebd_mission_costs,"Major Programs, 1994 - current",2013,Discovery (enacted),243.98,USD millions (nominal),,"PEBD sheet 'Major Programs, 1994 - current' cell E21",R73; PEBD pull 2026-09-27 (workbook updated 2025-11-13); attribution: The Planetary Society; conventions in 07 FINDINGS R73
planetary_society_pebd_mission_costs,"Major Programs, 1994 - current",2013,Discovery (actual),207.3,USD millions (nominal),,"PEBD sheet 'Major Programs, 1994 - current' cell F21",R73; PEBD pull 2026-09-27 (workbook updated 2025-11-13); attribution: The Planetary Society; conventions in 07 FINDINGS R73
planetary_society_pebd_mission_costs,"Major Programs, 1994 - current",2013,"Discovery (requested, inflation adj)",265.6296,"USD millions (2025 dollars, PEBD inflation adjustment)",,"PEBD sheet 'Major Programs, 1994 - current' cell G21",R73; PEBD pull 2026-09-27 (workbook updated 2025-11-13); attribution: The Planetary Society; conventions in 07 FINDINGS R73
planetary_society_pebd_mission_costs,"Major Programs, 1994 - current",2013,"Discovery (actual, inflation adj)",290.4273,"USD millions (2025 dollars, PEBD inflation adjustment)",,"PEBD sheet 'Major Programs, 1994 - current' cell H21",R73; PEBD pull 2026-09-27 (workbook updated 2025-11-13); attribution: The Planetary Society; conventions in 07 FINDINGS R73
planetary_society_pebd_mission_costs,"Major Programs, 1994 - current",2013,Discovery % of Planetary,0.1702669405,fraction (0-1),,"PEBD sheet 'Major Programs, 1994 - current' cell I21",R73; PEBD pull 2026-09-27 (workbook updated 2025-11-13); attribution: The Planetary Society; conventions in 07 FINDINGS R73
planetary_society_pebd_mission_costs,"Major Programs, 1994 - current",2013,New Frontiers (requested),175,USD millions (nominal),,"PEBD sheet 'Major Programs, 1994 - current' cell J21",R73; PEBD pull 2026-09-27 (workbook updated 2025-11-13); attribution: The Planetary Society; conventions in 07 FINDINGS R73
planetary_society_pebd_mission_costs,"Major Programs, 1994 - current",2013,New Fronties (enacted),175,USD millions (nominal),,"PEBD sheet 'Major Programs, 1994 - current' cell K21",R73; PEBD pull 2026-09-27 (workbook updated 2025-11-13); attribution: The Planetary Society; conventions in 07 FINDINGS R73
planetary_society_pebd_mission_costs,"Major Programs, 1994 - current",2013,New Frontiers (actual),158.8,USD millions (nominal),,"PEBD sheet 'Major Programs, 1994 - current' cell L21",R73; PEBD pull 2026-09-27 (workbook updated 2025-11-13); attribution: The Planetary Society; conventions in 07 FINDINGS R73
planetary_society_pebd_mission_costs,"Major Programs, 1994 - current",2013,"New Frontiers (requested, inflation adj)",245.175,"USD millions (2025 dollars, PEBD inflation adjustment)",,"PEBD sheet 'Major Programs, 1994 - current' cell M21",R73; PEBD pull 2026-09-27 (workbook updated 2025-11-13); attribution: The Planetary Society; conventions in 07 FINDINGS R73
planetary_society_pebd_mission_costs,"Major Programs, 1994 - current",2013,"New Frontiers (actual, inflation adj)",222.4788,"USD millions (2025 dollars, PEBD inflation adjustment)",,"PEBD sheet 'Major Programs, 1994 - current' cell N21",R73; PEBD pull 2026-09-27 (workbook updated 2025-11-13); attribution: The Planetary Society; conventions in 07 FINDINGS R73
planetary_society_pebd_mission_costs,"Major Programs, 1994 - current",2013,New Frontiers % of Planetary,0.1304312115,fraction (0-1),,"PEBD sheet 'Major Programs, 1994 - current' cell O21",R73; PEBD pull 2026-09-27 (workbook updated 2025-11-13); attribution: The Planetary Society; conventions in 07 FINDINGS R73
planetary_society_pebd_mission_costs,"Major Programs, 1994 - current",2013,Mars Exploration Program (requested),360.8,USD millions (nominal),,"PEBD sheet 'Major Programs, 1994 - current' cell P21",R73; PEBD pull 2026-09-27 (workbook updated 2025-11-13); attribution: The Planetary Society; conventions in 07 FINDINGS R73
planetary_society_pebd_mission_costs,"Major Programs, 1994 - current",2013,Mars Exploration Program (enacted),450.8,USD millions (nominal),,"PEBD sheet 'Major Programs, 1994 - current' cell Q21",R73; PEBD pull 2026-09-27 (workbook updated 2025-11-13); attribution: The Planetary Society; conventions in 07 FINDINGS R73
planetary_society_pebd_mission_costs,"Major Programs, 1994 - current",2013,Mars Exploration Program (actual),369.5,USD millions (nominal),,"PEBD sheet 'Major Programs, 1994 - current' cell R21",R73; PEBD pull 2026-09-27 (workbook updated 2025-11-13); attribution: The Planetary Society; conventions in 07 FINDINGS R73
planetary_society_pebd_mission_costs,"Major Programs, 1994 - current",2013,"Mars Exploration Program (requested, inflation adj)",505.4808,"USD millions (2025 dollars, PEBD inflation adjustment)",,"PEBD sheet 'Major Programs, 1994 - current' cell S21",R73; PEBD pull 2026-09-27 (workbook updated 2025-11-13); attribution: The Planetary Society; conventions in 07 FINDINGS R73
planetary_society_pebd_mission_costs,"Major Programs, 1994 - current",2013,"Mars Exploration Program (actual, inflation adj)",517.6695,"USD millions (2025 dollars, PEBD inflation adjustment)",,"PEBD sheet 'Major Programs, 1994 - current' cell T21",R73; PEBD pull 2026-09-27 (workbook updated 2025-11-13); attribution: The Planetary Society; conventions in 07 FINDINGS R73
planetary_society_pebd_mission_costs,"Major Programs, 1994 - current",2013,Mars Exploration Program % of Planetary,0.3034907598,fraction (0-1),,"PEBD sheet 'Major Programs, 1994 - current' cell U21",R73; PEBD pull 2026-09-27 (workbook updated 2025-11-13); attribution: The Planetary Society; conventions in 07 FINDINGS R73
planetary_society_pebd_mission_costs,"Major Programs, 1994 - current",2013,Lunar Exploration Program,71.8,USD millions (nominal),,"PEBD sheet 'Major Programs, 1994 - current' cell AB21",R73; PEBD pull 2026-09-27 (workbook updated 2025-11-13); attribution: The Planetary Society; conventions in 07 FINDINGS R73
planetary_society_pebd_mission_costs,"Major Programs, 1994 - current",2013,Lunar Exploration Program (inflation adj),100.5918,"USD millions (2025 dollars, PEBD inflation adjustment)",,"PEBD sheet 'Major Programs, 1994 - current' cell AC21",R73; PEBD pull 2026-09-27 (workbook updated 2025-11-13); attribution: The Planetary Society; conventions in 07 FINDINGS R73
planetary_society_pebd_mission_costs,"Major Programs, 1994 - current",2013,Lunar Exploration % of Planetary,0.05897330595,fraction (0-1),,"PEBD sheet 'Major Programs, 1994 - current' cell AD21",R73; PEBD pull 2026-09-27 (workbook updated 2025-11-13); attribution: The Planetary Society; conventions in 07 FINDINGS R73
planetary_society_pebd_mission_costs,"Major Programs, 1994 - current",2013,Planetary Research & Analysis (actual),195.8,USD millions (nominal),,"PEBD sheet 'Major Programs, 1994 - current' cell AE21",R73; PEBD pull 2026-09-27 (workbook updated 2025-11-13); attribution: The Planetary Society; conventions in 07 FINDINGS R73
planetary_society_pebd_mission_costs,"Major Programs, 1994 - current",2013,"Planetary Research (actual, inflation adj)",274.3158,"USD millions (2025 dollars, PEBD inflation adjustment)",,"PEBD sheet 'Major Programs, 1994 - current' cell AF21",R73; PEBD pull 2026-09-27 (workbook updated 2025-11-13); attribution: The Planetary Society; conventions in 07 FINDINGS R73
planetary_society_pebd_mission_costs,"Major Programs, 1994 - current",2013,R&A % of Planetary,0.1608213552,fraction (0-1),,"PEBD sheet 'Major Programs, 1994 - current' cell AG21",R73; PEBD pull 2026-09-27 (workbook updated 2025-11-13); attribution: The Planetary Society; conventions in 07 FINDINGS R73
planetary_society_pebd_mission_costs,"Major Programs, 1994 - current",2013,Outer Planets (requested),84,USD millions (nominal),,"PEBD sheet 'Major Programs, 1994 - current' cell AH21",R73; PEBD pull 2026-09-27 (workbook updated 2025-11-13); attribution: The Planetary Society; conventions in 07 FINDINGS R73
planetary_society_pebd_mission_costs,"Major Programs, 1994 - current",2013,Outer Planets (enacted),159,USD millions (nominal),,"PEBD sheet 'Major Programs, 1994 - current' cell AI21",R73; PEBD pull 2026-09-27 (workbook updated 2025-11-13); attribution: The Planetary Society; conventions in 07 FINDINGS R73
planetary_society_pebd_mission_costs,"Major Programs, 1994 - current",2013,Outer Planets (actual),147.8,USD millions (nominal),,"PEBD sheet 'Major Programs, 1994 - current' cell AJ21",R73; PEBD pull 2026-09-27 (workbook updated 2025-11-13); attribution: The Planetary Society; conventions in 07 FINDINGS R73
planetary_society_pebd_mission_costs,"Major Programs, 1994 - current",2013,"Outer Planets (requested, inflation adj)",117.684,"USD millions (2025 dollars, PEBD inflation adjustment)",,"PEBD sheet 'Major Programs, 1994 - current' cell AK21",R73; PEBD pull 2026-09-27 (workbook updated 2025-11-13); attribution: The Planetary Society; conventions in 07 FINDINGS R73
planetary_society_pebd_mission_costs,"Major Programs, 1994 - current",2013,"Outer Planets (actual, inflation adj)",207.0678,"USD millions (2025 dollars, PEBD inflation adjustment)",,"PEBD sheet 'Major Programs, 1994 - current' cell AL21",R73; PEBD pull 2026-09-27 (workbook updated 2025-11-13); attribution: The Planetary Society; conventions in 07 FINDINGS R73
planetary_society_pebd_mission_costs,"Major Programs, 1994 - current",2013,Outer Planets % Planetary,0.1213963039,fraction (0-1),,"PEBD sheet 'Major Programs, 1994 - current' cell AM21",R73; PEBD pull 2026-09-27 (workbook updated 2025-11-13); attribution: The Planetary Society; conventions in 07 FINDINGS R73
planetary_society_pebd_mission_costs,"Major Programs, 1994 - current",2013,Technology / Radioisotope Power (actual),123.4,USD millions (nominal),,"PEBD sheet 'Major Programs, 1994 - current' cell AR21",R73; PEBD pull 2026-09-27 (workbook updated 2025-11-13); attribution: The Planetary Society; conventions in 07 FINDINGS R73
planetary_society_pebd_mission_costs,"Major Programs, 1994 - current",2013,"Technology / Radioisotope Power (actual, inflation adj)",172.8834,"USD millions (2025 dollars, PEBD inflation adjustment)",,"PEBD sheet 'Major Programs, 1994 - current' cell AS21",R73; PEBD pull 2026-09-27 (workbook updated 2025-11-13); attribution: The Planetary Society; conventions in 07 FINDINGS R73
planetary_society_pebd_mission_costs,"Major Programs, 1994 - current",2013,% of Planetary,0.1013552361,fraction (0-1),,"PEBD sheet 'Major Programs, 1994 - current' cell AT21",R73; PEBD pull 2026-09-27 (workbook updated 2025-11-13); attribution: The Planetary Society; conventions in 07 FINDINGS R73
planetary_society_pebd_mission_costs,"Major Programs, 1994 - current",2014,Total Planetary Science,1345.7,USD millions (nominal),,"PEBD sheet 'Major Programs, 1994 - current' cell C22",R73; PEBD pull 2026-09-27 (workbook updated 2025-11-13); attribution: The Planetary Society; conventions in 07 FINDINGS R73
planetary_society_pebd_mission_costs,"Major Programs, 1994 - current",2014,Discovery (requested),257.9,USD millions (nominal),,"PEBD sheet 'Major Programs, 1994 - current' cell D22",R73; PEBD pull 2026-09-27 (workbook updated 2025-11-13); attribution: The Planetary Society; conventions in 07 FINDINGS R73
planetary_society_pebd_mission_costs,"Major Programs, 1994 - current",2014,Discovery (enacted),285,USD millions (nominal),,"PEBD sheet 'Major Programs, 1994 - current' cell E22",R73; PEBD pull 2026-09-27 (workbook updated 2025-11-13); attribution: The Planetary Society; conventions in 07 FINDINGS R73
planetary_society_pebd_mission_costs,"Major Programs, 1994 - current",2014,Discovery (actual),285,USD millions (nominal),,"PEBD sheet 'Major Programs, 1994 - current' cell F22",R73; PEBD pull 2026-09-27 (workbook updated 2025-11-13); attribution: The Planetary Society; conventions in 07 FINDINGS R73
planetary_society_pebd_mission_costs,"Major Programs, 1994 - current",2014,"Discovery (requested, inflation adj)",354.3546,"USD millions (2025 dollars, PEBD inflation adjustment)",,"PEBD sheet 'Major Programs, 1994 - current' cell G22",R73; PEBD pull 2026-09-27 (workbook updated 2025-11-13); attribution: The Planetary Society; conventions in 07 FINDINGS R73
planetary_society_pebd_mission_costs,"Major Programs, 1994 - current",2014,"Discovery (actual, inflation adj)",391.59,"USD millions (2025 dollars, PEBD inflation adjustment)",,"PEBD sheet 'Major Programs, 1994 - current' cell H22",R73; PEBD pull 2026-09-27 (workbook updated 2025-11-13); attribution: The Planetary Society; conventions in 07 FINDINGS R73
planetary_society_pebd_mission_costs,"Major Programs, 1994 - current",2014,Discovery % of Planetary,0.2117856877,fraction (0-1),,"PEBD sheet 'Major Programs, 1994 - current' cell I22",R73; PEBD pull 2026-09-27 (workbook updated 2025-11-13); attribution: The Planetary Society; conventions in 07 FINDINGS R73
planetary_society_pebd_mission_costs,"Major Programs, 1994 - current",2014,New Frontiers (requested),257.5,USD millions (nominal),,"PEBD sheet 'Major Programs, 1994 - current' cell J22",R73; PEBD pull 2026-09-27 (workbook updated 2025-11-13); attribution: The Planetary Society; conventions in 07 FINDINGS R73
planetary_society_pebd_mission_costs,"Major Programs, 1994 - current",2014,New Fronties (enacted),258,USD millions (nominal),,"PEBD sheet 'Major Programs, 1994 - current' cell K22",R73; PEBD pull 2026-09-27 (workbook updated 2025-11-13); attribution: The Planetary Society; conventions in 07 FINDINGS R73
planetary_society_pebd_mission_costs,"Major Programs, 1994 - current",2014,New Frontiers (actual),231.6,USD millions (nominal),,"PEBD sheet 'Major Programs, 1994 - current' cell L22",R73; PEBD pull 2026-09-27 (workbook updated 2025-11-13); attribution: The Planetary Society; conventions in 07 FINDINGS R73
planetary_society_pebd_mission_costs,"Major Programs, 1994 - current",2014,"New Frontiers (requested, inflation adj)",353.805,"USD millions (2025 dollars, PEBD inflation adjustment)",,"PEBD sheet 'Major Programs, 1994 - current' cell M22",R73; PEBD pull 2026-09-27 (workbook updated 2025-11-13); attribution: The Planetary Society; conventions in 07 FINDINGS R73
planetary_society_pebd_mission_costs,"Major Programs, 1994 - current",2014,"New Frontiers (actual, inflation adj)",318.2184,"USD millions (2025 dollars, PEBD inflation adjustment)",,"PEBD sheet 'Major Programs, 1994 - current' cell N22",R73; PEBD pull 2026-09-27 (workbook updated 2025-11-13); attribution: The Planetary Society; conventions in 07 FINDINGS R73
planetary_society_pebd_mission_costs,"Major Programs, 1994 - current",2014,New Frontiers % of Planetary,0.1721037378,fraction (0-1),,"PEBD sheet 'Major Programs, 1994 - current' cell O22",R73; PEBD pull 2026-09-27 (workbook updated 2025-11-13); attribution: The Planetary Society; conventions in 07 FINDINGS R73
planetary_society_pebd_mission_costs,"Major Programs, 1994 - current",2014,Mars Exploration Program (requested),234,USD millions (nominal),,"PEBD sheet 'Major Programs, 1994 - current' cell P22",R73; PEBD pull 2026-09-27 (workbook updated 2025-11-13); attribution: The Planetary Society; conventions in 07 FINDINGS R73
planetary_society_pebd_mission_costs,"Major Programs, 1994 - current",2014,Mars Exploration Program (enacted),288,USD millions (nominal),,"PEBD sheet 'Major Programs, 1994 - current' cell Q22",R73; PEBD pull 2026-09-27 (workbook updated 2025-11-13); attribution: The Planetary Society; conventions in 07 FINDINGS R73
planetary_society_pebd_mission_costs,"Major Programs, 1994 - current",2014,Mars Exploration Program (actual),288,USD millions (nominal),,"PEBD sheet 'Major Programs, 1994 - current' cell R22",R73; PEBD pull 2026-09-27 (workbook updated 2025-11-13); attribution: The Planetary Society; conventions in 07 FINDINGS R73
planetary_society_pebd_mission_costs,"Major Programs, 1994 - current",2014,"Mars Exploration Program (requested, inflation adj)",321.516,"USD millions (2025 dollars, PEBD inflation adjustment)",,"PEBD sheet 'Major Programs, 1994 - current' cell S22",R73; PEBD pull 2026-09-27 (workbook updated 2025-11-13); attribution: The Planetary Society; conventions in 07 FINDINGS R73
planetary_society_pebd_mission_costs,"Major Programs, 1994 - current",2014,"Mars Exploration Program (actual, inflation adj)",395.712,"USD millions (2025 dollars, PEBD inflation adjustment)",,"PEBD sheet 'Major Programs, 1994 - current' cell T22",R73; PEBD pull 2026-09-27 (workbook updated 2025-11-13); attribution: The Planetary Society; conventions in 07 FINDINGS R73
planetary_society_pebd_mission_costs,"Major Programs, 1994 - current",2014,Mars Exploration Program % of Planetary,0.2140150108,fraction (0-1),,"PEBD sheet 'Major Programs, 1994 - current' cell U22",R73; PEBD pull 2026-09-27 (workbook updated 2025-11-13); attribution: The Planetary Society; conventions in 07 FINDINGS R73
planetary_society_pebd_mission_costs,"Major Programs, 1994 - current",2014,Lunar Exploration Program,23.8,USD millions (nominal),,"PEBD sheet 'Major Programs, 1994 - current' cell AB22",R73; PEBD pull 2026-09-27 (workbook updated 2025-11-13); attribution: The Planetary Society; conventions in 07 FINDINGS R73
planetary_society_pebd_mission_costs,"Major Programs, 1994 - current",2014,Lunar Exploration Program (inflation adj),32.7012,"USD millions (2025 dollars, PEBD inflation adjustment)",,"PEBD sheet 'Major Programs, 1994 - current' cell AC22",R73; PEBD pull 2026-09-27 (workbook updated 2025-11-13); attribution: The Planetary Society; conventions in 07 FINDINGS R73
planetary_society_pebd_mission_costs,"Major Programs, 1994 - current",2014,Lunar Exploration % of Planetary,0.0176859627,fraction (0-1),,"PEBD sheet 'Major Programs, 1994 - current' cell AD22",R73; PEBD pull 2026-09-27 (workbook updated 2025-11-13); attribution: The Planetary Society; conventions in 07 FINDINGS R73
planetary_society_pebd_mission_costs,"Major Programs, 1994 - current",2014,Planetary Research & Analysis (actual),221.8,USD millions (nominal),,"PEBD sheet 'Major Programs, 1994 - current' cell AE22",R73; PEBD pull 2026-09-27 (workbook updated 2025-11-13); attribution: The Planetary Society; conventions in 07 FINDINGS R73
planetary_society_pebd_mission_costs,"Major Programs, 1994 - current",2014,"Planetary Research (actual, inflation adj)",304.7532,"USD millions (2025 dollars, PEBD inflation adjustment)",,"PEBD sheet 'Major Programs, 1994 - current' cell AF22",R73; PEBD pull 2026-09-27 (workbook updated 2025-11-13); attribution: The Planetary Society; conventions in 07 FINDINGS R73
planetary_society_pebd_mission_costs,"Major Programs, 1994 - current",2014,R&A % of Planetary,0.1648212826,fraction (0-1),,"PEBD sheet 'Major Programs, 1994 - current' cell AG22",R73; PEBD pull 2026-09-27 (workbook updated 2025-11-13); attribution: The Planetary Society; conventions in 07 FINDINGS R73
planetary_society_pebd_mission_costs,"Major Programs, 1994 - current",2014,Outer Planets (requested),79,USD millions (nominal),,"PEBD sheet 'Major Programs, 1994 - current' cell AH22",R73; PEBD pull 2026-09-27 (workbook updated 2025-11-13); attribution: The Planetary Society; conventions in 07 FINDINGS R73
planetary_society_pebd_mission_costs,"Major Programs, 1994 - current",2014,Outer Planets (enacted),159,USD millions (nominal),,"PEBD sheet 'Major Programs, 1994 - current' cell AI22",R73; PEBD pull 2026-09-27 (workbook updated 2025-11-13); attribution: The Planetary Society; conventions in 07 FINDINGS R73
planetary_society_pebd_mission_costs,"Major Programs, 1994 - current",2014,Outer Planets (actual),152.4,USD millions (nominal),,"PEBD sheet 'Major Programs, 1994 - current' cell AJ22",R73; PEBD pull 2026-09-27 (workbook updated 2025-11-13); attribution: The Planetary Society; conventions in 07 FINDINGS R73
planetary_society_pebd_mission_costs,"Major Programs, 1994 - current",2014,"Outer Planets (requested, inflation adj)",108.546,"USD millions (2025 dollars, PEBD inflation adjustment)",,"PEBD sheet 'Major Programs, 1994 - current' cell AK22",R73; PEBD pull 2026-09-27 (workbook updated 2025-11-13); attribution: The Planetary Society; conventions in 07 FINDINGS R73
planetary_society_pebd_mission_costs,"Major Programs, 1994 - current",2014,"Outer Planets (actual, inflation adj)",209.3976,"USD millions (2025 dollars, PEBD inflation adjustment)",,"PEBD sheet 'Major Programs, 1994 - current' cell AL22",R73; PEBD pull 2026-09-27 (workbook updated 2025-11-13); attribution: The Planetary Society; conventions in 07 FINDINGS R73
planetary_society_pebd_mission_costs,"Major Programs, 1994 - current",2014,Outer Planets % Planetary,0.1132496099,fraction (0-1),,"PEBD sheet 'Major Programs, 1994 - current' cell AM22",R73; PEBD pull 2026-09-27 (workbook updated 2025-11-13); attribution: The Planetary Society; conventions in 07 FINDINGS R73
planetary_society_pebd_mission_costs,"Major Programs, 1994 - current",2014,Technology / Radioisotope Power (actual),143.1,USD millions (nominal),,"PEBD sheet 'Major Programs, 1994 - current' cell AR22",R73; PEBD pull 2026-09-27 (workbook updated 2025-11-13); attribution: The Planetary Society; conventions in 07 FINDINGS R73
planetary_society_pebd_mission_costs,"Major Programs, 1994 - current",2014,"Technology / Radioisotope Power (actual, inflation adj)",196.6194,"USD millions (2025 dollars, PEBD inflation adjustment)",,"PEBD sheet 'Major Programs, 1994 - current' cell AS22",R73; PEBD pull 2026-09-27 (workbook updated 2025-11-13); attribution: The Planetary Society; conventions in 07 FINDINGS R73
planetary_society_pebd_mission_costs,"Major Programs, 1994 - current",2014,% of Planetary,0.1063387085,fraction (0-1),,"PEBD sheet 'Major Programs, 1994 - current' cell AT22",R73; PEBD pull 2026-09-27 (workbook updated 2025-11-13); attribution: The Planetary Society; conventions in 07 FINDINGS R73
planetary_society_pebd_mission_costs,"Major Programs, 1994 - current",2015,Total Planetary Science,1446.7,USD millions (nominal),,"PEBD sheet 'Major Programs, 1994 - current' cell C23",R73; PEBD pull 2026-09-27 (workbook updated 2025-11-13); attribution: The Planetary Society; conventions in 07 FINDINGS R73
planetary_society_pebd_mission_costs,"Major Programs, 1994 - current",2015,Discovery (requested),230.8,USD millions (nominal),,"PEBD sheet 'Major Programs, 1994 - current' cell D23",R73; PEBD pull 2026-09-27 (workbook updated 2025-11-13); attribution: The Planetary Society; conventions in 07 FINDINGS R73
planetary_society_pebd_mission_costs,"Major Programs, 1994 - current",2015,Discovery (enacted),255,USD millions (nominal),,"PEBD sheet 'Major Programs, 1994 - current' cell E23",R73; PEBD pull 2026-09-27 (workbook updated 2025-11-13); attribution: The Planetary Society; conventions in 07 FINDINGS R73
planetary_society_pebd_mission_costs,"Major Programs, 1994 - current",2015,Discovery (actual),259.7,USD millions (nominal),,"PEBD sheet 'Major Programs, 1994 - current' cell F23",R73; PEBD pull 2026-09-27 (workbook updated 2025-11-13); attribution: The Planetary Society; conventions in 07 FINDINGS R73
planetary_society_pebd_mission_costs,"Major Programs, 1994 - current",2015,"Discovery (requested, inflation adj)",310.8876,"USD millions (2025 dollars, PEBD inflation adjustment)",,"PEBD sheet 'Major Programs, 1994 - current' cell G23",R73; PEBD pull 2026-09-27 (workbook updated 2025-11-13); attribution: The Planetary Society; conventions in 07 FINDINGS R73
planetary_society_pebd_mission_costs,"Major Programs, 1994 - current",2015,"Discovery (actual, inflation adj)",349.8159,"USD millions (2025 dollars, PEBD inflation adjustment)",,"PEBD sheet 'Major Programs, 1994 - current' cell H23",R73; PEBD pull 2026-09-27 (workbook updated 2025-11-13); attribution: The Planetary Society; conventions in 07 FINDINGS R73
planetary_society_pebd_mission_costs,"Major Programs, 1994 - current",2015,Discovery % of Planetary,0.1795119928,fraction (0-1),,"PEBD sheet 'Major Programs, 1994 - current' cell I23",R73; PEBD pull 2026-09-27 (workbook updated 2025-11-13); attribution: The Planetary Society; conventions in 07 FINDINGS R73
planetary_society_pebd_mission_costs,"Major Programs, 1994 - current",2015,New Frontiers (requested),281.4,USD millions (nominal),,"PEBD sheet 'Major Programs, 1994 - current' cell J23",R73; PEBD pull 2026-09-27 (workbook updated 2025-11-13); attribution: The Planetary Society; conventions in 07 FINDINGS R73
planetary_society_pebd_mission_costs,"Major Programs, 1994 - current",2015,New Fronties (enacted),286,USD millions (nominal),,"PEBD sheet 'Major Programs, 1994 - current' cell K23",R73; PEBD pull 2026-09-27 (workbook updated 2025-11-13); attribution: The Planetary Society; conventions in 07 FINDINGS R73
planetary_society_pebd_mission_costs,"Major Programs, 1994 - current",2015,New Frontiers (actual),286,USD millions (nominal),,"PEBD sheet 'Major Programs, 1994 - current' cell L23",R73; PEBD pull 2026-09-27 (workbook updated 2025-11-13); attribution: The Planetary Society; conventions in 07 FINDINGS R73
planetary_society_pebd_mission_costs,"Major Programs, 1994 - current",2015,"New Frontiers (requested, inflation adj)",379.0458,"USD millions (2025 dollars, PEBD inflation adjustment)",,"PEBD sheet 'Major Programs, 1994 - current' cell M23",R73; PEBD pull 2026-09-27 (workbook updated 2025-11-13); attribution: The Planetary Society; conventions in 07 FINDINGS R73
planetary_society_pebd_mission_costs,"Major Programs, 1994 - current",2015,"New Frontiers (actual, inflation adj)",385.242,"USD millions (2025 dollars, PEBD inflation adjustment)",,"PEBD sheet 'Major Programs, 1994 - current' cell N23",R73; PEBD pull 2026-09-27 (workbook updated 2025-11-13); attribution: The Planetary Society; conventions in 07 FINDINGS R73
planetary_society_pebd_mission_costs,"Major Programs, 1994 - current",2015,New Frontiers % of Planetary,0.1976912974,fraction (0-1),,"PEBD sheet 'Major Programs, 1994 - current' cell O23",R73; PEBD pull 2026-09-27 (workbook updated 2025-11-13); attribution: The Planetary Society; conventions in 07 FINDINGS R73
planetary_society_pebd_mission_costs,"Major Programs, 1994 - current",2015,Mars Exploration Program (requested),279.3,USD millions (nominal),,"PEBD sheet 'Major Programs, 1994 - current' cell P23",R73; PEBD pull 2026-09-27 (workbook updated 2025-11-13); attribution: The Planetary Society; conventions in 07 FINDINGS R73
planetary_society_pebd_mission_costs,"Major Programs, 1994 - current",2015,Mars Exploration Program (enacted),305,USD millions (nominal),,"PEBD sheet 'Major Programs, 1994 - current' cell Q23",R73; PEBD pull 2026-09-27 (workbook updated 2025-11-13); attribution: The Planetary Society; conventions in 07 FINDINGS R73
planetary_society_pebd_mission_costs,"Major Programs, 1994 - current",2015,Mars Exploration Program (actual),305,USD millions (nominal),,"PEBD sheet 'Major Programs, 1994 - current' cell R23",R73; PEBD pull 2026-09-27 (workbook updated 2025-11-13); attribution: The Planetary Society; conventions in 07 FINDINGS R73
planetary_society_pebd_mission_costs,"Major Programs, 1994 - current",2015,"Mars Exploration Program (requested, inflation adj)",376.2171,"USD millions (2025 dollars, PEBD inflation adjustment)",,"PEBD sheet 'Major Programs, 1994 - current' cell S23",R73; PEBD pull 2026-09-27 (workbook updated 2025-11-13); attribution: The Planetary Society; conventions in 07 FINDINGS R73
planetary_society_pebd_mission_costs,"Major Programs, 1994 - current",2015,"Mars Exploration Program (actual, inflation adj)",410.835,"USD millions (2025 dollars, PEBD inflation adjustment)",,"PEBD sheet 'Major Programs, 1994 - current' cell T23",R73; PEBD pull 2026-09-27 (workbook updated 2025-11-13); attribution: The Planetary Society; conventions in 07 FINDINGS R73
planetary_society_pebd_mission_costs,"Major Programs, 1994 - current",2015,Mars Exploration Program % of Planetary,0.2108246354,fraction (0-1),,"PEBD sheet 'Major Programs, 1994 - current' cell U23",R73; PEBD pull 2026-09-27 (workbook updated 2025-11-13); attribution: The Planetary Society; conventions in 07 FINDINGS R73
planetary_society_pebd_mission_costs,"Major Programs, 1994 - current",2015,Lunar Exploration Program,0,USD millions (nominal),,"PEBD sheet 'Major Programs, 1994 - current' cell AB23",R73; PEBD pull 2026-09-27 (workbook updated 2025-11-13); attribution: The Planetary Society; conventions in 07 FINDINGS R73
planetary_society_pebd_mission_costs,"Major Programs, 1994 - current",2015,Lunar Exploration Program (inflation adj),0,"USD millions (2025 dollars, PEBD inflation adjustment)",,"PEBD sheet 'Major Programs, 1994 - current' cell AC23",R73; PEBD pull 2026-09-27 (workbook updated 2025-11-13); attribution: The Planetary Society; conventions in 07 FINDINGS R73
planetary_society_pebd_mission_costs,"Major Programs, 1994 - current",2015,Lunar Exploration % of Planetary,0,fraction (0-1),,"PEBD sheet 'Major Programs, 1994 - current' cell AD23",R73; PEBD pull 2026-09-27 (workbook updated 2025-11-13); attribution: The Planetary Society; conventions in 07 FINDINGS R73
planetary_society_pebd_mission_costs,"Major Programs, 1994 - current",2015,Planetary Research & Analysis (actual),252.8,USD millions (nominal),,"PEBD sheet 'Major Programs, 1994 - current' cell AE23",R73; PEBD pull 2026-09-27 (workbook updated 2025-11-13); attribution: The Planetary Society; conventions in 07 FINDINGS R73
planetary_society_pebd_mission_costs,"Major Programs, 1994 - current",2015,"Planetary Research (actual, inflation adj)",340.5216,"USD millions (2025 dollars, PEBD inflation adjustment)",,"PEBD sheet 'Major Programs, 1994 - current' cell AF23",R73; PEBD pull 2026-09-27 (workbook updated 2025-11-13); attribution: The Planetary Society; conventions in 07 FINDINGS R73
planetary_society_pebd_mission_costs,"Major Programs, 1994 - current",2015,R&A % of Planetary,0.1747425175,fraction (0-1),,"PEBD sheet 'Major Programs, 1994 - current' cell AG23",R73; PEBD pull 2026-09-27 (workbook updated 2025-11-13); attribution: The Planetary Society; conventions in 07 FINDINGS R73
planetary_society_pebd_mission_costs,"Major Programs, 1994 - current",2015,Outer Planets (requested),95.7,USD millions (nominal),,"PEBD sheet 'Major Programs, 1994 - current' cell AH23",R73; PEBD pull 2026-09-27 (workbook updated 2025-11-13); attribution: The Planetary Society; conventions in 07 FINDINGS R73
planetary_society_pebd_mission_costs,"Major Programs, 1994 - current",2015,Outer Planets (enacted),181,USD millions (nominal),,"PEBD sheet 'Major Programs, 1994 - current' cell AI23",R73; PEBD pull 2026-09-27 (workbook updated 2025-11-13); attribution: The Planetary Society; conventions in 07 FINDINGS R73
planetary_society_pebd_mission_costs,"Major Programs, 1994 - current",2015,Outer Planets (actual),184,USD millions (nominal),,"PEBD sheet 'Major Programs, 1994 - current' cell AJ23",R73; PEBD pull 2026-09-27 (workbook updated 2025-11-13); attribution: The Planetary Society; conventions in 07 FINDINGS R73
planetary_society_pebd_mission_costs,"Major Programs, 1994 - current",2015,"Outer Planets (requested, inflation adj)",128.9079,"USD millions (2025 dollars, PEBD inflation adjustment)",,"PEBD sheet 'Major Programs, 1994 - current' cell AK23",R73; PEBD pull 2026-09-27 (workbook updated 2025-11-13); attribution: The Planetary Society; conventions in 07 FINDINGS R73
planetary_society_pebd_mission_costs,"Major Programs, 1994 - current",2015,"Outer Planets (actual, inflation adj)",247.848,"USD millions (2025 dollars, PEBD inflation adjustment)",,"PEBD sheet 'Major Programs, 1994 - current' cell AL23",R73; PEBD pull 2026-09-27 (workbook updated 2025-11-13); attribution: The Planetary Society; conventions in 07 FINDINGS R73
planetary_society_pebd_mission_costs,"Major Programs, 1994 - current",2015,Outer Planets % Planetary,0.1271860095,fraction (0-1),,"PEBD sheet 'Major Programs, 1994 - current' cell AM23",R73; PEBD pull 2026-09-27 (workbook updated 2025-11-13); attribution: The Planetary Society; conventions in 07 FINDINGS R73
planetary_society_pebd_mission_costs,"Major Programs, 1994 - current",2015,Technology / Radioisotope Power (actual),159.2,USD millions (nominal),,"PEBD sheet 'Major Programs, 1994 - current' cell AR23",R73; PEBD pull 2026-09-27 (workbook updated 2025-11-13); attribution: The Planetary Society; conventions in 07 FINDINGS R73
planetary_society_pebd_mission_costs,"Major Programs, 1994 - current",2015,"Technology / Radioisotope Power (actual, inflation adj)",214.4424,"USD millions (2025 dollars, PEBD inflation adjustment)",,"PEBD sheet 'Major Programs, 1994 - current' cell AS23",R73; PEBD pull 2026-09-27 (workbook updated 2025-11-13); attribution: The Planetary Society; conventions in 07 FINDINGS R73
planetary_society_pebd_mission_costs,"Major Programs, 1994 - current",2015,% of Planetary,0.1100435474,fraction (0-1),,"PEBD sheet 'Major Programs, 1994 - current' cell AT23",R73; PEBD pull 2026-09-27 (workbook updated 2025-11-13); attribution: The Planetary Society; conventions in 07 FINDINGS R73
planetary_society_pebd_mission_costs,"Major Programs, 1994 - current",2016,Total Planetary Science,1628,USD millions (nominal),,"PEBD sheet 'Major Programs, 1994 - current' cell C24",R73; PEBD pull 2026-09-27 (workbook updated 2025-11-13); attribution: The Planetary Society; conventions in 07 FINDINGS R73
planetary_society_pebd_mission_costs,"Major Programs, 1994 - current",2016,Discovery (requested),156.1,USD millions (nominal),,"PEBD sheet 'Major Programs, 1994 - current' cell D24",R73; PEBD pull 2026-09-27 (workbook updated 2025-11-13); attribution: The Planetary Society; conventions in 07 FINDINGS R73
planetary_society_pebd_mission_costs,"Major Programs, 1994 - current",2016,Discovery (enacted),189,USD millions (nominal),,"PEBD sheet 'Major Programs, 1994 - current' cell E24",R73; PEBD pull 2026-09-27 (workbook updated 2025-11-13); attribution: The Planetary Society; conventions in 07 FINDINGS R73
planetary_society_pebd_mission_costs,"Major Programs, 1994 - current",2016,Discovery (actual),189,USD millions (nominal),,"PEBD sheet 'Major Programs, 1994 - current' cell F24",R73; PEBD pull 2026-09-27 (workbook updated 2025-11-13); attribution: The Planetary Society; conventions in 07 FINDINGS R73
planetary_society_pebd_mission_costs,"Major Programs, 1994 - current",2016,"Discovery (requested, inflation adj)",207.7691,"USD millions (2025 dollars, PEBD inflation adjustment)",,"PEBD sheet 'Major Programs, 1994 - current' cell G24",R73; PEBD pull 2026-09-27 (workbook updated 2025-11-13); attribution: The Planetary Society; conventions in 07 FINDINGS R73
planetary_society_pebd_mission_costs,"Major Programs, 1994 - current",2016,"Discovery (actual, inflation adj)",251.559,"USD millions (2025 dollars, PEBD inflation adjustment)",,"PEBD sheet 'Major Programs, 1994 - current' cell H24",R73; PEBD pull 2026-09-27 (workbook updated 2025-11-13); attribution: The Planetary Society; conventions in 07 FINDINGS R73
planetary_society_pebd_mission_costs,"Major Programs, 1994 - current",2016,Discovery % of Planetary,0.1160933661,fraction (0-1),,"PEBD sheet 'Major Programs, 1994 - current' cell I24",R73; PEBD pull 2026-09-27 (workbook updated 2025-11-13); attribution: The Planetary Society; conventions in 07 FINDINGS R73
planetary_society_pebd_mission_costs,"Major Programs, 1994 - current",2016,New Frontiers (requested),259,USD millions (nominal),,"PEBD sheet 'Major Programs, 1994 - current' cell J24",R73; PEBD pull 2026-09-27 (workbook updated 2025-11-13); attribution: The Planetary Society; conventions in 07 FINDINGS R73
planetary_society_pebd_mission_costs,"Major Programs, 1994 - current",2016,New Frontiers (actual),194,USD millions (nominal),,"PEBD sheet 'Major Programs, 1994 - current' cell L24",R73; PEBD pull 2026-09-27 (workbook updated 2025-11-13); attribution: The Planetary Society; conventions in 07 FINDINGS R73
planetary_society_pebd_mission_costs,"Major Programs, 1994 - current",2016,"New Frontiers (requested, inflation adj)",344.729,"USD millions (2025 dollars, PEBD inflation adjustment)",,"PEBD sheet 'Major Programs, 1994 - current' cell M24",R73; PEBD pull 2026-09-27 (workbook updated 2025-11-13); attribution: The Planetary Society; conventions in 07 FINDINGS R73
planetary_society_pebd_mission_costs,"Major Programs, 1994 - current",2016,"New Frontiers (actual, inflation adj)",258.214,"USD millions (2025 dollars, PEBD inflation adjustment)",,"PEBD sheet 'Major Programs, 1994 - current' cell N24",R73; PEBD pull 2026-09-27 (workbook updated 2025-11-13); attribution: The Planetary Society; conventions in 07 FINDINGS R73
planetary_society_pebd_mission_costs,"Major Programs, 1994 - current",2016,New Frontiers % of Planetary,0.1191646192,fraction (0-1),,"PEBD sheet 'Major Programs, 1994 - current' cell O24",R73; PEBD pull 2026-09-27 (workbook updated 2025-11-13); attribution: The Planetary Society; conventions in 07 FINDINGS R73
planetary_society_pebd_mission_costs,"Major Programs, 1994 - current",2016,Mars Exploration Program (requested),411.9,USD millions (nominal),,"PEBD sheet 'Major Programs, 1994 - current' cell P24",R73; PEBD pull 2026-09-27 (workbook updated 2025-11-13); attribution: The Planetary Society; conventions in 07 FINDINGS R73
planetary_society_pebd_mission_costs,"Major Programs, 1994 - current",2016,Mars Exploration Program (actual),513,USD millions (nominal),,"PEBD sheet 'Major Programs, 1994 - current' cell R24",R73; PEBD pull 2026-09-27 (workbook updated 2025-11-13); attribution: The Planetary Society; conventions in 07 FINDINGS R73
planetary_society_pebd_mission_costs,"Major Programs, 1994 - current",2016,"Mars Exploration Program (requested, inflation adj)",548.2389,"USD millions (2025 dollars, PEBD inflation adjustment)",,"PEBD sheet 'Major Programs, 1994 - current' cell S24",R73; PEBD pull 2026-09-27 (workbook updated 2025-11-13); attribution: The Planetary Society; conventions in 07 FINDINGS R73
planetary_society_pebd_mission_costs,"Major Programs, 1994 - current",2016,"Mars Exploration Program (actual, inflation adj)",682.803,"USD millions (2025 dollars, PEBD inflation adjustment)",,"PEBD sheet 'Major Programs, 1994 - current' cell T24",R73; PEBD pull 2026-09-27 (workbook updated 2025-11-13); attribution: The Planetary Society; conventions in 07 FINDINGS R73
planetary_society_pebd_mission_costs,"Major Programs, 1994 - current",2016,Mars Exploration Program % of Planetary,0.3151105651,fraction (0-1),,"PEBD sheet 'Major Programs, 1994 - current' cell U24",R73; PEBD pull 2026-09-27 (workbook updated 2025-11-13); attribution: The Planetary Society; conventions in 07 FINDINGS R73
planetary_society_pebd_mission_costs,"Major Programs, 1994 - current",2016,Lunar Exploration Program,0,USD millions (nominal),,"PEBD sheet 'Major Programs, 1994 - current' cell AB24",R73; PEBD pull 2026-09-27 (workbook updated 2025-11-13); attribution: The Planetary Society; conventions in 07 FINDINGS R73
planetary_society_pebd_mission_costs,"Major Programs, 1994 - current",2016,Lunar Exploration Program (inflation adj),0,"USD millions (2025 dollars, PEBD inflation adjustment)",,"PEBD sheet 'Major Programs, 1994 - current' cell AC24",R73; PEBD pull 2026-09-27 (workbook updated 2025-11-13); attribution: The Planetary Society; conventions in 07 FINDINGS R73
planetary_society_pebd_mission_costs,"Major Programs, 1994 - current",2016,Lunar Exploration % of Planetary,0,fraction (0-1),,"PEBD sheet 'Major Programs, 1994 - current' cell AD24",R73; PEBD pull 2026-09-27 (workbook updated 2025-11-13); attribution: The Planetary Society; conventions in 07 FINDINGS R73
planetary_society_pebd_mission_costs,"Major Programs, 1994 - current",2016,Planetary Research & Analysis (actual),274,USD millions (nominal),,"PEBD sheet 'Major Programs, 1994 - current' cell AE24",R73; PEBD pull 2026-09-27 (workbook updated 2025-11-13); attribution: The Planetary Society; conventions in 07 FINDINGS R73
planetary_society_pebd_mission_costs,"Major Programs, 1994 - current",2016,"Planetary Research (actual, inflation adj)",364.694,"USD millions (2025 dollars, PEBD inflation adjustment)",,"PEBD sheet 'Major Programs, 1994 - current' cell AF24",R73; PEBD pull 2026-09-27 (workbook updated 2025-11-13); attribution: The Planetary Society; conventions in 07 FINDINGS R73
planetary_society_pebd_mission_costs,"Major Programs, 1994 - current",2016,R&A % of Planetary,0.1683046683,fraction (0-1),,"PEBD sheet 'Major Programs, 1994 - current' cell AG24",R73; PEBD pull 2026-09-27 (workbook updated 2025-11-13); attribution: The Planetary Society; conventions in 07 FINDINGS R73
planetary_society_pebd_mission_costs,"Major Programs, 1994 - current",2016,Outer Planets (requested),116.2,USD millions (nominal),,"PEBD sheet 'Major Programs, 1994 - current' cell AH24",R73; PEBD pull 2026-09-27 (workbook updated 2025-11-13); attribution: The Planetary Society; conventions in 07 FINDINGS R73
planetary_society_pebd_mission_costs,"Major Programs, 1994 - current",2016,Outer Planets (enacted),261,USD millions (nominal),,"PEBD sheet 'Major Programs, 1994 - current' cell AI24",R73; PEBD pull 2026-09-27 (workbook updated 2025-11-13); attribution: The Planetary Society; conventions in 07 FINDINGS R73
planetary_society_pebd_mission_costs,"Major Programs, 1994 - current",2016,Outer Planets (actual),261,USD millions (nominal),,"PEBD sheet 'Major Programs, 1994 - current' cell AJ24",R73; PEBD pull 2026-09-27 (workbook updated 2025-11-13); attribution: The Planetary Society; conventions in 07 FINDINGS R73
planetary_society_pebd_mission_costs,"Major Programs, 1994 - current",2016,"Outer Planets (requested, inflation adj)",154.6622,"USD millions (2025 dollars, PEBD inflation adjustment)",,"PEBD sheet 'Major Programs, 1994 - current' cell AK24",R73; PEBD pull 2026-09-27 (workbook updated 2025-11-13); attribution: The Planetary Society; conventions in 07 FINDINGS R73
planetary_society_pebd_mission_costs,"Major Programs, 1994 - current",2016,"Outer Planets (actual, inflation adj)",347.391,"USD millions (2025 dollars, PEBD inflation adjustment)",,"PEBD sheet 'Major Programs, 1994 - current' cell AL24",R73; PEBD pull 2026-09-27 (workbook updated 2025-11-13); attribution: The Planetary Society; conventions in 07 FINDINGS R73
planetary_society_pebd_mission_costs,"Major Programs, 1994 - current",2016,Outer Planets % Planetary,0.1603194103,fraction (0-1),,"PEBD sheet 'Major Programs, 1994 - current' cell AM24",R73; PEBD pull 2026-09-27 (workbook updated 2025-11-13); attribution: The Planetary Society; conventions in 07 FINDINGS R73
planetary_society_pebd_mission_costs,"Major Programs, 1994 - current",2016,Technology / Radioisotope Power (actual),197,USD millions (nominal),,"PEBD sheet 'Major Programs, 1994 - current' cell AR24",R73; PEBD pull 2026-09-27 (workbook updated 2025-11-13); attribution: The Planetary Society; conventions in 07 FINDINGS R73
planetary_society_pebd_mission_costs,"Major Programs, 1994 - current",2016,"Technology / Radioisotope Power (actual, inflation adj)",262.207,"USD millions (2025 dollars, PEBD inflation adjustment)",,"PEBD sheet 'Major Programs, 1994 - current' cell AS24",R73; PEBD pull 2026-09-27 (workbook updated 2025-11-13); attribution: The Planetary Society; conventions in 07 FINDINGS R73
planetary_society_pebd_mission_costs,"Major Programs, 1994 - current",2016,% of Planetary,0.121007371,fraction (0-1),,"PEBD sheet 'Major Programs, 1994 - current' cell AT24",R73; PEBD pull 2026-09-27 (workbook updated 2025-11-13); attribution: The Planetary Society; conventions in 07 FINDINGS R73
planetary_society_pebd_mission_costs,"Major Programs, 1994 - current",2017,Total Planetary Science,1827.5,USD millions (nominal),,"PEBD sheet 'Major Programs, 1994 - current' cell C25",R73; PEBD pull 2026-09-27 (workbook updated 2025-11-13); attribution: The Planetary Society; conventions in 07 FINDINGS R73
planetary_society_pebd_mission_costs,"Major Programs, 1994 - current",2017,Discovery (requested),202.5,USD millions (nominal),,"PEBD sheet 'Major Programs, 1994 - current' cell D25",R73; PEBD pull 2026-09-27 (workbook updated 2025-11-13); attribution: The Planetary Society; conventions in 07 FINDINGS R73
planetary_society_pebd_mission_costs,"Major Programs, 1994 - current",2017,Discovery (enacted),224.8,USD millions (nominal),,"PEBD sheet 'Major Programs, 1994 - current' cell E25",R73; PEBD pull 2026-09-27 (workbook updated 2025-11-13); attribution: The Planetary Society; conventions in 07 FINDINGS R73
planetary_society_pebd_mission_costs,"Major Programs, 1994 - current",2017,Discovery (actual),213.6,USD millions (nominal),,"PEBD sheet 'Major Programs, 1994 - current' cell F25",R73; PEBD pull 2026-09-27 (workbook updated 2025-11-13); attribution: The Planetary Society; conventions in 07 FINDINGS R73
planetary_society_pebd_mission_costs,"Major Programs, 1994 - current",2017,"Discovery (requested, inflation adj)",263.8575,"USD millions (2025 dollars, PEBD inflation adjustment)",,"PEBD sheet 'Major Programs, 1994 - current' cell G25",R73; PEBD pull 2026-09-27 (workbook updated 2025-11-13); attribution: The Planetary Society; conventions in 07 FINDINGS R73
planetary_society_pebd_mission_costs,"Major Programs, 1994 - current",2017,"Discovery (actual, inflation adj)",278.3208,"USD millions (2025 dollars, PEBD inflation adjustment)",,"PEBD sheet 'Major Programs, 1994 - current' cell H25",R73; PEBD pull 2026-09-27 (workbook updated 2025-11-13); attribution: The Planetary Society; conventions in 07 FINDINGS R73
planetary_society_pebd_mission_costs,"Major Programs, 1994 - current",2017,Discovery % of Planetary,0.116880985,fraction (0-1),,"PEBD sheet 'Major Programs, 1994 - current' cell I25",R73; PEBD pull 2026-09-27 (workbook updated 2025-11-13); attribution: The Planetary Society; conventions in 07 FINDINGS R73
planetary_society_pebd_mission_costs,"Major Programs, 1994 - current",2017,New Frontiers (requested),144,USD millions (nominal),,"PEBD sheet 'Major Programs, 1994 - current' cell J25",R73; PEBD pull 2026-09-27 (workbook updated 2025-11-13); attribution: The Planetary Society; conventions in 07 FINDINGS R73
planetary_society_pebd_mission_costs,"Major Programs, 1994 - current",2017,New Fronties (enacted),136.5,USD millions (nominal),,"PEBD sheet 'Major Programs, 1994 - current' cell K25",R73; PEBD pull 2026-09-27 (workbook updated 2025-11-13); attribution: The Planetary Society; conventions in 07 FINDINGS R73
planetary_society_pebd_mission_costs,"Major Programs, 1994 - current",2017,New Frontiers (actual),134,USD millions (nominal),,"PEBD sheet 'Major Programs, 1994 - current' cell L25",R73; PEBD pull 2026-09-27 (workbook updated 2025-11-13); attribution: The Planetary Society; conventions in 07 FINDINGS R73
planetary_society_pebd_mission_costs,"Major Programs, 1994 - current",2017,"New Frontiers (requested, inflation adj)",187.632,"USD millions (2025 dollars, PEBD inflation adjustment)",,"PEBD sheet 'Major Programs, 1994 - current' cell M25",R73; PEBD pull 2026-09-27 (workbook updated 2025-11-13); attribution: The Planetary Society; conventions in 07 FINDINGS R73
planetary_society_pebd_mission_costs,"Major Programs, 1994 - current",2017,"New Frontiers (actual, inflation adj)",174.602,"USD millions (2025 dollars, PEBD inflation adjustment)",,"PEBD sheet 'Major Programs, 1994 - current' cell N25",R73; PEBD pull 2026-09-27 (workbook updated 2025-11-13); attribution: The Planetary Society; conventions in 07 FINDINGS R73
planetary_society_pebd_mission_costs,"Major Programs, 1994 - current",2017,New Frontiers % of Planetary,0.07332421341,fraction (0-1),,"PEBD sheet 'Major Programs, 1994 - current' cell O25",R73; PEBD pull 2026-09-27 (workbook updated 2025-11-13); attribution: The Planetary Society; conventions in 07 FINDINGS R73
planetary_society_pebd_mission_costs,"Major Programs, 1994 - current",2017,Mars Exploration Program (requested),584.8,USD millions (nominal),,"PEBD sheet 'Major Programs, 1994 - current' cell P25",R73; PEBD pull 2026-09-27 (workbook updated 2025-11-13); attribution: The Planetary Society; conventions in 07 FINDINGS R73
planetary_society_pebd_mission_costs,"Major Programs, 1994 - current",2017,Mars Exploration Program (enacted),647,USD millions (nominal),,"PEBD sheet 'Major Programs, 1994 - current' cell Q25",R73; PEBD pull 2026-09-27 (workbook updated 2025-11-13); attribution: The Planetary Society; conventions in 07 FINDINGS R73
planetary_society_pebd_mission_costs,"Major Programs, 1994 - current",2017,Mars Exploration Program (actual),647,USD millions (nominal),,"PEBD sheet 'Major Programs, 1994 - current' cell R25",R73; PEBD pull 2026-09-27 (workbook updated 2025-11-13); attribution: The Planetary Society; conventions in 07 FINDINGS R73
planetary_society_pebd_mission_costs,"Major Programs, 1994 - current",2017,"Mars Exploration Program (requested, inflation adj)",761.9944,"USD millions (2025 dollars, PEBD inflation adjustment)",,"PEBD sheet 'Major Programs, 1994 - current' cell S25",R73; PEBD pull 2026-09-27 (workbook updated 2025-11-13); attribution: The Planetary Society; conventions in 07 FINDINGS R73
planetary_society_pebd_mission_costs,"Major Programs, 1994 - current",2017,"Mars Exploration Program (actual, inflation adj)",843.041,"USD millions (2025 dollars, PEBD inflation adjustment)",,"PEBD sheet 'Major Programs, 1994 - current' cell T25",R73; PEBD pull 2026-09-27 (workbook updated 2025-11-13); attribution: The Planetary Society; conventions in 07 FINDINGS R73
planetary_society_pebd_mission_costs,"Major Programs, 1994 - current",2017,Mars Exploration Program % of Planetary,0.3540355677,fraction (0-1),,"PEBD sheet 'Major Programs, 1994 - current' cell U25",R73; PEBD pull 2026-09-27 (workbook updated 2025-11-13); attribution: The Planetary Society; conventions in 07 FINDINGS R73
planetary_society_pebd_mission_costs,"Major Programs, 1994 - current",2017,Lunar Exploration Program,0,USD millions (nominal),,"PEBD sheet 'Major Programs, 1994 - current' cell AB25",R73; PEBD pull 2026-09-27 (workbook updated 2025-11-13); attribution: The Planetary Society; conventions in 07 FINDINGS R73
planetary_society_pebd_mission_costs,"Major Programs, 1994 - current",2017,Lunar Exploration Program (inflation adj),0,"USD millions (2025 dollars, PEBD inflation adjustment)",,"PEBD sheet 'Major Programs, 1994 - current' cell AC25",R73; PEBD pull 2026-09-27 (workbook updated 2025-11-13); attribution: The Planetary Society; conventions in 07 FINDINGS R73
planetary_society_pebd_mission_costs,"Major Programs, 1994 - current",2017,Lunar Exploration % of Planetary,0,fraction (0-1),,"PEBD sheet 'Major Programs, 1994 - current' cell AD25",R73; PEBD pull 2026-09-27 (workbook updated 2025-11-13); attribution: The Planetary Society; conventions in 07 FINDINGS R73
planetary_society_pebd_mission_costs,"Major Programs, 1994 - current",2017,Planetary Research & Analysis (actual),290.1,USD millions (nominal),,"PEBD sheet 'Major Programs, 1994 - current' cell AE25",R73; PEBD pull 2026-09-27 (workbook updated 2025-11-13); attribution: The Planetary Society; conventions in 07 FINDINGS R73
planetary_society_pebd_mission_costs,"Major Programs, 1994 - current",2017,"Planetary Research (actual, inflation adj)",378.0003,"USD millions (2025 dollars, PEBD inflation adjustment)",,"PEBD sheet 'Major Programs, 1994 - current' cell AF25",R73; PEBD pull 2026-09-27 (workbook updated 2025-11-13); attribution: The Planetary Society; conventions in 07 FINDINGS R73
planetary_society_pebd_mission_costs,"Major Programs, 1994 - current",2017,R&A % of Planetary,0.1587414501,fraction (0-1),,"PEBD sheet 'Major Programs, 1994 - current' cell AG25",R73; PEBD pull 2026-09-27 (workbook updated 2025-11-13); attribution: The Planetary Society; conventions in 07 FINDINGS R73
planetary_society_pebd_mission_costs,"Major Programs, 1994 - current",2017,Outer Planets (requested),137.3,USD millions (nominal),,"PEBD sheet 'Major Programs, 1994 - current' cell AH25",R73; PEBD pull 2026-09-27 (workbook updated 2025-11-13); attribution: The Planetary Society; conventions in 07 FINDINGS R73
planetary_society_pebd_mission_costs,"Major Programs, 1994 - current",2017,Outer Planets (enacted),363,USD millions (nominal),,"PEBD sheet 'Major Programs, 1994 - current' cell AI25",R73; PEBD pull 2026-09-27 (workbook updated 2025-11-13); attribution: The Planetary Society; conventions in 07 FINDINGS R73
planetary_society_pebd_mission_costs,"Major Programs, 1994 - current",2017,Outer Planets (actual),359.5,USD millions (nominal),,"PEBD sheet 'Major Programs, 1994 - current' cell AJ25",R73; PEBD pull 2026-09-27 (workbook updated 2025-11-13); attribution: The Planetary Society; conventions in 07 FINDINGS R73
planetary_society_pebd_mission_costs,"Major Programs, 1994 - current",2017,"Outer Planets (requested, inflation adj)",178.9019,"USD millions (2025 dollars, PEBD inflation adjustment)",,"PEBD sheet 'Major Programs, 1994 - current' cell AK25",R73; PEBD pull 2026-09-27 (workbook updated 2025-11-13); attribution: The Planetary Society; conventions in 07 FINDINGS R73
planetary_society_pebd_mission_costs,"Major Programs, 1994 - current",2017,"Outer Planets (actual, inflation adj)",468.4285,"USD millions (2025 dollars, PEBD inflation adjustment)",,"PEBD sheet 'Major Programs, 1994 - current' cell AL25",R73; PEBD pull 2026-09-27 (workbook updated 2025-11-13); attribution: The Planetary Society; conventions in 07 FINDINGS R73
planetary_society_pebd_mission_costs,"Major Programs, 1994 - current",2017,Outer Planets % Planetary,0.1967168263,fraction (0-1),,"PEBD sheet 'Major Programs, 1994 - current' cell AM25",R73; PEBD pull 2026-09-27 (workbook updated 2025-11-13); attribution: The Planetary Society; conventions in 07 FINDINGS R73
planetary_society_pebd_mission_costs,"Major Programs, 1994 - current",2017,Technology / Radioisotope Power (actual),183.3,USD millions (nominal),,"PEBD sheet 'Major Programs, 1994 - current' cell AR25",R73; PEBD pull 2026-09-27 (workbook updated 2025-11-13); attribution: The Planetary Society; conventions in 07 FINDINGS R73
planetary_society_pebd_mission_costs,"Major Programs, 1994 - current",2017,"Technology / Radioisotope Power (actual, inflation adj)",238.8399,"USD millions (2025 dollars, PEBD inflation adjustment)",,"PEBD sheet 'Major Programs, 1994 - current' cell AS25",R73; PEBD pull 2026-09-27 (workbook updated 2025-11-13); attribution: The Planetary Society; conventions in 07 FINDINGS R73
planetary_society_pebd_mission_costs,"Major Programs, 1994 - current",2017,% of Planetary,0.1003009576,fraction (0-1),,"PEBD sheet 'Major Programs, 1994 - current' cell AT25",R73; PEBD pull 2026-09-27 (workbook updated 2025-11-13); attribution: The Planetary Society; conventions in 07 FINDINGS R73
planetary_society_pebd_mission_costs,"Major Programs, 1994 - current",2018,Total Planetary Science,2217.9,USD millions (nominal),,"PEBD sheet 'Major Programs, 1994 - current' cell C26",R73; PEBD pull 2026-09-27 (workbook updated 2025-11-13); attribution: The Planetary Society; conventions in 07 FINDINGS R73
planetary_society_pebd_mission_costs,"Major Programs, 1994 - current",2018,Discovery (requested),306.1,USD millions (nominal),,"PEBD sheet 'Major Programs, 1994 - current' cell D26",R73; PEBD pull 2026-09-27 (workbook updated 2025-11-13); attribution: The Planetary Society; conventions in 07 FINDINGS R73
planetary_society_pebd_mission_costs,"Major Programs, 1994 - current",2018,Discovery (enacted),335.8,USD millions (nominal),,"PEBD sheet 'Major Programs, 1994 - current' cell E26",R73; PEBD pull 2026-09-27 (workbook updated 2025-11-13); attribution: The Planetary Society; conventions in 07 FINDINGS R73
planetary_society_pebd_mission_costs,"Major Programs, 1994 - current",2018,Discovery (actual),280.4,USD millions (nominal),,"PEBD sheet 'Major Programs, 1994 - current' cell F26",R73; PEBD pull 2026-09-27 (workbook updated 2025-11-13); attribution: The Planetary Society; conventions in 07 FINDINGS R73
planetary_society_pebd_mission_costs,"Major Programs, 1994 - current",2018,"Discovery (requested, inflation adj)",389.0531,"USD millions (2025 dollars, PEBD inflation adjustment)",,"PEBD sheet 'Major Programs, 1994 - current' cell G26",R73; PEBD pull 2026-09-27 (workbook updated 2025-11-13); attribution: The Planetary Society; conventions in 07 FINDINGS R73
planetary_society_pebd_mission_costs,"Major Programs, 1994 - current",2018,"Discovery (actual, inflation adj)",356.3884,"USD millions (2025 dollars, PEBD inflation adjustment)",,"PEBD sheet 'Major Programs, 1994 - current' cell H26",R73; PEBD pull 2026-09-27 (workbook updated 2025-11-13); attribution: The Planetary Society; conventions in 07 FINDINGS R73
planetary_society_pebd_mission_costs,"Major Programs, 1994 - current",2018,Discovery % of Planetary,0.1264258984,fraction (0-1),,"PEBD sheet 'Major Programs, 1994 - current' cell I26",R73; PEBD pull 2026-09-27 (workbook updated 2025-11-13); attribution: The Planetary Society; conventions in 07 FINDINGS R73
planetary_society_pebd_mission_costs,"Major Programs, 1994 - current",2018,New Frontiers (requested),82.1,USD millions (nominal),,"PEBD sheet 'Major Programs, 1994 - current' cell J26",R73; PEBD pull 2026-09-27 (workbook updated 2025-11-13); attribution: The Planetary Society; conventions in 07 FINDINGS R73
planetary_society_pebd_mission_costs,"Major Programs, 1994 - current",2018,New Fronties (enacted),90,USD millions (nominal),,"PEBD sheet 'Major Programs, 1994 - current' cell K26",R73; PEBD pull 2026-09-27 (workbook updated 2025-11-13); attribution: The Planetary Society; conventions in 07 FINDINGS R73
planetary_society_pebd_mission_costs,"Major Programs, 1994 - current",2018,New Frontiers (actual),88.1,USD millions (nominal),,"PEBD sheet 'Major Programs, 1994 - current' cell L26",R73; PEBD pull 2026-09-27 (workbook updated 2025-11-13); attribution: The Planetary Society; conventions in 07 FINDINGS R73
planetary_society_pebd_mission_costs,"Major Programs, 1994 - current",2018,"New Frontiers (requested, inflation adj)",104.3491,"USD millions (2025 dollars, PEBD inflation adjustment)",,"PEBD sheet 'Major Programs, 1994 - current' cell M26",R73; PEBD pull 2026-09-27 (workbook updated 2025-11-13); attribution: The Planetary Society; conventions in 07 FINDINGS R73
planetary_society_pebd_mission_costs,"Major Programs, 1994 - current",2018,"New Frontiers (actual, inflation adj)",111.9751,"USD millions (2025 dollars, PEBD inflation adjustment)",,"PEBD sheet 'Major Programs, 1994 - current' cell N26",R73; PEBD pull 2026-09-27 (workbook updated 2025-11-13); attribution: The Planetary Society; conventions in 07 FINDINGS R73
planetary_society_pebd_mission_costs,"Major Programs, 1994 - current",2018,New Frontiers % of Planetary,0.0397222598,fraction (0-1),,"PEBD sheet 'Major Programs, 1994 - current' cell O26",R73; PEBD pull 2026-09-27 (workbook updated 2025-11-13); attribution: The Planetary Society; conventions in 07 FINDINGS R73
planetary_society_pebd_mission_costs,"Major Programs, 1994 - current",2018,Mars Exploration Program (requested),584.7,USD millions (nominal),,"PEBD sheet 'Major Programs, 1994 - current' cell P26",R73; PEBD pull 2026-09-27 (workbook updated 2025-11-13); attribution: The Planetary Society; conventions in 07 FINDINGS R73
planetary_society_pebd_mission_costs,"Major Programs, 1994 - current",2018,Mars Exploration Program (enacted),666,USD millions (nominal),,"PEBD sheet 'Major Programs, 1994 - current' cell Q26",R73; PEBD pull 2026-09-27 (workbook updated 2025-11-13); attribution: The Planetary Society; conventions in 07 FINDINGS R73
planetary_society_pebd_mission_costs,"Major Programs, 1994 - current",2018,Mars Exploration Program (actual),678,USD millions (nominal),,"PEBD sheet 'Major Programs, 1994 - current' cell R26",R73; PEBD pull 2026-09-27 (workbook updated 2025-11-13); attribution: The Planetary Society; conventions in 07 FINDINGS R73
planetary_society_pebd_mission_costs,"Major Programs, 1994 - current",2018,"Mars Exploration Program (requested, inflation adj)",743.1537,"USD millions (2025 dollars, PEBD inflation adjustment)",,"PEBD sheet 'Major Programs, 1994 - current' cell S26",R73; PEBD pull 2026-09-27 (workbook updated 2025-11-13); attribution: The Planetary Society; conventions in 07 FINDINGS R73
planetary_society_pebd_mission_costs,"Major Programs, 1994 - current",2018,"Mars Exploration Program (actual, inflation adj)",861.738,"USD millions (2025 dollars, PEBD inflation adjustment)",,"PEBD sheet 'Major Programs, 1994 - current' cell T26",R73; PEBD pull 2026-09-27 (workbook updated 2025-11-13); attribution: The Planetary Society; conventions in 07 FINDINGS R73
planetary_society_pebd_mission_costs,"Major Programs, 1994 - current",2018,Mars Exploration Program % of Planetary,0.305694576,fraction (0-1),,"PEBD sheet 'Major Programs, 1994 - current' cell U26",R73; PEBD pull 2026-09-27 (workbook updated 2025-11-13); attribution: The Planetary Society; conventions in 07 FINDINGS R73
planetary_society_pebd_mission_costs,"Major Programs, 1994 - current",2018,Lunar Exploration Program,0,USD millions (nominal),,"PEBD sheet 'Major Programs, 1994 - current' cell AB26",R73; PEBD pull 2026-09-27 (workbook updated 2025-11-13); attribution: The Planetary Society; conventions in 07 FINDINGS R73
planetary_society_pebd_mission_costs,"Major Programs, 1994 - current",2018,Lunar Exploration Program (inflation adj),0,"USD millions (2025 dollars, PEBD inflation adjustment)",,"PEBD sheet 'Major Programs, 1994 - current' cell AC26",R73; PEBD pull 2026-09-27 (workbook updated 2025-11-13); attribution: The Planetary Society; conventions in 07 FINDINGS R73
planetary_society_pebd_mission_costs,"Major Programs, 1994 - current",2018,Lunar Exploration % of Planetary,0,fraction (0-1),,"PEBD sheet 'Major Programs, 1994 - current' cell AD26",R73; PEBD pull 2026-09-27 (workbook updated 2025-11-13); attribution: The Planetary Society; conventions in 07 FINDINGS R73
planetary_society_pebd_mission_costs,"Major Programs, 1994 - current",2018,Planetary Research & Analysis (actual),315.6,USD millions (nominal),,"PEBD sheet 'Major Programs, 1994 - current' cell AE26",R73; PEBD pull 2026-09-27 (workbook updated 2025-11-13); attribution: The Planetary Society; conventions in 07 FINDINGS R73
planetary_society_pebd_mission_costs,"Major Programs, 1994 - current",2018,"Planetary Research (actual, inflation adj)",401.1276,"USD millions (2025 dollars, PEBD inflation adjustment)",,"PEBD sheet 'Major Programs, 1994 - current' cell AF26",R73; PEBD pull 2026-09-27 (workbook updated 2025-11-13); attribution: The Planetary Society; conventions in 07 FINDINGS R73
planetary_society_pebd_mission_costs,"Major Programs, 1994 - current",2018,R&A % of Planetary,0.1422967672,fraction (0-1),,"PEBD sheet 'Major Programs, 1994 - current' cell AG26",R73; PEBD pull 2026-09-27 (workbook updated 2025-11-13); attribution: The Planetary Society; conventions in 07 FINDINGS R73
planetary_society_pebd_mission_costs,"Major Programs, 1994 - current",2018,Outer Planets (requested),457.9,USD millions (nominal),,"PEBD sheet 'Major Programs, 1994 - current' cell AH26",R73; PEBD pull 2026-09-27 (workbook updated 2025-11-13); attribution: The Planetary Society; conventions in 07 FINDINGS R73
planetary_society_pebd_mission_costs,"Major Programs, 1994 - current",2018,Outer Planets (enacted),627.9,USD millions (nominal),,"PEBD sheet 'Major Programs, 1994 - current' cell AI26",R73; PEBD pull 2026-09-27 (workbook updated 2025-11-13); attribution: The Planetary Society; conventions in 07 FINDINGS R73
planetary_society_pebd_mission_costs,"Major Programs, 1994 - current",2018,Outer Planets (actual),641.2,USD millions (nominal),,"PEBD sheet 'Major Programs, 1994 - current' cell AJ26",R73; PEBD pull 2026-09-27 (workbook updated 2025-11-13); attribution: The Planetary Society; conventions in 07 FINDINGS R73
planetary_society_pebd_mission_costs,"Major Programs, 1994 - current",2018,"Outer Planets (requested, inflation adj)",581.9909,"USD millions (2025 dollars, PEBD inflation adjustment)",,"PEBD sheet 'Major Programs, 1994 - current' cell AK26",R73; PEBD pull 2026-09-27 (workbook updated 2025-11-13); attribution: The Planetary Society; conventions in 07 FINDINGS R73
planetary_society_pebd_mission_costs,"Major Programs, 1994 - current",2018,"Outer Planets (actual, inflation adj)",814.9652,"USD millions (2025 dollars, PEBD inflation adjustment)",,"PEBD sheet 'Major Programs, 1994 - current' cell AL26",R73; PEBD pull 2026-09-27 (workbook updated 2025-11-13); attribution: The Planetary Society; conventions in 07 FINDINGS R73
planetary_society_pebd_mission_costs,"Major Programs, 1994 - current",2018,Outer Planets % Planetary,0.289102304,fraction (0-1),,"PEBD sheet 'Major Programs, 1994 - current' cell AM26",R73; PEBD pull 2026-09-27 (workbook updated 2025-11-13); attribution: The Planetary Society; conventions in 07 FINDINGS R73
planetary_society_pebd_mission_costs,"Major Programs, 1994 - current",2018,Technology / Radioisotope Power (actual),214.7,USD millions (nominal),,"PEBD sheet 'Major Programs, 1994 - current' cell AR26",R73; PEBD pull 2026-09-27 (workbook updated 2025-11-13); attribution: The Planetary Society; conventions in 07 FINDINGS R73
planetary_society_pebd_mission_costs,"Major Programs, 1994 - current",2018,"Technology / Radioisotope Power (actual, inflation adj)",272.8837,"USD millions (2025 dollars, PEBD inflation adjustment)",,"PEBD sheet 'Major Programs, 1994 - current' cell AS26",R73; PEBD pull 2026-09-27 (workbook updated 2025-11-13); attribution: The Planetary Society; conventions in 07 FINDINGS R73
planetary_society_pebd_mission_costs,"Major Programs, 1994 - current",2018,% of Planetary,0.09680328238,fraction (0-1),,"PEBD sheet 'Major Programs, 1994 - current' cell AT26",R73; PEBD pull 2026-09-27 (workbook updated 2025-11-13); attribution: The Planetary Society; conventions in 07 FINDINGS R73
planetary_society_pebd_mission_costs,"Major Programs, 1994 - current",2019,Total Planetary Science,2746.7,USD millions (nominal),,"PEBD sheet 'Major Programs, 1994 - current' cell C27",R73; PEBD pull 2026-09-27 (workbook updated 2025-11-13); attribution: The Planetary Society; conventions in 07 FINDINGS R73
planetary_society_pebd_mission_costs,"Major Programs, 1994 - current",2019,Discovery (requested),381.2,USD millions (nominal),,"PEBD sheet 'Major Programs, 1994 - current' cell D27",R73; PEBD pull 2026-09-27 (workbook updated 2025-11-13); attribution: The Planetary Society; conventions in 07 FINDINGS R73
planetary_society_pebd_mission_costs,"Major Programs, 1994 - current",2019,Discovery (enacted),381.2,USD millions (nominal),,"PEBD sheet 'Major Programs, 1994 - current' cell E27",R73; PEBD pull 2026-09-27 (workbook updated 2025-11-13); attribution: The Planetary Society; conventions in 07 FINDINGS R73
planetary_society_pebd_mission_costs,"Major Programs, 1994 - current",2019,Discovery (actual),409.5,USD millions (nominal),,"PEBD sheet 'Major Programs, 1994 - current' cell F27",R73; PEBD pull 2026-09-27 (workbook updated 2025-11-13); attribution: The Planetary Society; conventions in 07 FINDINGS R73
planetary_society_pebd_mission_costs,"Major Programs, 1994 - current",2019,"Discovery (requested, inflation adj)",475.3564,"USD millions (2025 dollars, PEBD inflation adjustment)",,"PEBD sheet 'Major Programs, 1994 - current' cell G27",R73; PEBD pull 2026-09-27 (workbook updated 2025-11-13); attribution: The Planetary Society; conventions in 07 FINDINGS R73
planetary_society_pebd_mission_costs,"Major Programs, 1994 - current",2019,"Discovery (actual, inflation adj)",510.6465,"USD millions (2025 dollars, PEBD inflation adjustment)",,"PEBD sheet 'Major Programs, 1994 - current' cell H27",R73; PEBD pull 2026-09-27 (workbook updated 2025-11-13); attribution: The Planetary Society; conventions in 07 FINDINGS R73
planetary_society_pebd_mission_costs,"Major Programs, 1994 - current",2019,Discovery % of Planetary,0.1490879965,fraction (0-1),,"PEBD sheet 'Major Programs, 1994 - current' cell I27",R73; PEBD pull 2026-09-27 (workbook updated 2025-11-13); attribution: The Planetary Society; conventions in 07 FINDINGS R73
planetary_society_pebd_mission_costs,"Major Programs, 1994 - current",2019,New Frontiers (requested),130.2,USD millions (nominal),,"PEBD sheet 'Major Programs, 1994 - current' cell J27",R73; PEBD pull 2026-09-27 (workbook updated 2025-11-13); attribution: The Planetary Society; conventions in 07 FINDINGS R73
planetary_society_pebd_mission_costs,"Major Programs, 1994 - current",2019,New Fronties (enacted),130.2,USD millions (nominal),,"PEBD sheet 'Major Programs, 1994 - current' cell K27",R73; PEBD pull 2026-09-27 (workbook updated 2025-11-13); attribution: The Planetary Society; conventions in 07 FINDINGS R73
planetary_society_pebd_mission_costs,"Major Programs, 1994 - current",2019,New Frontiers (actual),93,USD millions (nominal),,"PEBD sheet 'Major Programs, 1994 - current' cell L27",R73; PEBD pull 2026-09-27 (workbook updated 2025-11-13); attribution: The Planetary Society; conventions in 07 FINDINGS R73
planetary_society_pebd_mission_costs,"Major Programs, 1994 - current",2019,"New Frontiers (requested, inflation adj)",162.3594,"USD millions (2025 dollars, PEBD inflation adjustment)",,"PEBD sheet 'Major Programs, 1994 - current' cell M27",R73; PEBD pull 2026-09-27 (workbook updated 2025-11-13); attribution: The Planetary Society; conventions in 07 FINDINGS R73
planetary_society_pebd_mission_costs,"Major Programs, 1994 - current",2019,"New Frontiers (actual, inflation adj)",115.971,"USD millions (2025 dollars, PEBD inflation adjustment)",,"PEBD sheet 'Major Programs, 1994 - current' cell N27",R73; PEBD pull 2026-09-27 (workbook updated 2025-11-13); attribution: The Planetary Society; conventions in 07 FINDINGS R73
planetary_society_pebd_mission_costs,"Major Programs, 1994 - current",2019,New Frontiers % of Planetary,0.03385881239,fraction (0-1),,"PEBD sheet 'Major Programs, 1994 - current' cell O27",R73; PEBD pull 2026-09-27 (workbook updated 2025-11-13); attribution: The Planetary Society; conventions in 07 FINDINGS R73
planetary_society_pebd_mission_costs,"Major Programs, 1994 - current",2019,Mars Exploration Program (requested),601.5,USD millions (nominal),,"PEBD sheet 'Major Programs, 1994 - current' cell P27",R73; PEBD pull 2026-09-27 (workbook updated 2025-11-13); attribution: The Planetary Society; conventions in 07 FINDINGS R73
planetary_society_pebd_mission_costs,"Major Programs, 1994 - current",2019,Mars Exploration Program (enacted),650,USD millions (nominal),,"PEBD sheet 'Major Programs, 1994 - current' cell Q27",R73; PEBD pull 2026-09-27 (workbook updated 2025-11-13); attribution: The Planetary Society; conventions in 07 FINDINGS R73
planetary_society_pebd_mission_costs,"Major Programs, 1994 - current",2019,Mars Exploration Program (actual),712.7,USD millions (nominal),,"PEBD sheet 'Major Programs, 1994 - current' cell R27",R73; PEBD pull 2026-09-27 (workbook updated 2025-11-13); attribution: The Planetary Society; conventions in 07 FINDINGS R73
planetary_society_pebd_mission_costs,"Major Programs, 1994 - current",2019,"Mars Exploration Program (requested, inflation adj)",750.0705,"USD millions (2025 dollars, PEBD inflation adjustment)",,"PEBD sheet 'Major Programs, 1994 - current' cell S27",R73; PEBD pull 2026-09-27 (workbook updated 2025-11-13); attribution: The Planetary Society; conventions in 07 FINDINGS R73
planetary_society_pebd_mission_costs,"Major Programs, 1994 - current",2019,"Mars Exploration Program (actual, inflation adj)",888.7369,"USD millions (2025 dollars, PEBD inflation adjustment)",,"PEBD sheet 'Major Programs, 1994 - current' cell T27",R73; PEBD pull 2026-09-27 (workbook updated 2025-11-13); attribution: The Planetary Society; conventions in 07 FINDINGS R73
planetary_society_pebd_mission_costs,"Major Programs, 1994 - current",2019,Mars Exploration Program % of Planetary,0.2594750064,fraction (0-1),,"PEBD sheet 'Major Programs, 1994 - current' cell U27",R73; PEBD pull 2026-09-27 (workbook updated 2025-11-13); attribution: The Planetary Society; conventions in 07 FINDINGS R73
planetary_society_pebd_mission_costs,"Major Programs, 1994 - current",2019,Lunar Exploration Program,188.1,USD millions (nominal),,"PEBD sheet 'Major Programs, 1994 - current' cell AB27",R73; PEBD pull 2026-09-27 (workbook updated 2025-11-13); attribution: The Planetary Society; conventions in 07 FINDINGS R73
planetary_society_pebd_mission_costs,"Major Programs, 1994 - current",2019,Lunar Exploration Program (inflation adj),234.5607,"USD millions (2025 dollars, PEBD inflation adjustment)",,"PEBD sheet 'Major Programs, 1994 - current' cell AC27",R73; PEBD pull 2026-09-27 (workbook updated 2025-11-13); attribution: The Planetary Society; conventions in 07 FINDINGS R73
planetary_society_pebd_mission_costs,"Major Programs, 1994 - current",2019,Lunar Exploration % of Planetary,0.06848217861,fraction (0-1),,"PEBD sheet 'Major Programs, 1994 - current' cell AD27",R73; PEBD pull 2026-09-27 (workbook updated 2025-11-13); attribution: The Planetary Society; conventions in 07 FINDINGS R73
planetary_society_pebd_mission_costs,"Major Programs, 1994 - current",2019,Planetary Research & Analysis (actual),236.4,USD millions (nominal),,"PEBD sheet 'Major Programs, 1994 - current' cell AE27",R73; PEBD pull 2026-09-27 (workbook updated 2025-11-13); attribution: The Planetary Society; conventions in 07 FINDINGS R73
planetary_society_pebd_mission_costs,"Major Programs, 1994 - current",2019,"Planetary Research (actual, inflation adj)",294.7908,"USD millions (2025 dollars, PEBD inflation adjustment)",,"PEBD sheet 'Major Programs, 1994 - current' cell AF27",R73; PEBD pull 2026-09-27 (workbook updated 2025-11-13); attribution: The Planetary Society; conventions in 07 FINDINGS R73
planetary_society_pebd_mission_costs,"Major Programs, 1994 - current",2019,R&A % of Planetary,0.08606691666,fraction (0-1),,"PEBD sheet 'Major Programs, 1994 - current' cell AG27",R73; PEBD pull 2026-09-27 (workbook updated 2025-11-13); attribution: The Planetary Society; conventions in 07 FINDINGS R73
planetary_society_pebd_mission_costs,"Major Programs, 1994 - current",2019,Outer Planets (requested),285.6,USD millions (nominal),,"PEBD sheet 'Major Programs, 1994 - current' cell AH27",R73; PEBD pull 2026-09-27 (workbook updated 2025-11-13); attribution: The Planetary Society; conventions in 07 FINDINGS R73
planetary_society_pebd_mission_costs,"Major Programs, 1994 - current",2019,Outer Planets (enacted),795.9,USD millions (nominal),,"PEBD sheet 'Major Programs, 1994 - current' cell AI27",R73; PEBD pull 2026-09-27 (workbook updated 2025-11-13); attribution: The Planetary Society; conventions in 07 FINDINGS R73
planetary_society_pebd_mission_costs,"Major Programs, 1994 - current",2019,Outer Planets (actual),793.6,USD millions (nominal),,"PEBD sheet 'Major Programs, 1994 - current' cell AJ27",R73; PEBD pull 2026-09-27 (workbook updated 2025-11-13); attribution: The Planetary Society; conventions in 07 FINDINGS R73
planetary_society_pebd_mission_costs,"Major Programs, 1994 - current",2019,"Outer Planets (requested, inflation adj)",356.1432,"USD millions (2025 dollars, PEBD inflation adjustment)",,"PEBD sheet 'Major Programs, 1994 - current' cell AK27",R73; PEBD pull 2026-09-27 (workbook updated 2025-11-13); attribution: The Planetary Society; conventions in 07 FINDINGS R73
planetary_society_pebd_mission_costs,"Major Programs, 1994 - current",2019,"Outer Planets (actual, inflation adj)",989.6192,"USD millions (2025 dollars, PEBD inflation adjustment)",,"PEBD sheet 'Major Programs, 1994 - current' cell AL27",R73; PEBD pull 2026-09-27 (workbook updated 2025-11-13); attribution: The Planetary Society; conventions in 07 FINDINGS R73
planetary_society_pebd_mission_costs,"Major Programs, 1994 - current",2019,Outer Planets % Planetary,0.2889285324,fraction (0-1),,"PEBD sheet 'Major Programs, 1994 - current' cell AM27",R73; PEBD pull 2026-09-27 (workbook updated 2025-11-13); attribution: The Planetary Society; conventions in 07 FINDINGS R73
planetary_society_pebd_mission_costs,"Major Programs, 1994 - current",2019,Planetary Defense (requested),150,USD millions (nominal),,"PEBD sheet 'Major Programs, 1994 - current' cell AN27",R73; PEBD pull 2026-09-27 (workbook updated 2025-11-13); attribution: The Planetary Society; conventions in 07 FINDINGS R73
planetary_society_pebd_mission_costs,"Major Programs, 1994 - current",2019,Planetary Defense (actual),150,USD millions (nominal),,"PEBD sheet 'Major Programs, 1994 - current' cell AO27",R73; PEBD pull 2026-09-27 (workbook updated 2025-11-13); attribution: The Planetary Society; conventions in 07 FINDINGS R73
planetary_society_pebd_mission_costs,"Major Programs, 1994 - current",2019,"Planetary Defense (requested, inflation adj)",187.05,"USD millions (2025 dollars, PEBD inflation adjustment)",,"PEBD sheet 'Major Programs, 1994 - current' cell AP27",R73; PEBD pull 2026-09-27 (workbook updated 2025-11-13); attribution: The Planetary Society; conventions in 07 FINDINGS R73
planetary_society_pebd_mission_costs,"Major Programs, 1994 - current",2019,"Planetary Defense (actual, inflation adj)",187.05,"USD millions (2025 dollars, PEBD inflation adjustment)",,"PEBD sheet 'Major Programs, 1994 - current' cell AQ27",R73; PEBD pull 2026-09-27 (workbook updated 2025-11-13); attribution: The Planetary Society; conventions in 07 FINDINGS R73
planetary_society_pebd_mission_costs,"Major Programs, 1994 - current",2019,Technology / Radioisotope Power (actual),163.5,USD millions (nominal),,"PEBD sheet 'Major Programs, 1994 - current' cell AR27",R73; PEBD pull 2026-09-27 (workbook updated 2025-11-13); attribution: The Planetary Society; conventions in 07 FINDINGS R73
planetary_society_pebd_mission_costs,"Major Programs, 1994 - current",2019,"Technology / Radioisotope Power (actual, inflation adj)",203.8845,"USD millions (2025 dollars, PEBD inflation adjustment)",,"PEBD sheet 'Major Programs, 1994 - current' cell AS27",R73; PEBD pull 2026-09-27 (workbook updated 2025-11-13); attribution: The Planetary Society; conventions in 07 FINDINGS R73
planetary_society_pebd_mission_costs,"Major Programs, 1994 - current",2019,% of Planetary,0.05952597663,fraction (0-1),,"PEBD sheet 'Major Programs, 1994 - current' cell AT27",R73; PEBD pull 2026-09-27 (workbook updated 2025-11-13); attribution: The Planetary Society; conventions in 07 FINDINGS R73
planetary_society_pebd_mission_costs,"Major Programs, 1994 - current",2020,Total Planetary Science,2712.7,USD millions (nominal),,"PEBD sheet 'Major Programs, 1994 - current' cell C28",R73; PEBD pull 2026-09-27 (workbook updated 2025-11-13); attribution: The Planetary Society; conventions in 07 FINDINGS R73
planetary_society_pebd_mission_costs,"Major Programs, 1994 - current",2020,Discovery (requested),502.7,USD millions (nominal),,"PEBD sheet 'Major Programs, 1994 - current' cell D28",R73; PEBD pull 2026-09-27 (workbook updated 2025-11-13); attribution: The Planetary Society; conventions in 07 FINDINGS R73
planetary_society_pebd_mission_costs,"Major Programs, 1994 - current",2020,Discovery (enacted),502.7,USD millions (nominal),,"PEBD sheet 'Major Programs, 1994 - current' cell E28",R73; PEBD pull 2026-09-27 (workbook updated 2025-11-13); attribution: The Planetary Society; conventions in 07 FINDINGS R73
planetary_society_pebd_mission_costs,"Major Programs, 1994 - current",2020,Discovery (actual),508.8,USD millions (nominal),,"PEBD sheet 'Major Programs, 1994 - current' cell F28",R73; PEBD pull 2026-09-27 (workbook updated 2025-11-13); attribution: The Planetary Society; conventions in 07 FINDINGS R73
planetary_society_pebd_mission_costs,"Major Programs, 1994 - current",2020,"Discovery (requested, inflation adj)",613.294,"USD millions (2025 dollars, PEBD inflation adjustment)",,"PEBD sheet 'Major Programs, 1994 - current' cell G28",R73; PEBD pull 2026-09-27 (workbook updated 2025-11-13); attribution: The Planetary Society; conventions in 07 FINDINGS R73
planetary_society_pebd_mission_costs,"Major Programs, 1994 - current",2020,"Discovery (actual, inflation adj)",620.736,"USD millions (2025 dollars, PEBD inflation adjustment)",,"PEBD sheet 'Major Programs, 1994 - current' cell H28",R73; PEBD pull 2026-09-27 (workbook updated 2025-11-13); attribution: The Planetary Society; conventions in 07 FINDINGS R73
planetary_society_pebd_mission_costs,"Major Programs, 1994 - current",2020,Discovery % of Planetary,0.1875622074,fraction (0-1),,"PEBD sheet 'Major Programs, 1994 - current' cell I28",R73; PEBD pull 2026-09-27 (workbook updated 2025-11-13); attribution: The Planetary Society; conventions in 07 FINDINGS R73
planetary_society_pebd_mission_costs,"Major Programs, 1994 - current",2020,New Frontiers (requested),190.4,USD millions (nominal),,"PEBD sheet 'Major Programs, 1994 - current' cell J28",R73; PEBD pull 2026-09-27 (workbook updated 2025-11-13); attribution: The Planetary Society; conventions in 07 FINDINGS R73
planetary_society_pebd_mission_costs,"Major Programs, 1994 - current",2020,New Fronties (enacted),190.4,USD millions (nominal),,"PEBD sheet 'Major Programs, 1994 - current' cell K28",R73; PEBD pull 2026-09-27 (workbook updated 2025-11-13); attribution: The Planetary Society; conventions in 07 FINDINGS R73
planetary_society_pebd_mission_costs,"Major Programs, 1994 - current",2020,New Frontiers (actual),136.8,USD millions (nominal),,"PEBD sheet 'Major Programs, 1994 - current' cell L28",R73; PEBD pull 2026-09-27 (workbook updated 2025-11-13); attribution: The Planetary Society; conventions in 07 FINDINGS R73
planetary_society_pebd_mission_costs,"Major Programs, 1994 - current",2020,"New Frontiers (requested, inflation adj)",232.288,"USD millions (2025 dollars, PEBD inflation adjustment)",,"PEBD sheet 'Major Programs, 1994 - current' cell M28",R73; PEBD pull 2026-09-27 (workbook updated 2025-11-13); attribution: The Planetary Society; conventions in 07 FINDINGS R73
planetary_society_pebd_mission_costs,"Major Programs, 1994 - current",2020,"New Frontiers (actual, inflation adj)",166.896,"USD millions (2025 dollars, PEBD inflation adjustment)",,"PEBD sheet 'Major Programs, 1994 - current' cell N28",R73; PEBD pull 2026-09-27 (workbook updated 2025-11-13); attribution: The Planetary Society; conventions in 07 FINDINGS R73
planetary_society_pebd_mission_costs,"Major Programs, 1994 - current",2020,New Frontiers % of Planetary,0.05042946142,fraction (0-1),,"PEBD sheet 'Major Programs, 1994 - current' cell O28",R73; PEBD pull 2026-09-27 (workbook updated 2025-11-13); attribution: The Planetary Society; conventions in 07 FINDINGS R73
planetary_society_pebd_mission_costs,"Major Programs, 1994 - current",2020,Mars Exploration Program (requested),546.5,USD millions (nominal),,"PEBD sheet 'Major Programs, 1994 - current' cell P28",R73; PEBD pull 2026-09-27 (workbook updated 2025-11-13); attribution: The Planetary Society; conventions in 07 FINDINGS R73
planetary_society_pebd_mission_costs,"Major Programs, 1994 - current",2020,Mars Exploration Program (enacted),570,USD millions (nominal),,"PEBD sheet 'Major Programs, 1994 - current' cell Q28",R73; PEBD pull 2026-09-27 (workbook updated 2025-11-13); attribution: The Planetary Society; conventions in 07 FINDINGS R73
planetary_society_pebd_mission_costs,"Major Programs, 1994 - current",2020,Mars Exploration Program (actual),565.6,USD millions (nominal),,"PEBD sheet 'Major Programs, 1994 - current' cell R28",R73; PEBD pull 2026-09-27 (workbook updated 2025-11-13); attribution: The Planetary Society; conventions in 07 FINDINGS R73
planetary_society_pebd_mission_costs,"Major Programs, 1994 - current",2020,"Mars Exploration Program (requested, inflation adj)",666.73,"USD millions (2025 dollars, PEBD inflation adjustment)",,"PEBD sheet 'Major Programs, 1994 - current' cell S28",R73; PEBD pull 2026-09-27 (workbook updated 2025-11-13); attribution: The Planetary Society; conventions in 07 FINDINGS R73
planetary_society_pebd_mission_costs,"Major Programs, 1994 - current",2020,"Mars Exploration Program (actual, inflation adj)",690.032,"USD millions (2025 dollars, PEBD inflation adjustment)",,"PEBD sheet 'Major Programs, 1994 - current' cell T28",R73; PEBD pull 2026-09-27 (workbook updated 2025-11-13); attribution: The Planetary Society; conventions in 07 FINDINGS R73
planetary_society_pebd_mission_costs,"Major Programs, 1994 - current",2020,Mars Exploration Program % of Planetary,0.2085007557,fraction (0-1),,"PEBD sheet 'Major Programs, 1994 - current' cell U28",R73; PEBD pull 2026-09-27 (workbook updated 2025-11-13); attribution: The Planetary Society; conventions in 07 FINDINGS R73
planetary_society_pebd_mission_costs,"Major Programs, 1994 - current",2020,Lunar Exploration Program,300,USD millions (nominal),,"PEBD sheet 'Major Programs, 1994 - current' cell AB28",R73; PEBD pull 2026-09-27 (workbook updated 2025-11-13); attribution: The Planetary Society; conventions in 07 FINDINGS R73
planetary_society_pebd_mission_costs,"Major Programs, 1994 - current",2020,Lunar Exploration Program (inflation adj),366,"USD millions (2025 dollars, PEBD inflation adjustment)",,"PEBD sheet 'Major Programs, 1994 - current' cell AC28",R73; PEBD pull 2026-09-27 (workbook updated 2025-11-13); attribution: The Planetary Society; conventions in 07 FINDINGS R73
planetary_society_pebd_mission_costs,"Major Programs, 1994 - current",2020,Lunar Exploration % of Planetary,0.1105909242,fraction (0-1),,"PEBD sheet 'Major Programs, 1994 - current' cell AD28",R73; PEBD pull 2026-09-27 (workbook updated 2025-11-13); attribution: The Planetary Society; conventions in 07 FINDINGS R73
planetary_society_pebd_mission_costs,"Major Programs, 1994 - current",2020,Planetary Research & Analysis (actual),286,USD millions (nominal),,"PEBD sheet 'Major Programs, 1994 - current' cell AE28",R73; PEBD pull 2026-09-27 (workbook updated 2025-11-13); attribution: The Planetary Society; conventions in 07 FINDINGS R73
planetary_society_pebd_mission_costs,"Major Programs, 1994 - current",2020,"Planetary Research (actual, inflation adj)",348.92,"USD millions (2025 dollars, PEBD inflation adjustment)",,"PEBD sheet 'Major Programs, 1994 - current' cell AF28",R73; PEBD pull 2026-09-27 (workbook updated 2025-11-13); attribution: The Planetary Society; conventions in 07 FINDINGS R73
planetary_society_pebd_mission_costs,"Major Programs, 1994 - current",2020,R&A % of Planetary,0.1054300144,fraction (0-1),,"PEBD sheet 'Major Programs, 1994 - current' cell AG28",R73; PEBD pull 2026-09-27 (workbook updated 2025-11-13); attribution: The Planetary Society; conventions in 07 FINDINGS R73
planetary_society_pebd_mission_costs,"Major Programs, 1994 - current",2020,Outer Planets (requested),608.4,USD millions (nominal),,"PEBD sheet 'Major Programs, 1994 - current' cell AH28",R73; PEBD pull 2026-09-27 (workbook updated 2025-11-13); attribution: The Planetary Society; conventions in 07 FINDINGS R73
planetary_society_pebd_mission_costs,"Major Programs, 1994 - current",2020,Outer Planets (enacted),644,USD millions (nominal),,"PEBD sheet 'Major Programs, 1994 - current' cell AI28",R73; PEBD pull 2026-09-27 (workbook updated 2025-11-13); attribution: The Planetary Society; conventions in 07 FINDINGS R73
planetary_society_pebd_mission_costs,"Major Programs, 1994 - current",2020,Outer Planets (actual),632,USD millions (nominal),,"PEBD sheet 'Major Programs, 1994 - current' cell AJ28",R73; PEBD pull 2026-09-27 (workbook updated 2025-11-13); attribution: The Planetary Society; conventions in 07 FINDINGS R73
planetary_society_pebd_mission_costs,"Major Programs, 1994 - current",2020,"Outer Planets (requested, inflation adj)",742.248,"USD millions (2025 dollars, PEBD inflation adjustment)",,"PEBD sheet 'Major Programs, 1994 - current' cell AK28",R73; PEBD pull 2026-09-27 (workbook updated 2025-11-13); attribution: The Planetary Society; conventions in 07 FINDINGS R73
planetary_society_pebd_mission_costs,"Major Programs, 1994 - current",2020,"Outer Planets (actual, inflation adj)",771.04,"USD millions (2025 dollars, PEBD inflation adjustment)",,"PEBD sheet 'Major Programs, 1994 - current' cell AL28",R73; PEBD pull 2026-09-27 (workbook updated 2025-11-13); attribution: The Planetary Society; conventions in 07 FINDINGS R73
planetary_society_pebd_mission_costs,"Major Programs, 1994 - current",2020,Outer Planets % Planetary,0.2242783942,fraction (0-1),,"PEBD sheet 'Major Programs, 1994 - current' cell AM28",R73; PEBD pull 2026-09-27 (workbook updated 2025-11-13); attribution: The Planetary Society; conventions in 07 FINDINGS R73
planetary_society_pebd_mission_costs,"Major Programs, 1994 - current",2020,Planetary Defense (requested),150,USD millions (nominal),,"PEBD sheet 'Major Programs, 1994 - current' cell AN28",R73; PEBD pull 2026-09-27 (workbook updated 2025-11-13); attribution: The Planetary Society; conventions in 07 FINDINGS R73
planetary_society_pebd_mission_costs,"Major Programs, 1994 - current",2020,Planetary Defense (actual),150,USD millions (nominal),,"PEBD sheet 'Major Programs, 1994 - current' cell AO28",R73; PEBD pull 2026-09-27 (workbook updated 2025-11-13); attribution: The Planetary Society; conventions in 07 FINDINGS R73
planetary_society_pebd_mission_costs,"Major Programs, 1994 - current",2020,"Planetary Defense (requested, inflation adj)",183,"USD millions (2025 dollars, PEBD inflation adjustment)",,"PEBD sheet 'Major Programs, 1994 - current' cell AP28",R73; PEBD pull 2026-09-27 (workbook updated 2025-11-13); attribution: The Planetary Society; conventions in 07 FINDINGS R73
planetary_society_pebd_mission_costs,"Major Programs, 1994 - current",2020,"Planetary Defense (actual, inflation adj)",183,"USD millions (2025 dollars, PEBD inflation adjustment)",,"PEBD sheet 'Major Programs, 1994 - current' cell AQ28",R73; PEBD pull 2026-09-27 (workbook updated 2025-11-13); attribution: The Planetary Society; conventions in 07 FINDINGS R73
planetary_society_pebd_mission_costs,"Major Programs, 1994 - current",2020,Technology / Radioisotope Power (actual),133.5,USD millions (nominal),,"PEBD sheet 'Major Programs, 1994 - current' cell AR28",R73; PEBD pull 2026-09-27 (workbook updated 2025-11-13); attribution: The Planetary Society; conventions in 07 FINDINGS R73
planetary_society_pebd_mission_costs,"Major Programs, 1994 - current",2020,"Technology / Radioisotope Power (actual, inflation adj)",162.87,"USD millions (2025 dollars, PEBD inflation adjustment)",,"PEBD sheet 'Major Programs, 1994 - current' cell AS28",R73; PEBD pull 2026-09-27 (workbook updated 2025-11-13); attribution: The Planetary Society; conventions in 07 FINDINGS R73
planetary_society_pebd_mission_costs,"Major Programs, 1994 - current",2020,% of Planetary,0.04921296126,fraction (0-1),,"PEBD sheet 'Major Programs, 1994 - current' cell AT28",R73; PEBD pull 2026-09-27 (workbook updated 2025-11-13); attribution: The Planetary Society; conventions in 07 FINDINGS R73
planetary_society_pebd_mission_costs,"Major Programs, 1994 - current",2021,Total Planetary Science,2693.2,USD millions (nominal),,"PEBD sheet 'Major Programs, 1994 - current' cell C29",R73; PEBD pull 2026-09-27 (workbook updated 2025-11-13); attribution: The Planetary Society; conventions in 07 FINDINGS R73
planetary_society_pebd_mission_costs,"Major Programs, 1994 - current",2021,Discovery (requested),484.2,USD millions (nominal),,"PEBD sheet 'Major Programs, 1994 - current' cell D29",R73; PEBD pull 2026-09-27 (workbook updated 2025-11-13); attribution: The Planetary Society; conventions in 07 FINDINGS R73
planetary_society_pebd_mission_costs,"Major Programs, 1994 - current",2021,Discovery (enacted),484.3,USD millions (nominal),,"PEBD sheet 'Major Programs, 1994 - current' cell E29",R73; PEBD pull 2026-09-27 (workbook updated 2025-11-13); attribution: The Planetary Society; conventions in 07 FINDINGS R73
planetary_society_pebd_mission_costs,"Major Programs, 1994 - current",2021,Discovery (actual),447.6,USD millions (nominal),,"PEBD sheet 'Major Programs, 1994 - current' cell F29",R73; PEBD pull 2026-09-27 (workbook updated 2025-11-13); attribution: The Planetary Society; conventions in 07 FINDINGS R73
planetary_society_pebd_mission_costs,"Major Programs, 1994 - current",2021,"Discovery (requested, inflation adj)",569.4192,"USD millions (2025 dollars, PEBD inflation adjustment)",,"PEBD sheet 'Major Programs, 1994 - current' cell G29",R73; PEBD pull 2026-09-27 (workbook updated 2025-11-13); attribution: The Planetary Society; conventions in 07 FINDINGS R73
planetary_society_pebd_mission_costs,"Major Programs, 1994 - current",2021,"Discovery (actual, inflation adj)",526.3776,"USD millions (2025 dollars, PEBD inflation adjustment)",,"PEBD sheet 'Major Programs, 1994 - current' cell H29",R73; PEBD pull 2026-09-27 (workbook updated 2025-11-13); attribution: The Planetary Society; conventions in 07 FINDINGS R73
planetary_society_pebd_mission_costs,"Major Programs, 1994 - current",2021,Discovery % of Planetary,0.1661963464,fraction (0-1),,"PEBD sheet 'Major Programs, 1994 - current' cell I29",R73; PEBD pull 2026-09-27 (workbook updated 2025-11-13); attribution: The Planetary Society; conventions in 07 FINDINGS R73
planetary_society_pebd_mission_costs,"Major Programs, 1994 - current",2021,New Frontiers (requested),179.1,USD millions (nominal),,"PEBD sheet 'Major Programs, 1994 - current' cell J29",R73; PEBD pull 2026-09-27 (workbook updated 2025-11-13); attribution: The Planetary Society; conventions in 07 FINDINGS R73
planetary_society_pebd_mission_costs,"Major Programs, 1994 - current",2021,New Fronties (enacted),183.2,USD millions (nominal),,"PEBD sheet 'Major Programs, 1994 - current' cell K29",R73; PEBD pull 2026-09-27 (workbook updated 2025-11-13); attribution: The Planetary Society; conventions in 07 FINDINGS R73
planetary_society_pebd_mission_costs,"Major Programs, 1994 - current",2021,New Frontiers (actual),150.9,USD millions (nominal),,"PEBD sheet 'Major Programs, 1994 - current' cell L29",R73; PEBD pull 2026-09-27 (workbook updated 2025-11-13); attribution: The Planetary Society; conventions in 07 FINDINGS R73
planetary_society_pebd_mission_costs,"Major Programs, 1994 - current",2021,"New Frontiers (requested, inflation adj)",210.6216,"USD millions (2025 dollars, PEBD inflation adjustment)",,"PEBD sheet 'Major Programs, 1994 - current' cell M29",R73; PEBD pull 2026-09-27 (workbook updated 2025-11-13); attribution: The Planetary Society; conventions in 07 FINDINGS R73
planetary_society_pebd_mission_costs,"Major Programs, 1994 - current",2021,"New Frontiers (actual, inflation adj)",177.4584,"USD millions (2025 dollars, PEBD inflation adjustment)",,"PEBD sheet 'Major Programs, 1994 - current' cell N29",R73; PEBD pull 2026-09-27 (workbook updated 2025-11-13); attribution: The Planetary Society; conventions in 07 FINDINGS R73
planetary_society_pebd_mission_costs,"Major Programs, 1994 - current",2021,New Frontiers % of Planetary,0.05603000149,fraction (0-1),,"PEBD sheet 'Major Programs, 1994 - current' cell O29",R73; PEBD pull 2026-09-27 (workbook updated 2025-11-13); attribution: The Planetary Society; conventions in 07 FINDINGS R73
planetary_society_pebd_mission_costs,"Major Programs, 1994 - current",2021,Mars Exploration Program (requested),296,USD millions (nominal),,"PEBD sheet 'Major Programs, 1994 - current' cell P29",R73; PEBD pull 2026-09-27 (workbook updated 2025-11-13); attribution: The Planetary Society; conventions in 07 FINDINGS R73
planetary_society_pebd_mission_costs,"Major Programs, 1994 - current",2021,Mars Exploration Program (enacted),306.5,USD millions (nominal),,"PEBD sheet 'Major Programs, 1994 - current' cell Q29",R73; PEBD pull 2026-09-27 (workbook updated 2025-11-13); attribution: The Planetary Society; conventions in 07 FINDINGS R73
planetary_society_pebd_mission_costs,"Major Programs, 1994 - current",2021,Mars Exploration Program (actual),339.5,USD millions (nominal),,"PEBD sheet 'Major Programs, 1994 - current' cell R29",R73; PEBD pull 2026-09-27 (workbook updated 2025-11-13); attribution: The Planetary Society; conventions in 07 FINDINGS R73
planetary_society_pebd_mission_costs,"Major Programs, 1994 - current",2021,"Mars Exploration Program (requested, inflation adj)",348.096,"USD millions (2025 dollars, PEBD inflation adjustment)",,"PEBD sheet 'Major Programs, 1994 - current' cell S29",R73; PEBD pull 2026-09-27 (workbook updated 2025-11-13); attribution: The Planetary Society; conventions in 07 FINDINGS R73
planetary_society_pebd_mission_costs,"Major Programs, 1994 - current",2021,"Mars Exploration Program (actual, inflation adj)",399.252,"USD millions (2025 dollars, PEBD inflation adjustment)",,"PEBD sheet 'Major Programs, 1994 - current' cell T29",R73; PEBD pull 2026-09-27 (workbook updated 2025-11-13); attribution: The Planetary Society; conventions in 07 FINDINGS R73
planetary_society_pebd_mission_costs,"Major Programs, 1994 - current",2021,Mars Exploration Program % of Planetary,0.1260582207,fraction (0-1),,"PEBD sheet 'Major Programs, 1994 - current' cell U29",R73; PEBD pull 2026-09-27 (workbook updated 2025-11-13); attribution: The Planetary Society; conventions in 07 FINDINGS R73
planetary_society_pebd_mission_costs,"Major Programs, 1994 - current",2021,MSR (requested),232.6,USD millions (nominal),,"PEBD sheet 'Major Programs, 1994 - current' cell V29",R73; PEBD pull 2026-09-27 (workbook updated 2025-11-13); attribution: The Planetary Society; conventions in 07 FINDINGS R73
planetary_society_pebd_mission_costs,"Major Programs, 1994 - current",2021,MSR (enacted),263.5,USD millions (nominal),,"PEBD sheet 'Major Programs, 1994 - current' cell W29",R73; PEBD pull 2026-09-27 (workbook updated 2025-11-13); attribution: The Planetary Society; conventions in 07 FINDINGS R73
planetary_society_pebd_mission_costs,"Major Programs, 1994 - current",2021,MSR (actual),241.6,USD millions (nominal),,"PEBD sheet 'Major Programs, 1994 - current' cell X29",R73; PEBD pull 2026-09-27 (workbook updated 2025-11-13); attribution: The Planetary Society; conventions in 07 FINDINGS R73
planetary_society_pebd_mission_costs,"Major Programs, 1994 - current",2021,"MSR (requested, inflation adj)",273.5376,"USD millions (2025 dollars, PEBD inflation adjustment)",,"PEBD sheet 'Major Programs, 1994 - current' cell Y29",R73; PEBD pull 2026-09-27 (workbook updated 2025-11-13); attribution: The Planetary Society; conventions in 07 FINDINGS R73
planetary_society_pebd_mission_costs,"Major Programs, 1994 - current",2021,"MSR (enacted, inflation adj)",309.876,"USD millions (2025 dollars, PEBD inflation adjustment)",,"PEBD sheet 'Major Programs, 1994 - current' cell Z29",R73; PEBD pull 2026-09-27 (workbook updated 2025-11-13); attribution: The Planetary Society; conventions in 07 FINDINGS R73
planetary_society_pebd_mission_costs,"Major Programs, 1994 - current",2021,"MSR (actual, inflation adj)",284.1216,"USD millions (2025 dollars, PEBD inflation adjustment)",,"PEBD sheet 'Major Programs, 1994 - current' cell AA29",R73; PEBD pull 2026-09-27 (workbook updated 2025-11-13); attribution: The Planetary Society; conventions in 07 FINDINGS R73
planetary_society_pebd_mission_costs,"Major Programs, 1994 - current",2021,Lunar Exploration Program,443.6,USD millions (nominal),,"PEBD sheet 'Major Programs, 1994 - current' cell AB29",R73; PEBD pull 2026-09-27 (workbook updated 2025-11-13); attribution: The Planetary Society; conventions in 07 FINDINGS R73
planetary_society_pebd_mission_costs,"Major Programs, 1994 - current",2021,Lunar Exploration Program (inflation adj),521.6736,"USD millions (2025 dollars, PEBD inflation adjustment)",,"PEBD sheet 'Major Programs, 1994 - current' cell AC29",R73; PEBD pull 2026-09-27 (workbook updated 2025-11-13); attribution: The Planetary Society; conventions in 07 FINDINGS R73
planetary_society_pebd_mission_costs,"Major Programs, 1994 - current",2021,Lunar Exploration % of Planetary,0.1647111243,fraction (0-1),,"PEBD sheet 'Major Programs, 1994 - current' cell AD29",R73; PEBD pull 2026-09-27 (workbook updated 2025-11-13); attribution: The Planetary Society; conventions in 07 FINDINGS R73
planetary_society_pebd_mission_costs,"Major Programs, 1994 - current",2021,Planetary Research & Analysis (actual),304.1,USD millions (nominal),,"PEBD sheet 'Major Programs, 1994 - current' cell AE29",R73; PEBD pull 2026-09-27 (workbook updated 2025-11-13); attribution: The Planetary Society; conventions in 07 FINDINGS R73
planetary_society_pebd_mission_costs,"Major Programs, 1994 - current",2021,"Planetary Research (actual, inflation adj)",357.6216,"USD millions (2025 dollars, PEBD inflation adjustment)",,"PEBD sheet 'Major Programs, 1994 - current' cell AF29",R73; PEBD pull 2026-09-27 (workbook updated 2025-11-13); attribution: The Planetary Society; conventions in 07 FINDINGS R73
planetary_society_pebd_mission_costs,"Major Programs, 1994 - current",2021,R&A % of Planetary,0.1129140056,fraction (0-1),,"PEBD sheet 'Major Programs, 1994 - current' cell AG29",R73; PEBD pull 2026-09-27 (workbook updated 2025-11-13); attribution: The Planetary Society; conventions in 07 FINDINGS R73
planetary_society_pebd_mission_costs,"Major Programs, 1994 - current",2021,Outer Planets (requested),414.5,USD millions (nominal),,"PEBD sheet 'Major Programs, 1994 - current' cell AH29",R73; PEBD pull 2026-09-27 (workbook updated 2025-11-13); attribution: The Planetary Society; conventions in 07 FINDINGS R73
planetary_society_pebd_mission_costs,"Major Programs, 1994 - current",2021,Outer Planets (enacted),462.5,USD millions (nominal),,"PEBD sheet 'Major Programs, 1994 - current' cell AI29",R73; PEBD pull 2026-09-27 (workbook updated 2025-11-13); attribution: The Planetary Society; conventions in 07 FINDINGS R73
planetary_society_pebd_mission_costs,"Major Programs, 1994 - current",2021,Outer Planets (actual),461.5,USD millions (nominal),,"PEBD sheet 'Major Programs, 1994 - current' cell AJ29",R73; PEBD pull 2026-09-27 (workbook updated 2025-11-13); attribution: The Planetary Society; conventions in 07 FINDINGS R73
planetary_society_pebd_mission_costs,"Major Programs, 1994 - current",2021,"Outer Planets (requested, inflation adj)",487.452,"USD millions (2025 dollars, PEBD inflation adjustment)",,"PEBD sheet 'Major Programs, 1994 - current' cell AK29",R73; PEBD pull 2026-09-27 (workbook updated 2025-11-13); attribution: The Planetary Society; conventions in 07 FINDINGS R73
planetary_society_pebd_mission_costs,"Major Programs, 1994 - current",2021,"Outer Planets (actual, inflation adj)",542.724,"USD millions (2025 dollars, PEBD inflation adjustment)",,"PEBD sheet 'Major Programs, 1994 - current' cell AL29",R73; PEBD pull 2026-09-27 (workbook updated 2025-11-13); attribution: The Planetary Society; conventions in 07 FINDINGS R73
planetary_society_pebd_mission_costs,"Major Programs, 1994 - current",2021,Outer Planets % Planetary,0.1713574929,fraction (0-1),,"PEBD sheet 'Major Programs, 1994 - current' cell AM29",R73; PEBD pull 2026-09-27 (workbook updated 2025-11-13); attribution: The Planetary Society; conventions in 07 FINDINGS R73
planetary_society_pebd_mission_costs,"Major Programs, 1994 - current",2021,Planetary Defense (requested),150,USD millions (nominal),,"PEBD sheet 'Major Programs, 1994 - current' cell AN29",R73; PEBD pull 2026-09-27 (workbook updated 2025-11-13); attribution: The Planetary Society; conventions in 07 FINDINGS R73
planetary_society_pebd_mission_costs,"Major Programs, 1994 - current",2021,Planetary Defense (actual),158.1,USD millions (nominal),,"PEBD sheet 'Major Programs, 1994 - current' cell AO29",R73; PEBD pull 2026-09-27 (workbook updated 2025-11-13); attribution: The Planetary Society; conventions in 07 FINDINGS R73
planetary_society_pebd_mission_costs,"Major Programs, 1994 - current",2021,"Planetary Defense (requested, inflation adj)",176.4,"USD millions (2025 dollars, PEBD inflation adjustment)",,"PEBD sheet 'Major Programs, 1994 - current' cell AP29",R73; PEBD pull 2026-09-27 (workbook updated 2025-11-13); attribution: The Planetary Society; conventions in 07 FINDINGS R73
planetary_society_pebd_mission_costs,"Major Programs, 1994 - current",2021,"Planetary Defense (actual, inflation adj)",185.9256,"USD millions (2025 dollars, PEBD inflation adjustment)",,"PEBD sheet 'Major Programs, 1994 - current' cell AQ29",R73; PEBD pull 2026-09-27 (workbook updated 2025-11-13); attribution: The Planetary Society; conventions in 07 FINDINGS R73
planetary_society_pebd_mission_costs,"Major Programs, 1994 - current",2021,Technology / Radioisotope Power (actual),146.3,USD millions (nominal),,"PEBD sheet 'Major Programs, 1994 - current' cell AR29",R73; PEBD pull 2026-09-27 (workbook updated 2025-11-13); attribution: The Planetary Society; conventions in 07 FINDINGS R73
planetary_society_pebd_mission_costs,"Major Programs, 1994 - current",2021,"Technology / Radioisotope Power (actual, inflation adj)",172.0488,"USD millions (2025 dollars, PEBD inflation adjustment)",,"PEBD sheet 'Major Programs, 1994 - current' cell AS29",R73; PEBD pull 2026-09-27 (workbook updated 2025-11-13); attribution: The Planetary Society; conventions in 07 FINDINGS R73
planetary_society_pebd_mission_costs,"Major Programs, 1994 - current",2021,% of Planetary,0.05432199614,fraction (0-1),,"PEBD sheet 'Major Programs, 1994 - current' cell AT29",R73; PEBD pull 2026-09-27 (workbook updated 2025-11-13); attribution: The Planetary Society; conventions in 07 FINDINGS R73
planetary_society_pebd_mission_costs,"Major Programs, 1994 - current",2022,Total Planetary Science,3120.4,USD millions (nominal),,"PEBD sheet 'Major Programs, 1994 - current' cell C30",R73; PEBD pull 2026-09-27 (workbook updated 2025-11-13); attribution: The Planetary Society; conventions in 07 FINDINGS R73
planetary_society_pebd_mission_costs,"Major Programs, 1994 - current",2022,Discovery (requested),364.8,USD millions (nominal),,"PEBD sheet 'Major Programs, 1994 - current' cell D30",R73; PEBD pull 2026-09-27 (workbook updated 2025-11-13); attribution: The Planetary Society; conventions in 07 FINDINGS R73
planetary_society_pebd_mission_costs,"Major Programs, 1994 - current",2022,Discovery (actual),331.8,USD millions (nominal),,"PEBD sheet 'Major Programs, 1994 - current' cell F30",R73; PEBD pull 2026-09-27 (workbook updated 2025-11-13); attribution: The Planetary Society; conventions in 07 FINDINGS R73
planetary_society_pebd_mission_costs,"Major Programs, 1994 - current",2022,"Discovery (requested, inflation adj)",406.3872,"USD millions (2025 dollars, PEBD inflation adjustment)",,"PEBD sheet 'Major Programs, 1994 - current' cell G30",R73; PEBD pull 2026-09-27 (workbook updated 2025-11-13); attribution: The Planetary Society; conventions in 07 FINDINGS R73
planetary_society_pebd_mission_costs,"Major Programs, 1994 - current",2022,"Discovery (actual, inflation adj)",369.6252,"USD millions (2025 dollars, PEBD inflation adjustment)",,"PEBD sheet 'Major Programs, 1994 - current' cell H30",R73; PEBD pull 2026-09-27 (workbook updated 2025-11-13); attribution: The Planetary Society; conventions in 07 FINDINGS R73
planetary_society_pebd_mission_costs,"Major Programs, 1994 - current",2022,Discovery % of Planetary,0.1063325215,fraction (0-1),,"PEBD sheet 'Major Programs, 1994 - current' cell I30",R73; PEBD pull 2026-09-27 (workbook updated 2025-11-13); attribution: The Planetary Society; conventions in 07 FINDINGS R73
planetary_society_pebd_mission_costs,"Major Programs, 1994 - current",2022,New Frontiers (requested),271.7,USD millions (nominal),,"PEBD sheet 'Major Programs, 1994 - current' cell J30",R73; PEBD pull 2026-09-27 (workbook updated 2025-11-13); attribution: The Planetary Society; conventions in 07 FINDINGS R73
planetary_society_pebd_mission_costs,"Major Programs, 1994 - current",2022,New Frontiers (actual),283.8,USD millions (nominal),,"PEBD sheet 'Major Programs, 1994 - current' cell L30",R73; PEBD pull 2026-09-27 (workbook updated 2025-11-13); attribution: The Planetary Society; conventions in 07 FINDINGS R73
planetary_society_pebd_mission_costs,"Major Programs, 1994 - current",2022,"New Frontiers (requested, inflation adj)",302.6738,"USD millions (2025 dollars, PEBD inflation adjustment)",,"PEBD sheet 'Major Programs, 1994 - current' cell M30",R73; PEBD pull 2026-09-27 (workbook updated 2025-11-13); attribution: The Planetary Society; conventions in 07 FINDINGS R73
planetary_society_pebd_mission_costs,"Major Programs, 1994 - current",2022,"New Frontiers (actual, inflation adj)",316.1532,"USD millions (2025 dollars, PEBD inflation adjustment)",,"PEBD sheet 'Major Programs, 1994 - current' cell N30",R73; PEBD pull 2026-09-27 (workbook updated 2025-11-13); attribution: The Planetary Society; conventions in 07 FINDINGS R73
planetary_society_pebd_mission_costs,"Major Programs, 1994 - current",2022,New Frontiers % of Planetary,0.09094987822,fraction (0-1),,"PEBD sheet 'Major Programs, 1994 - current' cell O30",R73; PEBD pull 2026-09-27 (workbook updated 2025-11-13); attribution: The Planetary Society; conventions in 07 FINDINGS R73
planetary_society_pebd_mission_costs,"Major Programs, 1994 - current",2022,Mars Exploration Program (requested),267.8,USD millions (nominal),,"PEBD sheet 'Major Programs, 1994 - current' cell P30",R73; PEBD pull 2026-09-27 (workbook updated 2025-11-13); attribution: The Planetary Society; conventions in 07 FINDINGS R73
planetary_society_pebd_mission_costs,"Major Programs, 1994 - current",2022,Mars Exploration Program (actual),264.9,USD millions (nominal),,"PEBD sheet 'Major Programs, 1994 - current' cell R30",R73; PEBD pull 2026-09-27 (workbook updated 2025-11-13); attribution: The Planetary Society; conventions in 07 FINDINGS R73
planetary_society_pebd_mission_costs,"Major Programs, 1994 - current",2022,"Mars Exploration Program (requested, inflation adj)",298.3292,"USD millions (2025 dollars, PEBD inflation adjustment)",,"PEBD sheet 'Major Programs, 1994 - current' cell S30",R73; PEBD pull 2026-09-27 (workbook updated 2025-11-13); attribution: The Planetary Society; conventions in 07 FINDINGS R73
planetary_society_pebd_mission_costs,"Major Programs, 1994 - current",2022,"Mars Exploration Program (actual, inflation adj)",295.0986,"USD millions (2025 dollars, PEBD inflation adjustment)",,"PEBD sheet 'Major Programs, 1994 - current' cell T30",R73; PEBD pull 2026-09-27 (workbook updated 2025-11-13); attribution: The Planetary Society; conventions in 07 FINDINGS R73
planetary_society_pebd_mission_costs,"Major Programs, 1994 - current",2022,Mars Exploration Program % of Planetary,0.08489296244,fraction (0-1),,"PEBD sheet 'Major Programs, 1994 - current' cell U30",R73; PEBD pull 2026-09-27 (workbook updated 2025-11-13); attribution: The Planetary Society; conventions in 07 FINDINGS R73
planetary_society_pebd_mission_costs,"Major Programs, 1994 - current",2022,MSR (requested),653.2,USD millions (nominal),,"PEBD sheet 'Major Programs, 1994 - current' cell V30",R73; PEBD pull 2026-09-27 (workbook updated 2025-11-13); attribution: The Planetary Society; conventions in 07 FINDINGS R73
planetary_society_pebd_mission_costs,"Major Programs, 1994 - current",2022,MSR (enacted),653.2,USD millions (nominal),,"PEBD sheet 'Major Programs, 1994 - current' cell W30",R73; PEBD pull 2026-09-27 (workbook updated 2025-11-13); attribution: The Planetary Society; conventions in 07 FINDINGS R73
planetary_society_pebd_mission_costs,"Major Programs, 1994 - current",2022,MSR (actual),653.2,USD millions (nominal),,"PEBD sheet 'Major Programs, 1994 - current' cell X30",R73; PEBD pull 2026-09-27 (workbook updated 2025-11-13); attribution: The Planetary Society; conventions in 07 FINDINGS R73
planetary_society_pebd_mission_costs,"Major Programs, 1994 - current",2022,"MSR (requested, inflation adj)",727.6648,"USD millions (2025 dollars, PEBD inflation adjustment)",,"PEBD sheet 'Major Programs, 1994 - current' cell Y30",R73; PEBD pull 2026-09-27 (workbook updated 2025-11-13); attribution: The Planetary Society; conventions in 07 FINDINGS R73
planetary_society_pebd_mission_costs,"Major Programs, 1994 - current",2022,"MSR (enacted, inflation adj)",727.6648,"USD millions (2025 dollars, PEBD inflation adjustment)",,"PEBD sheet 'Major Programs, 1994 - current' cell Z30",R73; PEBD pull 2026-09-27 (workbook updated 2025-11-13); attribution: The Planetary Society; conventions in 07 FINDINGS R73
planetary_society_pebd_mission_costs,"Major Programs, 1994 - current",2022,"MSR (actual, inflation adj)",727.6648,"USD millions (2025 dollars, PEBD inflation adjustment)",,"PEBD sheet 'Major Programs, 1994 - current' cell AA30",R73; PEBD pull 2026-09-27 (workbook updated 2025-11-13); attribution: The Planetary Society; conventions in 07 FINDINGS R73
planetary_society_pebd_mission_costs,"Major Programs, 1994 - current",2022,Lunar Exploration Program,478.6,USD millions (nominal),,"PEBD sheet 'Major Programs, 1994 - current' cell AB30",R73; PEBD pull 2026-09-27 (workbook updated 2025-11-13); attribution: The Planetary Society; conventions in 07 FINDINGS R73
planetary_society_pebd_mission_costs,"Major Programs, 1994 - current",2022,Lunar Exploration Program (inflation adj),533.1604,"USD millions (2025 dollars, PEBD inflation adjustment)",,"PEBD sheet 'Major Programs, 1994 - current' cell AC30",R73; PEBD pull 2026-09-27 (workbook updated 2025-11-13); attribution: The Planetary Society; conventions in 07 FINDINGS R73
planetary_society_pebd_mission_costs,"Major Programs, 1994 - current",2022,Lunar Exploration % of Planetary,0.1533777721,fraction (0-1),,"PEBD sheet 'Major Programs, 1994 - current' cell AD30",R73; PEBD pull 2026-09-27 (workbook updated 2025-11-13); attribution: The Planetary Society; conventions in 07 FINDINGS R73
planetary_society_pebd_mission_costs,"Major Programs, 1994 - current",2022,Planetary Research & Analysis (actual),309.1,USD millions (nominal),,"PEBD sheet 'Major Programs, 1994 - current' cell AE30",R73; PEBD pull 2026-09-27 (workbook updated 2025-11-13); attribution: The Planetary Society; conventions in 07 FINDINGS R73
planetary_society_pebd_mission_costs,"Major Programs, 1994 - current",2022,"Planetary Research (actual, inflation adj)",344.3374,"USD millions (2025 dollars, PEBD inflation adjustment)",,"PEBD sheet 'Major Programs, 1994 - current' cell AF30",R73; PEBD pull 2026-09-27 (workbook updated 2025-11-13); attribution: The Planetary Society; conventions in 07 FINDINGS R73
planetary_society_pebd_mission_costs,"Major Programs, 1994 - current",2022,R&A % of Planetary,0.0990578131,fraction (0-1),,"PEBD sheet 'Major Programs, 1994 - current' cell AG30",R73; PEBD pull 2026-09-27 (workbook updated 2025-11-13); attribution: The Planetary Society; conventions in 07 FINDINGS R73
planetary_society_pebd_mission_costs,"Major Programs, 1994 - current",2022,Outer Planets (requested),494.7,USD millions (nominal),,"PEBD sheet 'Major Programs, 1994 - current' cell AH30",R73; PEBD pull 2026-09-27 (workbook updated 2025-11-13); attribution: The Planetary Society; conventions in 07 FINDINGS R73
planetary_society_pebd_mission_costs,"Major Programs, 1994 - current",2022,Outer Planets (actual),484.4,USD millions (nominal),,"PEBD sheet 'Major Programs, 1994 - current' cell AJ30",R73; PEBD pull 2026-09-27 (workbook updated 2025-11-13); attribution: The Planetary Society; conventions in 07 FINDINGS R73
planetary_society_pebd_mission_costs,"Major Programs, 1994 - current",2022,"Outer Planets (requested, inflation adj)",551.0958,"USD millions (2025 dollars, PEBD inflation adjustment)",,"PEBD sheet 'Major Programs, 1994 - current' cell AK30",R73; PEBD pull 2026-09-27 (workbook updated 2025-11-13); attribution: The Planetary Society; conventions in 07 FINDINGS R73
planetary_society_pebd_mission_costs,"Major Programs, 1994 - current",2022,"Outer Planets (actual, inflation adj)",539.6216,"USD millions (2025 dollars, PEBD inflation adjustment)",,"PEBD sheet 'Major Programs, 1994 - current' cell AL30",R73; PEBD pull 2026-09-27 (workbook updated 2025-11-13); attribution: The Planetary Society; conventions in 07 FINDINGS R73
planetary_society_pebd_mission_costs,"Major Programs, 1994 - current",2022,Outer Planets % Planetary,0.1552365081,fraction (0-1),,"PEBD sheet 'Major Programs, 1994 - current' cell AM30",R73; PEBD pull 2026-09-27 (workbook updated 2025-11-13); attribution: The Planetary Society; conventions in 07 FINDINGS R73
planetary_society_pebd_mission_costs,"Major Programs, 1994 - current",2022,Planetary Defense (requested),197.2,USD millions (nominal),,"PEBD sheet 'Major Programs, 1994 - current' cell AN30",R73; PEBD pull 2026-09-27 (workbook updated 2025-11-13); attribution: The Planetary Society; conventions in 07 FINDINGS R73
planetary_society_pebd_mission_costs,"Major Programs, 1994 - current",2022,Planetary Defense (actual),166,USD millions (nominal),,"PEBD sheet 'Major Programs, 1994 - current' cell AO30",R73; PEBD pull 2026-09-27 (workbook updated 2025-11-13); attribution: The Planetary Society; conventions in 07 FINDINGS R73
planetary_society_pebd_mission_costs,"Major Programs, 1994 - current",2022,"Planetary Defense (requested, inflation adj)",219.6808,"USD millions (2025 dollars, PEBD inflation adjustment)",,"PEBD sheet 'Major Programs, 1994 - current' cell AP30",R73; PEBD pull 2026-09-27 (workbook updated 2025-11-13); attribution: The Planetary Society; conventions in 07 FINDINGS R73
planetary_society_pebd_mission_costs,"Major Programs, 1994 - current",2022,"Planetary Defense (actual, inflation adj)",184.924,"USD millions (2025 dollars, PEBD inflation adjustment)",,"PEBD sheet 'Major Programs, 1994 - current' cell AQ30",R73; PEBD pull 2026-09-27 (workbook updated 2025-11-13); attribution: The Planetary Society; conventions in 07 FINDINGS R73
planetary_society_pebd_mission_costs,"Major Programs, 1994 - current",2022,Technology / Radioisotope Power (actual),148.6,USD millions (nominal),,"PEBD sheet 'Major Programs, 1994 - current' cell AR30",R73; PEBD pull 2026-09-27 (workbook updated 2025-11-13); attribution: The Planetary Society; conventions in 07 FINDINGS R73
planetary_society_pebd_mission_costs,"Major Programs, 1994 - current",2022,"Technology / Radioisotope Power (actual, inflation adj)",165.5404,"USD millions (2025 dollars, PEBD inflation adjustment)",,"PEBD sheet 'Major Programs, 1994 - current' cell AS30",R73; PEBD pull 2026-09-27 (workbook updated 2025-11-13); attribution: The Planetary Society; conventions in 07 FINDINGS R73
planetary_society_pebd_mission_costs,"Major Programs, 1994 - current",2022,% of Planetary,0.04762209973,fraction (0-1),,"PEBD sheet 'Major Programs, 1994 - current' cell AT30",R73; PEBD pull 2026-09-27 (workbook updated 2025-11-13); attribution: The Planetary Society; conventions in 07 FINDINGS R73
planetary_society_pebd_mission_costs,"Major Programs, 1994 - current",2023,Total Planetary Science,3216.5,USD millions (nominal),,"PEBD sheet 'Major Programs, 1994 - current' cell C31",R73; PEBD pull 2026-09-27 (workbook updated 2025-11-13); attribution: The Planetary Society; conventions in 07 FINDINGS R73
planetary_society_pebd_mission_costs,"Major Programs, 1994 - current",2023,Discovery (requested),230,USD millions (nominal),,"PEBD sheet 'Major Programs, 1994 - current' cell D31",R73; PEBD pull 2026-09-27 (workbook updated 2025-11-13); attribution: The Planetary Society; conventions in 07 FINDINGS R73
planetary_society_pebd_mission_costs,"Major Programs, 1994 - current",2023,Discovery (actual),217.3,USD millions (nominal),,"PEBD sheet 'Major Programs, 1994 - current' cell F31",R73; PEBD pull 2026-09-27 (workbook updated 2025-11-13); attribution: The Planetary Society; conventions in 07 FINDINGS R73
planetary_society_pebd_mission_costs,"Major Programs, 1994 - current",2023,"Discovery (requested, inflation adj)",246.56,"USD millions (2025 dollars, PEBD inflation adjustment)",,"PEBD sheet 'Major Programs, 1994 - current' cell G31",R73; PEBD pull 2026-09-27 (workbook updated 2025-11-13); attribution: The Planetary Society; conventions in 07 FINDINGS R73
planetary_society_pebd_mission_costs,"Major Programs, 1994 - current",2023,"Discovery (actual, inflation adj)",232.9456,"USD millions (2025 dollars, PEBD inflation adjustment)",,"PEBD sheet 'Major Programs, 1994 - current' cell H31",R73; PEBD pull 2026-09-27 (workbook updated 2025-11-13); attribution: The Planetary Society; conventions in 07 FINDINGS R73
planetary_society_pebd_mission_costs,"Major Programs, 1994 - current",2023,Discovery % of Planetary,0.06755790455,fraction (0-1),,"PEBD sheet 'Major Programs, 1994 - current' cell I31",R73; PEBD pull 2026-09-27 (workbook updated 2025-11-13); attribution: The Planetary Society; conventions in 07 FINDINGS R73
planetary_society_pebd_mission_costs,"Major Programs, 1994 - current",2023,New Frontiers (requested),478.5,USD millions (nominal),,"PEBD sheet 'Major Programs, 1994 - current' cell J31",R73; PEBD pull 2026-09-27 (workbook updated 2025-11-13); attribution: The Planetary Society; conventions in 07 FINDINGS R73
planetary_society_pebd_mission_costs,"Major Programs, 1994 - current",2023,New Fronties (enacted),478.4,USD millions (nominal),,"PEBD sheet 'Major Programs, 1994 - current' cell K31",R73; PEBD pull 2026-09-27 (workbook updated 2025-11-13); attribution: The Planetary Society; conventions in 07 FINDINGS R73
planetary_society_pebd_mission_costs,"Major Programs, 1994 - current",2023,New Frontiers (actual),488.1,USD millions (nominal),,"PEBD sheet 'Major Programs, 1994 - current' cell L31",R73; PEBD pull 2026-09-27 (workbook updated 2025-11-13); attribution: The Planetary Society; conventions in 07 FINDINGS R73
planetary_society_pebd_mission_costs,"Major Programs, 1994 - current",2023,"New Frontiers (requested, inflation adj)",512.952,"USD millions (2025 dollars, PEBD inflation adjustment)",,"PEBD sheet 'Major Programs, 1994 - current' cell M31",R73; PEBD pull 2026-09-27 (workbook updated 2025-11-13); attribution: The Planetary Society; conventions in 07 FINDINGS R73
planetary_society_pebd_mission_costs,"Major Programs, 1994 - current",2023,"New Frontiers (actual, inflation adj)",523.2432,"USD millions (2025 dollars, PEBD inflation adjustment)",,"PEBD sheet 'Major Programs, 1994 - current' cell N31",R73; PEBD pull 2026-09-27 (workbook updated 2025-11-13); attribution: The Planetary Society; conventions in 07 FINDINGS R73
planetary_society_pebd_mission_costs,"Major Programs, 1994 - current",2023,New Frontiers % of Planetary,0.1517487953,fraction (0-1),,"PEBD sheet 'Major Programs, 1994 - current' cell O31",R73; PEBD pull 2026-09-27 (workbook updated 2025-11-13); attribution: The Planetary Society; conventions in 07 FINDINGS R73
planetary_society_pebd_mission_costs,"Major Programs, 1994 - current",2023,Mars Exploration Program (requested),234,USD millions (nominal),,"PEBD sheet 'Major Programs, 1994 - current' cell P31",R73; PEBD pull 2026-09-27 (workbook updated 2025-11-13); attribution: The Planetary Society; conventions in 07 FINDINGS R73
planetary_society_pebd_mission_costs,"Major Programs, 1994 - current",2023,Mars Exploration Program (enacted),233,USD millions (nominal),,"PEBD sheet 'Major Programs, 1994 - current' cell Q31",R73; PEBD pull 2026-09-27 (workbook updated 2025-11-13); attribution: The Planetary Society; conventions in 07 FINDINGS R73
planetary_society_pebd_mission_costs,"Major Programs, 1994 - current",2023,Mars Exploration Program (actual),248.2,USD millions (nominal),,"PEBD sheet 'Major Programs, 1994 - current' cell R31",R73; PEBD pull 2026-09-27 (workbook updated 2025-11-13); attribution: The Planetary Society; conventions in 07 FINDINGS R73
planetary_society_pebd_mission_costs,"Major Programs, 1994 - current",2023,"Mars Exploration Program (requested, inflation adj)",250.848,"USD millions (2025 dollars, PEBD inflation adjustment)",,"PEBD sheet 'Major Programs, 1994 - current' cell S31",R73; PEBD pull 2026-09-27 (workbook updated 2025-11-13); attribution: The Planetary Society; conventions in 07 FINDINGS R73
planetary_society_pebd_mission_costs,"Major Programs, 1994 - current",2023,"Mars Exploration Program (actual, inflation adj)",266.0704,"USD millions (2025 dollars, PEBD inflation adjustment)",,"PEBD sheet 'Major Programs, 1994 - current' cell T31",R73; PEBD pull 2026-09-27 (workbook updated 2025-11-13); attribution: The Planetary Society; conventions in 07 FINDINGS R73
planetary_society_pebd_mission_costs,"Major Programs, 1994 - current",2023,Mars Exploration Program % of Planetary,0.07716461993,fraction (0-1),,"PEBD sheet 'Major Programs, 1994 - current' cell U31",R73; PEBD pull 2026-09-27 (workbook updated 2025-11-13); attribution: The Planetary Society; conventions in 07 FINDINGS R73
planetary_society_pebd_mission_costs,"Major Programs, 1994 - current",2023,MSR (requested),822.3,USD millions (nominal),,"PEBD sheet 'Major Programs, 1994 - current' cell V31",R73; PEBD pull 2026-09-27 (workbook updated 2025-11-13); attribution: The Planetary Society; conventions in 07 FINDINGS R73
planetary_society_pebd_mission_costs,"Major Programs, 1994 - current",2023,MSR (enacted),822.3,USD millions (nominal),,"PEBD sheet 'Major Programs, 1994 - current' cell W31",R73; PEBD pull 2026-09-27 (workbook updated 2025-11-13); attribution: The Planetary Society; conventions in 07 FINDINGS R73
planetary_society_pebd_mission_costs,"Major Programs, 1994 - current",2023,MSR (actual),818.8,USD millions (nominal),,"PEBD sheet 'Major Programs, 1994 - current' cell X31",R73; PEBD pull 2026-09-27 (workbook updated 2025-11-13); attribution: The Planetary Society; conventions in 07 FINDINGS R73
planetary_society_pebd_mission_costs,"Major Programs, 1994 - current",2023,"MSR (requested, inflation adj)",881.5056,"USD millions (2025 dollars, PEBD inflation adjustment)",,"PEBD sheet 'Major Programs, 1994 - current' cell Y31",R73; PEBD pull 2026-09-27 (workbook updated 2025-11-13); attribution: The Planetary Society; conventions in 07 FINDINGS R73
planetary_society_pebd_mission_costs,"Major Programs, 1994 - current",2023,"MSR (enacted, inflation adj)",881.5056,"USD millions (2025 dollars, PEBD inflation adjustment)",,"PEBD sheet 'Major Programs, 1994 - current' cell Z31",R73; PEBD pull 2026-09-27 (workbook updated 2025-11-13); attribution: The Planetary Society; conventions in 07 FINDINGS R73
planetary_society_pebd_mission_costs,"Major Programs, 1994 - current",2023,"MSR (actual, inflation adj)",877.7536,"USD millions (2025 dollars, PEBD inflation adjustment)",,"PEBD sheet 'Major Programs, 1994 - current' cell AA31",R73; PEBD pull 2026-09-27 (workbook updated 2025-11-13); attribution: The Planetary Society; conventions in 07 FINDINGS R73
planetary_society_pebd_mission_costs,"Major Programs, 1994 - current",2023,Lunar Exploration Program,486.3,USD millions (nominal),,"PEBD sheet 'Major Programs, 1994 - current' cell AB31",R73; PEBD pull 2026-09-27 (workbook updated 2025-11-13); attribution: The Planetary Society; conventions in 07 FINDINGS R73
planetary_society_pebd_mission_costs,"Major Programs, 1994 - current",2023,Lunar Exploration Program (inflation adj),521.3136,"USD millions (2025 dollars, PEBD inflation adjustment)",,"PEBD sheet 'Major Programs, 1994 - current' cell AC31",R73; PEBD pull 2026-09-27 (workbook updated 2025-11-13); attribution: The Planetary Society; conventions in 07 FINDINGS R73
planetary_society_pebd_mission_costs,"Major Programs, 1994 - current",2023,Lunar Exploration % of Planetary,0.1511891808,fraction (0-1),,"PEBD sheet 'Major Programs, 1994 - current' cell AD31",R73; PEBD pull 2026-09-27 (workbook updated 2025-11-13); attribution: The Planetary Society; conventions in 07 FINDINGS R73
planetary_society_pebd_mission_costs,"Major Programs, 1994 - current",2023,Planetary Research & Analysis (actual),310.5,USD millions (nominal),,"PEBD sheet 'Major Programs, 1994 - current' cell AE31",R73; PEBD pull 2026-09-27 (workbook updated 2025-11-13); attribution: The Planetary Society; conventions in 07 FINDINGS R73
planetary_society_pebd_mission_costs,"Major Programs, 1994 - current",2023,"Planetary Research (actual, inflation adj)",332.856,"USD millions (2025 dollars, PEBD inflation adjustment)",,"PEBD sheet 'Major Programs, 1994 - current' cell AF31",R73; PEBD pull 2026-09-27 (workbook updated 2025-11-13); attribution: The Planetary Society; conventions in 07 FINDINGS R73
planetary_society_pebd_mission_costs,"Major Programs, 1994 - current",2023,R&A % of Planetary,0.09653349915,fraction (0-1),,"PEBD sheet 'Major Programs, 1994 - current' cell AG31",R73; PEBD pull 2026-09-27 (workbook updated 2025-11-13); attribution: The Planetary Society; conventions in 07 FINDINGS R73
planetary_society_pebd_mission_costs,"Major Programs, 1994 - current",2023,Outer Planets (requested),356.7,USD millions (nominal),,"PEBD sheet 'Major Programs, 1994 - current' cell AH31",R73; PEBD pull 2026-09-27 (workbook updated 2025-11-13); attribution: The Planetary Society; conventions in 07 FINDINGS R73
planetary_society_pebd_mission_costs,"Major Programs, 1994 - current",2023,Outer Planets (actual),356.8,USD millions (nominal),,"PEBD sheet 'Major Programs, 1994 - current' cell AJ31",R73; PEBD pull 2026-09-27 (workbook updated 2025-11-13); attribution: The Planetary Society; conventions in 07 FINDINGS R73
planetary_society_pebd_mission_costs,"Major Programs, 1994 - current",2023,"Outer Planets (requested, inflation adj)",382.3824,"USD millions (2025 dollars, PEBD inflation adjustment)",,"PEBD sheet 'Major Programs, 1994 - current' cell AK31",R73; PEBD pull 2026-09-27 (workbook updated 2025-11-13); attribution: The Planetary Society; conventions in 07 FINDINGS R73
planetary_society_pebd_mission_costs,"Major Programs, 1994 - current",2023,"Outer Planets (actual, inflation adj)",382.4896,"USD millions (2025 dollars, PEBD inflation adjustment)",,"PEBD sheet 'Major Programs, 1994 - current' cell AL31",R73; PEBD pull 2026-09-27 (workbook updated 2025-11-13); attribution: The Planetary Society; conventions in 07 FINDINGS R73
planetary_society_pebd_mission_costs,"Major Programs, 1994 - current",2023,Outer Planets % Planetary,0.1109280274,fraction (0-1),,"PEBD sheet 'Major Programs, 1994 - current' cell AM31",R73; PEBD pull 2026-09-27 (workbook updated 2025-11-13); attribution: The Planetary Society; conventions in 07 FINDINGS R73
planetary_society_pebd_mission_costs,"Major Programs, 1994 - current",2023,Planetary Defense (requested),87.7,USD millions (nominal),,"PEBD sheet 'Major Programs, 1994 - current' cell AN31",R73; PEBD pull 2026-09-27 (workbook updated 2025-11-13); attribution: The Planetary Society; conventions in 07 FINDINGS R73
planetary_society_pebd_mission_costs,"Major Programs, 1994 - current",2023,Planetary Defense (actual),135.5,USD millions (nominal),,"PEBD sheet 'Major Programs, 1994 - current' cell AO31",R73; PEBD pull 2026-09-27 (workbook updated 2025-11-13); attribution: The Planetary Society; conventions in 07 FINDINGS R73
planetary_society_pebd_mission_costs,"Major Programs, 1994 - current",2023,"Planetary Defense (requested, inflation adj)",94.0144,"USD millions (2025 dollars, PEBD inflation adjustment)",,"PEBD sheet 'Major Programs, 1994 - current' cell AP31",R73; PEBD pull 2026-09-27 (workbook updated 2025-11-13); attribution: The Planetary Society; conventions in 07 FINDINGS R73
planetary_society_pebd_mission_costs,"Major Programs, 1994 - current",2023,"Planetary Defense (actual, inflation adj)",145.256,"USD millions (2025 dollars, PEBD inflation adjustment)",,"PEBD sheet 'Major Programs, 1994 - current' cell AQ31",R73; PEBD pull 2026-09-27 (workbook updated 2025-11-13); attribution: The Planetary Society; conventions in 07 FINDINGS R73
planetary_society_pebd_mission_costs,"Major Programs, 1994 - current",2023,Technology / Radioisotope Power (actual),154.9,USD millions (nominal),,"PEBD sheet 'Major Programs, 1994 - current' cell AR31",R73; PEBD pull 2026-09-27 (workbook updated 2025-11-13); attribution: The Planetary Society; conventions in 07 FINDINGS R73
planetary_society_pebd_mission_costs,"Major Programs, 1994 - current",2023,"Technology / Radioisotope Power (actual, inflation adj)",166.0528,"USD millions (2025 dollars, PEBD inflation adjustment)",,"PEBD sheet 'Major Programs, 1994 - current' cell AS31",R73; PEBD pull 2026-09-27 (workbook updated 2025-11-13); attribution: The Planetary Society; conventions in 07 FINDINGS R73
planetary_society_pebd_mission_costs,"Major Programs, 1994 - current",2023,% of Planetary,0.04815793564,fraction (0-1),,"PEBD sheet 'Major Programs, 1994 - current' cell AT31",R73; PEBD pull 2026-09-27 (workbook updated 2025-11-13); attribution: The Planetary Society; conventions in 07 FINDINGS R73
planetary_society_pebd_mission_costs,"Major Programs, 1994 - current",2024,Total Planetary Science,2716.8,USD millions (nominal),,"PEBD sheet 'Major Programs, 1994 - current' cell C32",R73; PEBD pull 2026-09-27 (workbook updated 2025-11-13); attribution: The Planetary Society; conventions in 07 FINDINGS R73
planetary_society_pebd_mission_costs,"Major Programs, 1994 - current",2024,Discovery (requested),247.6,USD millions (nominal),,"PEBD sheet 'Major Programs, 1994 - current' cell D32",R73; PEBD pull 2026-09-27 (workbook updated 2025-11-13); attribution: The Planetary Society; conventions in 07 FINDINGS R73
planetary_society_pebd_mission_costs,"Major Programs, 1994 - current",2024,Discovery (actual),188.3,USD millions (nominal),,"PEBD sheet 'Major Programs, 1994 - current' cell F32",R73; PEBD pull 2026-09-27 (workbook updated 2025-11-13); attribution: The Planetary Society; conventions in 07 FINDINGS R73
planetary_society_pebd_mission_costs,"Major Programs, 1994 - current",2024,"Discovery (requested, inflation adj)",257.0088,"USD millions (2025 dollars, PEBD inflation adjustment)",,"PEBD sheet 'Major Programs, 1994 - current' cell G32",R73; PEBD pull 2026-09-27 (workbook updated 2025-11-13); attribution: The Planetary Society; conventions in 07 FINDINGS R73
planetary_society_pebd_mission_costs,"Major Programs, 1994 - current",2024,"Discovery (actual, inflation adj)",188.3,"USD millions (2025 dollars, PEBD inflation adjustment)",,"PEBD sheet 'Major Programs, 1994 - current' cell H32",R73; PEBD pull 2026-09-27 (workbook updated 2025-11-13); attribution: The Planetary Society; conventions in 07 FINDINGS R73
planetary_society_pebd_mission_costs,"Major Programs, 1994 - current",2024,Discovery % of Planetary,0.06930948174,fraction (0-1),,"PEBD sheet 'Major Programs, 1994 - current' cell I32",R73; PEBD pull 2026-09-27 (workbook updated 2025-11-13); attribution: The Planetary Society; conventions in 07 FINDINGS R73
planetary_society_pebd_mission_costs,"Major Programs, 1994 - current",2024,New Frontiers (requested),407.6,USD millions (nominal),,"PEBD sheet 'Major Programs, 1994 - current' cell J32",R73; PEBD pull 2026-09-27 (workbook updated 2025-11-13); attribution: The Planetary Society; conventions in 07 FINDINGS R73
planetary_society_pebd_mission_costs,"Major Programs, 1994 - current",2024,New Frontiers (actual),438.2,USD millions (nominal),,"PEBD sheet 'Major Programs, 1994 - current' cell L32",R73; PEBD pull 2026-09-27 (workbook updated 2025-11-13); attribution: The Planetary Society; conventions in 07 FINDINGS R73
planetary_society_pebd_mission_costs,"Major Programs, 1994 - current",2024,"New Frontiers (requested, inflation adj)",423.0888,"USD millions (2025 dollars, PEBD inflation adjustment)",,"PEBD sheet 'Major Programs, 1994 - current' cell M32",R73; PEBD pull 2026-09-27 (workbook updated 2025-11-13); attribution: The Planetary Society; conventions in 07 FINDINGS R73
planetary_society_pebd_mission_costs,"Major Programs, 1994 - current",2024,"New Frontiers (actual, inflation adj)",454.8516,"USD millions (2025 dollars, PEBD inflation adjustment)",,"PEBD sheet 'Major Programs, 1994 - current' cell N32",R73; PEBD pull 2026-09-27 (workbook updated 2025-11-13); attribution: The Planetary Society; conventions in 07 FINDINGS R73
planetary_society_pebd_mission_costs,"Major Programs, 1994 - current",2024,New Frontiers % of Planetary,0.1612926973,fraction (0-1),,"PEBD sheet 'Major Programs, 1994 - current' cell O32",R73; PEBD pull 2026-09-27 (workbook updated 2025-11-13); attribution: The Planetary Society; conventions in 07 FINDINGS R73
planetary_society_pebd_mission_costs,"Major Programs, 1994 - current",2024,Mars Exploration Program (requested),268.6,USD millions (nominal),,"PEBD sheet 'Major Programs, 1994 - current' cell P32",R73; PEBD pull 2026-09-27 (workbook updated 2025-11-13); attribution: The Planetary Society; conventions in 07 FINDINGS R73
planetary_society_pebd_mission_costs,"Major Programs, 1994 - current",2024,Mars Exploration Program (actual),255,USD millions (nominal),,"PEBD sheet 'Major Programs, 1994 - current' cell R32",R73; PEBD pull 2026-09-27 (workbook updated 2025-11-13); attribution: The Planetary Society; conventions in 07 FINDINGS R73
planetary_society_pebd_mission_costs,"Major Programs, 1994 - current",2024,"Mars Exploration Program (requested, inflation adj)",278.8068,"USD millions (2025 dollars, PEBD inflation adjustment)",,"PEBD sheet 'Major Programs, 1994 - current' cell S32",R73; PEBD pull 2026-09-27 (workbook updated 2025-11-13); attribution: The Planetary Society; conventions in 07 FINDINGS R73
planetary_society_pebd_mission_costs,"Major Programs, 1994 - current",2024,"Mars Exploration Program (actual, inflation adj)",264.69,"USD millions (2025 dollars, PEBD inflation adjustment)",,"PEBD sheet 'Major Programs, 1994 - current' cell T32",R73; PEBD pull 2026-09-27 (workbook updated 2025-11-13); attribution: The Planetary Society; conventions in 07 FINDINGS R73
planetary_society_pebd_mission_costs,"Major Programs, 1994 - current",2024,Mars Exploration Program % of Planetary,0.09386042403,fraction (0-1),,"PEBD sheet 'Major Programs, 1994 - current' cell U32",R73; PEBD pull 2026-09-27 (workbook updated 2025-11-13); attribution: The Planetary Society; conventions in 07 FINDINGS R73
planetary_society_pebd_mission_costs,"Major Programs, 1994 - current",2024,MSR (requested),949.3,USD millions (nominal),,"PEBD sheet 'Major Programs, 1994 - current' cell V32",R73; PEBD pull 2026-09-27 (workbook updated 2025-11-13); attribution: The Planetary Society; conventions in 07 FINDINGS R73
planetary_society_pebd_mission_costs,"Major Programs, 1994 - current",2024,MSR (enacted),300,USD millions (nominal),,"PEBD sheet 'Major Programs, 1994 - current' cell W32",R73; PEBD pull 2026-09-27 (workbook updated 2025-11-13); attribution: The Planetary Society; conventions in 07 FINDINGS R73
planetary_society_pebd_mission_costs,"Major Programs, 1994 - current",2024,MSR (actual),310,USD millions (nominal),,"PEBD sheet 'Major Programs, 1994 - current' cell X32",R73; PEBD pull 2026-09-27 (workbook updated 2025-11-13); attribution: The Planetary Society; conventions in 07 FINDINGS R73
planetary_society_pebd_mission_costs,"Major Programs, 1994 - current",2024,"MSR (requested, inflation adj)",985.3734,"USD millions (2025 dollars, PEBD inflation adjustment)",,"PEBD sheet 'Major Programs, 1994 - current' cell Y32",R73; PEBD pull 2026-09-27 (workbook updated 2025-11-13); attribution: The Planetary Society; conventions in 07 FINDINGS R73
planetary_society_pebd_mission_costs,"Major Programs, 1994 - current",2024,"MSR (enacted, inflation adj)",311.4,"USD millions (2025 dollars, PEBD inflation adjustment)",,"PEBD sheet 'Major Programs, 1994 - current' cell Z32",R73; PEBD pull 2026-09-27 (workbook updated 2025-11-13); attribution: The Planetary Society; conventions in 07 FINDINGS R73
planetary_society_pebd_mission_costs,"Major Programs, 1994 - current",2024,"MSR (actual, inflation adj)",321.78,"USD millions (2025 dollars, PEBD inflation adjustment)",,"PEBD sheet 'Major Programs, 1994 - current' cell AA32",R73; PEBD pull 2026-09-27 (workbook updated 2025-11-13); attribution: The Planetary Society; conventions in 07 FINDINGS R73
planetary_society_pebd_mission_costs,"Major Programs, 1994 - current",2024,Lunar Exploration Program,363.4,USD millions (nominal),,"PEBD sheet 'Major Programs, 1994 - current' cell AB32",R73; PEBD pull 2026-09-27 (workbook updated 2025-11-13); attribution: The Planetary Society; conventions in 07 FINDINGS R73
planetary_society_pebd_mission_costs,"Major Programs, 1994 - current",2024,Lunar Exploration Program (inflation adj),363.4,"USD millions (2025 dollars, PEBD inflation adjustment)",,"PEBD sheet 'Major Programs, 1994 - current' cell AC32",R73; PEBD pull 2026-09-27 (workbook updated 2025-11-13); attribution: The Planetary Society; conventions in 07 FINDINGS R73
planetary_society_pebd_mission_costs,"Major Programs, 1994 - current",2024,Lunar Exploration % of Planetary,0.1337603062,fraction (0-1),,"PEBD sheet 'Major Programs, 1994 - current' cell AD32",R73; PEBD pull 2026-09-27 (workbook updated 2025-11-13); attribution: The Planetary Society; conventions in 07 FINDINGS R73
planetary_society_pebd_mission_costs,"Major Programs, 1994 - current",2024,Planetary Research & Analysis (actual),337.2,USD millions (nominal),,"PEBD sheet 'Major Programs, 1994 - current' cell AE32",R73; PEBD pull 2026-09-27 (workbook updated 2025-11-13); attribution: The Planetary Society; conventions in 07 FINDINGS R73
planetary_society_pebd_mission_costs,"Major Programs, 1994 - current",2024,"Planetary Research (actual, inflation adj)",337.2,"USD millions (2025 dollars, PEBD inflation adjustment)",,"PEBD sheet 'Major Programs, 1994 - current' cell AF32",R73; PEBD pull 2026-09-27 (workbook updated 2025-11-13); attribution: The Planetary Society; conventions in 07 FINDINGS R73
planetary_society_pebd_mission_costs,"Major Programs, 1994 - current",2024,R&A % of Planetary,0.1241166078,fraction (0-1),,"PEBD sheet 'Major Programs, 1994 - current' cell AG32",R73; PEBD pull 2026-09-27 (workbook updated 2025-11-13); attribution: The Planetary Society; conventions in 07 FINDINGS R73
planetary_society_pebd_mission_costs,"Major Programs, 1994 - current",2024,Outer Planets (requested),318.4,USD millions (nominal),,"PEBD sheet 'Major Programs, 1994 - current' cell AH32",R73; PEBD pull 2026-09-27 (workbook updated 2025-11-13); attribution: The Planetary Society; conventions in 07 FINDINGS R73
planetary_society_pebd_mission_costs,"Major Programs, 1994 - current",2024,Outer Planets (actual),352.5,USD millions (nominal),,"PEBD sheet 'Major Programs, 1994 - current' cell AJ32",R73; PEBD pull 2026-09-27 (workbook updated 2025-11-13); attribution: The Planetary Society; conventions in 07 FINDINGS R73
planetary_society_pebd_mission_costs,"Major Programs, 1994 - current",2024,"Outer Planets (requested, inflation adj)",330.4992,"USD millions (2025 dollars, PEBD inflation adjustment)",,"PEBD sheet 'Major Programs, 1994 - current' cell AK32",R73; PEBD pull 2026-09-27 (workbook updated 2025-11-13); attribution: The Planetary Society; conventions in 07 FINDINGS R73
planetary_society_pebd_mission_costs,"Major Programs, 1994 - current",2024,"Outer Planets (actual, inflation adj)",365.895,"USD millions (2025 dollars, PEBD inflation adjustment)",,"PEBD sheet 'Major Programs, 1994 - current' cell AL32",R73; PEBD pull 2026-09-27 (workbook updated 2025-11-13); attribution: The Planetary Society; conventions in 07 FINDINGS R73
planetary_society_pebd_mission_costs,"Major Programs, 1994 - current",2024,Outer Planets % Planetary,0.1297482332,fraction (0-1),,"PEBD sheet 'Major Programs, 1994 - current' cell AM32",R73; PEBD pull 2026-09-27 (workbook updated 2025-11-13); attribution: The Planetary Society; conventions in 07 FINDINGS R73
planetary_society_pebd_mission_costs,"Major Programs, 1994 - current",2024,Planetary Defense (requested),250.7,USD millions (nominal),,"PEBD sheet 'Major Programs, 1994 - current' cell AN32",R73; PEBD pull 2026-09-27 (workbook updated 2025-11-13); attribution: The Planetary Society; conventions in 07 FINDINGS R73
planetary_society_pebd_mission_costs,"Major Programs, 1994 - current",2024,Planetary Defense (actual),296.7,USD millions (nominal),,"PEBD sheet 'Major Programs, 1994 - current' cell AO32",R73; PEBD pull 2026-09-27 (workbook updated 2025-11-13); attribution: The Planetary Society; conventions in 07 FINDINGS R73
planetary_society_pebd_mission_costs,"Major Programs, 1994 - current",2024,"Planetary Defense (requested, inflation adj)",250.7,"USD millions (2025 dollars, PEBD inflation adjustment)",,"PEBD sheet 'Major Programs, 1994 - current' cell AP32",R73; PEBD pull 2026-09-27 (workbook updated 2025-11-13); attribution: The Planetary Society; conventions in 07 FINDINGS R73
planetary_society_pebd_mission_costs,"Major Programs, 1994 - current",2024,"Planetary Defense (actual, inflation adj)",307.9746,"USD millions (2025 dollars, PEBD inflation adjustment)",,"PEBD sheet 'Major Programs, 1994 - current' cell AQ32",R73; PEBD pull 2026-09-27 (workbook updated 2025-11-13); attribution: The Planetary Society; conventions in 07 FINDINGS R73
planetary_society_pebd_mission_costs,"Major Programs, 1994 - current",2024,Technology / Radioisotope Power (actual),175.5,USD millions (nominal),,"PEBD sheet 'Major Programs, 1994 - current' cell AR32",R73; PEBD pull 2026-09-27 (workbook updated 2025-11-13); attribution: The Planetary Society; conventions in 07 FINDINGS R73
planetary_society_pebd_mission_costs,"Major Programs, 1994 - current",2024,"Technology / Radioisotope Power (actual, inflation adj)",182.169,"USD millions (2025 dollars, PEBD inflation adjustment)",,"PEBD sheet 'Major Programs, 1994 - current' cell AS32",R73; PEBD pull 2026-09-27 (workbook updated 2025-11-13); attribution: The Planetary Society; conventions in 07 FINDINGS R73
planetary_society_pebd_mission_costs,"Major Programs, 1994 - current",2024,% of Planetary,0.06459805654,fraction (0-1),,"PEBD sheet 'Major Programs, 1994 - current' cell AT32",R73; PEBD pull 2026-09-27 (workbook updated 2025-11-13); attribution: The Planetary Society; conventions in 07 FINDINGS R73
planetary_society_pebd_mission_costs,"Major Programs, 1994 - current",2025,Total Planetary Science,2716.8,USD millions (nominal),,"PEBD sheet 'Major Programs, 1994 - current' cell C33",R73; PEBD pull 2026-09-27 (workbook updated 2025-11-13); attribution: The Planetary Society; conventions in 07 FINDINGS R73
planetary_society_pebd_mission_costs,"Major Programs, 1994 - current",2025,Discovery (requested),261.6,USD millions (nominal),,"PEBD sheet 'Major Programs, 1994 - current' cell D33",R73; PEBD pull 2026-09-27 (workbook updated 2025-11-13); attribution: The Planetary Society; conventions in 07 FINDINGS R73
planetary_society_pebd_mission_costs,"Major Programs, 1994 - current",2025,"Discovery (requested, inflation adj)",261.6,"USD millions (2025 dollars, PEBD inflation adjustment)",,"PEBD sheet 'Major Programs, 1994 - current' cell G33",R73; PEBD pull 2026-09-27 (workbook updated 2025-11-13); attribution: The Planetary Society; conventions in 07 FINDINGS R73
planetary_society_pebd_mission_costs,"Major Programs, 1994 - current",2025,New Frontiers (requested),500.5,USD millions (nominal),,"PEBD sheet 'Major Programs, 1994 - current' cell J33",R73; PEBD pull 2026-09-27 (workbook updated 2025-11-13); attribution: The Planetary Society; conventions in 07 FINDINGS R73
planetary_society_pebd_mission_costs,"Major Programs, 1994 - current",2025,"New Frontiers (requested, inflation adj)",500.5,"USD millions (2025 dollars, PEBD inflation adjustment)",,"PEBD sheet 'Major Programs, 1994 - current' cell M33",R73; PEBD pull 2026-09-27 (workbook updated 2025-11-13); attribution: The Planetary Society; conventions in 07 FINDINGS R73
planetary_society_pebd_mission_costs,"Major Programs, 1994 - current",2025,Mars Exploration Program (requested),324.5,USD millions (nominal),,"PEBD sheet 'Major Programs, 1994 - current' cell P33",R73; PEBD pull 2026-09-27 (workbook updated 2025-11-13); attribution: The Planetary Society; conventions in 07 FINDINGS R73
planetary_society_pebd_mission_costs,"Major Programs, 1994 - current",2025,"Mars Exploration Program (requested, inflation adj)",324.5,"USD millions (2025 dollars, PEBD inflation adjustment)",,"PEBD sheet 'Major Programs, 1994 - current' cell S33",R73; PEBD pull 2026-09-27 (workbook updated 2025-11-13); attribution: The Planetary Society; conventions in 07 FINDINGS R73
planetary_society_pebd_mission_costs,"Major Programs, 1994 - current",2025,MSR (requested),200,USD millions (nominal),,"PEBD sheet 'Major Programs, 1994 - current' cell V33",R73; PEBD pull 2026-09-27 (workbook updated 2025-11-13); attribution: The Planetary Society; conventions in 07 FINDINGS R73
planetary_society_pebd_mission_costs,"Major Programs, 1994 - current",2025,"MSR (requested, inflation adj)",200,"USD millions (2025 dollars, PEBD inflation adjustment)",,"PEBD sheet 'Major Programs, 1994 - current' cell Y33",R73; PEBD pull 2026-09-27 (workbook updated 2025-11-13); attribution: The Planetary Society; conventions in 07 FINDINGS R73
planetary_society_pebd_mission_costs,"Major Programs, 1994 - current",2025,Outer Planets (requested),119,USD millions (nominal),,"PEBD sheet 'Major Programs, 1994 - current' cell AH33",R73; PEBD pull 2026-09-27 (workbook updated 2025-11-13); attribution: The Planetary Society; conventions in 07 FINDINGS R73
planetary_society_pebd_mission_costs,"Major Programs, 1994 - current",2025,"Outer Planets (requested, inflation adj)",119,"USD millions (2025 dollars, PEBD inflation adjustment)",,"PEBD sheet 'Major Programs, 1994 - current' cell AK33",R73; PEBD pull 2026-09-27 (workbook updated 2025-11-13); attribution: The Planetary Society; conventions in 07 FINDINGS R73
planetary_society_pebd_mission_costs,"Major Programs, 1994 - current",2025,Planetary Defense (requested),276.6,USD millions (nominal),,"PEBD sheet 'Major Programs, 1994 - current' cell AN33",R73; PEBD pull 2026-09-27 (workbook updated 2025-11-13); attribution: The Planetary Society; conventions in 07 FINDINGS R73
planetary_society_pebd_mission_costs,"Major Programs, 1994 - current",2025,"Planetary Defense (requested, inflation adj)",276.6,"USD millions (2025 dollars, PEBD inflation adjustment)",,"PEBD sheet 'Major Programs, 1994 - current' cell AP33",R73; PEBD pull 2026-09-27 (workbook updated 2025-11-13); attribution: The Planetary Society; conventions in 07 FINDINGS R73
planetary_society_pebd_mission_costs,"Major Programs, 1994 - current",2025,Technology / Radioisotope Power (actual),201.1,USD millions (nominal),,"PEBD sheet 'Major Programs, 1994 - current' cell AR33",R73; PEBD pull 2026-09-27 (workbook updated 2025-11-13); attribution: The Planetary Society; conventions in 07 FINDINGS R73
planetary_society_pebd_mission_costs,"Major Programs, 1994 - current",2025,"Technology / Radioisotope Power (actual, inflation adj)",201.1,"USD millions (2025 dollars, PEBD inflation adjustment)",,"PEBD sheet 'Major Programs, 1994 - current' cell AS33",R73; PEBD pull 2026-09-27 (workbook updated 2025-11-13); attribution: The Planetary Society; conventions in 07 FINDINGS R73
planetary_society_pebd_mission_costs,"Major Programs, 1960 - 1980",total/avg,Total Planetary Science,4745.938,USD millions (nominal),,"PEBD sheet 'Major Programs, 1960 - 1980' cell C2",R73; PEBD pull 2026-09-27 (workbook updated 2025-11-13); attribution: The Planetary Society; conventions in 07 FINDINGS R73
planetary_society_pebd_mission_costs,"Major Programs, 1960 - 1980",total/avg,Ranger (requested),177.391,USD millions (nominal),,"PEBD sheet 'Major Programs, 1960 - 1980' cell D2",R73; PEBD pull 2026-09-27 (workbook updated 2025-11-13); attribution: The Planetary Society; conventions in 07 FINDINGS R73
planetary_society_pebd_mission_costs,"Major Programs, 1960 - 1980",total/avg,Ranger (actual),241.644,USD millions (nominal),,"PEBD sheet 'Major Programs, 1960 - 1980' cell E2",R73; PEBD pull 2026-09-27 (workbook updated 2025-11-13); attribution: The Planetary Society; conventions in 07 FINDINGS R73
planetary_society_pebd_mission_costs,"Major Programs, 1960 - 1980",total/avg,"Ranger (requested, inflation adj)",2492.43131,"USD millions (2025 dollars, PEBD inflation adjustment)",,"PEBD sheet 'Major Programs, 1960 - 1980' cell F2",R73; PEBD pull 2026-09-27 (workbook updated 2025-11-13); attribution: The Planetary Society; conventions in 07 FINDINGS R73
planetary_society_pebd_mission_costs,"Major Programs, 1960 - 1980",total/avg,"Ranger (actual, inflation adj)",3549.61741,"USD millions (2025 dollars, PEBD inflation adjustment)",,"PEBD sheet 'Major Programs, 1960 - 1980' cell G2",R73; PEBD pull 2026-09-27 (workbook updated 2025-11-13); attribution: The Planetary Society; conventions in 07 FINDINGS R73
planetary_society_pebd_mission_costs,"Major Programs, 1960 - 1980",total/avg,Ranger % of Planetary,0.2508765654,fraction (0-1),,"PEBD sheet 'Major Programs, 1960 - 1980' cell H2",R73; PEBD pull 2026-09-27 (workbook updated 2025-11-13); attribution: The Planetary Society; conventions in 07 FINDINGS R73
planetary_society_pebd_mission_costs,"Major Programs, 1960 - 1980",total/avg,Surveyor (requested),186.4,USD millions (nominal),,"PEBD sheet 'Major Programs, 1960 - 1980' cell I2",R73; PEBD pull 2026-09-27 (workbook updated 2025-11-13); attribution: The Planetary Society; conventions in 07 FINDINGS R73
planetary_society_pebd_mission_costs,"Major Programs, 1960 - 1980",total/avg,Surveyor (actual),240.176,USD millions (nominal),,"PEBD sheet 'Major Programs, 1960 - 1980' cell J2",R73; PEBD pull 2026-09-27 (workbook updated 2025-11-13); attribution: The Planetary Society; conventions in 07 FINDINGS R73
planetary_society_pebd_mission_costs,"Major Programs, 1960 - 1980",total/avg,"Surveyor (requested, inflation adj)",2199.4684,"USD millions (2025 dollars, PEBD inflation adjustment)",,"PEBD sheet 'Major Programs, 1960 - 1980' cell K2",R73; PEBD pull 2026-09-27 (workbook updated 2025-11-13); attribution: The Planetary Society; conventions in 07 FINDINGS R73
planetary_society_pebd_mission_costs,"Major Programs, 1960 - 1980",total/avg,"Surveyor (actual, inflation adj)",1420.368442,"USD millions (2025 dollars, PEBD inflation adjustment)",,"PEBD sheet 'Major Programs, 1960 - 1980' cell L2",R73; PEBD pull 2026-09-27 (workbook updated 2025-11-13); attribution: The Planetary Society; conventions in 07 FINDINGS R73
planetary_society_pebd_mission_costs,"Major Programs, 1960 - 1980",total/avg,Surveyor % of Planetary,0.3101647699,fraction (0-1),,"PEBD sheet 'Major Programs, 1960 - 1980' cell M2",R73; PEBD pull 2026-09-27 (workbook updated 2025-11-13); attribution: The Planetary Society; conventions in 07 FINDINGS R73
planetary_society_pebd_mission_costs,"Major Programs, 1960 - 1980",total/avg,Lunar Orbiter (requested),166.467,USD millions (nominal),,"PEBD sheet 'Major Programs, 1960 - 1980' cell N2",R73; PEBD pull 2026-09-27 (workbook updated 2025-11-13); attribution: The Planetary Society; conventions in 07 FINDINGS R73
planetary_society_pebd_mission_costs,"Major Programs, 1960 - 1980",total/avg,Lunar Orbiter (actual),200.485,USD millions (nominal),,"PEBD sheet 'Major Programs, 1960 - 1980' cell O2",R73; PEBD pull 2026-09-27 (workbook updated 2025-11-13); attribution: The Planetary Society; conventions in 07 FINDINGS R73
planetary_society_pebd_mission_costs,"Major Programs, 1960 - 1980",total/avg,"Lunar Orbiter (requested, inflation adj)",2115.574817,"USD millions (2025 dollars, PEBD inflation adjustment)",,"PEBD sheet 'Major Programs, 1960 - 1980' cell P2",R73; PEBD pull 2026-09-27 (workbook updated 2025-11-13); attribution: The Planetary Society; conventions in 07 FINDINGS R73
planetary_society_pebd_mission_costs,"Major Programs, 1960 - 1980",total/avg,"Lunar Orbiter (actual, inflation adj)",2556.087668,"USD millions (2025 dollars, PEBD inflation adjustment)",,"PEBD sheet 'Major Programs, 1960 - 1980' cell Q2",R73; PEBD pull 2026-09-27 (workbook updated 2025-11-13); attribution: The Planetary Society; conventions in 07 FINDINGS R73
planetary_society_pebd_mission_costs,"Major Programs, 1960 - 1980",total/avg,Lunar Orbiter % of Planetary,0.1327193585,fraction (0-1),,"PEBD sheet 'Major Programs, 1960 - 1980' cell R2",R73; PEBD pull 2026-09-27 (workbook updated 2025-11-13); attribution: The Planetary Society; conventions in 07 FINDINGS R73
planetary_society_pebd_mission_costs,"Major Programs, 1960 - 1980",total/avg,Mariner (requested),669.574,USD millions (nominal),,"PEBD sheet 'Major Programs, 1960 - 1980' cell S2",R73; PEBD pull 2026-09-27 (workbook updated 2025-11-13); attribution: The Planetary Society; conventions in 07 FINDINGS R73
planetary_society_pebd_mission_costs,"Major Programs, 1960 - 1980",total/avg,Mariner (actual),655.033,USD millions (nominal),,"PEBD sheet 'Major Programs, 1960 - 1980' cell T2",R73; PEBD pull 2026-09-27 (workbook updated 2025-11-13); attribution: The Planetary Society; conventions in 07 FINDINGS R73
planetary_society_pebd_mission_costs,"Major Programs, 1960 - 1980",total/avg,"Mariner (requested, inflation adj)",7713.606398,"USD millions (2025 dollars, PEBD inflation adjustment)",,"PEBD sheet 'Major Programs, 1960 - 1980' cell U2",R73; PEBD pull 2026-09-27 (workbook updated 2025-11-13); attribution: The Planetary Society; conventions in 07 FINDINGS R73
planetary_society_pebd_mission_costs,"Major Programs, 1960 - 1980",total/avg,"Mariner (actual, inflation adj)",7480.799901,"USD millions (2025 dollars, PEBD inflation adjustment)",,"PEBD sheet 'Major Programs, 1960 - 1980' cell V2",R73; PEBD pull 2026-09-27 (workbook updated 2025-11-13); attribution: The Planetary Society; conventions in 07 FINDINGS R73
planetary_society_pebd_mission_costs,"Major Programs, 1960 - 1980",total/avg,Mariner % of Planetary,0.2615020116,fraction (0-1),,"PEBD sheet 'Major Programs, 1960 - 1980' cell W2",R73; PEBD pull 2026-09-27 (workbook updated 2025-11-13); attribution: The Planetary Society; conventions in 07 FINDINGS R73
planetary_society_pebd_mission_costs,"Major Programs, 1960 - 1980",total/avg,Pioneer (requested),505.89,USD millions (nominal),,"PEBD sheet 'Major Programs, 1960 - 1980' cell X2",R73; PEBD pull 2026-09-27 (workbook updated 2025-11-13); attribution: The Planetary Society; conventions in 07 FINDINGS R73
planetary_society_pebd_mission_costs,"Major Programs, 1960 - 1980",total/avg,Pioneer (actual),491.347,USD millions (nominal),,"PEBD sheet 'Major Programs, 1960 - 1980' cell Y2",R73; PEBD pull 2026-09-27 (workbook updated 2025-11-13); attribution: The Planetary Society; conventions in 07 FINDINGS R73
planetary_society_pebd_mission_costs,"Major Programs, 1960 - 1980",total/avg,"Pioneer (requested, inflation adj)",4068.656566,"USD millions (2025 dollars, PEBD inflation adjustment)",,"PEBD sheet 'Major Programs, 1960 - 1980' cell Z2",R73; PEBD pull 2026-09-27 (workbook updated 2025-11-13); attribution: The Planetary Society; conventions in 07 FINDINGS R73
planetary_society_pebd_mission_costs,"Major Programs, 1960 - 1980",total/avg,"Pioneer (actual, inflation adj)",4014.985689,"USD millions (2025 dollars, PEBD inflation adjustment)",,"PEBD sheet 'Major Programs, 1960 - 1980' cell AA2",R73; PEBD pull 2026-09-27 (workbook updated 2025-11-13); attribution: The Planetary Society; conventions in 07 FINDINGS R73
planetary_society_pebd_mission_costs,"Major Programs, 1960 - 1980",total/avg,Pioneer % of Planetary,0.1195499929,fraction (0-1),,"PEBD sheet 'Major Programs, 1960 - 1980' cell AB2",R73; PEBD pull 2026-09-27 (workbook updated 2025-11-13); attribution: The Planetary Society; conventions in 07 FINDINGS R73
planetary_society_pebd_mission_costs,"Major Programs, 1960 - 1980",1960,Total Planetary Science,49.995,USD millions (nominal),,"PEBD sheet 'Major Programs, 1960 - 1980' cell C3",R73; PEBD pull 2026-09-27 (workbook updated 2025-11-13); attribution: The Planetary Society; conventions in 07 FINDINGS R73
planetary_society_pebd_mission_costs,"Major Programs, 1960 - 1980",1960,Ranger (actual),19.542,USD millions (nominal),,"PEBD sheet 'Major Programs, 1960 - 1980' cell E3",R73; PEBD pull 2026-09-27 (workbook updated 2025-11-13); attribution: The Planetary Society; conventions in 07 FINDINGS R73
planetary_society_pebd_mission_costs,"Major Programs, 1960 - 1980",1960,"Ranger (actual, inflation adj)",311.6949,"USD millions (2025 dollars, PEBD inflation adjustment)",,"PEBD sheet 'Major Programs, 1960 - 1980' cell G3",R73; PEBD pull 2026-09-27 (workbook updated 2025-11-13); attribution: The Planetary Society; conventions in 07 FINDINGS R73
planetary_society_pebd_mission_costs,"Major Programs, 1960 - 1980",1960,Ranger % of Planetary,0.3908790879,fraction (0-1),,"PEBD sheet 'Major Programs, 1960 - 1980' cell H3",R73; PEBD pull 2026-09-27 (workbook updated 2025-11-13); attribution: The Planetary Society; conventions in 07 FINDINGS R73
planetary_society_pebd_mission_costs,"Major Programs, 1960 - 1980",1961,Total Planetary Science,91.019,USD millions (nominal),,"PEBD sheet 'Major Programs, 1960 - 1980' cell C4",R73; PEBD pull 2026-09-27 (workbook updated 2025-11-13); attribution: The Planetary Society; conventions in 07 FINDINGS R73
planetary_society_pebd_mission_costs,"Major Programs, 1960 - 1980",1961,Ranger (actual),45.066,USD millions (nominal),,"PEBD sheet 'Major Programs, 1960 - 1980' cell E4",R73; PEBD pull 2026-09-27 (workbook updated 2025-11-13); attribution: The Planetary Society; conventions in 07 FINDINGS R73
planetary_society_pebd_mission_costs,"Major Programs, 1960 - 1980",1961,"Ranger (actual, inflation adj)",696.49503,"USD millions (2025 dollars, PEBD inflation adjustment)",,"PEBD sheet 'Major Programs, 1960 - 1980' cell G4",R73; PEBD pull 2026-09-27 (workbook updated 2025-11-13); attribution: The Planetary Society; conventions in 07 FINDINGS R73
planetary_society_pebd_mission_costs,"Major Programs, 1960 - 1980",1961,Ranger % of Planetary,0.495127391,fraction (0-1),,"PEBD sheet 'Major Programs, 1960 - 1980' cell H4",R73; PEBD pull 2026-09-27 (workbook updated 2025-11-13); attribution: The Planetary Society; conventions in 07 FINDINGS R73
planetary_society_pebd_mission_costs,"Major Programs, 1960 - 1980",1961,Surveyor (actual),7.054,USD millions (nominal),,"PEBD sheet 'Major Programs, 1960 - 1980' cell J4",R73; PEBD pull 2026-09-27 (workbook updated 2025-11-13); attribution: The Planetary Society; conventions in 07 FINDINGS R73
planetary_society_pebd_mission_costs,"Major Programs, 1960 - 1980",1961,"Surveyor (actual, inflation adj)",109.01957,"USD millions (2025 dollars, PEBD inflation adjustment)",,"PEBD sheet 'Major Programs, 1960 - 1980' cell L4",R73; PEBD pull 2026-09-27 (workbook updated 2025-11-13); attribution: The Planetary Society; conventions in 07 FINDINGS R73
planetary_society_pebd_mission_costs,"Major Programs, 1960 - 1980",1961,Surveyor % of Planetary,0.07750030213,fraction (0-1),,"PEBD sheet 'Major Programs, 1960 - 1980' cell M4",R73; PEBD pull 2026-09-27 (workbook updated 2025-11-13); attribution: The Planetary Society; conventions in 07 FINDINGS R73
planetary_society_pebd_mission_costs,"Major Programs, 1960 - 1980",1961,Mariner (actual),14.785,USD millions (nominal),,"PEBD sheet 'Major Programs, 1960 - 1980' cell T4",R73; PEBD pull 2026-09-27 (workbook updated 2025-11-13); attribution: The Planetary Society; conventions in 07 FINDINGS R73
planetary_society_pebd_mission_costs,"Major Programs, 1960 - 1980",1961,"Mariner (actual, inflation adj)",228.502175,"USD millions (2025 dollars, PEBD inflation adjustment)",,"PEBD sheet 'Major Programs, 1960 - 1980' cell V4",R73; PEBD pull 2026-09-27 (workbook updated 2025-11-13); attribution: The Planetary Society; conventions in 07 FINDINGS R73
planetary_society_pebd_mission_costs,"Major Programs, 1960 - 1980",1961,Mariner % of Planetary,0.1624386117,fraction (0-1),,"PEBD sheet 'Major Programs, 1960 - 1980' cell W4",R73; PEBD pull 2026-09-27 (workbook updated 2025-11-13); attribution: The Planetary Society; conventions in 07 FINDINGS R73
planetary_society_pebd_mission_costs,"Major Programs, 1960 - 1980",1962,Total Planetary Science,161.784,USD millions (nominal),,"PEBD sheet 'Major Programs, 1960 - 1980' cell C5",R73; PEBD pull 2026-09-27 (workbook updated 2025-11-13); attribution: The Planetary Society; conventions in 07 FINDINGS R73
planetary_society_pebd_mission_costs,"Major Programs, 1960 - 1980",1962,Ranger (requested),30.954,USD millions (nominal),,"PEBD sheet 'Major Programs, 1960 - 1980' cell D5",R73; PEBD pull 2026-09-27 (workbook updated 2025-11-13); attribution: The Planetary Society; conventions in 07 FINDINGS R73
planetary_society_pebd_mission_costs,"Major Programs, 1960 - 1980",1962,Ranger (actual),63.43,USD millions (nominal),,"PEBD sheet 'Major Programs, 1960 - 1980' cell E5",R73; PEBD pull 2026-09-27 (workbook updated 2025-11-13); attribution: The Planetary Society; conventions in 07 FINDINGS R73
planetary_society_pebd_mission_costs,"Major Programs, 1960 - 1980",1962,"Ranger (requested, inflation adj)",460.007394,"USD millions (2025 dollars, PEBD inflation adjustment)",,"PEBD sheet 'Major Programs, 1960 - 1980' cell F5",R73; PEBD pull 2026-09-27 (workbook updated 2025-11-13); attribution: The Planetary Society; conventions in 07 FINDINGS R73
planetary_society_pebd_mission_costs,"Major Programs, 1960 - 1980",1962,"Ranger (actual, inflation adj)",942.63323,"USD millions (2025 dollars, PEBD inflation adjustment)",,"PEBD sheet 'Major Programs, 1960 - 1980' cell G5",R73; PEBD pull 2026-09-27 (workbook updated 2025-11-13); attribution: The Planetary Society; conventions in 07 FINDINGS R73
planetary_society_pebd_mission_costs,"Major Programs, 1960 - 1980",1962,Ranger % of Planetary,0.3920659645,fraction (0-1),,"PEBD sheet 'Major Programs, 1960 - 1980' cell H5",R73; PEBD pull 2026-09-27 (workbook updated 2025-11-13); attribution: The Planetary Society; conventions in 07 FINDINGS R73
planetary_society_pebd_mission_costs,"Major Programs, 1960 - 1980",1962,Surveyor (requested),32.311,USD millions (nominal),,"PEBD sheet 'Major Programs, 1960 - 1980' cell I5",R73; PEBD pull 2026-09-27 (workbook updated 2025-11-13); attribution: The Planetary Society; conventions in 07 FINDINGS R73
planetary_society_pebd_mission_costs,"Major Programs, 1960 - 1980",1962,Surveyor (actual),36.825,USD millions (nominal),,"PEBD sheet 'Major Programs, 1960 - 1980' cell J5",R73; PEBD pull 2026-09-27 (workbook updated 2025-11-13); attribution: The Planetary Society; conventions in 07 FINDINGS R73
planetary_society_pebd_mission_costs,"Major Programs, 1960 - 1980",1962,"Surveyor (requested, inflation adj)",480.173771,"USD millions (2025 dollars, PEBD inflation adjustment)",,"PEBD sheet 'Major Programs, 1960 - 1980' cell K5",R73; PEBD pull 2026-09-27 (workbook updated 2025-11-13); attribution: The Planetary Society; conventions in 07 FINDINGS R73
planetary_society_pebd_mission_costs,"Major Programs, 1960 - 1980",1962,"Surveyor (actual, inflation adj)",547.256325,"USD millions (2025 dollars, PEBD inflation adjustment)",,"PEBD sheet 'Major Programs, 1960 - 1980' cell L5",R73; PEBD pull 2026-09-27 (workbook updated 2025-11-13); attribution: The Planetary Society; conventions in 07 FINDINGS R73
planetary_society_pebd_mission_costs,"Major Programs, 1960 - 1980",1962,Surveyor % of Planetary,0.2276183059,fraction (0-1),,"PEBD sheet 'Major Programs, 1960 - 1980' cell M5",R73; PEBD pull 2026-09-27 (workbook updated 2025-11-13); attribution: The Planetary Society; conventions in 07 FINDINGS R73
planetary_society_pebd_mission_costs,"Major Programs, 1960 - 1980",1962,Mariner (requested),15.789,USD millions (nominal),,"PEBD sheet 'Major Programs, 1960 - 1980' cell S5",R73; PEBD pull 2026-09-27 (workbook updated 2025-11-13); attribution: The Planetary Society; conventions in 07 FINDINGS R73
planetary_society_pebd_mission_costs,"Major Programs, 1960 - 1980",1962,Mariner (actual),48.377,USD millions (nominal),,"PEBD sheet 'Major Programs, 1960 - 1980' cell T5",R73; PEBD pull 2026-09-27 (workbook updated 2025-11-13); attribution: The Planetary Society; conventions in 07 FINDINGS R73
planetary_society_pebd_mission_costs,"Major Programs, 1960 - 1980",1962,"Mariner (requested, inflation adj)",234.640329,"USD millions (2025 dollars, PEBD inflation adjustment)",,"PEBD sheet 'Major Programs, 1960 - 1980' cell U5",R73; PEBD pull 2026-09-27 (workbook updated 2025-11-13); attribution: The Planetary Society; conventions in 07 FINDINGS R73
planetary_society_pebd_mission_costs,"Major Programs, 1960 - 1980",1962,"Mariner (actual, inflation adj)",718.930597,"USD millions (2025 dollars, PEBD inflation adjustment)",,"PEBD sheet 'Major Programs, 1960 - 1980' cell V5",R73; PEBD pull 2026-09-27 (workbook updated 2025-11-13); attribution: The Planetary Society; conventions in 07 FINDINGS R73
planetary_society_pebd_mission_costs,"Major Programs, 1960 - 1980",1962,Mariner % of Planetary,0.299022153,fraction (0-1),,"PEBD sheet 'Major Programs, 1960 - 1980' cell W5",R73; PEBD pull 2026-09-27 (workbook updated 2025-11-13); attribution: The Planetary Society; conventions in 07 FINDINGS R73
planetary_society_pebd_mission_costs,"Major Programs, 1960 - 1980",1963,Total Planetary Science,222.798,USD millions (nominal),,"PEBD sheet 'Major Programs, 1960 - 1980' cell C6",R73; PEBD pull 2026-09-27 (workbook updated 2025-11-13); attribution: The Planetary Society; conventions in 07 FINDINGS R73
planetary_society_pebd_mission_costs,"Major Programs, 1960 - 1980",1963,Ranger (requested),44.022,USD millions (nominal),,"PEBD sheet 'Major Programs, 1960 - 1980' cell D6",R73; PEBD pull 2026-09-27 (workbook updated 2025-11-13); attribution: The Planetary Society; conventions in 07 FINDINGS R73
planetary_society_pebd_mission_costs,"Major Programs, 1960 - 1980",1963,Ranger (actual),71.263,USD millions (nominal),,"PEBD sheet 'Major Programs, 1960 - 1980' cell E6",R73; PEBD pull 2026-09-27 (workbook updated 2025-11-13); attribution: The Planetary Society; conventions in 07 FINDINGS R73
planetary_society_pebd_mission_costs,"Major Programs, 1960 - 1980",1963,"Ranger (requested, inflation adj)",632.067876,"USD millions (2025 dollars, PEBD inflation adjustment)",,"PEBD sheet 'Major Programs, 1960 - 1980' cell F6",R73; PEBD pull 2026-09-27 (workbook updated 2025-11-13); attribution: The Planetary Society; conventions in 07 FINDINGS R73
planetary_society_pebd_mission_costs,"Major Programs, 1960 - 1980",1963,"Ranger (actual, inflation adj)",1023.194154,"USD millions (2025 dollars, PEBD inflation adjustment)",,"PEBD sheet 'Major Programs, 1960 - 1980' cell G6",R73; PEBD pull 2026-09-27 (workbook updated 2025-11-13); attribution: The Planetary Society; conventions in 07 FINDINGS R73
planetary_society_pebd_mission_costs,"Major Programs, 1960 - 1980",1963,Ranger % of Planetary,0.3198547563,fraction (0-1),,"PEBD sheet 'Major Programs, 1960 - 1980' cell H6",R73; PEBD pull 2026-09-27 (workbook updated 2025-11-13); attribution: The Planetary Society; conventions in 07 FINDINGS R73
planetary_society_pebd_mission_costs,"Major Programs, 1960 - 1980",1963,Surveyor (requested),97.378,USD millions (nominal),,"PEBD sheet 'Major Programs, 1960 - 1980' cell I6",R73; PEBD pull 2026-09-27 (workbook updated 2025-11-13); attribution: The Planetary Society; conventions in 07 FINDINGS R73
planetary_society_pebd_mission_costs,"Major Programs, 1960 - 1980",1963,Surveyor (actual),66.386,USD millions (nominal),,"PEBD sheet 'Major Programs, 1960 - 1980' cell J6",R73; PEBD pull 2026-09-27 (workbook updated 2025-11-13); attribution: The Planetary Society; conventions in 07 FINDINGS R73
planetary_society_pebd_mission_costs,"Major Programs, 1960 - 1980",1963,"Surveyor (requested, inflation adj)",1398.153324,"USD millions (2025 dollars, PEBD inflation adjustment)",,"PEBD sheet 'Major Programs, 1960 - 1980' cell K6",R73; PEBD pull 2026-09-27 (workbook updated 2025-11-13); attribution: The Planetary Society; conventions in 07 FINDINGS R73
planetary_society_pebd_mission_costs,"Major Programs, 1960 - 1980",1963,"Surveyor (actual, inflation adj)",953.170188,"USD millions (2025 dollars, PEBD inflation adjustment)",,"PEBD sheet 'Major Programs, 1960 - 1980' cell L6",R73; PEBD pull 2026-09-27 (workbook updated 2025-11-13); attribution: The Planetary Society; conventions in 07 FINDINGS R73
planetary_society_pebd_mission_costs,"Major Programs, 1960 - 1980",1963,Surveyor % of Planetary,0.2979649728,fraction (0-1),,"PEBD sheet 'Major Programs, 1960 - 1980' cell M6",R73; PEBD pull 2026-09-27 (workbook updated 2025-11-13); attribution: The Planetary Society; conventions in 07 FINDINGS R73
planetary_society_pebd_mission_costs,"Major Programs, 1960 - 1980",1963,Lunar Orbiter (actual),4,USD millions (nominal),,"PEBD sheet 'Major Programs, 1960 - 1980' cell O6",R73; PEBD pull 2026-09-27 (workbook updated 2025-11-13); attribution: The Planetary Society; conventions in 07 FINDINGS R73
planetary_society_pebd_mission_costs,"Major Programs, 1960 - 1980",1963,"Lunar Orbiter (actual, inflation adj)",57.432,"USD millions (2025 dollars, PEBD inflation adjustment)",,"PEBD sheet 'Major Programs, 1960 - 1980' cell Q6",R73; PEBD pull 2026-09-27 (workbook updated 2025-11-13); attribution: The Planetary Society; conventions in 07 FINDINGS R73
planetary_society_pebd_mission_costs,"Major Programs, 1960 - 1980",1963,Lunar Orbiter % of Planetary,0.01795348253,fraction (0-1),,"PEBD sheet 'Major Programs, 1960 - 1980' cell R6",R73; PEBD pull 2026-09-27 (workbook updated 2025-11-13); attribution: The Planetary Society; conventions in 07 FINDINGS R73
planetary_society_pebd_mission_costs,"Major Programs, 1960 - 1980",1963,Mariner (requested),82.96,USD millions (nominal),,"PEBD sheet 'Major Programs, 1960 - 1980' cell S6",R73; PEBD pull 2026-09-27 (workbook updated 2025-11-13); attribution: The Planetary Society; conventions in 07 FINDINGS R73
planetary_society_pebd_mission_costs,"Major Programs, 1960 - 1980",1963,Mariner (actual),42.777,USD millions (nominal),,"PEBD sheet 'Major Programs, 1960 - 1980' cell T6",R73; PEBD pull 2026-09-27 (workbook updated 2025-11-13); attribution: The Planetary Society; conventions in 07 FINDINGS R73
planetary_society_pebd_mission_costs,"Major Programs, 1960 - 1980",1963,"Mariner (requested, inflation adj)",1191.13968,"USD millions (2025 dollars, PEBD inflation adjustment)",,"PEBD sheet 'Major Programs, 1960 - 1980' cell U6",R73; PEBD pull 2026-09-27 (workbook updated 2025-11-13); attribution: The Planetary Society; conventions in 07 FINDINGS R73
planetary_society_pebd_mission_costs,"Major Programs, 1960 - 1980",1963,"Mariner (actual, inflation adj)",614.192166,"USD millions (2025 dollars, PEBD inflation adjustment)",,"PEBD sheet 'Major Programs, 1960 - 1980' cell V6",R73; PEBD pull 2026-09-27 (workbook updated 2025-11-13); attribution: The Planetary Society; conventions in 07 FINDINGS R73
planetary_society_pebd_mission_costs,"Major Programs, 1960 - 1980",1963,Mariner % of Planetary,0.1919990305,fraction (0-1),,"PEBD sheet 'Major Programs, 1960 - 1980' cell W6",R73; PEBD pull 2026-09-27 (workbook updated 2025-11-13); attribution: The Planetary Society; conventions in 07 FINDINGS R73
planetary_society_pebd_mission_costs,"Major Programs, 1960 - 1980",1963,Pioneer (actual),2.614,USD millions (nominal),,"PEBD sheet 'Major Programs, 1960 - 1980' cell Y6",R73; PEBD pull 2026-09-27 (workbook updated 2025-11-13); attribution: The Planetary Society; conventions in 07 FINDINGS R73
planetary_society_pebd_mission_costs,"Major Programs, 1960 - 1980",1963,"Pioneer (actual, inflation adj)",37.531812,"USD millions (2025 dollars, PEBD inflation adjustment)",,"PEBD sheet 'Major Programs, 1960 - 1980' cell AA6",R73; PEBD pull 2026-09-27 (workbook updated 2025-11-13); attribution: The Planetary Society; conventions in 07 FINDINGS R73
planetary_society_pebd_mission_costs,"Major Programs, 1960 - 1980",1963,Pioneer % of Planetary,0.01173260083,fraction (0-1),,"PEBD sheet 'Major Programs, 1960 - 1980' cell AB6",R73; PEBD pull 2026-09-27 (workbook updated 2025-11-13); attribution: The Planetary Society; conventions in 07 FINDINGS R73
planetary_society_pebd_mission_costs,"Major Programs, 1960 - 1980",1964,Total Planetary Science,267.275,USD millions (nominal),,"PEBD sheet 'Major Programs, 1960 - 1980' cell C7",R73; PEBD pull 2026-09-27 (workbook updated 2025-11-13); attribution: The Planetary Society; conventions in 07 FINDINGS R73
planetary_society_pebd_mission_costs,"Major Programs, 1960 - 1980",1964,Ranger (requested),90,USD millions (nominal),,"PEBD sheet 'Major Programs, 1960 - 1980' cell D7",R73; PEBD pull 2026-09-27 (workbook updated 2025-11-13); attribution: The Planetary Society; conventions in 07 FINDINGS R73
planetary_society_pebd_mission_costs,"Major Programs, 1960 - 1980",1964,Ranger (actual),30.306,USD millions (nominal),,"PEBD sheet 'Major Programs, 1960 - 1980' cell E7",R73; PEBD pull 2026-09-27 (workbook updated 2025-11-13); attribution: The Planetary Society; conventions in 07 FINDINGS R73
planetary_society_pebd_mission_costs,"Major Programs, 1960 - 1980",1964,"Ranger (requested, inflation adj)",1236.6,"USD millions (2025 dollars, PEBD inflation adjustment)",,"PEBD sheet 'Major Programs, 1960 - 1980' cell F7",R73; PEBD pull 2026-09-27 (workbook updated 2025-11-13); attribution: The Planetary Society; conventions in 07 FINDINGS R73
planetary_society_pebd_mission_costs,"Major Programs, 1960 - 1980",1964,"Ranger (actual, inflation adj)",416.40444,"USD millions (2025 dollars, PEBD inflation adjustment)",,"PEBD sheet 'Major Programs, 1960 - 1980' cell G7",R73; PEBD pull 2026-09-27 (workbook updated 2025-11-13); attribution: The Planetary Society; conventions in 07 FINDINGS R73
planetary_society_pebd_mission_costs,"Major Programs, 1960 - 1980",1964,Ranger % of Planetary,0.1133888317,fraction (0-1),,"PEBD sheet 'Major Programs, 1960 - 1980' cell H7",R73; PEBD pull 2026-09-27 (workbook updated 2025-11-13); attribution: The Planetary Society; conventions in 07 FINDINGS R73
planetary_society_pebd_mission_costs,"Major Programs, 1960 - 1980",1964,Surveyor (requested),79.5,USD millions (nominal),,"PEBD sheet 'Major Programs, 1960 - 1980' cell I7",R73; PEBD pull 2026-09-27 (workbook updated 2025-11-13); attribution: The Planetary Society; conventions in 07 FINDINGS R73
planetary_society_pebd_mission_costs,"Major Programs, 1960 - 1980",1964,Surveyor (actual),102.704,USD millions (nominal),,"PEBD sheet 'Major Programs, 1960 - 1980' cell J7",R73; PEBD pull 2026-09-27 (workbook updated 2025-11-13); attribution: The Planetary Society; conventions in 07 FINDINGS R73
planetary_society_pebd_mission_costs,"Major Programs, 1960 - 1980",1964,"Surveyor (requested, inflation adj)",1092.33,"USD millions (2025 dollars, PEBD inflation adjustment)",,"PEBD sheet 'Major Programs, 1960 - 1980' cell K7",R73; PEBD pull 2026-09-27 (workbook updated 2025-11-13); attribution: The Planetary Society; conventions in 07 FINDINGS R73
planetary_society_pebd_mission_costs,"Major Programs, 1960 - 1980",1964,"Surveyor (actual, inflation adj)",1411.15296,"USD millions (2025 dollars, PEBD inflation adjustment)",,"PEBD sheet 'Major Programs, 1960 - 1980' cell L7",R73; PEBD pull 2026-09-27 (workbook updated 2025-11-13); attribution: The Planetary Society; conventions in 07 FINDINGS R73
planetary_society_pebd_mission_costs,"Major Programs, 1960 - 1980",1964,Surveyor % of Planetary,0.3842633991,fraction (0-1),,"PEBD sheet 'Major Programs, 1960 - 1980' cell M7",R73; PEBD pull 2026-09-27 (workbook updated 2025-11-13); attribution: The Planetary Society; conventions in 07 FINDINGS R73
planetary_society_pebd_mission_costs,"Major Programs, 1960 - 1980",1964,Lunar Orbiter (requested),18,USD millions (nominal),,"PEBD sheet 'Major Programs, 1960 - 1980' cell N7",R73; PEBD pull 2026-09-27 (workbook updated 2025-11-13); attribution: The Planetary Society; conventions in 07 FINDINGS R73
planetary_society_pebd_mission_costs,"Major Programs, 1960 - 1980",1964,Lunar Orbiter (actual),20,USD millions (nominal),,"PEBD sheet 'Major Programs, 1960 - 1980' cell O7",R73; PEBD pull 2026-09-27 (workbook updated 2025-11-13); attribution: The Planetary Society; conventions in 07 FINDINGS R73
planetary_society_pebd_mission_costs,"Major Programs, 1960 - 1980",1964,"Lunar Orbiter (requested, inflation adj)",247.32,"USD millions (2025 dollars, PEBD inflation adjustment)",,"PEBD sheet 'Major Programs, 1960 - 1980' cell P7",R73; PEBD pull 2026-09-27 (workbook updated 2025-11-13); attribution: The Planetary Society; conventions in 07 FINDINGS R73
planetary_society_pebd_mission_costs,"Major Programs, 1960 - 1980",1964,"Lunar Orbiter (actual, inflation adj)",274.8,"USD millions (2025 dollars, PEBD inflation adjustment)",,"PEBD sheet 'Major Programs, 1960 - 1980' cell Q7",R73; PEBD pull 2026-09-27 (workbook updated 2025-11-13); attribution: The Planetary Society; conventions in 07 FINDINGS R73
planetary_society_pebd_mission_costs,"Major Programs, 1960 - 1980",1964,Lunar Orbiter % of Planetary,0.07482929567,fraction (0-1),,"PEBD sheet 'Major Programs, 1960 - 1980' cell R7",R73; PEBD pull 2026-09-27 (workbook updated 2025-11-13); attribution: The Planetary Society; conventions in 07 FINDINGS R73
planetary_society_pebd_mission_costs,"Major Programs, 1960 - 1980",1964,Mariner (requested),100.1,USD millions (nominal),,"PEBD sheet 'Major Programs, 1960 - 1980' cell S7",R73; PEBD pull 2026-09-27 (workbook updated 2025-11-13); attribution: The Planetary Society; conventions in 07 FINDINGS R73
planetary_society_pebd_mission_costs,"Major Programs, 1960 - 1980",1964,Mariner (actual),59.702,USD millions (nominal),,"PEBD sheet 'Major Programs, 1960 - 1980' cell T7",R73; PEBD pull 2026-09-27 (workbook updated 2025-11-13); attribution: The Planetary Society; conventions in 07 FINDINGS R73
planetary_society_pebd_mission_costs,"Major Programs, 1960 - 1980",1964,"Mariner (requested, inflation adj)",1375.374,"USD millions (2025 dollars, PEBD inflation adjustment)",,"PEBD sheet 'Major Programs, 1960 - 1980' cell U7",R73; PEBD pull 2026-09-27 (workbook updated 2025-11-13); attribution: The Planetary Society; conventions in 07 FINDINGS R73
planetary_society_pebd_mission_costs,"Major Programs, 1960 - 1980",1964,"Mariner (actual, inflation adj)",820.30548,"USD millions (2025 dollars, PEBD inflation adjustment)",,"PEBD sheet 'Major Programs, 1960 - 1980' cell V7",R73; PEBD pull 2026-09-27 (workbook updated 2025-11-13); attribution: The Planetary Society; conventions in 07 FINDINGS R73
planetary_society_pebd_mission_costs,"Major Programs, 1960 - 1980",1964,Mariner % of Planetary,0.2233729305,fraction (0-1),,"PEBD sheet 'Major Programs, 1960 - 1980' cell W7",R73; PEBD pull 2026-09-27 (workbook updated 2025-11-13); attribution: The Planetary Society; conventions in 07 FINDINGS R73
planetary_society_pebd_mission_costs,"Major Programs, 1960 - 1980",1964,Pioneer (requested),15,USD millions (nominal),,"PEBD sheet 'Major Programs, 1960 - 1980' cell X7",R73; PEBD pull 2026-09-27 (workbook updated 2025-11-13); attribution: The Planetary Society; conventions in 07 FINDINGS R73
planetary_society_pebd_mission_costs,"Major Programs, 1960 - 1980",1964,Pioneer (actual),17.7,USD millions (nominal),,"PEBD sheet 'Major Programs, 1960 - 1980' cell Y7",R73; PEBD pull 2026-09-27 (workbook updated 2025-11-13); attribution: The Planetary Society; conventions in 07 FINDINGS R73
planetary_society_pebd_mission_costs,"Major Programs, 1960 - 1980",1964,"Pioneer (requested, inflation adj)",206.1,"USD millions (2025 dollars, PEBD inflation adjustment)",,"PEBD sheet 'Major Programs, 1960 - 1980' cell Z7",R73; PEBD pull 2026-09-27 (workbook updated 2025-11-13); attribution: The Planetary Society; conventions in 07 FINDINGS R73
planetary_society_pebd_mission_costs,"Major Programs, 1960 - 1980",1964,"Pioneer (actual, inflation adj)",243.198,"USD millions (2025 dollars, PEBD inflation adjustment)",,"PEBD sheet 'Major Programs, 1960 - 1980' cell AA7",R73; PEBD pull 2026-09-27 (workbook updated 2025-11-13); attribution: The Planetary Society; conventions in 07 FINDINGS R73
planetary_society_pebd_mission_costs,"Major Programs, 1960 - 1980",1964,Pioneer % of Planetary,0.06622392667,fraction (0-1),,"PEBD sheet 'Major Programs, 1960 - 1980' cell AB7",R73; PEBD pull 2026-09-27 (workbook updated 2025-11-13); attribution: The Planetary Society; conventions in 07 FINDINGS R73
planetary_society_pebd_mission_costs,"Major Programs, 1960 - 1980",1965,Total Planetary Science,267.549,USD millions (nominal),,"PEBD sheet 'Major Programs, 1960 - 1980' cell C8",R73; PEBD pull 2026-09-27 (workbook updated 2025-11-13); attribution: The Planetary Society; conventions in 07 FINDINGS R73
planetary_society_pebd_mission_costs,"Major Programs, 1960 - 1980",1965,Ranger (requested),10.8,USD millions (nominal),,"PEBD sheet 'Major Programs, 1960 - 1980' cell D8",R73; PEBD pull 2026-09-27 (workbook updated 2025-11-13); attribution: The Planetary Society; conventions in 07 FINDINGS R73
planetary_society_pebd_mission_costs,"Major Programs, 1960 - 1980",1965,Ranger (actual),11.037,USD millions (nominal),,"PEBD sheet 'Major Programs, 1960 - 1980' cell E8",R73; PEBD pull 2026-09-27 (workbook updated 2025-11-13); attribution: The Planetary Society; conventions in 07 FINDINGS R73
planetary_society_pebd_mission_costs,"Major Programs, 1960 - 1980",1965,"Ranger (requested, inflation adj)",143.5104,"USD millions (2025 dollars, PEBD inflation adjustment)",,"PEBD sheet 'Major Programs, 1960 - 1980' cell F8",R73; PEBD pull 2026-09-27 (workbook updated 2025-11-13); attribution: The Planetary Society; conventions in 07 FINDINGS R73
planetary_society_pebd_mission_costs,"Major Programs, 1960 - 1980",1965,"Ranger (actual, inflation adj)",146.659656,"USD millions (2025 dollars, PEBD inflation adjustment)",,"PEBD sheet 'Major Programs, 1960 - 1980' cell G8",R73; PEBD pull 2026-09-27 (workbook updated 2025-11-13); attribution: The Planetary Society; conventions in 07 FINDINGS R73
planetary_society_pebd_mission_costs,"Major Programs, 1960 - 1980",1965,Ranger % of Planetary,0.0412522566,fraction (0-1),,"PEBD sheet 'Major Programs, 1960 - 1980' cell H8",R73; PEBD pull 2026-09-27 (workbook updated 2025-11-13); attribution: The Planetary Society; conventions in 07 FINDINGS R73
planetary_society_pebd_mission_costs,"Major Programs, 1960 - 1980",1965,Surveyor (requested),136,USD millions (nominal),,"PEBD sheet 'Major Programs, 1960 - 1980' cell I8",R73; PEBD pull 2026-09-27 (workbook updated 2025-11-13); attribution: The Planetary Society; conventions in 07 FINDINGS R73
planetary_society_pebd_mission_costs,"Major Programs, 1960 - 1980",1965,Surveyor (actual),121.878,USD millions (nominal),,"PEBD sheet 'Major Programs, 1960 - 1980' cell J8",R73; PEBD pull 2026-09-27 (workbook updated 2025-11-13); attribution: The Planetary Society; conventions in 07 FINDINGS R73
planetary_society_pebd_mission_costs,"Major Programs, 1960 - 1980",1965,"Surveyor (requested, inflation adj)",1807.168,"USD millions (2025 dollars, PEBD inflation adjustment)",,"PEBD sheet 'Major Programs, 1960 - 1980' cell K8",R73; PEBD pull 2026-09-27 (workbook updated 2025-11-13); attribution: The Planetary Society; conventions in 07 FINDINGS R73
planetary_society_pebd_mission_costs,"Major Programs, 1960 - 1980",1965,"Surveyor (actual, inflation adj)",1619.514864,"USD millions (2025 dollars, PEBD inflation adjustment)",,"PEBD sheet 'Major Programs, 1960 - 1980' cell L8",R73; PEBD pull 2026-09-27 (workbook updated 2025-11-13); attribution: The Planetary Society; conventions in 07 FINDINGS R73
planetary_society_pebd_mission_costs,"Major Programs, 1960 - 1980",1965,Surveyor % of Planetary,0.4555352477,fraction (0-1),,"PEBD sheet 'Major Programs, 1960 - 1980' cell M8",R73; PEBD pull 2026-09-27 (workbook updated 2025-11-13); attribution: The Planetary Society; conventions in 07 FINDINGS R73
planetary_society_pebd_mission_costs,"Major Programs, 1960 - 1980",1965,Lunar Orbiter (requested),49.3,USD millions (nominal),,"PEBD sheet 'Major Programs, 1960 - 1980' cell N8",R73; PEBD pull 2026-09-27 (workbook updated 2025-11-13); attribution: The Planetary Society; conventions in 07 FINDINGS R73
planetary_society_pebd_mission_costs,"Major Programs, 1960 - 1980",1965,Lunar Orbiter (actual),58.604,USD millions (nominal),,"PEBD sheet 'Major Programs, 1960 - 1980' cell O8",R73; PEBD pull 2026-09-27 (workbook updated 2025-11-13); attribution: The Planetary Society; conventions in 07 FINDINGS R73
planetary_society_pebd_mission_costs,"Major Programs, 1960 - 1980",1965,"Lunar Orbiter (requested, inflation adj)",655.0984,"USD millions (2025 dollars, PEBD inflation adjustment)",,"PEBD sheet 'Major Programs, 1960 - 1980' cell P8",R73; PEBD pull 2026-09-27 (workbook updated 2025-11-13); attribution: The Planetary Society; conventions in 07 FINDINGS R73
planetary_society_pebd_mission_costs,"Major Programs, 1960 - 1980",1965,"Lunar Orbiter (actual, inflation adj)",778.729952,"USD millions (2025 dollars, PEBD inflation adjustment)",,"PEBD sheet 'Major Programs, 1960 - 1980' cell Q8",R73; PEBD pull 2026-09-27 (workbook updated 2025-11-13); attribution: The Planetary Society; conventions in 07 FINDINGS R73
planetary_society_pebd_mission_costs,"Major Programs, 1960 - 1980",1965,Lunar Orbiter % of Planetary,0.2190402506,fraction (0-1),,"PEBD sheet 'Major Programs, 1960 - 1980' cell R8",R73; PEBD pull 2026-09-27 (workbook updated 2025-11-13); attribution: The Planetary Society; conventions in 07 FINDINGS R73
planetary_society_pebd_mission_costs,"Major Programs, 1960 - 1980",1965,Mariner (requested),54.1,USD millions (nominal),,"PEBD sheet 'Major Programs, 1960 - 1980' cell S8",R73; PEBD pull 2026-09-27 (workbook updated 2025-11-13); attribution: The Planetary Society; conventions in 07 FINDINGS R73
planetary_society_pebd_mission_costs,"Major Programs, 1960 - 1980",1965,Mariner (actual),26.47,USD millions (nominal),,"PEBD sheet 'Major Programs, 1960 - 1980' cell T8",R73; PEBD pull 2026-09-27 (workbook updated 2025-11-13); attribution: The Planetary Society; conventions in 07 FINDINGS R73
planetary_society_pebd_mission_costs,"Major Programs, 1960 - 1980",1965,"Mariner (requested, inflation adj)",718.8808,"USD millions (2025 dollars, PEBD inflation adjustment)",,"PEBD sheet 'Major Programs, 1960 - 1980' cell U8",R73; PEBD pull 2026-09-27 (workbook updated 2025-11-13); attribution: The Planetary Society; conventions in 07 FINDINGS R73
planetary_society_pebd_mission_costs,"Major Programs, 1960 - 1980",1965,"Mariner (actual, inflation adj)",351.73336,"USD millions (2025 dollars, PEBD inflation adjustment)",,"PEBD sheet 'Major Programs, 1960 - 1980' cell V8",R73; PEBD pull 2026-09-27 (workbook updated 2025-11-13); attribution: The Planetary Society; conventions in 07 FINDINGS R73
planetary_society_pebd_mission_costs,"Major Programs, 1960 - 1980",1965,Mariner % of Planetary,0.09893514833,fraction (0-1),,"PEBD sheet 'Major Programs, 1960 - 1980' cell W8",R73; PEBD pull 2026-09-27 (workbook updated 2025-11-13); attribution: The Planetary Society; conventions in 07 FINDINGS R73
planetary_society_pebd_mission_costs,"Major Programs, 1960 - 1980",1965,Pioneer (requested),21.1,USD millions (nominal),,"PEBD sheet 'Major Programs, 1960 - 1980' cell X8",R73; PEBD pull 2026-09-27 (workbook updated 2025-11-13); attribution: The Planetary Society; conventions in 07 FINDINGS R73
planetary_society_pebd_mission_costs,"Major Programs, 1960 - 1980",1965,Pioneer (actual),18.521,USD millions (nominal),,"PEBD sheet 'Major Programs, 1960 - 1980' cell Y8",R73; PEBD pull 2026-09-27 (workbook updated 2025-11-13); attribution: The Planetary Society; conventions in 07 FINDINGS R73
planetary_society_pebd_mission_costs,"Major Programs, 1960 - 1980",1965,"Pioneer (requested, inflation adj)",280.3768,"USD millions (2025 dollars, PEBD inflation adjustment)",,"PEBD sheet 'Major Programs, 1960 - 1980' cell Z8",R73; PEBD pull 2026-09-27 (workbook updated 2025-11-13); attribution: The Planetary Society; conventions in 07 FINDINGS R73
planetary_society_pebd_mission_costs,"Major Programs, 1960 - 1980",1965,"Pioneer (actual, inflation adj)",246.107048,"USD millions (2025 dollars, PEBD inflation adjustment)",,"PEBD sheet 'Major Programs, 1960 - 1980' cell AA8",R73; PEBD pull 2026-09-27 (workbook updated 2025-11-13); attribution: The Planetary Society; conventions in 07 FINDINGS R73
planetary_society_pebd_mission_costs,"Major Programs, 1960 - 1980",1965,Pioneer % of Planetary,0.06922470276,fraction (0-1),,"PEBD sheet 'Major Programs, 1960 - 1980' cell AB8",R73; PEBD pull 2026-09-27 (workbook updated 2025-11-13); attribution: The Planetary Society; conventions in 07 FINDINGS R73
planetary_society_pebd_mission_costs,"Major Programs, 1960 - 1980",1966,Total Planetary Science,280.295,USD millions (nominal),,"PEBD sheet 'Major Programs, 1960 - 1980' cell C9",R73; PEBD pull 2026-09-27 (workbook updated 2025-11-13); attribution: The Planetary Society; conventions in 07 FINDINGS R73
planetary_society_pebd_mission_costs,"Major Programs, 1960 - 1980",1966,Ranger (requested),1.615,USD millions (nominal),,"PEBD sheet 'Major Programs, 1960 - 1980' cell D9",R73; PEBD pull 2026-09-27 (workbook updated 2025-11-13); attribution: The Planetary Society; conventions in 07 FINDINGS R73
planetary_society_pebd_mission_costs,"Major Programs, 1960 - 1980",1966,Ranger (actual),1,USD millions (nominal),,"PEBD sheet 'Major Programs, 1960 - 1980' cell E9",R73; PEBD pull 2026-09-27 (workbook updated 2025-11-13); attribution: The Planetary Society; conventions in 07 FINDINGS R73
planetary_society_pebd_mission_costs,"Major Programs, 1960 - 1980",1966,"Ranger (requested, inflation adj)",20.24564,"USD millions (2025 dollars, PEBD inflation adjustment)",,"PEBD sheet 'Major Programs, 1960 - 1980' cell F9",R73; PEBD pull 2026-09-27 (workbook updated 2025-11-13); attribution: The Planetary Society; conventions in 07 FINDINGS R73
planetary_society_pebd_mission_costs,"Major Programs, 1960 - 1980",1966,"Ranger (actual, inflation adj)",12.536,"USD millions (2025 dollars, PEBD inflation adjustment)",,"PEBD sheet 'Major Programs, 1960 - 1980' cell G9",R73; PEBD pull 2026-09-27 (workbook updated 2025-11-13); attribution: The Planetary Society; conventions in 07 FINDINGS R73
planetary_society_pebd_mission_costs,"Major Programs, 1960 - 1980",1966,Ranger % of Planetary,0.003567669776,fraction (0-1),,"PEBD sheet 'Major Programs, 1960 - 1980' cell H9",R73; PEBD pull 2026-09-27 (workbook updated 2025-11-13); attribution: The Planetary Society; conventions in 07 FINDINGS R73
planetary_society_pebd_mission_costs,"Major Programs, 1960 - 1980",1966,Surveyor (requested),136,USD millions (nominal),,"PEBD sheet 'Major Programs, 1960 - 1980' cell I9",R73; PEBD pull 2026-09-27 (workbook updated 2025-11-13); attribution: The Planetary Society; conventions in 07 FINDINGS R73
planetary_society_pebd_mission_costs,"Major Programs, 1960 - 1980",1966,Surveyor (actual),119.634,USD millions (nominal),,"PEBD sheet 'Major Programs, 1960 - 1980' cell J9",R73; PEBD pull 2026-09-27 (workbook updated 2025-11-13); attribution: The Planetary Society; conventions in 07 FINDINGS R73
planetary_society_pebd_mission_costs,"Major Programs, 1960 - 1980",1966,"Surveyor (requested, inflation adj)",1704.896,"USD millions (2025 dollars, PEBD inflation adjustment)",,"PEBD sheet 'Major Programs, 1960 - 1980' cell K9",R73; PEBD pull 2026-09-27 (workbook updated 2025-11-13); attribution: The Planetary Society; conventions in 07 FINDINGS R73
planetary_society_pebd_mission_costs,"Major Programs, 1960 - 1980",1966,"Surveyor (actual, inflation adj)",1499.731824,"USD millions (2025 dollars, PEBD inflation adjustment)",,"PEBD sheet 'Major Programs, 1960 - 1980' cell L9",R73; PEBD pull 2026-09-27 (workbook updated 2025-11-13); attribution: The Planetary Society; conventions in 07 FINDINGS R73
planetary_society_pebd_mission_costs,"Major Programs, 1960 - 1980",1966,Surveyor % of Planetary,0.426814606,fraction (0-1),,"PEBD sheet 'Major Programs, 1960 - 1980' cell M9",R73; PEBD pull 2026-09-27 (workbook updated 2025-11-13); attribution: The Planetary Society; conventions in 07 FINDINGS R73
planetary_society_pebd_mission_costs,"Major Programs, 1960 - 1980",1966,Lunar Orbiter (requested),59.2,USD millions (nominal),,"PEBD sheet 'Major Programs, 1960 - 1980' cell N9",R73; PEBD pull 2026-09-27 (workbook updated 2025-11-13); attribution: The Planetary Society; conventions in 07 FINDINGS R73
planetary_society_pebd_mission_costs,"Major Programs, 1960 - 1980",1966,Lunar Orbiter (actual),72.581,USD millions (nominal),,"PEBD sheet 'Major Programs, 1960 - 1980' cell O9",R73; PEBD pull 2026-09-27 (workbook updated 2025-11-13); attribution: The Planetary Society; conventions in 07 FINDINGS R73
planetary_society_pebd_mission_costs,"Major Programs, 1960 - 1980",1966,"Lunar Orbiter (requested, inflation adj)",742.1312,"USD millions (2025 dollars, PEBD inflation adjustment)",,"PEBD sheet 'Major Programs, 1960 - 1980' cell P9",R73; PEBD pull 2026-09-27 (workbook updated 2025-11-13); attribution: The Planetary Society; conventions in 07 FINDINGS R73
planetary_society_pebd_mission_costs,"Major Programs, 1960 - 1980",1966,"Lunar Orbiter (actual, inflation adj)",909.875416,"USD millions (2025 dollars, PEBD inflation adjustment)",,"PEBD sheet 'Major Programs, 1960 - 1980' cell Q9",R73; PEBD pull 2026-09-27 (workbook updated 2025-11-13); attribution: The Planetary Society; conventions in 07 FINDINGS R73
planetary_society_pebd_mission_costs,"Major Programs, 1960 - 1980",1966,Lunar Orbiter % of Planetary,0.25894504,fraction (0-1),,"PEBD sheet 'Major Programs, 1960 - 1980' cell R9",R73; PEBD pull 2026-09-27 (workbook updated 2025-11-13); attribution: The Planetary Society; conventions in 07 FINDINGS R73
planetary_society_pebd_mission_costs,"Major Programs, 1960 - 1980",1966,Mariner (requested),4,USD millions (nominal),,"PEBD sheet 'Major Programs, 1960 - 1980' cell S9",R73; PEBD pull 2026-09-27 (workbook updated 2025-11-13); attribution: The Planetary Society; conventions in 07 FINDINGS R73
planetary_society_pebd_mission_costs,"Major Programs, 1960 - 1980",1966,Mariner (actual),32.085,USD millions (nominal),,"PEBD sheet 'Major Programs, 1960 - 1980' cell T9",R73; PEBD pull 2026-09-27 (workbook updated 2025-11-13); attribution: The Planetary Society; conventions in 07 FINDINGS R73
planetary_society_pebd_mission_costs,"Major Programs, 1960 - 1980",1966,"Mariner (requested, inflation adj)",50.144,"USD millions (2025 dollars, PEBD inflation adjustment)",,"PEBD sheet 'Major Programs, 1960 - 1980' cell U9",R73; PEBD pull 2026-09-27 (workbook updated 2025-11-13); attribution: The Planetary Society; conventions in 07 FINDINGS R73
planetary_society_pebd_mission_costs,"Major Programs, 1960 - 1980",1966,"Mariner (actual, inflation adj)",402.21756,"USD millions (2025 dollars, PEBD inflation adjustment)",,"PEBD sheet 'Major Programs, 1960 - 1980' cell V9",R73; PEBD pull 2026-09-27 (workbook updated 2025-11-13); attribution: The Planetary Society; conventions in 07 FINDINGS R73
planetary_society_pebd_mission_costs,"Major Programs, 1960 - 1980",1966,Mariner % of Planetary,0.1144686848,fraction (0-1),,"PEBD sheet 'Major Programs, 1960 - 1980' cell W9",R73; PEBD pull 2026-09-27 (workbook updated 2025-11-13); attribution: The Planetary Society; conventions in 07 FINDINGS R73
planetary_society_pebd_mission_costs,"Major Programs, 1960 - 1980",1966,Pioneer (requested),13.9,USD millions (nominal),,"PEBD sheet 'Major Programs, 1960 - 1980' cell X9",R73; PEBD pull 2026-09-27 (workbook updated 2025-11-13); attribution: The Planetary Society; conventions in 07 FINDINGS R73
planetary_society_pebd_mission_costs,"Major Programs, 1960 - 1980",1966,Pioneer (actual),16.699,USD millions (nominal),,"PEBD sheet 'Major Programs, 1960 - 1980' cell Y9",R73; PEBD pull 2026-09-27 (workbook updated 2025-11-13); attribution: The Planetary Society; conventions in 07 FINDINGS R73
planetary_society_pebd_mission_costs,"Major Programs, 1960 - 1980",1966,"Pioneer (requested, inflation adj)",174.2504,"USD millions (2025 dollars, PEBD inflation adjustment)",,"PEBD sheet 'Major Programs, 1960 - 1980' cell Z9",R73; PEBD pull 2026-09-27 (workbook updated 2025-11-13); attribution: The Planetary Society; conventions in 07 FINDINGS R73
planetary_society_pebd_mission_costs,"Major Programs, 1960 - 1980",1966,"Pioneer (actual, inflation adj)",209.338664,"USD millions (2025 dollars, PEBD inflation adjustment)",,"PEBD sheet 'Major Programs, 1960 - 1980' cell AA9",R73; PEBD pull 2026-09-27 (workbook updated 2025-11-13); attribution: The Planetary Society; conventions in 07 FINDINGS R73
planetary_society_pebd_mission_costs,"Major Programs, 1960 - 1980",1966,Pioneer % of Planetary,0.0595765176,fraction (0-1),,"PEBD sheet 'Major Programs, 1960 - 1980' cell AB9",R73; PEBD pull 2026-09-27 (workbook updated 2025-11-13); attribution: The Planetary Society; conventions in 07 FINDINGS R73
planetary_society_pebd_mission_costs,"Major Programs, 1960 - 1980",1967,Total Planetary Science,218.167,USD millions (nominal),,"PEBD sheet 'Major Programs, 1960 - 1980' cell C10",R73; PEBD pull 2026-09-27 (workbook updated 2025-11-13); attribution: The Planetary Society; conventions in 07 FINDINGS R73
planetary_society_pebd_mission_costs,"Major Programs, 1960 - 1980",1967,Surveyor (requested),140.4,USD millions (nominal),,"PEBD sheet 'Major Programs, 1960 - 1980' cell I10",R73; PEBD pull 2026-09-27 (workbook updated 2025-11-13); attribution: The Planetary Society; conventions in 07 FINDINGS R73
planetary_society_pebd_mission_costs,"Major Programs, 1960 - 1980",1967,Surveyor (actual),87.542,USD millions (nominal),,"PEBD sheet 'Major Programs, 1960 - 1980' cell J10",R73; PEBD pull 2026-09-27 (workbook updated 2025-11-13); attribution: The Planetary Society; conventions in 07 FINDINGS R73
planetary_society_pebd_mission_costs,"Major Programs, 1960 - 1980",1967,"Surveyor (requested, inflation adj)",1677.9204,"USD millions (2025 dollars, PEBD inflation adjustment)",,"PEBD sheet 'Major Programs, 1960 - 1980' cell K10",R73; PEBD pull 2026-09-27 (workbook updated 2025-11-13); attribution: The Planetary Society; conventions in 07 FINDINGS R73
planetary_society_pebd_mission_costs,"Major Programs, 1960 - 1980",1967,"Surveyor (actual, inflation adj)",1046.214442,"USD millions (2025 dollars, PEBD inflation adjustment)",,"PEBD sheet 'Major Programs, 1960 - 1980' cell L10",R73; PEBD pull 2026-09-27 (workbook updated 2025-11-13); attribution: The Planetary Society; conventions in 07 FINDINGS R73
planetary_society_pebd_mission_costs,"Major Programs, 1960 - 1980",1967,Surveyor % of Planetary,0.401261419,fraction (0-1),,"PEBD sheet 'Major Programs, 1960 - 1980' cell M10",R73; PEBD pull 2026-09-27 (workbook updated 2025-11-13); attribution: The Planetary Society; conventions in 07 FINDINGS R73
planetary_society_pebd_mission_costs,"Major Programs, 1960 - 1980",1967,Lunar Orbiter (requested),29.167,USD millions (nominal),,"PEBD sheet 'Major Programs, 1960 - 1980' cell N10",R73; PEBD pull 2026-09-27 (workbook updated 2025-11-13); attribution: The Planetary Society; conventions in 07 FINDINGS R73
planetary_society_pebd_mission_costs,"Major Programs, 1960 - 1980",1967,Lunar Orbiter (actual),35.3,USD millions (nominal),,"PEBD sheet 'Major Programs, 1960 - 1980' cell O10",R73; PEBD pull 2026-09-27 (workbook updated 2025-11-13); attribution: The Planetary Society; conventions in 07 FINDINGS R73
planetary_society_pebd_mission_costs,"Major Programs, 1960 - 1980",1967,"Lunar Orbiter (requested, inflation adj)",348.574817,"USD millions (2025 dollars, PEBD inflation adjustment)",,"PEBD sheet 'Major Programs, 1960 - 1980' cell P10",R73; PEBD pull 2026-09-27 (workbook updated 2025-11-13); attribution: The Planetary Society; conventions in 07 FINDINGS R73
planetary_society_pebd_mission_costs,"Major Programs, 1960 - 1980",1967,"Lunar Orbiter (actual, inflation adj)",421.8703,"USD millions (2025 dollars, PEBD inflation adjustment)",,"PEBD sheet 'Major Programs, 1960 - 1980' cell Q10",R73; PEBD pull 2026-09-27 (workbook updated 2025-11-13); attribution: The Planetary Society; conventions in 07 FINDINGS R73
planetary_society_pebd_mission_costs,"Major Programs, 1960 - 1980",1967,Lunar Orbiter % of Planetary,0.1618026558,fraction (0-1),,"PEBD sheet 'Major Programs, 1960 - 1980' cell R10",R73; PEBD pull 2026-09-27 (workbook updated 2025-11-13); attribution: The Planetary Society; conventions in 07 FINDINGS R73
planetary_society_pebd_mission_costs,"Major Programs, 1960 - 1980",1967,Mariner (requested),33.367,USD millions (nominal),,"PEBD sheet 'Major Programs, 1960 - 1980' cell S10",R73; PEBD pull 2026-09-27 (workbook updated 2025-11-13); attribution: The Planetary Society; conventions in 07 FINDINGS R73
planetary_society_pebd_mission_costs,"Major Programs, 1960 - 1980",1967,Mariner (actual),52.188,USD millions (nominal),,"PEBD sheet 'Major Programs, 1960 - 1980' cell T10",R73; PEBD pull 2026-09-27 (workbook updated 2025-11-13); attribution: The Planetary Society; conventions in 07 FINDINGS R73
planetary_society_pebd_mission_costs,"Major Programs, 1960 - 1980",1967,"Mariner (requested, inflation adj)",398.769017,"USD millions (2025 dollars, PEBD inflation adjustment)",,"PEBD sheet 'Major Programs, 1960 - 1980' cell U10",R73; PEBD pull 2026-09-27 (workbook updated 2025-11-13); attribution: The Planetary Society; conventions in 07 FINDINGS R73
planetary_society_pebd_mission_costs,"Major Programs, 1960 - 1980",1967,"Mariner (actual, inflation adj)",623.698788,"USD millions (2025 dollars, PEBD inflation adjustment)",,"PEBD sheet 'Major Programs, 1960 - 1980' cell V10",R73; PEBD pull 2026-09-27 (workbook updated 2025-11-13); attribution: The Planetary Society; conventions in 07 FINDINGS R73
planetary_society_pebd_mission_costs,"Major Programs, 1960 - 1980",1967,Mariner % of Planetary,0.2392112464,fraction (0-1),,"PEBD sheet 'Major Programs, 1960 - 1980' cell W10",R73; PEBD pull 2026-09-27 (workbook updated 2025-11-13); attribution: The Planetary Society; conventions in 07 FINDINGS R73
planetary_society_pebd_mission_costs,"Major Programs, 1960 - 1980",1967,Pioneer (requested),7.701,USD millions (nominal),,"PEBD sheet 'Major Programs, 1960 - 1980' cell X10",R73; PEBD pull 2026-09-27 (workbook updated 2025-11-13); attribution: The Planetary Society; conventions in 07 FINDINGS R73
planetary_society_pebd_mission_costs,"Major Programs, 1960 - 1980",1967,Pioneer (actual),8.117,USD millions (nominal),,"PEBD sheet 'Major Programs, 1960 - 1980' cell Y10",R73; PEBD pull 2026-09-27 (workbook updated 2025-11-13); attribution: The Planetary Society; conventions in 07 FINDINGS R73
planetary_society_pebd_mission_costs,"Major Programs, 1960 - 1980",1967,"Pioneer (requested, inflation adj)",92.034651,"USD millions (2025 dollars, PEBD inflation adjustment)",,"PEBD sheet 'Major Programs, 1960 - 1980' cell Z10",R73; PEBD pull 2026-09-27 (workbook updated 2025-11-13); attribution: The Planetary Society; conventions in 07 FINDINGS R73
planetary_society_pebd_mission_costs,"Major Programs, 1960 - 1980",1967,"Pioneer (actual, inflation adj)",97.006267,"USD millions (2025 dollars, PEBD inflation adjustment)",,"PEBD sheet 'Major Programs, 1960 - 1980' cell AA10",R73; PEBD pull 2026-09-27 (workbook updated 2025-11-13); attribution: The Planetary Society; conventions in 07 FINDINGS R73
planetary_society_pebd_mission_costs,"Major Programs, 1960 - 1980",1967,Pioneer % of Planetary,0.03720544354,fraction (0-1),,"PEBD sheet 'Major Programs, 1960 - 1980' cell AB10",R73; PEBD pull 2026-09-27 (workbook updated 2025-11-13); attribution: The Planetary Society; conventions in 07 FINDINGS R73
planetary_society_pebd_mission_costs,"Major Programs, 1960 - 1980",1968,Total Planetary Science,156.874,USD millions (nominal),,"PEBD sheet 'Major Programs, 1960 - 1980' cell C11",R73; PEBD pull 2026-09-27 (workbook updated 2025-11-13); attribution: The Planetary Society; conventions in 07 FINDINGS R73
planetary_society_pebd_mission_costs,"Major Programs, 1960 - 1980",1968,Surveyor (requested),46,USD millions (nominal),,"PEBD sheet 'Major Programs, 1960 - 1980' cell I11",R73; PEBD pull 2026-09-27 (workbook updated 2025-11-13); attribution: The Planetary Society; conventions in 07 FINDINGS R73
planetary_society_pebd_mission_costs,"Major Programs, 1960 - 1980",1968,Surveyor (actual),33,USD millions (nominal),,"PEBD sheet 'Major Programs, 1960 - 1980' cell J11",R73; PEBD pull 2026-09-27 (workbook updated 2025-11-13); attribution: The Planetary Society; conventions in 07 FINDINGS R73
planetary_society_pebd_mission_costs,"Major Programs, 1960 - 1980",1968,"Surveyor (requested, inflation adj)",521.548,"USD millions (2025 dollars, PEBD inflation adjustment)",,"PEBD sheet 'Major Programs, 1960 - 1980' cell K11",R73; PEBD pull 2026-09-27 (workbook updated 2025-11-13); attribution: The Planetary Society; conventions in 07 FINDINGS R73
planetary_society_pebd_mission_costs,"Major Programs, 1960 - 1980",1968,"Surveyor (actual, inflation adj)",374.154,"USD millions (2025 dollars, PEBD inflation adjustment)",,"PEBD sheet 'Major Programs, 1960 - 1980' cell L11",R73; PEBD pull 2026-09-27 (workbook updated 2025-11-13); attribution: The Planetary Society; conventions in 07 FINDINGS R73
planetary_society_pebd_mission_costs,"Major Programs, 1960 - 1980",1968,Surveyor % of Planetary,0.2103599067,fraction (0-1),,"PEBD sheet 'Major Programs, 1960 - 1980' cell M11",R73; PEBD pull 2026-09-27 (workbook updated 2025-11-13); attribution: The Planetary Society; conventions in 07 FINDINGS R73
planetary_society_pebd_mission_costs,"Major Programs, 1960 - 1980",1968,Lunar Orbiter (requested),10.8,USD millions (nominal),,"PEBD sheet 'Major Programs, 1960 - 1980' cell N11",R73; PEBD pull 2026-09-27 (workbook updated 2025-11-13); attribution: The Planetary Society; conventions in 07 FINDINGS R73
planetary_society_pebd_mission_costs,"Major Programs, 1960 - 1980",1968,Lunar Orbiter (actual),10,USD millions (nominal),,"PEBD sheet 'Major Programs, 1960 - 1980' cell O11",R73; PEBD pull 2026-09-27 (workbook updated 2025-11-13); attribution: The Planetary Society; conventions in 07 FINDINGS R73
planetary_society_pebd_mission_costs,"Major Programs, 1960 - 1980",1968,"Lunar Orbiter (requested, inflation adj)",122.4504,"USD millions (2025 dollars, PEBD inflation adjustment)",,"PEBD sheet 'Major Programs, 1960 - 1980' cell P11",R73; PEBD pull 2026-09-27 (workbook updated 2025-11-13); attribution: The Planetary Society; conventions in 07 FINDINGS R73
planetary_society_pebd_mission_costs,"Major Programs, 1960 - 1980",1968,"Lunar Orbiter (actual, inflation adj)",113.38,"USD millions (2025 dollars, PEBD inflation adjustment)",,"PEBD sheet 'Major Programs, 1960 - 1980' cell Q11",R73; PEBD pull 2026-09-27 (workbook updated 2025-11-13); attribution: The Planetary Society; conventions in 07 FINDINGS R73
planetary_society_pebd_mission_costs,"Major Programs, 1960 - 1980",1968,Lunar Orbiter % of Planetary,0.06374542627,fraction (0-1),,"PEBD sheet 'Major Programs, 1960 - 1980' cell R11",R73; PEBD pull 2026-09-27 (workbook updated 2025-11-13); attribution: The Planetary Society; conventions in 07 FINDINGS R73
planetary_society_pebd_mission_costs,"Major Programs, 1960 - 1980",1968,Mariner (requested),83.338,USD millions (nominal),,"PEBD sheet 'Major Programs, 1960 - 1980' cell S11",R73; PEBD pull 2026-09-27 (workbook updated 2025-11-13); attribution: The Planetary Society; conventions in 07 FINDINGS R73
planetary_society_pebd_mission_costs,"Major Programs, 1960 - 1980",1968,Mariner (actual),73.124,USD millions (nominal),,"PEBD sheet 'Major Programs, 1960 - 1980' cell T11",R73; PEBD pull 2026-09-27 (workbook updated 2025-11-13); attribution: The Planetary Society; conventions in 07 FINDINGS R73
planetary_society_pebd_mission_costs,"Major Programs, 1960 - 1980",1968,"Mariner (requested, inflation adj)",944.886244,"USD millions (2025 dollars, PEBD inflation adjustment)",,"PEBD sheet 'Major Programs, 1960 - 1980' cell U11",R73; PEBD pull 2026-09-27 (workbook updated 2025-11-13); attribution: The Planetary Society; conventions in 07 FINDINGS R73
planetary_society_pebd_mission_costs,"Major Programs, 1960 - 1980",1968,"Mariner (actual, inflation adj)",829.079912,"USD millions (2025 dollars, PEBD inflation adjustment)",,"PEBD sheet 'Major Programs, 1960 - 1980' cell V11",R73; PEBD pull 2026-09-27 (workbook updated 2025-11-13); attribution: The Planetary Society; conventions in 07 FINDINGS R73
planetary_society_pebd_mission_costs,"Major Programs, 1960 - 1980",1968,Mariner % of Planetary,0.466132055,fraction (0-1),,"PEBD sheet 'Major Programs, 1960 - 1980' cell W11",R73; PEBD pull 2026-09-27 (workbook updated 2025-11-13); attribution: The Planetary Society; conventions in 07 FINDINGS R73
planetary_society_pebd_mission_costs,"Major Programs, 1960 - 1980",1968,Pioneer (requested),9.5,USD millions (nominal),,"PEBD sheet 'Major Programs, 1960 - 1980' cell X11",R73; PEBD pull 2026-09-27 (workbook updated 2025-11-13); attribution: The Planetary Society; conventions in 07 FINDINGS R73
planetary_society_pebd_mission_costs,"Major Programs, 1960 - 1980",1968,Pioneer (actual),8.5,USD millions (nominal),,"PEBD sheet 'Major Programs, 1960 - 1980' cell Y11",R73; PEBD pull 2026-09-27 (workbook updated 2025-11-13); attribution: The Planetary Society; conventions in 07 FINDINGS R73
planetary_society_pebd_mission_costs,"Major Programs, 1960 - 1980",1968,"Pioneer (requested, inflation adj)",107.711,"USD millions (2025 dollars, PEBD inflation adjustment)",,"PEBD sheet 'Major Programs, 1960 - 1980' cell Z11",R73; PEBD pull 2026-09-27 (workbook updated 2025-11-13); attribution: The Planetary Society; conventions in 07 FINDINGS R73
planetary_society_pebd_mission_costs,"Major Programs, 1960 - 1980",1968,"Pioneer (actual, inflation adj)",96.373,"USD millions (2025 dollars, PEBD inflation adjustment)",,"PEBD sheet 'Major Programs, 1960 - 1980' cell AA11",R73; PEBD pull 2026-09-27 (workbook updated 2025-11-13); attribution: The Planetary Society; conventions in 07 FINDINGS R73
planetary_society_pebd_mission_costs,"Major Programs, 1960 - 1980",1968,Pioneer % of Planetary,0.05418361233,fraction (0-1),,"PEBD sheet 'Major Programs, 1960 - 1980' cell AB11",R73; PEBD pull 2026-09-27 (workbook updated 2025-11-13); attribution: The Planetary Society; conventions in 07 FINDINGS R73
planetary_society_pebd_mission_costs,"Major Programs, 1960 - 1980",1969,Total Planetary Science,101.329,USD millions (nominal),,"PEBD sheet 'Major Programs, 1960 - 1980' cell C12",R73; PEBD pull 2026-09-27 (workbook updated 2025-11-13); attribution: The Planetary Society; conventions in 07 FINDINGS R73
planetary_society_pebd_mission_costs,"Major Programs, 1960 - 1980",1969,Mariner (requested),54.6,USD millions (nominal),,"PEBD sheet 'Major Programs, 1960 - 1980' cell S12",R73; PEBD pull 2026-09-27 (workbook updated 2025-11-13); attribution: The Planetary Society; conventions in 07 FINDINGS R73
planetary_society_pebd_mission_costs,"Major Programs, 1960 - 1980",1969,Mariner (actual),57.227,USD millions (nominal),,"PEBD sheet 'Major Programs, 1960 - 1980' cell T12",R73; PEBD pull 2026-09-27 (workbook updated 2025-11-13); attribution: The Planetary Society; conventions in 07 FINDINGS R73
planetary_society_pebd_mission_costs,"Major Programs, 1960 - 1980",1969,"Mariner (requested, inflation adj)",585.6942,"USD millions (2025 dollars, PEBD inflation adjustment)",,"PEBD sheet 'Major Programs, 1960 - 1980' cell U12",R73; PEBD pull 2026-09-27 (workbook updated 2025-11-13); attribution: The Planetary Society; conventions in 07 FINDINGS R73
planetary_society_pebd_mission_costs,"Major Programs, 1960 - 1980",1969,"Mariner (actual, inflation adj)",613.874029,"USD millions (2025 dollars, PEBD inflation adjustment)",,"PEBD sheet 'Major Programs, 1960 - 1980' cell V12",R73; PEBD pull 2026-09-27 (workbook updated 2025-11-13); attribution: The Planetary Society; conventions in 07 FINDINGS R73
planetary_society_pebd_mission_costs,"Major Programs, 1960 - 1980",1969,Mariner % of Planetary,0.5647642827,fraction (0-1),,"PEBD sheet 'Major Programs, 1960 - 1980' cell W12",R73; PEBD pull 2026-09-27 (workbook updated 2025-11-13); attribution: The Planetary Society; conventions in 07 FINDINGS R73
planetary_society_pebd_mission_costs,"Major Programs, 1960 - 1980",1969,Pioneer (requested),6.65,USD millions (nominal),,"PEBD sheet 'Major Programs, 1960 - 1980' cell X12",R73; PEBD pull 2026-09-27 (workbook updated 2025-11-13); attribution: The Planetary Society; conventions in 07 FINDINGS R73
planetary_society_pebd_mission_costs,"Major Programs, 1960 - 1980",1969,Pioneer (actual),5.965,USD millions (nominal),,"PEBD sheet 'Major Programs, 1960 - 1980' cell Y12",R73; PEBD pull 2026-09-27 (workbook updated 2025-11-13); attribution: The Planetary Society; conventions in 07 FINDINGS R73
planetary_society_pebd_mission_costs,"Major Programs, 1960 - 1980",1969,"Pioneer (requested, inflation adj)",71.33455,"USD millions (2025 dollars, PEBD inflation adjustment)",,"PEBD sheet 'Major Programs, 1960 - 1980' cell Z12",R73; PEBD pull 2026-09-27 (workbook updated 2025-11-13); attribution: The Planetary Society; conventions in 07 FINDINGS R73
planetary_society_pebd_mission_costs,"Major Programs, 1960 - 1980",1969,"Pioneer (actual, inflation adj)",63.986555,"USD millions (2025 dollars, PEBD inflation adjustment)",,"PEBD sheet 'Major Programs, 1960 - 1980' cell AA12",R73; PEBD pull 2026-09-27 (workbook updated 2025-11-13); attribution: The Planetary Society; conventions in 07 FINDINGS R73
planetary_society_pebd_mission_costs,"Major Programs, 1960 - 1980",1969,Pioneer % of Planetary,0.05886764895,fraction (0-1),,"PEBD sheet 'Major Programs, 1960 - 1980' cell AB12",R73; PEBD pull 2026-09-27 (workbook updated 2025-11-13); attribution: The Planetary Society; conventions in 07 FINDINGS R73
planetary_society_pebd_mission_costs,"Major Programs, 1960 - 1980",1970,Total Planetary Science,162.421,USD millions (nominal),,"PEBD sheet 'Major Programs, 1960 - 1980' cell C13",R73; PEBD pull 2026-09-27 (workbook updated 2025-11-13); attribution: The Planetary Society; conventions in 07 FINDINGS R73
planetary_society_pebd_mission_costs,"Major Programs, 1960 - 1980",1970,Mariner (requested),64.812,USD millions (nominal),,"PEBD sheet 'Major Programs, 1960 - 1980' cell S13",R73; PEBD pull 2026-09-27 (workbook updated 2025-11-13); attribution: The Planetary Society; conventions in 07 FINDINGS R73
planetary_society_pebd_mission_costs,"Major Programs, 1960 - 1980",1970,Mariner (actual),73.071,USD millions (nominal),,"PEBD sheet 'Major Programs, 1960 - 1980' cell T13",R73; PEBD pull 2026-09-27 (workbook updated 2025-11-13); attribution: The Planetary Society; conventions in 07 FINDINGS R73
planetary_society_pebd_mission_costs,"Major Programs, 1960 - 1980",1970,"Mariner (requested, inflation adj)",650.38842,"USD millions (2025 dollars, PEBD inflation adjustment)",,"PEBD sheet 'Major Programs, 1960 - 1980' cell U13",R73; PEBD pull 2026-09-27 (workbook updated 2025-11-13); attribution: The Planetary Society; conventions in 07 FINDINGS R73
planetary_society_pebd_mission_costs,"Major Programs, 1960 - 1980",1970,"Mariner (actual, inflation adj)",733.267485,"USD millions (2025 dollars, PEBD inflation adjustment)",,"PEBD sheet 'Major Programs, 1960 - 1980' cell V13",R73; PEBD pull 2026-09-27 (workbook updated 2025-11-13); attribution: The Planetary Society; conventions in 07 FINDINGS R73
planetary_society_pebd_mission_costs,"Major Programs, 1960 - 1980",1970,Mariner % of Planetary,0.4498864063,fraction (0-1),,"PEBD sheet 'Major Programs, 1960 - 1980' cell W13",R73; PEBD pull 2026-09-27 (workbook updated 2025-11-13); attribution: The Planetary Society; conventions in 07 FINDINGS R73
planetary_society_pebd_mission_costs,"Major Programs, 1960 - 1980",1970,Pioneer (requested),26.039,USD millions (nominal),,"PEBD sheet 'Major Programs, 1960 - 1980' cell X13",R73; PEBD pull 2026-09-27 (workbook updated 2025-11-13); attribution: The Planetary Society; conventions in 07 FINDINGS R73
planetary_society_pebd_mission_costs,"Major Programs, 1960 - 1980",1970,Pioneer (actual),24.961,USD millions (nominal),,"PEBD sheet 'Major Programs, 1960 - 1980' cell Y13",R73; PEBD pull 2026-09-27 (workbook updated 2025-11-13); attribution: The Planetary Society; conventions in 07 FINDINGS R73
planetary_society_pebd_mission_costs,"Major Programs, 1960 - 1980",1970,"Pioneer (requested, inflation adj)",261.301365,"USD millions (2025 dollars, PEBD inflation adjustment)",,"PEBD sheet 'Major Programs, 1960 - 1980' cell Z13",R73; PEBD pull 2026-09-27 (workbook updated 2025-11-13); attribution: The Planetary Society; conventions in 07 FINDINGS R73
planetary_society_pebd_mission_costs,"Major Programs, 1960 - 1980",1970,"Pioneer (actual, inflation adj)",250.483635,"USD millions (2025 dollars, PEBD inflation adjustment)",,"PEBD sheet 'Major Programs, 1960 - 1980' cell AA13",R73; PEBD pull 2026-09-27 (workbook updated 2025-11-13); attribution: The Planetary Society; conventions in 07 FINDINGS R73
planetary_society_pebd_mission_costs,"Major Programs, 1960 - 1980",1970,Pioneer % of Planetary,0.1536808664,fraction (0-1),,"PEBD sheet 'Major Programs, 1960 - 1980' cell AB13",R73; PEBD pull 2026-09-27 (workbook updated 2025-11-13); attribution: The Planetary Society; conventions in 07 FINDINGS R73
planetary_society_pebd_mission_costs,"Major Programs, 1960 - 1980",1971,Total Planetary Science,172.345,USD millions (nominal),,"PEBD sheet 'Major Programs, 1960 - 1980' cell C14",R73; PEBD pull 2026-09-27 (workbook updated 2025-11-13); attribution: The Planetary Society; conventions in 07 FINDINGS R73
planetary_society_pebd_mission_costs,"Major Programs, 1960 - 1980",1971,Mariner (requested),55.2,USD millions (nominal),,"PEBD sheet 'Major Programs, 1960 - 1980' cell S14",R73; PEBD pull 2026-09-27 (workbook updated 2025-11-13); attribution: The Planetary Society; conventions in 07 FINDINGS R73
planetary_society_pebd_mission_costs,"Major Programs, 1960 - 1980",1971,Mariner (actual),44.885,USD millions (nominal),,"PEBD sheet 'Major Programs, 1960 - 1980' cell T14",R73; PEBD pull 2026-09-27 (workbook updated 2025-11-13); attribution: The Planetary Society; conventions in 07 FINDINGS R73
planetary_society_pebd_mission_costs,"Major Programs, 1960 - 1980",1971,"Mariner (requested, inflation adj)",521.088,"USD millions (2025 dollars, PEBD inflation adjustment)",,"PEBD sheet 'Major Programs, 1960 - 1980' cell U14",R73; PEBD pull 2026-09-27 (workbook updated 2025-11-13); attribution: The Planetary Society; conventions in 07 FINDINGS R73
planetary_society_pebd_mission_costs,"Major Programs, 1960 - 1980",1971,"Mariner (actual, inflation adj)",423.7144,"USD millions (2025 dollars, PEBD inflation adjustment)",,"PEBD sheet 'Major Programs, 1960 - 1980' cell V14",R73; PEBD pull 2026-09-27 (workbook updated 2025-11-13); attribution: The Planetary Society; conventions in 07 FINDINGS R73
planetary_society_pebd_mission_costs,"Major Programs, 1960 - 1980",1971,Mariner % of Planetary,0.2604369143,fraction (0-1),,"PEBD sheet 'Major Programs, 1960 - 1980' cell W14",R73; PEBD pull 2026-09-27 (workbook updated 2025-11-13); attribution: The Planetary Society; conventions in 07 FINDINGS R73
planetary_society_pebd_mission_costs,"Major Programs, 1960 - 1980",1971,Pioneer (requested),48.8,USD millions (nominal),,"PEBD sheet 'Major Programs, 1960 - 1980' cell X14",R73; PEBD pull 2026-09-27 (workbook updated 2025-11-13); attribution: The Planetary Society; conventions in 07 FINDINGS R73
planetary_society_pebd_mission_costs,"Major Programs, 1960 - 1980",1971,Pioneer (actual),59.975,USD millions (nominal),,"PEBD sheet 'Major Programs, 1960 - 1980' cell Y14",R73; PEBD pull 2026-09-27 (workbook updated 2025-11-13); attribution: The Planetary Society; conventions in 07 FINDINGS R73
planetary_society_pebd_mission_costs,"Major Programs, 1960 - 1980",1971,"Pioneer (requested, inflation adj)",460.672,"USD millions (2025 dollars, PEBD inflation adjustment)",,"PEBD sheet 'Major Programs, 1960 - 1980' cell Z14",R73; PEBD pull 2026-09-27 (workbook updated 2025-11-13); attribution: The Planetary Society; conventions in 07 FINDINGS R73
planetary_society_pebd_mission_costs,"Major Programs, 1960 - 1980",1971,"Pioneer (actual, inflation adj)",566.164,"USD millions (2025 dollars, PEBD inflation adjustment)",,"PEBD sheet 'Major Programs, 1960 - 1980' cell AA14",R73; PEBD pull 2026-09-27 (workbook updated 2025-11-13); attribution: The Planetary Society; conventions in 07 FINDINGS R73
planetary_society_pebd_mission_costs,"Major Programs, 1960 - 1980",1971,Pioneer % of Planetary,0.3479938495,fraction (0-1),,"PEBD sheet 'Major Programs, 1960 - 1980' cell AB14",R73; PEBD pull 2026-09-27 (workbook updated 2025-11-13); attribution: The Planetary Society; conventions in 07 FINDINGS R73
planetary_society_pebd_mission_costs,"Major Programs, 1960 - 1980",1972,Total Planetary Science,321.6,USD millions (nominal),,"PEBD sheet 'Major Programs, 1960 - 1980' cell C15",R73; PEBD pull 2026-09-27 (workbook updated 2025-11-13); attribution: The Planetary Society; conventions in 07 FINDINGS R73
planetary_society_pebd_mission_costs,"Major Programs, 1960 - 1980",1972,Mariner (requested),58.9,USD millions (nominal),,"PEBD sheet 'Major Programs, 1960 - 1980' cell S15",R73; PEBD pull 2026-09-27 (workbook updated 2025-11-13); attribution: The Planetary Society; conventions in 07 FINDINGS R73
planetary_society_pebd_mission_costs,"Major Programs, 1960 - 1980",1972,Mariner (actual),69.4,USD millions (nominal),,"PEBD sheet 'Major Programs, 1960 - 1980' cell T15",R73; PEBD pull 2026-09-27 (workbook updated 2025-11-13); attribution: The Planetary Society; conventions in 07 FINDINGS R73
planetary_society_pebd_mission_costs,"Major Programs, 1960 - 1980",1972,"Mariner (requested, inflation adj)",526.0359,"USD millions (2025 dollars, PEBD inflation adjustment)",,"PEBD sheet 'Major Programs, 1960 - 1980' cell U15",R73; PEBD pull 2026-09-27 (workbook updated 2025-11-13); attribution: The Planetary Society; conventions in 07 FINDINGS R73
planetary_society_pebd_mission_costs,"Major Programs, 1960 - 1980",1972,"Mariner (actual, inflation adj)",619.8114,"USD millions (2025 dollars, PEBD inflation adjustment)",,"PEBD sheet 'Major Programs, 1960 - 1980' cell V15",R73; PEBD pull 2026-09-27 (workbook updated 2025-11-13); attribution: The Planetary Society; conventions in 07 FINDINGS R73
planetary_society_pebd_mission_costs,"Major Programs, 1960 - 1980",1972,Mariner % of Planetary,0.2157960199,fraction (0-1),,"PEBD sheet 'Major Programs, 1960 - 1980' cell W15",R73; PEBD pull 2026-09-27 (workbook updated 2025-11-13); attribution: The Planetary Society; conventions in 07 FINDINGS R73
planetary_society_pebd_mission_costs,"Major Programs, 1960 - 1980",1972,Pioneer (requested),34.4,USD millions (nominal),,"PEBD sheet 'Major Programs, 1960 - 1980' cell X15",R73; PEBD pull 2026-09-27 (workbook updated 2025-11-13); attribution: The Planetary Society; conventions in 07 FINDINGS R73
planetary_society_pebd_mission_costs,"Major Programs, 1960 - 1980",1972,Pioneer (actual),25.364,USD millions (nominal),,"PEBD sheet 'Major Programs, 1960 - 1980' cell Y15",R73; PEBD pull 2026-09-27 (workbook updated 2025-11-13); attribution: The Planetary Society; conventions in 07 FINDINGS R73
planetary_society_pebd_mission_costs,"Major Programs, 1960 - 1980",1972,"Pioneer (requested, inflation adj)",307.2264,"USD millions (2025 dollars, PEBD inflation adjustment)",,"PEBD sheet 'Major Programs, 1960 - 1980' cell Z15",R73; PEBD pull 2026-09-27 (workbook updated 2025-11-13); attribution: The Planetary Society; conventions in 07 FINDINGS R73
planetary_society_pebd_mission_costs,"Major Programs, 1960 - 1980",1972,"Pioneer (actual, inflation adj)",226.525884,"USD millions (2025 dollars, PEBD inflation adjustment)",,"PEBD sheet 'Major Programs, 1960 - 1980' cell AA15",R73; PEBD pull 2026-09-27 (workbook updated 2025-11-13); attribution: The Planetary Society; conventions in 07 FINDINGS R73
planetary_society_pebd_mission_costs,"Major Programs, 1960 - 1980",1972,Pioneer % of Planetary,0.0788681592,fraction (0-1),,"PEBD sheet 'Major Programs, 1960 - 1980' cell AB15",R73; PEBD pull 2026-09-27 (workbook updated 2025-11-13); attribution: The Planetary Society; conventions in 07 FINDINGS R73
planetary_society_pebd_mission_costs,"Major Programs, 1960 - 1980",1973,Total Planetary Science,389.969,USD millions (nominal),,"PEBD sheet 'Major Programs, 1960 - 1980' cell C16",R73; PEBD pull 2026-09-27 (workbook updated 2025-11-13); attribution: The Planetary Society; conventions in 07 FINDINGS R73
planetary_society_pebd_mission_costs,"Major Programs, 1960 - 1980",1973,Mariner (requested),49.089,USD millions (nominal),,"PEBD sheet 'Major Programs, 1960 - 1980' cell S16",R73; PEBD pull 2026-09-27 (workbook updated 2025-11-13); attribution: The Planetary Society; conventions in 07 FINDINGS R73
planetary_society_pebd_mission_costs,"Major Programs, 1960 - 1980",1973,Mariner (actual),44.483,USD millions (nominal),,"PEBD sheet 'Major Programs, 1960 - 1980' cell T16",R73; PEBD pull 2026-09-27 (workbook updated 2025-11-13); attribution: The Planetary Society; conventions in 07 FINDINGS R73
planetary_society_pebd_mission_costs,"Major Programs, 1960 - 1980",1973,"Mariner (requested, inflation adj)",414.752961,"USD millions (2025 dollars, PEBD inflation adjustment)",,"PEBD sheet 'Major Programs, 1960 - 1980' cell U16",R73; PEBD pull 2026-09-27 (workbook updated 2025-11-13); attribution: The Planetary Society; conventions in 07 FINDINGS R73
planetary_society_pebd_mission_costs,"Major Programs, 1960 - 1980",1973,"Mariner (actual, inflation adj)",375.836867,"USD millions (2025 dollars, PEBD inflation adjustment)",,"PEBD sheet 'Major Programs, 1960 - 1980' cell V16",R73; PEBD pull 2026-09-27 (workbook updated 2025-11-13); attribution: The Planetary Society; conventions in 07 FINDINGS R73
planetary_society_pebd_mission_costs,"Major Programs, 1960 - 1980",1973,Mariner % of Planetary,0.1140680413,fraction (0-1),,"PEBD sheet 'Major Programs, 1960 - 1980' cell W16",R73; PEBD pull 2026-09-27 (workbook updated 2025-11-13); attribution: The Planetary Society; conventions in 07 FINDINGS R73
planetary_society_pebd_mission_costs,"Major Programs, 1960 - 1980",1973,Pioneer (requested),29.8,USD millions (nominal),,"PEBD sheet 'Major Programs, 1960 - 1980' cell X16",R73; PEBD pull 2026-09-27 (workbook updated 2025-11-13); attribution: The Planetary Society; conventions in 07 FINDINGS R73
planetary_society_pebd_mission_costs,"Major Programs, 1960 - 1980",1973,Pioneer (actual),29.773,USD millions (nominal),,"PEBD sheet 'Major Programs, 1960 - 1980' cell Y16",R73; PEBD pull 2026-09-27 (workbook updated 2025-11-13); attribution: The Planetary Society; conventions in 07 FINDINGS R73
planetary_society_pebd_mission_costs,"Major Programs, 1960 - 1980",1973,"Pioneer (requested, inflation adj)",251.7802,"USD millions (2025 dollars, PEBD inflation adjustment)",,"PEBD sheet 'Major Programs, 1960 - 1980' cell Z16",R73; PEBD pull 2026-09-27 (workbook updated 2025-11-13); attribution: The Planetary Society; conventions in 07 FINDINGS R73
planetary_society_pebd_mission_costs,"Major Programs, 1960 - 1980",1973,"Pioneer (actual, inflation adj)",251.552077,"USD millions (2025 dollars, PEBD inflation adjustment)",,"PEBD sheet 'Major Programs, 1960 - 1980' cell AA16",R73; PEBD pull 2026-09-27 (workbook updated 2025-11-13); attribution: The Planetary Society; conventions in 07 FINDINGS R73
planetary_society_pebd_mission_costs,"Major Programs, 1960 - 1980",1973,Pioneer % of Planetary,0.07634709426,fraction (0-1),,"PEBD sheet 'Major Programs, 1960 - 1980' cell AB16",R73; PEBD pull 2026-09-27 (workbook updated 2025-11-13); attribution: The Planetary Society; conventions in 07 FINDINGS R73
planetary_society_pebd_mission_costs,"Major Programs, 1960 - 1980",1974,Total Planetary Science,456.282,USD millions (nominal),,"PEBD sheet 'Major Programs, 1960 - 1980' cell C17",R73; PEBD pull 2026-09-27 (workbook updated 2025-11-13); attribution: The Planetary Society; conventions in 07 FINDINGS R73
planetary_society_pebd_mission_costs,"Major Programs, 1960 - 1980",1974,Mariner (requested),9.2,USD millions (nominal),,"PEBD sheet 'Major Programs, 1960 - 1980' cell S17",R73; PEBD pull 2026-09-27 (workbook updated 2025-11-13); attribution: The Planetary Society; conventions in 07 FINDINGS R73
planetary_society_pebd_mission_costs,"Major Programs, 1960 - 1980",1974,Mariner (actual),11.135,USD millions (nominal),,"PEBD sheet 'Major Programs, 1960 - 1980' cell T17",R73; PEBD pull 2026-09-27 (workbook updated 2025-11-13); attribution: The Planetary Society; conventions in 07 FINDINGS R73
planetary_society_pebd_mission_costs,"Major Programs, 1960 - 1980",1974,"Mariner (requested, inflation adj)",72.5144,"USD millions (2025 dollars, PEBD inflation adjustment)",,"PEBD sheet 'Major Programs, 1960 - 1980' cell U17",R73; PEBD pull 2026-09-27 (workbook updated 2025-11-13); attribution: The Planetary Society; conventions in 07 FINDINGS R73
planetary_society_pebd_mission_costs,"Major Programs, 1960 - 1980",1974,"Mariner (actual, inflation adj)",87.76607,"USD millions (2025 dollars, PEBD inflation adjustment)",,"PEBD sheet 'Major Programs, 1960 - 1980' cell V17",R73; PEBD pull 2026-09-27 (workbook updated 2025-11-13); attribution: The Planetary Society; conventions in 07 FINDINGS R73
planetary_society_pebd_mission_costs,"Major Programs, 1960 - 1980",1974,Mariner % of Planetary,0.02440376785,fraction (0-1),,"PEBD sheet 'Major Programs, 1960 - 1980' cell W17",R73; PEBD pull 2026-09-27 (workbook updated 2025-11-13); attribution: The Planetary Society; conventions in 07 FINDINGS R73
planetary_society_pebd_mission_costs,"Major Programs, 1960 - 1980",1974,Pioneer (requested),37.7,USD millions (nominal),,"PEBD sheet 'Major Programs, 1960 - 1980' cell X17",R73; PEBD pull 2026-09-27 (workbook updated 2025-11-13); attribution: The Planetary Society; conventions in 07 FINDINGS R73
planetary_society_pebd_mission_costs,"Major Programs, 1960 - 1980",1974,Pioneer (actual),28.605,USD millions (nominal),,"PEBD sheet 'Major Programs, 1960 - 1980' cell Y17",R73; PEBD pull 2026-09-27 (workbook updated 2025-11-13); attribution: The Planetary Society; conventions in 07 FINDINGS R73
planetary_society_pebd_mission_costs,"Major Programs, 1960 - 1980",1974,"Pioneer (requested, inflation adj)",297.1514,"USD millions (2025 dollars, PEBD inflation adjustment)",,"PEBD sheet 'Major Programs, 1960 - 1980' cell Z17",R73; PEBD pull 2026-09-27 (workbook updated 2025-11-13); attribution: The Planetary Society; conventions in 07 FINDINGS R73
planetary_society_pebd_mission_costs,"Major Programs, 1960 - 1980",1974,"Pioneer (actual, inflation adj)",225.46461,"USD millions (2025 dollars, PEBD inflation adjustment)",,"PEBD sheet 'Major Programs, 1960 - 1980' cell AA17",R73; PEBD pull 2026-09-27 (workbook updated 2025-11-13); attribution: The Planetary Society; conventions in 07 FINDINGS R73
planetary_society_pebd_mission_costs,"Major Programs, 1960 - 1980",1974,Pioneer % of Planetary,0.06269149342,fraction (0-1),,"PEBD sheet 'Major Programs, 1960 - 1980' cell AB17",R73; PEBD pull 2026-09-27 (workbook updated 2025-11-13); attribution: The Planetary Society; conventions in 07 FINDINGS R73
planetary_society_pebd_mission_costs,"Major Programs, 1960 - 1980",1975,Total Planetary Science,282.9,USD millions (nominal),,"PEBD sheet 'Major Programs, 1960 - 1980' cell C18",R73; PEBD pull 2026-09-27 (workbook updated 2025-11-13); attribution: The Planetary Society; conventions in 07 FINDINGS R73
planetary_society_pebd_mission_costs,"Major Programs, 1960 - 1980",1975,Mariner (requested),4.119,USD millions (nominal),,"PEBD sheet 'Major Programs, 1960 - 1980' cell S18",R73; PEBD pull 2026-09-27 (workbook updated 2025-11-13); attribution: The Planetary Society; conventions in 07 FINDINGS R73
planetary_society_pebd_mission_costs,"Major Programs, 1960 - 1980",1975,Mariner (actual),5.324,USD millions (nominal),,"PEBD sheet 'Major Programs, 1960 - 1980' cell T18",R73; PEBD pull 2026-09-27 (workbook updated 2025-11-13); attribution: The Planetary Society; conventions in 07 FINDINGS R73
planetary_society_pebd_mission_costs,"Major Programs, 1960 - 1980",1975,"Mariner (requested, inflation adj)",29.298447,"USD millions (2025 dollars, PEBD inflation adjustment)",,"PEBD sheet 'Major Programs, 1960 - 1980' cell U18",R73; PEBD pull 2026-09-27 (workbook updated 2025-11-13); attribution: The Planetary Society; conventions in 07 FINDINGS R73
planetary_society_pebd_mission_costs,"Major Programs, 1960 - 1980",1975,"Mariner (actual, inflation adj)",37.869612,"USD millions (2025 dollars, PEBD inflation adjustment)",,"PEBD sheet 'Major Programs, 1960 - 1980' cell V18",R73; PEBD pull 2026-09-27 (workbook updated 2025-11-13); attribution: The Planetary Society; conventions in 07 FINDINGS R73
planetary_society_pebd_mission_costs,"Major Programs, 1960 - 1980",1975,Mariner % of Planetary,0.0188193708,fraction (0-1),,"PEBD sheet 'Major Programs, 1960 - 1980' cell W18",R73; PEBD pull 2026-09-27 (workbook updated 2025-11-13); attribution: The Planetary Society; conventions in 07 FINDINGS R73
planetary_society_pebd_mission_costs,"Major Programs, 1960 - 1980",1975,Pioneer (requested),40.6,USD millions (nominal),,"PEBD sheet 'Major Programs, 1960 - 1980' cell X18",R73; PEBD pull 2026-09-27 (workbook updated 2025-11-13); attribution: The Planetary Society; conventions in 07 FINDINGS R73
planetary_society_pebd_mission_costs,"Major Programs, 1960 - 1980",1975,Pioneer (actual),41.942,USD millions (nominal),,"PEBD sheet 'Major Programs, 1960 - 1980' cell Y18",R73; PEBD pull 2026-09-27 (workbook updated 2025-11-13); attribution: The Planetary Society; conventions in 07 FINDINGS R73
planetary_society_pebd_mission_costs,"Major Programs, 1960 - 1980",1975,"Pioneer (requested, inflation adj)",288.7878,"USD millions (2025 dollars, PEBD inflation adjustment)",,"PEBD sheet 'Major Programs, 1960 - 1980' cell Z18",R73; PEBD pull 2026-09-27 (workbook updated 2025-11-13); attribution: The Planetary Society; conventions in 07 FINDINGS R73
planetary_society_pebd_mission_costs,"Major Programs, 1960 - 1980",1975,"Pioneer (actual, inflation adj)",298.333446,"USD millions (2025 dollars, PEBD inflation adjustment)",,"PEBD sheet 'Major Programs, 1960 - 1980' cell AA18",R73; PEBD pull 2026-09-27 (workbook updated 2025-11-13); attribution: The Planetary Society; conventions in 07 FINDINGS R73
planetary_society_pebd_mission_costs,"Major Programs, 1960 - 1980",1975,Pioneer % of Planetary,0.1482573347,fraction (0-1),,"PEBD sheet 'Major Programs, 1960 - 1980' cell AB18",R73; PEBD pull 2026-09-27 (workbook updated 2025-11-13); attribution: The Planetary Society; conventions in 07 FINDINGS R73
planetary_society_pebd_mission_costs,"Major Programs, 1960 - 1980",1976,Total Planetary Science,292.15,USD millions (nominal),,"PEBD sheet 'Major Programs, 1960 - 1980' cell C19",R73; PEBD pull 2026-09-27 (workbook updated 2025-11-13); attribution: The Planetary Society; conventions in 07 FINDINGS R73
planetary_society_pebd_mission_costs,"Major Programs, 1960 - 1980",1976,Pioneer (requested),69.4,USD millions (nominal),,"PEBD sheet 'Major Programs, 1960 - 1980' cell X19",R73; PEBD pull 2026-09-27 (workbook updated 2025-11-13); attribution: The Planetary Society; conventions in 07 FINDINGS R73
planetary_society_pebd_mission_costs,"Major Programs, 1960 - 1980",1976,Pioneer (actual),69.4,USD millions (nominal),,"PEBD sheet 'Major Programs, 1960 - 1980' cell Y19",R73; PEBD pull 2026-09-27 (workbook updated 2025-11-13); attribution: The Planetary Society; conventions in 07 FINDINGS R73
planetary_society_pebd_mission_costs,"Major Programs, 1960 - 1980",1976,"Pioneer (requested, inflation adj)",452.9044,"USD millions (2025 dollars, PEBD inflation adjustment)",,"PEBD sheet 'Major Programs, 1960 - 1980' cell Z19",R73; PEBD pull 2026-09-27 (workbook updated 2025-11-13); attribution: The Planetary Society; conventions in 07 FINDINGS R73
planetary_society_pebd_mission_costs,"Major Programs, 1960 - 1980",1976,"Pioneer (actual, inflation adj)",452.9044,"USD millions (2025 dollars, PEBD inflation adjustment)",,"PEBD sheet 'Major Programs, 1960 - 1980' cell AA19",R73; PEBD pull 2026-09-27 (workbook updated 2025-11-13); attribution: The Planetary Society; conventions in 07 FINDINGS R73
planetary_society_pebd_mission_costs,"Major Programs, 1960 - 1980",1976,Pioneer % of Planetary,0.2375492042,fraction (0-1),,"PEBD sheet 'Major Programs, 1960 - 1980' cell AB19",R73; PEBD pull 2026-09-27 (workbook updated 2025-11-13); attribution: The Planetary Society; conventions in 07 FINDINGS R73
planetary_society_pebd_mission_costs,"Major Programs, 1960 - 1980",1976TQ,Total Planetary Science,73.564,USD millions (nominal),,"PEBD sheet 'Major Programs, 1960 - 1980' cell C20",R73; PEBD pull 2026-09-27 (workbook updated 2025-11-13); attribution: The Planetary Society; conventions in 07 FINDINGS R73
planetary_society_pebd_mission_costs,"Major Programs, 1960 - 1980",1976TQ,Pioneer (requested),17.3,USD millions (nominal),,"PEBD sheet 'Major Programs, 1960 - 1980' cell X20",R73; PEBD pull 2026-09-27 (workbook updated 2025-11-13); attribution: The Planetary Society; conventions in 07 FINDINGS R73
planetary_society_pebd_mission_costs,"Major Programs, 1960 - 1980",1976TQ,Pioneer (actual),19.079,USD millions (nominal),,"PEBD sheet 'Major Programs, 1960 - 1980' cell Y20",R73; PEBD pull 2026-09-27 (workbook updated 2025-11-13); attribution: The Planetary Society; conventions in 07 FINDINGS R73
planetary_society_pebd_mission_costs,"Major Programs, 1960 - 1980",1976TQ,"Pioneer (requested, inflation adj)",110.5816,"USD millions (2025 dollars, PEBD inflation adjustment)",,"PEBD sheet 'Major Programs, 1960 - 1980' cell Z20",R73; PEBD pull 2026-09-27 (workbook updated 2025-11-13); attribution: The Planetary Society; conventions in 07 FINDINGS R73
planetary_society_pebd_mission_costs,"Major Programs, 1960 - 1980",1976TQ,"Pioneer (actual, inflation adj)",121.952968,"USD millions (2025 dollars, PEBD inflation adjustment)",,"PEBD sheet 'Major Programs, 1960 - 1980' cell AA20",R73; PEBD pull 2026-09-27 (workbook updated 2025-11-13); attribution: The Planetary Society; conventions in 07 FINDINGS R73
planetary_society_pebd_mission_costs,"Major Programs, 1960 - 1980",1976TQ,Pioneer % of Planetary,0.2593524006,fraction (0-1),,"PEBD sheet 'Major Programs, 1960 - 1980' cell AB20",R73; PEBD pull 2026-09-27 (workbook updated 2025-11-13); attribution: The Planetary Society; conventions in 07 FINDINGS R73
planetary_society_pebd_mission_costs,"Major Programs, 1960 - 1980",1977,Total Planetary Science,223.917,USD millions (nominal),,"PEBD sheet 'Major Programs, 1960 - 1980' cell C21",R73; PEBD pull 2026-09-27 (workbook updated 2025-11-13); attribution: The Planetary Society; conventions in 07 FINDINGS R73
planetary_society_pebd_mission_costs,"Major Programs, 1960 - 1980",1977,Pioneer (requested),63.5,USD millions (nominal),,"PEBD sheet 'Major Programs, 1960 - 1980' cell X21",R73; PEBD pull 2026-09-27 (workbook updated 2025-11-13); attribution: The Planetary Society; conventions in 07 FINDINGS R73
planetary_society_pebd_mission_costs,"Major Programs, 1960 - 1980",1977,Pioneer (actual),68.85,USD millions (nominal),,"PEBD sheet 'Major Programs, 1960 - 1980' cell Y21",R73; PEBD pull 2026-09-27 (workbook updated 2025-11-13); attribution: The Planetary Society; conventions in 07 FINDINGS R73
planetary_society_pebd_mission_costs,"Major Programs, 1960 - 1980",1977,"Pioneer (requested, inflation adj)",374.0785,"USD millions (2025 dollars, PEBD inflation adjustment)",,"PEBD sheet 'Major Programs, 1960 - 1980' cell Z21",R73; PEBD pull 2026-09-27 (workbook updated 2025-11-13); attribution: The Planetary Society; conventions in 07 FINDINGS R73
planetary_society_pebd_mission_costs,"Major Programs, 1960 - 1980",1977,"Pioneer (actual, inflation adj)",405.59535,"USD millions (2025 dollars, PEBD inflation adjustment)",,"PEBD sheet 'Major Programs, 1960 - 1980' cell AA21",R73; PEBD pull 2026-09-27 (workbook updated 2025-11-13); attribution: The Planetary Society; conventions in 07 FINDINGS R73
planetary_society_pebd_mission_costs,"Major Programs, 1960 - 1980",1977,Pioneer % of Planetary,0.3074800038,fraction (0-1),,"PEBD sheet 'Major Programs, 1960 - 1980' cell AB21",R73; PEBD pull 2026-09-27 (workbook updated 2025-11-13); attribution: The Planetary Society; conventions in 07 FINDINGS R73
planetary_society_pebd_mission_costs,"Major Programs, 1960 - 1980",1978,Total Planetary Science,151.405,USD millions (nominal),,"PEBD sheet 'Major Programs, 1960 - 1980' cell C22",R73; PEBD pull 2026-09-27 (workbook updated 2025-11-13); attribution: The Planetary Society; conventions in 07 FINDINGS R73
planetary_society_pebd_mission_costs,"Major Programs, 1960 - 1980",1978,Pioneer (requested),36.1,USD millions (nominal),,"PEBD sheet 'Major Programs, 1960 - 1980' cell X22",R73; PEBD pull 2026-09-27 (workbook updated 2025-11-13); attribution: The Planetary Society; conventions in 07 FINDINGS R73
planetary_society_pebd_mission_costs,"Major Programs, 1960 - 1980",1978,Pioneer (actual),3.906,USD millions (nominal),,"PEBD sheet 'Major Programs, 1960 - 1980' cell Y22",R73; PEBD pull 2026-09-27 (workbook updated 2025-11-13); attribution: The Planetary Society; conventions in 07 FINDINGS R73
planetary_society_pebd_mission_costs,"Major Programs, 1960 - 1980",1978,"Pioneer (requested, inflation adj)",197.2865,"USD millions (2025 dollars, PEBD inflation adjustment)",,"PEBD sheet 'Major Programs, 1960 - 1980' cell Z22",R73; PEBD pull 2026-09-27 (workbook updated 2025-11-13); attribution: The Planetary Society; conventions in 07 FINDINGS R73
planetary_society_pebd_mission_costs,"Major Programs, 1960 - 1980",1978,"Pioneer (actual, inflation adj)",21.34629,"USD millions (2025 dollars, PEBD inflation adjustment)",,"PEBD sheet 'Major Programs, 1960 - 1980' cell AA22",R73; PEBD pull 2026-09-27 (workbook updated 2025-11-13); attribution: The Planetary Society; conventions in 07 FINDINGS R73
planetary_society_pebd_mission_costs,"Major Programs, 1960 - 1980",1978,Pioneer % of Planetary,0.0257983554,fraction (0-1),,"PEBD sheet 'Major Programs, 1960 - 1980' cell AB22",R73; PEBD pull 2026-09-27 (workbook updated 2025-11-13); attribution: The Planetary Society; conventions in 07 FINDINGS R73
planetary_society_pebd_mission_costs,"Major Programs, 1960 - 1980",1979,Total Planetary Science,182.4,USD millions (nominal),,"PEBD sheet 'Major Programs, 1960 - 1980' cell C23",R73; PEBD pull 2026-09-27 (workbook updated 2025-11-13); attribution: The Planetary Society; conventions in 07 FINDINGS R73
planetary_society_pebd_mission_costs,"Major Programs, 1960 - 1980",1979,Pioneer (requested),14.6,USD millions (nominal),,"PEBD sheet 'Major Programs, 1960 - 1980' cell X23",R73; PEBD pull 2026-09-27 (workbook updated 2025-11-13); attribution: The Planetary Society; conventions in 07 FINDINGS R73
planetary_society_pebd_mission_costs,"Major Programs, 1960 - 1980",1979,Pioneer (actual),30.225,USD millions (nominal),,"PEBD sheet 'Major Programs, 1960 - 1980' cell Y23",R73; PEBD pull 2026-09-27 (workbook updated 2025-11-13); attribution: The Planetary Society; conventions in 07 FINDINGS R73
planetary_society_pebd_mission_costs,"Major Programs, 1960 - 1980",1979,"Pioneer (requested, inflation adj)",72.8686,"USD millions (2025 dollars, PEBD inflation adjustment)",,"PEBD sheet 'Major Programs, 1960 - 1980' cell Z23",R73; PEBD pull 2026-09-27 (workbook updated 2025-11-13); attribution: The Planetary Society; conventions in 07 FINDINGS R73
planetary_society_pebd_mission_costs,"Major Programs, 1960 - 1980",1979,"Pioneer (actual, inflation adj)",150.852975,"USD millions (2025 dollars, PEBD inflation adjustment)",,"PEBD sheet 'Major Programs, 1960 - 1980' cell AA23",R73; PEBD pull 2026-09-27 (workbook updated 2025-11-13); attribution: The Planetary Society; conventions in 07 FINDINGS R73
planetary_society_pebd_mission_costs,"Major Programs, 1960 - 1980",1979,Pioneer % of Planetary,0.1657072368,fraction (0-1),,"PEBD sheet 'Major Programs, 1960 - 1980' cell AB23",R73; PEBD pull 2026-09-27 (workbook updated 2025-11-13); attribution: The Planetary Society; conventions in 07 FINDINGS R73
planetary_society_pebd_mission_costs,"Major Programs, 1960 - 1980",1980,Total Planetary Science,219.9,USD millions (nominal),,"PEBD sheet 'Major Programs, 1960 - 1980' cell C24",R73; PEBD pull 2026-09-27 (workbook updated 2025-11-13); attribution: The Planetary Society; conventions in 07 FINDINGS R73
planetary_society_pebd_mission_costs,"Major Programs, 1960 - 1980",1980,Pioneer (requested),13.8,USD millions (nominal),,"PEBD sheet 'Major Programs, 1960 - 1980' cell X24",R73; PEBD pull 2026-09-27 (workbook updated 2025-11-13); attribution: The Planetary Society; conventions in 07 FINDINGS R73
planetary_society_pebd_mission_costs,"Major Programs, 1960 - 1980",1980,Pioneer (actual),11.151,USD millions (nominal),,"PEBD sheet 'Major Programs, 1960 - 1980' cell Y24",R73; PEBD pull 2026-09-27 (workbook updated 2025-11-13); attribution: The Planetary Society; conventions in 07 FINDINGS R73
planetary_society_pebd_mission_costs,"Major Programs, 1960 - 1980",1980,"Pioneer (requested, inflation adj)",62.2104,"USD millions (2025 dollars, PEBD inflation adjustment)",,"PEBD sheet 'Major Programs, 1960 - 1980' cell Z24",R73; PEBD pull 2026-09-27 (workbook updated 2025-11-13); attribution: The Planetary Society; conventions in 07 FINDINGS R73
planetary_society_pebd_mission_costs,"Major Programs, 1960 - 1980",1980,"Pioneer (actual, inflation adj)",50.268708,"USD millions (2025 dollars, PEBD inflation adjustment)",,"PEBD sheet 'Major Programs, 1960 - 1980' cell AA24",R73; PEBD pull 2026-09-27 (workbook updated 2025-11-13); attribution: The Planetary Society; conventions in 07 FINDINGS R73
planetary_society_pebd_mission_costs,"Major Programs, 1960 - 1980",1980,Pioneer % of Planetary,0.05070941337,fraction (0-1),,"PEBD sheet 'Major Programs, 1960 - 1980' cell AB24",R73; PEBD pull 2026-09-27 (workbook updated 2025-11-13); attribution: The Planetary Society; conventions in 07 FINDINGS R73
