source_id,sheet,row_label,column_header,value,unit,italic_estimate,location_in_source,notes
planetary_society_pebd_mission_costs,Planetary Science Budget Histor,1959,Request,2,USD millions (nominal),,PEBD sheet 'Planetary Science Budget Histor' cell B2,R73; PEBD pull 2026-09-27 (workbook updated 2025-11-13); attribution: The Planetary Society; conventions in 07 FINDINGS R73
planetary_society_pebd_mission_costs,Planetary Science Budget Histor,1959,Actual,31.882607,USD millions (nominal),,PEBD sheet 'Planetary Science Budget Histor' cell E2,R73; PEBD pull 2026-09-27 (workbook updated 2025-11-13); attribution: The Planetary Society; conventions in 07 FINDINGS R73
planetary_society_pebd_mission_costs,Planetary Science Budget Histor,1959,Notes,all dollar amounts are in millions,,,PEBD sheet 'Planetary Science Budget Histor' cell H2,R73; PEBD pull 2026-09-27 (workbook updated 2025-11-13); attribution: The Planetary Society; conventions in 07 FINDINGS R73
planetary_society_pebd_mission_costs,Planetary Science Budget Histor,1959,"(no header, column J)",https://ui.adsabs.harvard.edu/abs/2013DPS....4510801C/abstract,,,PEBD sheet 'Planetary Science Budget Histor' cell J2,R73; PEBD pull 2026-09-27 (workbook updated 2025-11-13); attribution: The Planetary Society; conventions in 07 FINDINGS R73
planetary_society_pebd_mission_costs,Planetary Science Budget Histor,1960,Actual,49.995,USD millions (nominal),,PEBD sheet 'Planetary Science Budget Histor' cell E3,R73; PEBD pull 2026-09-27 (workbook updated 2025-11-13); attribution: The Planetary Society; conventions in 07 FINDINGS R73
planetary_society_pebd_mission_costs,Planetary Science Budget Histor,1960,Notes,"""Actual"" is amount obligated",,,PEBD sheet 'Planetary Science Budget Histor' cell H3,R73; PEBD pull 2026-09-27 (workbook updated 2025-11-13); attribution: The Planetary Society; conventions in 07 FINDINGS R73
planetary_society_pebd_mission_costs,Planetary Science Budget Histor,1960,"(no header, column J)",https://drive.google.com/drive/folders/121ZCSqOe9h-zd062De4_B4L7_kM8CUWx?usp=sharing,,,PEBD sheet 'Planetary Science Budget Histor' cell J3,R73; PEBD pull 2026-09-27 (workbook updated 2025-11-13); attribution: The Planetary Society; conventions in 07 FINDINGS R73
planetary_society_pebd_mission_costs,Planetary Science Budget Histor,1961,Request,45,USD millions (nominal),,PEBD sheet 'Planetary Science Budget Histor' cell B4,R73; PEBD pull 2026-09-27 (workbook updated 2025-11-13); attribution: The Planetary Society; conventions in 07 FINDINGS R73
planetary_society_pebd_mission_costs,Planetary Science Budget Histor,1961,Actual,91.019,USD millions (nominal),,PEBD sheet 'Planetary Science Budget Histor' cell E4,R73; PEBD pull 2026-09-27 (workbook updated 2025-11-13); attribution: The Planetary Society; conventions in 07 FINDINGS R73
planetary_society_pebd_mission_costs,Planetary Science Budget Histor,1961,Notes,"""Enacted"" is congressional enacted level, if specified",,,PEBD sheet 'Planetary Science Budget Histor' cell H4,R73; PEBD pull 2026-09-27 (workbook updated 2025-11-13); attribution: The Planetary Society; conventions in 07 FINDINGS R73
planetary_society_pebd_mission_costs,Planetary Science Budget Histor,1962,Request,103.899,USD millions (nominal),,PEBD sheet 'Planetary Science Budget Histor' cell B5,R73; PEBD pull 2026-09-27 (workbook updated 2025-11-13); attribution: The Planetary Society; conventions in 07 FINDINGS R73
planetary_society_pebd_mission_costs,Planetary Science Budget Histor,1962,Actual,161.784,USD millions (nominal),,PEBD sheet 'Planetary Science Budget Histor' cell E5,R73; PEBD pull 2026-09-27 (workbook updated 2025-11-13); attribution: The Planetary Society; conventions in 07 FINDINGS R73
planetary_society_pebd_mission_costs,Planetary Science Budget Histor,1962,% U.S. Discretionary Expenditures,0.002244661811,fraction (0-1),,PEBD sheet 'Planetary Science Budget Histor' cell G5,R73; PEBD pull 2026-09-27 (workbook updated 2025-11-13); attribution: The Planetary Society; conventions in 07 FINDINGS R73
planetary_society_pebd_mission_costs,Planetary Science Budget Histor,1962,Notes,"""Request"" is Presidential Budget Request (PBR)",,,PEBD sheet 'Planetary Science Budget Histor' cell H5,R73; PEBD pull 2026-09-27 (workbook updated 2025-11-13); attribution: The Planetary Society; conventions in 07 FINDINGS R73
planetary_society_pebd_mission_costs,Planetary Science Budget Histor,1963,Request,273.56,USD millions (nominal),,PEBD sheet 'Planetary Science Budget Histor' cell B6,R73; PEBD pull 2026-09-27 (workbook updated 2025-11-13); attribution: The Planetary Society; conventions in 07 FINDINGS R73
planetary_society_pebd_mission_costs,Planetary Science Budget Histor,1963,Actual,222.798,USD millions (nominal),,PEBD sheet 'Planetary Science Budget Histor' cell E6,R73; PEBD pull 2026-09-27 (workbook updated 2025-11-13); attribution: The Planetary Society; conventions in 07 FINDINGS R73
planetary_society_pebd_mission_costs,Planetary Science Budget Histor,1963,% U.S. Discretionary Expenditures,0.002959040561,fraction (0-1),,PEBD sheet 'Planetary Science Budget Histor' cell G6,R73; PEBD pull 2026-09-27 (workbook updated 2025-11-13); attribution: The Planetary Society; conventions in 07 FINDINGS R73
planetary_society_pebd_mission_costs,Planetary Science Budget Histor,1963,Notes,"""w/DSN"" references period 2002 - 2007 when DSN costs were accounted within solar system budget",,,PEBD sheet 'Planetary Science Budget Histor' cell H6,R73; PEBD pull 2026-09-27 (workbook updated 2025-11-13); attribution: The Planetary Society; conventions in 07 FINDINGS R73
planetary_society_pebd_mission_costs,Planetary Science Budget Histor,1964,Request,322.6,USD millions (nominal),,PEBD sheet 'Planetary Science Budget Histor' cell B7,R73; PEBD pull 2026-09-27 (workbook updated 2025-11-13); attribution: The Planetary Society; conventions in 07 FINDINGS R73
planetary_society_pebd_mission_costs,Planetary Science Budget Histor,1964,Actual,267.275,USD millions (nominal),,PEBD sheet 'Planetary Science Budget Histor' cell E7,R73; PEBD pull 2026-09-27 (workbook updated 2025-11-13); attribution: The Planetary Society; conventions in 07 FINDINGS R73
planetary_society_pebd_mission_costs,Planetary Science Budget Histor,1964,% U.S. Discretionary Expenditures,0.003377413567,fraction (0-1),,PEBD sheet 'Planetary Science Budget Histor' cell G7,R73; PEBD pull 2026-09-27 (workbook updated 2025-11-13); attribution: The Planetary Society; conventions in 07 FINDINGS R73
planetary_society_pebd_mission_costs,Planetary Science Budget Histor,1964,Notes,Red = Republican Admin or Congress; Blue = Democratic Admin or Congress; Purple = Mixed control of Congress when legislation passed.,,,PEBD sheet 'Planetary Science Budget Histor' cell H7,R73; PEBD pull 2026-09-27 (workbook updated 2025-11-13); attribution: The Planetary Society; conventions in 07 FINDINGS R73
planetary_society_pebd_mission_costs,Planetary Science Budget Histor,1965,Request,300.4,USD millions (nominal),,PEBD sheet 'Planetary Science Budget Histor' cell B8,R73; PEBD pull 2026-09-27 (workbook updated 2025-11-13); attribution: The Planetary Society; conventions in 07 FINDINGS R73
planetary_society_pebd_mission_costs,Planetary Science Budget Histor,1965,Actual,267.549,USD millions (nominal),,PEBD sheet 'Planetary Science Budget Histor' cell E8,R73; PEBD pull 2026-09-27 (workbook updated 2025-11-13); attribution: The Planetary Society; conventions in 07 FINDINGS R73
planetary_society_pebd_mission_costs,Planetary Science Budget Histor,1965,% U.S. Discretionary Expenditures,0.003439242605,fraction (0-1),,PEBD sheet 'Planetary Science Budget Histor' cell G8,R73; PEBD pull 2026-09-27 (workbook updated 2025-11-13); attribution: The Planetary Society; conventions in 07 FINDINGS R73
planetary_society_pebd_mission_costs,Planetary Science Budget Histor,1966,Request,294.515,USD millions (nominal),,PEBD sheet 'Planetary Science Budget Histor' cell B9,R73; PEBD pull 2026-09-27 (workbook updated 2025-11-13); attribution: The Planetary Society; conventions in 07 FINDINGS R73
planetary_society_pebd_mission_costs,Planetary Science Budget Histor,1966,Actual,280.295,USD millions (nominal),,PEBD sheet 'Planetary Science Budget Histor' cell E9,R73; PEBD pull 2026-09-27 (workbook updated 2025-11-13); attribution: The Planetary Society; conventions in 07 FINDINGS R73
planetary_society_pebd_mission_costs,Planetary Science Budget Histor,1966,% U.S. Discretionary Expenditures,0.003109448321,fraction (0-1),,PEBD sheet 'Planetary Science Budget Histor' cell G9,R73; PEBD pull 2026-09-27 (workbook updated 2025-11-13); attribution: The Planetary Society; conventions in 07 FINDINGS R73
planetary_society_pebd_mission_costs,Planetary Science Budget Histor,1967,Request,260.735,USD millions (nominal),,PEBD sheet 'Planetary Science Budget Histor' cell B10,R73; PEBD pull 2026-09-27 (workbook updated 2025-11-13); attribution: The Planetary Society; conventions in 07 FINDINGS R73
planetary_society_pebd_mission_costs,Planetary Science Budget Histor,1967,Actual,218.167,USD millions (nominal),,PEBD sheet 'Planetary Science Budget Histor' cell E10,R73; PEBD pull 2026-09-27 (workbook updated 2025-11-13); attribution: The Planetary Society; conventions in 07 FINDINGS R73
planetary_society_pebd_mission_costs,Planetary Science Budget Histor,1967,% U.S. Discretionary Expenditures,0.002049035906,fraction (0-1),,PEBD sheet 'Planetary Science Budget Histor' cell G10,R73; PEBD pull 2026-09-27 (workbook updated 2025-11-13); attribution: The Planetary Society; conventions in 07 FINDINGS R73
planetary_society_pebd_mission_costs,Planetary Science Budget Histor,1968,Request,242.038,USD millions (nominal),,PEBD sheet 'Planetary Science Budget Histor' cell B11,R73; PEBD pull 2026-09-27 (workbook updated 2025-11-13); attribution: The Planetary Society; conventions in 07 FINDINGS R73
planetary_society_pebd_mission_costs,Planetary Science Budget Histor,1968,Actual,156.874,USD millions (nominal),,PEBD sheet 'Planetary Science Budget Histor' cell E11,R73; PEBD pull 2026-09-27 (workbook updated 2025-11-13); attribution: The Planetary Society; conventions in 07 FINDINGS R73
planetary_society_pebd_mission_costs,Planetary Science Budget Histor,1968,% U.S. Discretionary Expenditures,0.001329688586,fraction (0-1),,PEBD sheet 'Planetary Science Budget Histor' cell G11,R73; PEBD pull 2026-09-27 (workbook updated 2025-11-13); attribution: The Planetary Society; conventions in 07 FINDINGS R73
planetary_society_pebd_mission_costs,Planetary Science Budget Histor,1968,Notes,"Pioneer moved to ""Physics & Astronomy"" but included here",,,PEBD sheet 'Planetary Science Budget Histor' cell H11,R73; PEBD pull 2026-09-27 (workbook updated 2025-11-13); attribution: The Planetary Society; conventions in 07 FINDINGS R73
planetary_society_pebd_mission_costs,Planetary Science Budget Histor,1969,Request,119.9,USD millions (nominal),,PEBD sheet 'Planetary Science Budget Histor' cell B12,R73; PEBD pull 2026-09-27 (workbook updated 2025-11-13); attribution: The Planetary Society; conventions in 07 FINDINGS R73
planetary_society_pebd_mission_costs,Planetary Science Budget Histor,1969,Actual,101.329,USD millions (nominal),,PEBD sheet 'Planetary Science Budget Histor' cell E12,R73; PEBD pull 2026-09-27 (workbook updated 2025-11-13); attribution: The Planetary Society; conventions in 07 FINDINGS R73
planetary_society_pebd_mission_costs,Planetary Science Budget Histor,1969,% U.S. Discretionary Expenditures,0.0008637123033,fraction (0-1),,PEBD sheet 'Planetary Science Budget Histor' cell G12,R73; PEBD pull 2026-09-27 (workbook updated 2025-11-13); attribution: The Planetary Society; conventions in 07 FINDINGS R73
planetary_society_pebd_mission_costs,Planetary Science Budget Histor,1969,Notes,"Pioneer in ""Physics & Astronomy"" account but included here",,,PEBD sheet 'Planetary Science Budget Histor' cell H12,R73; PEBD pull 2026-09-27 (workbook updated 2025-11-13); attribution: The Planetary Society; conventions in 07 FINDINGS R73
planetary_society_pebd_mission_costs,Planetary Science Budget Histor,1970,Request,166.151,USD millions (nominal),,PEBD sheet 'Planetary Science Budget Histor' cell B13,R73; PEBD pull 2026-09-27 (workbook updated 2025-11-13); attribution: The Planetary Society; conventions in 07 FINDINGS R73
planetary_society_pebd_mission_costs,Planetary Science Budget Histor,1970,Actual,162.421,USD millions (nominal),,PEBD sheet 'Planetary Science Budget Histor' cell E13,R73; PEBD pull 2026-09-27 (workbook updated 2025-11-13); attribution: The Planetary Society; conventions in 07 FINDINGS R73
planetary_society_pebd_mission_costs,Planetary Science Budget Histor,1970,% U.S. Discretionary Expenditures,0.001350649459,fraction (0-1),,PEBD sheet 'Planetary Science Budget Histor' cell G13,R73; PEBD pull 2026-09-27 (workbook updated 2025-11-13); attribution: The Planetary Society; conventions in 07 FINDINGS R73
planetary_society_pebd_mission_costs,Planetary Science Budget Histor,1970,Notes,Pioneer returns to planetary account,,,PEBD sheet 'Planetary Science Budget Histor' cell H13,R73; PEBD pull 2026-09-27 (workbook updated 2025-11-13); attribution: The Planetary Society; conventions in 07 FINDINGS R73
planetary_society_pebd_mission_costs,Planetary Science Budget Histor,1971,Request,165.1,USD millions (nominal),,PEBD sheet 'Planetary Science Budget Histor' cell B14,R73; PEBD pull 2026-09-27 (workbook updated 2025-11-13); attribution: The Planetary Society; conventions in 07 FINDINGS R73
planetary_society_pebd_mission_costs,Planetary Science Budget Histor,1971,Actual,172.345,USD millions (nominal),,PEBD sheet 'Planetary Science Budget Histor' cell E14,R73; PEBD pull 2026-09-27 (workbook updated 2025-11-13); attribution: The Planetary Society; conventions in 07 FINDINGS R73
planetary_society_pebd_mission_costs,Planetary Science Budget Histor,1971,% U.S. Discretionary Expenditures,0.001406542018,fraction (0-1),,PEBD sheet 'Planetary Science Budget Histor' cell G14,R73; PEBD pull 2026-09-27 (workbook updated 2025-11-13); attribution: The Planetary Society; conventions in 07 FINDINGS R73
planetary_society_pebd_mission_costs,Planetary Science Budget Histor,1972,Request,340.3,USD millions (nominal),,PEBD sheet 'Planetary Science Budget Histor' cell B15,R73; PEBD pull 2026-09-27 (workbook updated 2025-11-13); attribution: The Planetary Society; conventions in 07 FINDINGS R73
planetary_society_pebd_mission_costs,Planetary Science Budget Histor,1972,Actual,321.6,USD millions (nominal),,PEBD sheet 'Planetary Science Budget Histor' cell E15,R73; PEBD pull 2026-09-27 (workbook updated 2025-11-13); attribution: The Planetary Society; conventions in 07 FINDINGS R73
planetary_society_pebd_mission_costs,Planetary Science Budget Histor,1972,% U.S. Discretionary Expenditures,0.002501867065,fraction (0-1),,PEBD sheet 'Planetary Science Budget Histor' cell G15,R73; PEBD pull 2026-09-27 (workbook updated 2025-11-13); attribution: The Planetary Society; conventions in 07 FINDINGS R73
planetary_society_pebd_mission_costs,Planetary Science Budget Histor,1973,Request,370.589,USD millions (nominal),,PEBD sheet 'Planetary Science Budget Histor' cell B16,R73; PEBD pull 2026-09-27 (workbook updated 2025-11-13); attribution: The Planetary Society; conventions in 07 FINDINGS R73
planetary_society_pebd_mission_costs,Planetary Science Budget Histor,1973,Actual,389.969,USD millions (nominal),,PEBD sheet 'Planetary Science Budget Histor' cell E16,R73; PEBD pull 2026-09-27 (workbook updated 2025-11-13); attribution: The Planetary Society; conventions in 07 FINDINGS R73
planetary_society_pebd_mission_costs,Planetary Science Budget Histor,1973,% U.S. Discretionary Expenditures,0.002990697425,fraction (0-1),,PEBD sheet 'Planetary Science Budget Histor' cell G16,R73; PEBD pull 2026-09-27 (workbook updated 2025-11-13); attribution: The Planetary Society; conventions in 07 FINDINGS R73
planetary_society_pebd_mission_costs,Planetary Science Budget Histor,1974,Request,381.5,USD millions (nominal),,PEBD sheet 'Planetary Science Budget Histor' cell B17,R73; PEBD pull 2026-09-27 (workbook updated 2025-11-13); attribution: The Planetary Society; conventions in 07 FINDINGS R73
planetary_society_pebd_mission_costs,Planetary Science Budget Histor,1974,Actual,456.282,USD millions (nominal),,PEBD sheet 'Planetary Science Budget Histor' cell E17,R73; PEBD pull 2026-09-27 (workbook updated 2025-11-13); attribution: The Planetary Society; conventions in 07 FINDINGS R73
planetary_society_pebd_mission_costs,Planetary Science Budget Histor,1974,% U.S. Discretionary Expenditures,0.003301439146,fraction (0-1),,PEBD sheet 'Planetary Science Budget Histor' cell G17,R73; PEBD pull 2026-09-27 (workbook updated 2025-11-13); attribution: The Planetary Society; conventions in 07 FINDINGS R73
planetary_society_pebd_mission_costs,Planetary Science Budget Histor,1975,Request,284.6,USD millions (nominal),,PEBD sheet 'Planetary Science Budget Histor' cell B18,R73; PEBD pull 2026-09-27 (workbook updated 2025-11-13); attribution: The Planetary Society; conventions in 07 FINDINGS R73
planetary_society_pebd_mission_costs,Planetary Science Budget Histor,1975,Actual,282.9,USD millions (nominal),,PEBD sheet 'Planetary Science Budget Histor' cell E18,R73; PEBD pull 2026-09-27 (workbook updated 2025-11-13); attribution: The Planetary Society; conventions in 07 FINDINGS R73
planetary_society_pebd_mission_costs,Planetary Science Budget Histor,1975,% U.S. Discretionary Expenditures,0.001790903048,fraction (0-1),,PEBD sheet 'Planetary Science Budget Histor' cell G18,R73; PEBD pull 2026-09-27 (workbook updated 2025-11-13); attribution: The Planetary Society; conventions in 07 FINDINGS R73
planetary_society_pebd_mission_costs,Planetary Science Budget Histor,1976,Request,300.3,USD millions (nominal),,PEBD sheet 'Planetary Science Budget Histor' cell B19,R73; PEBD pull 2026-09-27 (workbook updated 2025-11-13); attribution: The Planetary Society; conventions in 07 FINDINGS R73
planetary_society_pebd_mission_costs,Planetary Science Budget Histor,1976,Actual,292.15,USD millions (nominal),,PEBD sheet 'Planetary Science Budget Histor' cell E19,R73; PEBD pull 2026-09-27 (workbook updated 2025-11-13); attribution: The Planetary Society; conventions in 07 FINDINGS R73
planetary_society_pebd_mission_costs,Planetary Science Budget Histor,1976,% U.S. Discretionary Expenditures,0.001663942316,fraction (0-1),,PEBD sheet 'Planetary Science Budget Histor' cell G19,R73; PEBD pull 2026-09-27 (workbook updated 2025-11-13); attribution: The Planetary Society; conventions in 07 FINDINGS R73
planetary_society_pebd_mission_costs,Planetary Science Budget Histor,1977,Request,218.3,USD millions (nominal),,PEBD sheet 'Planetary Science Budget Histor' cell B20,R73; PEBD pull 2026-09-27 (workbook updated 2025-11-13); attribution: The Planetary Society; conventions in 07 FINDINGS R73
planetary_society_pebd_mission_costs,Planetary Science Budget Histor,1977,Actual,223.917,USD millions (nominal),,PEBD sheet 'Planetary Science Budget Histor' cell E20,R73; PEBD pull 2026-09-27 (workbook updated 2025-11-13); attribution: The Planetary Society; conventions in 07 FINDINGS R73
planetary_society_pebd_mission_costs,Planetary Science Budget Histor,1977,% U.S. Discretionary Expenditures,0.001136213484,fraction (0-1),,PEBD sheet 'Planetary Science Budget Histor' cell G20,R73; PEBD pull 2026-09-27 (workbook updated 2025-11-13); attribution: The Planetary Society; conventions in 07 FINDINGS R73
planetary_society_pebd_mission_costs,Planetary Science Budget Histor,1978,Request,162,USD millions (nominal),,PEBD sheet 'Planetary Science Budget Histor' cell B21,R73; PEBD pull 2026-09-27 (workbook updated 2025-11-13); attribution: The Planetary Society; conventions in 07 FINDINGS R73
planetary_society_pebd_mission_costs,Planetary Science Budget Histor,1978,Actual,151.405,USD millions (nominal),,PEBD sheet 'Planetary Science Budget Histor' cell E21,R73; PEBD pull 2026-09-27 (workbook updated 2025-11-13); attribution: The Planetary Society; conventions in 07 FINDINGS R73
planetary_society_pebd_mission_costs,Planetary Science Budget Histor,1978,% U.S. Discretionary Expenditures,0.0006922637282,fraction (0-1),,PEBD sheet 'Planetary Science Budget Histor' cell G21,R73; PEBD pull 2026-09-27 (workbook updated 2025-11-13); attribution: The Planetary Society; conventions in 07 FINDINGS R73
planetary_society_pebd_mission_costs,Planetary Science Budget Histor,1979,Request,187.1,USD millions (nominal),,PEBD sheet 'Planetary Science Budget Histor' cell B22,R73; PEBD pull 2026-09-27 (workbook updated 2025-11-13); attribution: The Planetary Society; conventions in 07 FINDINGS R73
planetary_society_pebd_mission_costs,Planetary Science Budget Histor,1979,Actual,182.4,USD millions (nominal),,PEBD sheet 'Planetary Science Budget Histor' cell E22,R73; PEBD pull 2026-09-27 (workbook updated 2025-11-13); attribution: The Planetary Society; conventions in 07 FINDINGS R73
planetary_society_pebd_mission_costs,Planetary Science Budget Histor,1979,% U.S. Discretionary Expenditures,0.0007600063334,fraction (0-1),,PEBD sheet 'Planetary Science Budget Histor' cell G22,R73; PEBD pull 2026-09-27 (workbook updated 2025-11-13); attribution: The Planetary Society; conventions in 07 FINDINGS R73
planetary_society_pebd_mission_costs,Planetary Science Budget Histor,1980,Request,220.2,USD millions (nominal),,PEBD sheet 'Planetary Science Budget Histor' cell B23,R73; PEBD pull 2026-09-27 (workbook updated 2025-11-13); attribution: The Planetary Society; conventions in 07 FINDINGS R73
planetary_society_pebd_mission_costs,Planetary Science Budget Histor,1980,Actual,219.9,USD millions (nominal),,PEBD sheet 'Planetary Science Budget Histor' cell E23,R73; PEBD pull 2026-09-27 (workbook updated 2025-11-13); attribution: The Planetary Society; conventions in 07 FINDINGS R73
planetary_society_pebd_mission_costs,Planetary Science Budget Histor,1980,% U.S. Discretionary Expenditures,0.0007958049247,fraction (0-1),,PEBD sheet 'Planetary Science Budget Histor' cell G23,R73; PEBD pull 2026-09-27 (workbook updated 2025-11-13); attribution: The Planetary Society; conventions in 07 FINDINGS R73
planetary_society_pebd_mission_costs,Planetary Science Budget Histor,1981,Request,179.6,USD millions (nominal),,PEBD sheet 'Planetary Science Budget Histor' cell B24,R73; PEBD pull 2026-09-27 (workbook updated 2025-11-13); attribution: The Planetary Society; conventions in 07 FINDINGS R73
planetary_society_pebd_mission_costs,Planetary Science Budget Histor,1981,Actual,175.6,USD millions (nominal),,PEBD sheet 'Planetary Science Budget Histor' cell E24,R73; PEBD pull 2026-09-27 (workbook updated 2025-11-13); attribution: The Planetary Society; conventions in 07 FINDINGS R73
planetary_society_pebd_mission_costs,Planetary Science Budget Histor,1981,% U.S. Discretionary Expenditures,0.0005702909588,fraction (0-1),,PEBD sheet 'Planetary Science Budget Histor' cell G24,R73; PEBD pull 2026-09-27 (workbook updated 2025-11-13); attribution: The Planetary Society; conventions in 07 FINDINGS R73
planetary_society_pebd_mission_costs,Planetary Science Budget Histor,1982,Request,215.3,USD millions (nominal),,PEBD sheet 'Planetary Science Budget Histor' cell B25,R73; PEBD pull 2026-09-27 (workbook updated 2025-11-13); attribution: The Planetary Society; conventions in 07 FINDINGS R73
planetary_society_pebd_mission_costs,Planetary Science Budget Histor,1982,Actual,205,USD millions (nominal),,PEBD sheet 'Planetary Science Budget Histor' cell E25,R73; PEBD pull 2026-09-27 (workbook updated 2025-11-13); attribution: The Planetary Society; conventions in 07 FINDINGS R73
planetary_society_pebd_mission_costs,Planetary Science Budget Histor,1982,% U.S. Discretionary Expenditures,0.0006289269586,fraction (0-1),,PEBD sheet 'Planetary Science Budget Histor' cell G25,R73; PEBD pull 2026-09-27 (workbook updated 2025-11-13); attribution: The Planetary Society; conventions in 07 FINDINGS R73
planetary_society_pebd_mission_costs,Planetary Science Budget Histor,1983,Request,154.6,USD millions (nominal),,PEBD sheet 'Planetary Science Budget Histor' cell B26,R73; PEBD pull 2026-09-27 (workbook updated 2025-11-13); attribution: The Planetary Society; conventions in 07 FINDINGS R73
planetary_society_pebd_mission_costs,Planetary Science Budget Histor,1983,Actual,180.4,USD millions (nominal),,PEBD sheet 'Planetary Science Budget Histor' cell E26,R73; PEBD pull 2026-09-27 (workbook updated 2025-11-13); attribution: The Planetary Society; conventions in 07 FINDINGS R73
planetary_society_pebd_mission_costs,Planetary Science Budget Histor,1983,% U.S. Discretionary Expenditures,0.0005105997566,fraction (0-1),,PEBD sheet 'Planetary Science Budget Histor' cell G26,R73; PEBD pull 2026-09-27 (workbook updated 2025-11-13); attribution: The Planetary Society; conventions in 07 FINDINGS R73
planetary_society_pebd_mission_costs,Planetary Science Budget Histor,1984,Request,205.4,USD millions (nominal),,PEBD sheet 'Planetary Science Budget Histor' cell B27,R73; PEBD pull 2026-09-27 (workbook updated 2025-11-13); attribution: The Planetary Society; conventions in 07 FINDINGS R73
planetary_society_pebd_mission_costs,Planetary Science Budget Histor,1984,Actual,217.4,USD millions (nominal),,PEBD sheet 'Planetary Science Budget Histor' cell E27,R73; PEBD pull 2026-09-27 (workbook updated 2025-11-13); attribution: The Planetary Society; conventions in 07 FINDINGS R73
planetary_society_pebd_mission_costs,Planetary Science Budget Histor,1984,% U.S. Discretionary Expenditures,0.0005729390402,fraction (0-1),,PEBD sheet 'Planetary Science Budget Histor' cell G27,R73; PEBD pull 2026-09-27 (workbook updated 2025-11-13); attribution: The Planetary Society; conventions in 07 FINDINGS R73
planetary_society_pebd_mission_costs,Planetary Science Budget Histor,1985,Request,286.9,USD millions (nominal),,PEBD sheet 'Planetary Science Budget Histor' cell B28,R73; PEBD pull 2026-09-27 (workbook updated 2025-11-13); attribution: The Planetary Society; conventions in 07 FINDINGS R73
planetary_society_pebd_mission_costs,Planetary Science Budget Histor,1985,Actual,290.9,USD millions (nominal),,PEBD sheet 'Planetary Science Budget Histor' cell E28,R73; PEBD pull 2026-09-27 (workbook updated 2025-11-13); attribution: The Planetary Society; conventions in 07 FINDINGS R73
planetary_society_pebd_mission_costs,Planetary Science Budget Histor,1985,% U.S. Discretionary Expenditures,0.0006996269778,fraction (0-1),,PEBD sheet 'Planetary Science Budget Histor' cell G28,R73; PEBD pull 2026-09-27 (workbook updated 2025-11-13); attribution: The Planetary Society; conventions in 07 FINDINGS R73
planetary_society_pebd_mission_costs,Planetary Science Budget Histor,1986,Request,359,USD millions (nominal),,PEBD sheet 'Planetary Science Budget Histor' cell B29,R73; PEBD pull 2026-09-27 (workbook updated 2025-11-13); attribution: The Planetary Society; conventions in 07 FINDINGS R73
planetary_society_pebd_mission_costs,Planetary Science Budget Histor,1986,Actual,353.6,USD millions (nominal),,PEBD sheet 'Planetary Science Budget Histor' cell E29,R73; PEBD pull 2026-09-27 (workbook updated 2025-11-13); attribution: The Planetary Society; conventions in 07 FINDINGS R73
planetary_society_pebd_mission_costs,Planetary Science Budget Histor,1986,% U.S. Discretionary Expenditures,0.0008063486272,fraction (0-1),,PEBD sheet 'Planetary Science Budget Histor' cell G29,R73; PEBD pull 2026-09-27 (workbook updated 2025-11-13); attribution: The Planetary Society; conventions in 07 FINDINGS R73
planetary_society_pebd_mission_costs,Planetary Science Budget Histor,1987,Request,374.3,USD millions (nominal),,PEBD sheet 'Planetary Science Budget Histor' cell B30,R73; PEBD pull 2026-09-27 (workbook updated 2025-11-13); attribution: The Planetary Society; conventions in 07 FINDINGS R73
planetary_society_pebd_mission_costs,Planetary Science Budget Histor,1987,Actual,367.2,USD millions (nominal),,PEBD sheet 'Planetary Science Budget Histor' cell E30,R73; PEBD pull 2026-09-27 (workbook updated 2025-11-13); attribution: The Planetary Society; conventions in 07 FINDINGS R73
planetary_society_pebd_mission_costs,Planetary Science Budget Histor,1987,% U.S. Discretionary Expenditures,0.0008267272453,fraction (0-1),,PEBD sheet 'Planetary Science Budget Histor' cell G30,R73; PEBD pull 2026-09-27 (workbook updated 2025-11-13); attribution: The Planetary Society; conventions in 07 FINDINGS R73
planetary_society_pebd_mission_costs,Planetary Science Budget Histor,1987,Notes,Supplemental request post-Challenger,,,PEBD sheet 'Planetary Science Budget Histor' cell H30,R73; PEBD pull 2026-09-27 (workbook updated 2025-11-13); attribution: The Planetary Society; conventions in 07 FINDINGS R73
planetary_society_pebd_mission_costs,Planetary Science Budget Histor,1988,Request,307.3,USD millions (nominal),,PEBD sheet 'Planetary Science Budget Histor' cell B31,R73; PEBD pull 2026-09-27 (workbook updated 2025-11-13); attribution: The Planetary Society; conventions in 07 FINDINGS R73
planetary_society_pebd_mission_costs,Planetary Science Budget Histor,1988,Actual,327.7,USD millions (nominal),,PEBD sheet 'Planetary Science Budget Histor' cell E31,R73; PEBD pull 2026-09-27 (workbook updated 2025-11-13); attribution: The Planetary Society; conventions in 07 FINDINGS R73
planetary_society_pebd_mission_costs,Planetary Science Budget Histor,1988,% U.S. Discretionary Expenditures,0.0007056143388,fraction (0-1),,PEBD sheet 'Planetary Science Budget Histor' cell G31,R73; PEBD pull 2026-09-27 (workbook updated 2025-11-13); attribution: The Planetary Society; conventions in 07 FINDINGS R73
planetary_society_pebd_mission_costs,Planetary Science Budget Histor,1989,Request,462.4,USD millions (nominal),,PEBD sheet 'Planetary Science Budget Histor' cell B32,R73; PEBD pull 2026-09-27 (workbook updated 2025-11-13); attribution: The Planetary Society; conventions in 07 FINDINGS R73
planetary_society_pebd_mission_costs,Planetary Science Budget Histor,1989,Actual,421.6,USD millions (nominal),,PEBD sheet 'Planetary Science Budget Histor' cell E32,R73; PEBD pull 2026-09-27 (workbook updated 2025-11-13); attribution: The Planetary Society; conventions in 07 FINDINGS R73
planetary_society_pebd_mission_costs,Planetary Science Budget Histor,1989,% U.S. Discretionary Expenditures,0.0008624639958,fraction (0-1),,PEBD sheet 'Planetary Science Budget Histor' cell G32,R73; PEBD pull 2026-09-27 (workbook updated 2025-11-13); attribution: The Planetary Society; conventions in 07 FINDINGS R73
planetary_society_pebd_mission_costs,Planetary Science Budget Histor,1990,Request,747.4,USD millions (nominal),,PEBD sheet 'Planetary Science Budget Histor' cell B33,R73; PEBD pull 2026-09-27 (workbook updated 2025-11-13); attribution: The Planetary Society; conventions in 07 FINDINGS R73
planetary_society_pebd_mission_costs,Planetary Science Budget Histor,1990,Actual,495.048,USD millions (nominal),,PEBD sheet 'Planetary Science Budget Histor' cell E33,R73; PEBD pull 2026-09-27 (workbook updated 2025-11-13); attribution: The Planetary Society; conventions in 07 FINDINGS R73
planetary_society_pebd_mission_costs,Planetary Science Budget Histor,1990,% U.S. Discretionary Expenditures,0.0009889527706,fraction (0-1),,PEBD sheet 'Planetary Science Budget Histor' cell G33,R73; PEBD pull 2026-09-27 (workbook updated 2025-11-13); attribution: The Planetary Society; conventions in 07 FINDINGS R73
planetary_society_pebd_mission_costs,Planetary Science Budget Histor,1991,Request,636.4,USD millions (nominal),,PEBD sheet 'Planetary Science Budget Histor' cell B34,R73; PEBD pull 2026-09-27 (workbook updated 2025-11-13); attribution: The Planetary Society; conventions in 07 FINDINGS R73
planetary_society_pebd_mission_costs,Planetary Science Budget Histor,1991,Actual,592.4,USD millions (nominal),,PEBD sheet 'Planetary Science Budget Histor' cell E34,R73; PEBD pull 2026-09-27 (workbook updated 2025-11-13); attribution: The Planetary Society; conventions in 07 FINDINGS R73
planetary_society_pebd_mission_costs,Planetary Science Budget Histor,1991,% U.S. Discretionary Expenditures,0.001110865252,fraction (0-1),,PEBD sheet 'Planetary Science Budget Histor' cell G34,R73; PEBD pull 2026-09-27 (workbook updated 2025-11-13); attribution: The Planetary Society; conventions in 07 FINDINGS R73
planetary_society_pebd_mission_costs,Planetary Science Budget Histor,1992,Request,780.4,USD millions (nominal),,PEBD sheet 'Planetary Science Budget Histor' cell B35,R73; PEBD pull 2026-09-27 (workbook updated 2025-11-13); attribution: The Planetary Society; conventions in 07 FINDINGS R73
planetary_society_pebd_mission_costs,Planetary Science Budget Histor,1992,Actual,593.721,USD millions (nominal),,PEBD sheet 'Planetary Science Budget Histor' cell E35,R73; PEBD pull 2026-09-27 (workbook updated 2025-11-13); attribution: The Planetary Society; conventions in 07 FINDINGS R73
planetary_society_pebd_mission_costs,Planetary Science Budget Histor,1992,% U.S. Discretionary Expenditures,0.001112247402,fraction (0-1),,PEBD sheet 'Planetary Science Budget Histor' cell G35,R73; PEBD pull 2026-09-27 (workbook updated 2025-11-13); attribution: The Planetary Society; conventions in 07 FINDINGS R73
planetary_society_pebd_mission_costs,Planetary Science Budget Histor,1993,Request,496.7,USD millions (nominal),,PEBD sheet 'Planetary Science Budget Histor' cell B36,R73; PEBD pull 2026-09-27 (workbook updated 2025-11-13); attribution: The Planetary Society; conventions in 07 FINDINGS R73
planetary_society_pebd_mission_costs,Planetary Science Budget Histor,1993,Actual,478.898,USD millions (nominal),,PEBD sheet 'Planetary Science Budget Histor' cell E36,R73; PEBD pull 2026-09-27 (workbook updated 2025-11-13); attribution: The Planetary Society; conventions in 07 FINDINGS R73
planetary_society_pebd_mission_costs,Planetary Science Budget Histor,1993,% U.S. Discretionary Expenditures,0.0008872539847,fraction (0-1),,PEBD sheet 'Planetary Science Budget Histor' cell G36,R73; PEBD pull 2026-09-27 (workbook updated 2025-11-13); attribution: The Planetary Society; conventions in 07 FINDINGS R73
planetary_society_pebd_mission_costs,Planetary Science Budget Histor,1994,Request,639.5,USD millions (nominal),,PEBD sheet 'Planetary Science Budget Histor' cell B37,R73; PEBD pull 2026-09-27 (workbook updated 2025-11-13); attribution: The Planetary Society; conventions in 07 FINDINGS R73
planetary_society_pebd_mission_costs,Planetary Science Budget Histor,1994,Actual,771.9,USD millions (nominal),,PEBD sheet 'Planetary Science Budget Histor' cell E37,R73; PEBD pull 2026-09-27 (workbook updated 2025-11-13); attribution: The Planetary Society; conventions in 07 FINDINGS R73
planetary_society_pebd_mission_costs,Planetary Science Budget Histor,1994,% U.S. Discretionary Expenditures,0.001425906085,fraction (0-1),,PEBD sheet 'Planetary Science Budget Histor' cell G37,R73; PEBD pull 2026-09-27 (workbook updated 2025-11-13); attribution: The Planetary Society; conventions in 07 FINDINGS R73
planetary_society_pebd_mission_costs,Planetary Science Budget Histor,1994,Notes,Start of Discovery program,,,PEBD sheet 'Planetary Science Budget Histor' cell H37,R73; PEBD pull 2026-09-27 (workbook updated 2025-11-13); attribution: The Planetary Society; conventions in 07 FINDINGS R73
planetary_society_pebd_mission_costs,Planetary Science Budget Histor,1995,Request,871.7,USD millions (nominal),,PEBD sheet 'Planetary Science Budget Histor' cell B38,R73; PEBD pull 2026-09-27 (workbook updated 2025-11-13); attribution: The Planetary Society; conventions in 07 FINDINGS R73
planetary_society_pebd_mission_costs,Planetary Science Budget Histor,1995,Actual,825.2,USD millions (nominal),,PEBD sheet 'Planetary Science Budget Histor' cell E38,R73; PEBD pull 2026-09-27 (workbook updated 2025-11-13); attribution: The Planetary Society; conventions in 07 FINDINGS R73
planetary_society_pebd_mission_costs,Planetary Science Budget Histor,1995,% U.S. Discretionary Expenditures,0.001514792726,fraction (0-1),,PEBD sheet 'Planetary Science Budget Histor' cell G38,R73; PEBD pull 2026-09-27 (workbook updated 2025-11-13); attribution: The Planetary Society; conventions in 07 FINDINGS R73
planetary_society_pebd_mission_costs,Planetary Science Budget Histor,1996,Request,827.8,USD millions (nominal),,PEBD sheet 'Planetary Science Budget Histor' cell B39,R73; PEBD pull 2026-09-27 (workbook updated 2025-11-13); attribution: The Planetary Society; conventions in 07 FINDINGS R73
planetary_society_pebd_mission_costs,Planetary Science Budget Histor,1996,Actual,833.8,USD millions (nominal),,PEBD sheet 'Planetary Science Budget Histor' cell E39,R73; PEBD pull 2026-09-27 (workbook updated 2025-11-13); attribution: The Planetary Society; conventions in 07 FINDINGS R73
planetary_society_pebd_mission_costs,Planetary Science Budget Histor,1996,% U.S. Discretionary Expenditures,0.001565136757,fraction (0-1),,PEBD sheet 'Planetary Science Budget Histor' cell G39,R73; PEBD pull 2026-09-27 (workbook updated 2025-11-13); attribution: The Planetary Society; conventions in 07 FINDINGS R73
planetary_society_pebd_mission_costs,Planetary Science Budget Histor,1997,Request,688.4,USD millions (nominal),,PEBD sheet 'Planetary Science Budget Histor' cell B40,R73; PEBD pull 2026-09-27 (workbook updated 2025-11-13); attribution: The Planetary Society; conventions in 07 FINDINGS R73
planetary_society_pebd_mission_costs,Planetary Science Budget Histor,1997,Actual,676.9,USD millions (nominal),,PEBD sheet 'Planetary Science Budget Histor' cell E40,R73; PEBD pull 2026-09-27 (workbook updated 2025-11-13); attribution: The Planetary Society; conventions in 07 FINDINGS R73
planetary_society_pebd_mission_costs,Planetary Science Budget Histor,1997,% U.S. Discretionary Expenditures,0.001237393449,fraction (0-1),,PEBD sheet 'Planetary Science Budget Histor' cell G40,R73; PEBD pull 2026-09-27 (workbook updated 2025-11-13); attribution: The Planetary Society; conventions in 07 FINDINGS R73
planetary_society_pebd_mission_costs,Planetary Science Budget Histor,1998,Actual,706.151,USD millions (nominal),,PEBD sheet 'Planetary Science Budget Histor' cell E41,R73; PEBD pull 2026-09-27 (workbook updated 2025-11-13); attribution: The Planetary Society; conventions in 07 FINDINGS R73
planetary_society_pebd_mission_costs,Planetary Science Budget Histor,1998,% U.S. Discretionary Expenditures,0.001279270646,fraction (0-1),,PEBD sheet 'Planetary Science Budget Histor' cell G41,R73; PEBD pull 2026-09-27 (workbook updated 2025-11-13); attribution: The Planetary Society; conventions in 07 FINDINGS R73
planetary_society_pebd_mission_costs,Planetary Science Budget Histor,1998,Notes,Restructured program consolidated Planetary Exploration and Physics and Astronomy accounts. No distinct Planetary request.,,,PEBD sheet 'Planetary Science Budget Histor' cell H41,R73; PEBD pull 2026-09-27 (workbook updated 2025-11-13); attribution: The Planetary Society; conventions in 07 FINDINGS R73
planetary_society_pebd_mission_costs,Planetary Science Budget Histor,1999,Actual,787.751,USD millions (nominal),,PEBD sheet 'Planetary Science Budget Histor' cell E42,R73; PEBD pull 2026-09-27 (workbook updated 2025-11-13); attribution: The Planetary Society; conventions in 07 FINDINGS R73
planetary_society_pebd_mission_costs,Planetary Science Budget Histor,1999,% U.S. Discretionary Expenditures,0.00137691505,fraction (0-1),,PEBD sheet 'Planetary Science Budget Histor' cell G42,R73; PEBD pull 2026-09-27 (workbook updated 2025-11-13); attribution: The Planetary Society; conventions in 07 FINDINGS R73
planetary_society_pebd_mission_costs,Planetary Science Budget Histor,2000,Actual,912.839,USD millions (nominal),,PEBD sheet 'Planetary Science Budget Histor' cell E43,R73; PEBD pull 2026-09-27 (workbook updated 2025-11-13); attribution: The Planetary Society; conventions in 07 FINDINGS R73
planetary_society_pebd_mission_costs,Planetary Science Budget Histor,2000,% U.S. Discretionary Expenditures,0.001485194248,fraction (0-1),,PEBD sheet 'Planetary Science Budget Histor' cell G43,R73; PEBD pull 2026-09-27 (workbook updated 2025-11-13); attribution: The Planetary Society; conventions in 07 FINDINGS R73
planetary_society_pebd_mission_costs,Planetary Science Budget Histor,2001,Actual,1165.29,USD millions (nominal),,PEBD sheet 'Planetary Science Budget Histor' cell E44,R73; PEBD pull 2026-09-27 (workbook updated 2025-11-13); attribution: The Planetary Society; conventions in 07 FINDINGS R73
planetary_society_pebd_mission_costs,Planetary Science Budget Histor,2001,% U.S. Discretionary Expenditures,0.001795402756,fraction (0-1),,PEBD sheet 'Planetary Science Budget Histor' cell G44,R73; PEBD pull 2026-09-27 (workbook updated 2025-11-13); attribution: The Planetary Society; conventions in 07 FINDINGS R73
planetary_society_pebd_mission_costs,Planetary Science Budget Histor,2002,Actual,1017.9,USD millions (nominal),,PEBD sheet 'Planetary Science Budget Histor' cell E45,R73; PEBD pull 2026-09-27 (workbook updated 2025-11-13); attribution: The Planetary Society; conventions in 07 FINDINGS R73
planetary_society_pebd_mission_costs,Planetary Science Budget Histor,2002,w/DSN,1095.8,USD millions (nominal),,PEBD sheet 'Planetary Science Budget Histor' cell F45,R73; PEBD pull 2026-09-27 (workbook updated 2025-11-13); attribution: The Planetary Society; conventions in 07 FINDINGS R73
planetary_society_pebd_mission_costs,Planetary Science Budget Histor,2002,% U.S. Discretionary Expenditures,0.001386879215,fraction (0-1),,PEBD sheet 'Planetary Science Budget Histor' cell G45,R73; PEBD pull 2026-09-27 (workbook updated 2025-11-13); attribution: The Planetary Society; conventions in 07 FINDINGS R73
planetary_society_pebd_mission_costs,Planetary Science Budget Histor,2002,Notes,"Reported ""Actuals"" contain DSN since they were reported in the FY2004 PBR.",,,PEBD sheet 'Planetary Science Budget Histor' cell H45,R73; PEBD pull 2026-09-27 (workbook updated 2025-11-13); attribution: The Planetary Society; conventions in 07 FINDINGS R73
planetary_society_pebd_mission_costs,Planetary Science Budget Histor,2003,Request,1223,USD millions (nominal),,PEBD sheet 'Planetary Science Budget Histor' cell B46,R73; PEBD pull 2026-09-27 (workbook updated 2025-11-13); attribution: The Planetary Society; conventions in 07 FINDINGS R73
planetary_society_pebd_mission_costs,Planetary Science Budget Histor,2003,w/DSN,1472.6,USD millions (nominal),,PEBD sheet 'Planetary Science Budget Histor' cell C46,R73; PEBD pull 2026-09-27 (workbook updated 2025-11-13); attribution: The Planetary Society; conventions in 07 FINDINGS R73
planetary_society_pebd_mission_costs,Planetary Science Budget Histor,2003,Actual,1299.8,USD millions (nominal),,PEBD sheet 'Planetary Science Budget Histor' cell E46,R73; PEBD pull 2026-09-27 (workbook updated 2025-11-13); attribution: The Planetary Society; conventions in 07 FINDINGS R73
planetary_society_pebd_mission_costs,Planetary Science Budget Histor,2003,w/DSN,1539.4,USD millions (nominal),,PEBD sheet 'Planetary Science Budget Histor' cell F46,R73; PEBD pull 2026-09-27 (workbook updated 2025-11-13); attribution: The Planetary Society; conventions in 07 FINDINGS R73
planetary_society_pebd_mission_costs,Planetary Science Budget Histor,2003,% U.S. Discretionary Expenditures,0.001576778486,fraction (0-1),,PEBD sheet 'Planetary Science Budget Histor' cell G46,R73; PEBD pull 2026-09-27 (workbook updated 2025-11-13); attribution: The Planetary Society; conventions in 07 FINDINGS R73
planetary_society_pebd_mission_costs,Planetary Science Budget Histor,2003,Notes,First year that DSN costs are included in the solar system exploration division. Program restructuring once again breaks out planetary-related programs.,,,PEBD sheet 'Planetary Science Budget Histor' cell H46,R73; PEBD pull 2026-09-27 (workbook updated 2025-11-13); attribution: The Planetary Society; conventions in 07 FINDINGS R73
planetary_society_pebd_mission_costs,Planetary Science Budget Histor,2004,Request,1672.7,USD millions (nominal),,PEBD sheet 'Planetary Science Budget Histor' cell B47,R73; PEBD pull 2026-09-27 (workbook updated 2025-11-13); attribution: The Planetary Society; conventions in 07 FINDINGS R73
planetary_society_pebd_mission_costs,Planetary Science Budget Histor,2004,w/DSN,1928.9,USD millions (nominal),,PEBD sheet 'Planetary Science Budget Histor' cell C47,R73; PEBD pull 2026-09-27 (workbook updated 2025-11-13); attribution: The Planetary Society; conventions in 07 FINDINGS R73
planetary_society_pebd_mission_costs,Planetary Science Budget Histor,2004,Actual,1644.2,USD millions (nominal),,PEBD sheet 'Planetary Science Budget Histor' cell E47,R73; PEBD pull 2026-09-27 (workbook updated 2025-11-13); attribution: The Planetary Society; conventions in 07 FINDINGS R73
planetary_society_pebd_mission_costs,Planetary Science Budget Histor,2004,w/DSN,1909.5,USD millions (nominal),,PEBD sheet 'Planetary Science Budget Histor' cell F47,R73; PEBD pull 2026-09-27 (workbook updated 2025-11-13); attribution: The Planetary Society; conventions in 07 FINDINGS R73
planetary_society_pebd_mission_costs,Planetary Science Budget Histor,2004,% U.S. Discretionary Expenditures,0.001836961561,fraction (0-1),,PEBD sheet 'Planetary Science Budget Histor' cell G47,R73; PEBD pull 2026-09-27 (workbook updated 2025-11-13); attribution: The Planetary Society; conventions in 07 FINDINGS R73
planetary_society_pebd_mission_costs,Planetary Science Budget Histor,2004,Notes,NASA moves to full-cost accounting for all projects.,,,PEBD sheet 'Planetary Science Budget Histor' cell H47,R73; PEBD pull 2026-09-27 (workbook updated 2025-11-13); attribution: The Planetary Society; conventions in 07 FINDINGS R73
planetary_society_pebd_mission_costs,Planetary Science Budget Histor,2005,Request,1694.2,USD millions (nominal),,PEBD sheet 'Planetary Science Budget Histor' cell B48,R73; PEBD pull 2026-09-27 (workbook updated 2025-11-13); attribution: The Planetary Society; conventions in 07 FINDINGS R73
planetary_society_pebd_mission_costs,Planetary Science Budget Histor,2005,w/DSN,1954.9,USD millions (nominal),,PEBD sheet 'Planetary Science Budget Histor' cell C48,R73; PEBD pull 2026-09-27 (workbook updated 2025-11-13); attribution: The Planetary Society; conventions in 07 FINDINGS R73
planetary_society_pebd_mission_costs,Planetary Science Budget Histor,2005,Actual,1462.4,USD millions (nominal),,PEBD sheet 'Planetary Science Budget Histor' cell E48,R73; PEBD pull 2026-09-27 (workbook updated 2025-11-13); attribution: The Planetary Society; conventions in 07 FINDINGS R73
planetary_society_pebd_mission_costs,Planetary Science Budget Histor,2005,w/DSN,1720.6,USD millions (nominal),,PEBD sheet 'Planetary Science Budget Histor' cell F48,R73; PEBD pull 2026-09-27 (workbook updated 2025-11-13); attribution: The Planetary Society; conventions in 07 FINDINGS R73
planetary_society_pebd_mission_costs,Planetary Science Budget Histor,2005,% U.S. Discretionary Expenditures,0.001509899942,fraction (0-1),,PEBD sheet 'Planetary Science Budget Histor' cell G48,R73; PEBD pull 2026-09-27 (workbook updated 2025-11-13); attribution: The Planetary Society; conventions in 07 FINDINGS R73
planetary_society_pebd_mission_costs,Planetary Science Budget Histor,2006,Request,1643.2,USD millions (nominal),,PEBD sheet 'Planetary Science Budget Histor' cell B49,R73; PEBD pull 2026-09-27 (workbook updated 2025-11-13); attribution: The Planetary Society; conventions in 07 FINDINGS R73
planetary_society_pebd_mission_costs,Planetary Science Budget Histor,2006,w/DSN,1900.6,USD millions (nominal),,PEBD sheet 'Planetary Science Budget Histor' cell C49,R73; PEBD pull 2026-09-27 (workbook updated 2025-11-13); attribution: The Planetary Society; conventions in 07 FINDINGS R73
planetary_society_pebd_mission_costs,Planetary Science Budget Histor,2006,Actual,1448.3,USD millions (nominal),,PEBD sheet 'Planetary Science Budget Histor' cell E49,R73; PEBD pull 2026-09-27 (workbook updated 2025-11-13); attribution: The Planetary Society; conventions in 07 FINDINGS R73
planetary_society_pebd_mission_costs,Planetary Science Budget Histor,2006,w/DSN,1702.9,USD millions (nominal),,PEBD sheet 'Planetary Science Budget Histor' cell F49,R73; PEBD pull 2026-09-27 (workbook updated 2025-11-13); attribution: The Planetary Society; conventions in 07 FINDINGS R73
planetary_society_pebd_mission_costs,Planetary Science Budget Histor,2006,% U.S. Discretionary Expenditures,0.001424617164,fraction (0-1),,PEBD sheet 'Planetary Science Budget Histor' cell G49,R73; PEBD pull 2026-09-27 (workbook updated 2025-11-13); attribution: The Planetary Society; conventions in 07 FINDINGS R73
planetary_society_pebd_mission_costs,Planetary Science Budget Histor,2006,Notes,"Solar System Exploration Division created from Mars, Lunar, and Solar System divisions. NASA moves to CJS from VA/HUD appropriations.",,,PEBD sheet 'Planetary Science Budget Histor' cell H49,R73; PEBD pull 2026-09-27 (workbook updated 2025-11-13); attribution: The Planetary Society; conventions in 07 FINDINGS R73
planetary_society_pebd_mission_costs,Planetary Science Budget Histor,2007,Request,1363.2,USD millions (nominal),,PEBD sheet 'Planetary Science Budget Histor' cell B50,R73; PEBD pull 2026-09-27 (workbook updated 2025-11-13); attribution: The Planetary Society; conventions in 07 FINDINGS R73
planetary_society_pebd_mission_costs,Planetary Science Budget Histor,2007,w/DSN,1610.1,USD millions (nominal),,PEBD sheet 'Planetary Science Budget Histor' cell C50,R73; PEBD pull 2026-09-27 (workbook updated 2025-11-13); attribution: The Planetary Society; conventions in 07 FINDINGS R73
planetary_society_pebd_mission_costs,Planetary Science Budget Histor,2007,Actual,1215.5,USD millions (nominal),,PEBD sheet 'Planetary Science Budget Histor' cell E50,R73; PEBD pull 2026-09-27 (workbook updated 2025-11-13); attribution: The Planetary Society; conventions in 07 FINDINGS R73
planetary_society_pebd_mission_costs,Planetary Science Budget Histor,2007,w/DSN,1418.8,USD millions (nominal),,PEBD sheet 'Planetary Science Budget Histor' cell F50,R73; PEBD pull 2026-09-27 (workbook updated 2025-11-13); attribution: The Planetary Society; conventions in 07 FINDINGS R73
planetary_society_pebd_mission_costs,Planetary Science Budget Histor,2007,% U.S. Discretionary Expenditures,0.001166965889,fraction (0-1),,PEBD sheet 'Planetary Science Budget Histor' cell G50,R73; PEBD pull 2026-09-27 (workbook updated 2025-11-13); attribution: The Planetary Society; conventions in 07 FINDINGS R73
planetary_society_pebd_mission_costs,Planetary Science Budget Histor,2007,Notes,Full-year CR. Final year of DSN costs in Solar Sytem/Planetary account.,,,PEBD sheet 'Planetary Science Budget Histor' cell H50,R73; PEBD pull 2026-09-27 (workbook updated 2025-11-13); attribution: The Planetary Society; conventions in 07 FINDINGS R73
planetary_society_pebd_mission_costs,Planetary Science Budget Histor,2008,Request,1395.8,USD millions (nominal),,PEBD sheet 'Planetary Science Budget Histor' cell B51,R73; PEBD pull 2026-09-27 (workbook updated 2025-11-13); attribution: The Planetary Society; conventions in 07 FINDINGS R73
planetary_society_pebd_mission_costs,Planetary Science Budget Histor,2008,Enacted,1405.5,USD millions (nominal),,PEBD sheet 'Planetary Science Budget Histor' cell D51,R73; PEBD pull 2026-09-27 (workbook updated 2025-11-13); attribution: The Planetary Society; conventions in 07 FINDINGS R73
planetary_society_pebd_mission_costs,Planetary Science Budget Histor,2008,Actual,1312.7,USD millions (nominal),,PEBD sheet 'Planetary Science Budget Histor' cell E51,R73; PEBD pull 2026-09-27 (workbook updated 2025-11-13); attribution: The Planetary Society; conventions in 07 FINDINGS R73
planetary_society_pebd_mission_costs,Planetary Science Budget Histor,2008,% U.S. Discretionary Expenditures,0.001156682093,fraction (0-1),,PEBD sheet 'Planetary Science Budget Histor' cell G51,R73; PEBD pull 2026-09-27 (workbook updated 2025-11-13); attribution: The Planetary Society; conventions in 07 FINDINGS R73
planetary_society_pebd_mission_costs,Planetary Science Budget Histor,2008,Notes,Solar System Exploration renamed to Planetary Science Division. DSN moves to Heliophysics. NEOO moves to Exploration Systems Mission Directorate.,,,PEBD sheet 'Planetary Science Budget Histor' cell H51,R73; PEBD pull 2026-09-27 (workbook updated 2025-11-13); attribution: The Planetary Society; conventions in 07 FINDINGS R73
planetary_society_pebd_mission_costs,Planetary Science Budget Histor,2009,Request,1334.2,USD millions (nominal),,PEBD sheet 'Planetary Science Budget Histor' cell B52,R73; PEBD pull 2026-09-27 (workbook updated 2025-11-13); attribution: The Planetary Society; conventions in 07 FINDINGS R73
planetary_society_pebd_mission_costs,Planetary Science Budget Histor,2009,Enacted,1410.916,USD millions (nominal),,PEBD sheet 'Planetary Science Budget Histor' cell D52,R73; PEBD pull 2026-09-27 (workbook updated 2025-11-13); attribution: The Planetary Society; conventions in 07 FINDINGS R73
planetary_society_pebd_mission_costs,Planetary Science Budget Histor,2009,Actual,1288.1,USD millions (nominal),,PEBD sheet 'Planetary Science Budget Histor' cell E52,R73; PEBD pull 2026-09-27 (workbook updated 2025-11-13); attribution: The Planetary Society; conventions in 07 FINDINGS R73
planetary_society_pebd_mission_costs,Planetary Science Budget Histor,2009,% U.S. Discretionary Expenditures,0.001040858609,fraction (0-1),,PEBD sheet 'Planetary Science Budget Histor' cell G52,R73; PEBD pull 2026-09-27 (workbook updated 2025-11-13); attribution: The Planetary Society; conventions in 07 FINDINGS R73
planetary_society_pebd_mission_costs,Planetary Science Budget Histor,2010,Request,1346.2,USD millions (nominal),,PEBD sheet 'Planetary Science Budget Histor' cell B53,R73; PEBD pull 2026-09-27 (workbook updated 2025-11-13); attribution: The Planetary Society; conventions in 07 FINDINGS R73
planetary_society_pebd_mission_costs,Planetary Science Budget Histor,2010,Enacted,1354.8,USD millions (nominal),,PEBD sheet 'Planetary Science Budget Histor' cell D53,R73; PEBD pull 2026-09-27 (workbook updated 2025-11-13); attribution: The Planetary Society; conventions in 07 FINDINGS R73
planetary_society_pebd_mission_costs,Planetary Science Budget Histor,2010,Actual,1364.4,USD millions (nominal),,PEBD sheet 'Planetary Science Budget Histor' cell E53,R73; PEBD pull 2026-09-27 (workbook updated 2025-11-13); attribution: The Planetary Society; conventions in 07 FINDINGS R73
planetary_society_pebd_mission_costs,Planetary Science Budget Histor,2010,% U.S. Discretionary Expenditures,0.001012792781,fraction (0-1),,PEBD sheet 'Planetary Science Budget Histor' cell G53,R73; PEBD pull 2026-09-27 (workbook updated 2025-11-13); attribution: The Planetary Society; conventions in 07 FINDINGS R73
planetary_society_pebd_mission_costs,Planetary Science Budget Histor,2010,Notes,NEO Observation program moves to PSD,,,PEBD sheet 'Planetary Science Budget Histor' cell H53,R73; PEBD pull 2026-09-27 (workbook updated 2025-11-13); attribution: The Planetary Society; conventions in 07 FINDINGS R73
planetary_society_pebd_mission_costs,Planetary Science Budget Histor,2011,Request,1485.7,USD millions (nominal),,PEBD sheet 'Planetary Science Budget Histor' cell B54,R73; PEBD pull 2026-09-27 (workbook updated 2025-11-13); attribution: The Planetary Society; conventions in 07 FINDINGS R73
planetary_society_pebd_mission_costs,Planetary Science Budget Histor,2011,Enacted,1486,USD millions (nominal),,PEBD sheet 'Planetary Science Budget Histor' cell D54,R73; PEBD pull 2026-09-27 (workbook updated 2025-11-13); attribution: The Planetary Society; conventions in 07 FINDINGS R73
planetary_society_pebd_mission_costs,Planetary Science Budget Histor,2011,Actual,1450.8,USD millions (nominal),,PEBD sheet 'Planetary Science Budget Histor' cell E54,R73; PEBD pull 2026-09-27 (workbook updated 2025-11-13); attribution: The Planetary Society; conventions in 07 FINDINGS R73
planetary_society_pebd_mission_costs,Planetary Science Budget Histor,2011,% U.S. Discretionary Expenditures,0.0010769506,fraction (0-1),,PEBD sheet 'Planetary Science Budget Histor' cell G54,R73; PEBD pull 2026-09-27 (workbook updated 2025-11-13); attribution: The Planetary Society; conventions in 07 FINDINGS R73
planetary_society_pebd_mission_costs,Planetary Science Budget Histor,2012,Request,1540.7,USD millions (nominal),,PEBD sheet 'Planetary Science Budget Histor' cell B55,R73; PEBD pull 2026-09-27 (workbook updated 2025-11-13); attribution: The Planetary Society; conventions in 07 FINDINGS R73
planetary_society_pebd_mission_costs,Planetary Science Budget Histor,2012,Enacted,1500.4,USD millions (nominal),,PEBD sheet 'Planetary Science Budget Histor' cell D55,R73; PEBD pull 2026-09-27 (workbook updated 2025-11-13); attribution: The Planetary Society; conventions in 07 FINDINGS R73
planetary_society_pebd_mission_costs,Planetary Science Budget Histor,2012,Actual,1501.4,USD millions (nominal),,PEBD sheet 'Planetary Science Budget Histor' cell E55,R73; PEBD pull 2026-09-27 (workbook updated 2025-11-13); attribution: The Planetary Society; conventions in 07 FINDINGS R73
planetary_society_pebd_mission_costs,Planetary Science Budget Histor,2012,% U.S. Discretionary Expenditures,0.001167417134,fraction (0-1),,PEBD sheet 'Planetary Science Budget Histor' cell G55,R73; PEBD pull 2026-09-27 (workbook updated 2025-11-13); attribution: The Planetary Society; conventions in 07 FINDINGS R73
planetary_society_pebd_mission_costs,Planetary Science Budget Histor,2012,Notes,Pu-238 production restart added to Technology account,,,PEBD sheet 'Planetary Science Budget Histor' cell H55,R73; PEBD pull 2026-09-27 (workbook updated 2025-11-13); attribution: The Planetary Society; conventions in 07 FINDINGS R73
planetary_society_pebd_mission_costs,Planetary Science Budget Histor,2013,Request,1192.3,USD millions (nominal),,PEBD sheet 'Planetary Science Budget Histor' cell B56,R73; PEBD pull 2026-09-27 (workbook updated 2025-11-13); attribution: The Planetary Society; conventions in 07 FINDINGS R73
planetary_society_pebd_mission_costs,Planetary Science Budget Histor,2013,Enacted,1415,USD millions (nominal),,PEBD sheet 'Planetary Science Budget Histor' cell D56,R73; PEBD pull 2026-09-27 (workbook updated 2025-11-13); attribution: The Planetary Society; conventions in 07 FINDINGS R73
planetary_society_pebd_mission_costs,Planetary Science Budget Histor,2013,Actual,1217.5,USD millions (nominal),,PEBD sheet 'Planetary Science Budget Histor' cell E56,R73; PEBD pull 2026-09-27 (workbook updated 2025-11-13); attribution: The Planetary Society; conventions in 07 FINDINGS R73
planetary_society_pebd_mission_costs,Planetary Science Budget Histor,2013,% U.S. Discretionary Expenditures,0.001012786481,fraction (0-1),,PEBD sheet 'Planetary Science Budget Histor' cell G56,R73; PEBD pull 2026-09-27 (workbook updated 2025-11-13); attribution: The Planetary Society; conventions in 07 FINDINGS R73
planetary_society_pebd_mission_costs,Planetary Science Budget Histor,2014,Request,1217.5,USD millions (nominal),,PEBD sheet 'Planetary Science Budget Histor' cell B57,R73; PEBD pull 2026-09-27 (workbook updated 2025-11-13); attribution: The Planetary Society; conventions in 07 FINDINGS R73
planetary_society_pebd_mission_costs,Planetary Science Budget Histor,2014,Enacted,1345,USD millions (nominal),,PEBD sheet 'Planetary Science Budget Histor' cell D57,R73; PEBD pull 2026-09-27 (workbook updated 2025-11-13); attribution: The Planetary Society; conventions in 07 FINDINGS R73
planetary_society_pebd_mission_costs,Planetary Science Budget Histor,2014,Actual,1345.7,USD millions (nominal),,PEBD sheet 'Planetary Science Budget Histor' cell E57,R73; PEBD pull 2026-09-27 (workbook updated 2025-11-13); attribution: The Planetary Society; conventions in 07 FINDINGS R73
planetary_society_pebd_mission_costs,Planetary Science Budget Histor,2014,% U.S. Discretionary Expenditures,0.001141706698,fraction (0-1),,PEBD sheet 'Planetary Science Budget Histor' cell G57,R73; PEBD pull 2026-09-27 (workbook updated 2025-11-13); attribution: The Planetary Society; conventions in 07 FINDINGS R73
planetary_society_pebd_mission_costs,Planetary Science Budget Histor,2014,Notes,NASA begins funding DOE Pu-238 infrastructure costs,,,PEBD sheet 'Planetary Science Budget Histor' cell H57,R73; PEBD pull 2026-09-27 (workbook updated 2025-11-13); attribution: The Planetary Society; conventions in 07 FINDINGS R73
planetary_society_pebd_mission_costs,Planetary Science Budget Histor,2015,Request,1280.2,USD millions (nominal),,PEBD sheet 'Planetary Science Budget Histor' cell B58,R73; PEBD pull 2026-09-27 (workbook updated 2025-11-13); attribution: The Planetary Society; conventions in 07 FINDINGS R73
planetary_society_pebd_mission_costs,Planetary Science Budget Histor,2015,Enacted,1437.8,USD millions (nominal),,PEBD sheet 'Planetary Science Budget Histor' cell D58,R73; PEBD pull 2026-09-27 (workbook updated 2025-11-13); attribution: The Planetary Society; conventions in 07 FINDINGS R73
planetary_society_pebd_mission_costs,Planetary Science Budget Histor,2015,Actual,1446.7,USD millions (nominal),,PEBD sheet 'Planetary Science Budget Histor' cell E58,R73; PEBD pull 2026-09-27 (workbook updated 2025-11-13); attribution: The Planetary Society; conventions in 07 FINDINGS R73
planetary_society_pebd_mission_costs,Planetary Science Budget Histor,2015,% U.S. Discretionary Expenditures,0.001237917745,fraction (0-1),,PEBD sheet 'Planetary Science Budget Histor' cell G58,R73; PEBD pull 2026-09-27 (workbook updated 2025-11-13); attribution: The Planetary Society; conventions in 07 FINDINGS R73
planetary_society_pebd_mission_costs,Planetary Science Budget Histor,2016,Request,1361.2,USD millions (nominal),,PEBD sheet 'Planetary Science Budget Histor' cell B59,R73; PEBD pull 2026-09-27 (workbook updated 2025-11-13); attribution: The Planetary Society; conventions in 07 FINDINGS R73
planetary_society_pebd_mission_costs,Planetary Science Budget Histor,2016,Enacted,1631,USD millions (nominal),,PEBD sheet 'Planetary Science Budget Histor' cell D59,R73; PEBD pull 2026-09-27 (workbook updated 2025-11-13); attribution: The Planetary Society; conventions in 07 FINDINGS R73
planetary_society_pebd_mission_costs,Planetary Science Budget Histor,2016,Actual,1628,USD millions (nominal),,PEBD sheet 'Planetary Science Budget Histor' cell E59,R73; PEBD pull 2026-09-27 (workbook updated 2025-11-13); attribution: The Planetary Society; conventions in 07 FINDINGS R73
planetary_society_pebd_mission_costs,Planetary Science Budget Histor,2016,% U.S. Discretionary Expenditures,0.001373551043,fraction (0-1),,PEBD sheet 'Planetary Science Budget Histor' cell G59,R73; PEBD pull 2026-09-27 (workbook updated 2025-11-13); attribution: The Planetary Society; conventions in 07 FINDINGS R73
planetary_society_pebd_mission_costs,Planetary Science Budget Histor,2017,Request,1518.8,USD millions (nominal),,PEBD sheet 'Planetary Science Budget Histor' cell B60,R73; PEBD pull 2026-09-27 (workbook updated 2025-11-13); attribution: The Planetary Society; conventions in 07 FINDINGS R73
planetary_society_pebd_mission_costs,Planetary Science Budget Histor,2017,Enacted,1846,USD millions (nominal),,PEBD sheet 'Planetary Science Budget Histor' cell D60,R73; PEBD pull 2026-09-27 (workbook updated 2025-11-13); attribution: The Planetary Society; conventions in 07 FINDINGS R73
planetary_society_pebd_mission_costs,Planetary Science Budget Histor,2017,Actual,1827.5,USD millions (nominal),,PEBD sheet 'Planetary Science Budget Histor' cell E60,R73; PEBD pull 2026-09-27 (workbook updated 2025-11-13); attribution: The Planetary Society; conventions in 07 FINDINGS R73
planetary_society_pebd_mission_costs,Planetary Science Budget Histor,2017,% U.S. Discretionary Expenditures,0.001522714907,fraction (0-1),,PEBD sheet 'Planetary Science Budget Histor' cell G60,R73; PEBD pull 2026-09-27 (workbook updated 2025-11-13); attribution: The Planetary Society; conventions in 07 FINDINGS R73
planetary_society_pebd_mission_costs,Planetary Science Budget Histor,2018,Request,1929.5,USD millions (nominal),,PEBD sheet 'Planetary Science Budget Histor' cell B61,R73; PEBD pull 2026-09-27 (workbook updated 2025-11-13); attribution: The Planetary Society; conventions in 07 FINDINGS R73
planetary_society_pebd_mission_costs,Planetary Science Budget Histor,2018,Enacted,2227.9,USD millions (nominal),,PEBD sheet 'Planetary Science Budget Histor' cell D61,R73; PEBD pull 2026-09-27 (workbook updated 2025-11-13); attribution: The Planetary Society; conventions in 07 FINDINGS R73
planetary_society_pebd_mission_costs,Planetary Science Budget Histor,2018,Actual,2217.9,USD millions (nominal),,PEBD sheet 'Planetary Science Budget Histor' cell E61,R73; PEBD pull 2026-09-27 (workbook updated 2025-11-13); attribution: The Planetary Society; conventions in 07 FINDINGS R73
planetary_society_pebd_mission_costs,Planetary Science Budget Histor,2018,% U.S. Discretionary Expenditures,0.001757956937,fraction (0-1),,PEBD sheet 'Planetary Science Budget Histor' cell G61,R73; PEBD pull 2026-09-27 (workbook updated 2025-11-13); attribution: The Planetary Society; conventions in 07 FINDINGS R73
planetary_society_pebd_mission_costs,Planetary Science Budget Histor,2019,Request,2234.7,USD millions (nominal),,PEBD sheet 'Planetary Science Budget Histor' cell B62,R73; PEBD pull 2026-09-27 (workbook updated 2025-11-13); attribution: The Planetary Society; conventions in 07 FINDINGS R73
planetary_society_pebd_mission_costs,Planetary Science Budget Histor,2019,Enacted,2758.5,USD millions (nominal),,PEBD sheet 'Planetary Science Budget Histor' cell D62,R73; PEBD pull 2026-09-27 (workbook updated 2025-11-13); attribution: The Planetary Society; conventions in 07 FINDINGS R73
planetary_society_pebd_mission_costs,Planetary Science Budget Histor,2019,Actual,2746.7,USD millions (nominal),,PEBD sheet 'Planetary Science Budget Histor' cell E62,R73; PEBD pull 2026-09-27 (workbook updated 2025-11-13); attribution: The Planetary Society; conventions in 07 FINDINGS R73
planetary_society_pebd_mission_costs,Planetary Science Budget Histor,2019,% U.S. Discretionary Expenditures,0.002053294301,fraction (0-1),,PEBD sheet 'Planetary Science Budget Histor' cell G62,R73; PEBD pull 2026-09-27 (workbook updated 2025-11-13); attribution: The Planetary Society; conventions in 07 FINDINGS R73
planetary_society_pebd_mission_costs,Planetary Science Budget Histor,2019,Notes,Planetary Defense and Lunar Discovery & Exploration Program added,,,PEBD sheet 'Planetary Science Budget Histor' cell H62,R73; PEBD pull 2026-09-27 (workbook updated 2025-11-13); attribution: The Planetary Society; conventions in 07 FINDINGS R73
planetary_society_pebd_mission_costs,Planetary Science Budget Histor,2020,Request,2712.1,USD millions (nominal),,PEBD sheet 'Planetary Science Budget Histor' cell B63,R73; PEBD pull 2026-09-27 (workbook updated 2025-11-13); attribution: The Planetary Society; conventions in 07 FINDINGS R73
planetary_society_pebd_mission_costs,Planetary Science Budget Histor,2020,Enacted,2713.4,USD millions (nominal),,PEBD sheet 'Planetary Science Budget Histor' cell D63,R73; PEBD pull 2026-09-27 (workbook updated 2025-11-13); attribution: The Planetary Society; conventions in 07 FINDINGS R73
planetary_society_pebd_mission_costs,Planetary Science Budget Histor,2020,Actual,2712.7,USD millions (nominal),,PEBD sheet 'Planetary Science Budget Histor' cell E63,R73; PEBD pull 2026-09-27 (workbook updated 2025-11-13); attribution: The Planetary Society; conventions in 07 FINDINGS R73
planetary_society_pebd_mission_costs,Planetary Science Budget Histor,2020,% U.S. Discretionary Expenditures,0.001666463941,fraction (0-1),,PEBD sheet 'Planetary Science Budget Histor' cell G63,R73; PEBD pull 2026-09-27 (workbook updated 2025-11-13); attribution: The Planetary Society; conventions in 07 FINDINGS R73
planetary_society_pebd_mission_costs,Planetary Science Budget Histor,2021,Request,2659.5,USD millions (nominal),,PEBD sheet 'Planetary Science Budget Histor' cell B64,R73; PEBD pull 2026-09-27 (workbook updated 2025-11-13); attribution: The Planetary Society; conventions in 07 FINDINGS R73
planetary_society_pebd_mission_costs,Planetary Science Budget Histor,2021,Enacted,2700,USD millions (nominal),,PEBD sheet 'Planetary Science Budget Histor' cell D64,R73; PEBD pull 2026-09-27 (workbook updated 2025-11-13); attribution: The Planetary Society; conventions in 07 FINDINGS R73
planetary_society_pebd_mission_costs,Planetary Science Budget Histor,2021,Actual,2693.2,USD millions (nominal),,PEBD sheet 'Planetary Science Budget Histor' cell E64,R73; PEBD pull 2026-09-27 (workbook updated 2025-11-13); attribution: The Planetary Society; conventions in 07 FINDINGS R73
planetary_society_pebd_mission_costs,Planetary Science Budget Histor,2021,% U.S. Discretionary Expenditures,0.001645803848,fraction (0-1),,PEBD sheet 'Planetary Science Budget Histor' cell G64,R73; PEBD pull 2026-09-27 (workbook updated 2025-11-13); attribution: The Planetary Society; conventions in 07 FINDINGS R73
planetary_society_pebd_mission_costs,Planetary Science Budget Histor,2022,Request,3200,USD millions (nominal),,PEBD sheet 'Planetary Science Budget Histor' cell B65,R73; PEBD pull 2026-09-27 (workbook updated 2025-11-13); attribution: The Planetary Society; conventions in 07 FINDINGS R73
planetary_society_pebd_mission_costs,Planetary Science Budget Histor,2022,Enacted,3120,USD millions (nominal),,PEBD sheet 'Planetary Science Budget Histor' cell D65,R73; PEBD pull 2026-09-27 (workbook updated 2025-11-13); attribution: The Planetary Society; conventions in 07 FINDINGS R73
planetary_society_pebd_mission_costs,Planetary Science Budget Histor,2022,Actual,3120.4,USD millions (nominal),,PEBD sheet 'Planetary Science Budget Histor' cell E65,R73; PEBD pull 2026-09-27 (workbook updated 2025-11-13); attribution: The Planetary Society; conventions in 07 FINDINGS R73
planetary_society_pebd_mission_costs,Planetary Science Budget Histor,2022,% U.S. Discretionary Expenditures,0.001874620768,fraction (0-1),,PEBD sheet 'Planetary Science Budget Histor' cell G65,R73; PEBD pull 2026-09-27 (workbook updated 2025-11-13); attribution: The Planetary Society; conventions in 07 FINDINGS R73
planetary_society_pebd_mission_costs,Planetary Science Budget Histor,2023,Request,3160.2,USD millions (nominal),,PEBD sheet 'Planetary Science Budget Histor' cell B66,R73; PEBD pull 2026-09-27 (workbook updated 2025-11-13); attribution: The Planetary Society; conventions in 07 FINDINGS R73
planetary_society_pebd_mission_costs,Planetary Science Budget Histor,2023,Enacted,3200,USD millions (nominal),,PEBD sheet 'Planetary Science Budget Histor' cell D66,R73; PEBD pull 2026-09-27 (workbook updated 2025-11-13); attribution: The Planetary Society; conventions in 07 FINDINGS R73
planetary_society_pebd_mission_costs,Planetary Science Budget Histor,2023,Actual,3216.5,USD millions (nominal),,PEBD sheet 'Planetary Science Budget Histor' cell E66,R73; PEBD pull 2026-09-27 (workbook updated 2025-11-13); attribution: The Planetary Society; conventions in 07 FINDINGS R73
planetary_society_pebd_mission_costs,Planetary Science Budget Histor,2023,% U.S. Discretionary Expenditures,0.001872093497,fraction (0-1),,PEBD sheet 'Planetary Science Budget Histor' cell G66,R73; PEBD pull 2026-09-27 (workbook updated 2025-11-13); attribution: The Planetary Society; conventions in 07 FINDINGS R73
planetary_society_pebd_mission_costs,Planetary Science Budget Histor,2023,Notes,Open Source Science added to Planetary Research,,,PEBD sheet 'Planetary Science Budget Histor' cell H66,R73; PEBD pull 2026-09-27 (workbook updated 2025-11-13); attribution: The Planetary Society; conventions in 07 FINDINGS R73
planetary_society_pebd_mission_costs,Planetary Science Budget Histor,2024,Request,3383.4,USD millions (nominal),,PEBD sheet 'Planetary Science Budget Histor' cell B67,R73; PEBD pull 2026-09-27 (workbook updated 2025-11-13); attribution: The Planetary Society; conventions in 07 FINDINGS R73
planetary_society_pebd_mission_costs,Planetary Science Budget Histor,2024,Enacted,2716.8,USD millions (nominal),,PEBD sheet 'Planetary Science Budget Histor' cell D67,R73; PEBD pull 2026-09-27 (workbook updated 2025-11-13); attribution: The Planetary Society; conventions in 07 FINDINGS R73
planetary_society_pebd_mission_costs,Planetary Science Budget Histor,2024,Actual,2716.8,USD millions (nominal),TRUE,PEBD sheet 'Planetary Science Budget Histor' cell E67,R73; PEBD pull 2026-09-27 (workbook updated 2025-11-13); attribution: The Planetary Society; conventions in 07 FINDINGS R73
planetary_society_pebd_mission_costs,Planetary Science Budget Histor,2024,% U.S. Discretionary Expenditures,0.001500831954,fraction (0-1),,PEBD sheet 'Planetary Science Budget Histor' cell G67,R73; PEBD pull 2026-09-27 (workbook updated 2025-11-13); attribution: The Planetary Society; conventions in 07 FINDINGS R73
planetary_society_pebd_mission_costs,Planetary Science Budget Histor,2025,Request,2731.7,USD millions (nominal),,PEBD sheet 'Planetary Science Budget Histor' cell B68,R73; PEBD pull 2026-09-27 (workbook updated 2025-11-13); attribution: The Planetary Society; conventions in 07 FINDINGS R73
planetary_society_pebd_mission_costs,Planetary Science Budget Histor,2025,Enacted,2716.8,USD millions (nominal),TRUE,PEBD sheet 'Planetary Science Budget Histor' cell D68,R73; PEBD pull 2026-09-27 (workbook updated 2025-11-13); attribution: The Planetary Society; conventions in 07 FINDINGS R73
planetary_society_pebd_mission_costs,Planetary Science Budget Histor,2025,Notes,Full-year CR,,,PEBD sheet 'Planetary Science Budget Histor' cell H68,R73; PEBD pull 2026-09-27 (workbook updated 2025-11-13); attribution: The Planetary Society; conventions in 07 FINDINGS R73
planetary_society_pebd_mission_costs,Planetary Science Budget Histor,2026,Request,1891.3,USD millions (nominal),TRUE,PEBD sheet 'Planetary Science Budget Histor' cell B69,R73; PEBD pull 2026-09-27 (workbook updated 2025-11-13); attribution: The Planetary Society; conventions in 07 FINDINGS R73
planetary_society_pebd_mission_costs,Planetary Science Budget Histor,2027,Request,1861.3,USD millions (nominal),TRUE,PEBD sheet 'Planetary Science Budget Histor' cell B70,R73; PEBD pull 2026-09-27 (workbook updated 2025-11-13); attribution: The Planetary Society; conventions in 07 FINDINGS R73
planetary_society_pebd_mission_costs,Planetary Science Budget Histor,2028,Request,1867.3,USD millions (nominal),TRUE,PEBD sheet 'Planetary Science Budget Histor' cell B71,R73; PEBD pull 2026-09-27 (workbook updated 2025-11-13); attribution: The Planetary Society; conventions in 07 FINDINGS R73
planetary_society_pebd_mission_costs,Planetary Science Budget Histor,2029,Request,1822.3,USD millions (nominal),TRUE,PEBD sheet 'Planetary Science Budget Histor' cell B72,R73; PEBD pull 2026-09-27 (workbook updated 2025-11-13); attribution: The Planetary Society; conventions in 07 FINDINGS R73
planetary_society_pebd_mission_costs,Planetary Science Budget Histor,2030,Request,1851.3,USD millions (nominal),TRUE,PEBD sheet 'Planetary Science Budget Histor' cell B73,R73; PEBD pull 2026-09-27 (workbook updated 2025-11-13); attribution: The Planetary Society; conventions in 07 FINDINGS R73
planetary_society_pebd_mission_costs,Budget History (inflation adj),1959,Request,33.272,"USD millions (2025 dollars, PEBD inflation adjustment)",,PEBD sheet 'Budget History (inflation adj)' cell B2,R73; PEBD pull 2026-09-27 (workbook updated 2025-11-13); attribution: The Planetary Society; conventions in 07 FINDINGS R73
planetary_society_pebd_mission_costs,Budget History (inflation adj),1959,Actual,530.3990501,"USD millions (2025 dollars, PEBD inflation adjustment)",,PEBD sheet 'Budget History (inflation adj)' cell D2,R73; PEBD pull 2026-09-27 (workbook updated 2025-11-13); attribution: The Planetary Society; conventions in 07 FINDINGS R73
planetary_society_pebd_mission_costs,Budget History (inflation adj),1959,Notes,Inflation adjusted to 2025 dollars,,,PEBD sheet 'Budget History (inflation adj)' cell F2,R73; PEBD pull 2026-09-27 (workbook updated 2025-11-13); attribution: The Planetary Society; conventions in 07 FINDINGS R73
planetary_society_pebd_mission_costs,Budget History (inflation adj),1960,Actual,797.42025,"USD millions (2025 dollars, PEBD inflation adjustment)",,PEBD sheet 'Budget History (inflation adj)' cell D3,R73; PEBD pull 2026-09-27 (workbook updated 2025-11-13); attribution: The Planetary Society; conventions in 07 FINDINGS R73
planetary_society_pebd_mission_costs,Budget History (inflation adj),1961,Request,695.475,"USD millions (2025 dollars, PEBD inflation adjustment)",,PEBD sheet 'Budget History (inflation adj)' cell B4,R73; PEBD pull 2026-09-27 (workbook updated 2025-11-13); attribution: The Planetary Society; conventions in 07 FINDINGS R73
planetary_society_pebd_mission_costs,Budget History (inflation adj),1961,Actual,1406.698645,"USD millions (2025 dollars, PEBD inflation adjustment)",,PEBD sheet 'Budget History (inflation adj)' cell D4,R73; PEBD pull 2026-09-27 (workbook updated 2025-11-13); attribution: The Planetary Society; conventions in 07 FINDINGS R73
planetary_society_pebd_mission_costs,Budget History (inflation adj),1962,Request,1544.043039,"USD millions (2025 dollars, PEBD inflation adjustment)",,PEBD sheet 'Budget History (inflation adj)' cell B5,R73; PEBD pull 2026-09-27 (workbook updated 2025-11-13); attribution: The Planetary Society; conventions in 07 FINDINGS R73
planetary_society_pebd_mission_costs,Budget History (inflation adj),1962,Actual,2404.272024,"USD millions (2025 dollars, PEBD inflation adjustment)",,PEBD sheet 'Budget History (inflation adj)' cell D5,R73; PEBD pull 2026-09-27 (workbook updated 2025-11-13); attribution: The Planetary Society; conventions in 07 FINDINGS R73
planetary_society_pebd_mission_costs,Budget History (inflation adj),1962,% U.S. Discretionary Expenditures,0.002244661811,fraction (0-1),,PEBD sheet 'Budget History (inflation adj)' cell E5,R73; PEBD pull 2026-09-27 (workbook updated 2025-11-13); attribution: The Planetary Society; conventions in 07 FINDINGS R73
planetary_society_pebd_mission_costs,Budget History (inflation adj),1963,Request,3927.77448,"USD millions (2025 dollars, PEBD inflation adjustment)",,PEBD sheet 'Budget History (inflation adj)' cell B6,R73; PEBD pull 2026-09-27 (workbook updated 2025-11-13); attribution: The Planetary Society; conventions in 07 FINDINGS R73
planetary_society_pebd_mission_costs,Budget History (inflation adj),1963,Actual,3198.933684,"USD millions (2025 dollars, PEBD inflation adjustment)",,PEBD sheet 'Budget History (inflation adj)' cell D6,R73; PEBD pull 2026-09-27 (workbook updated 2025-11-13); attribution: The Planetary Society; conventions in 07 FINDINGS R73
planetary_society_pebd_mission_costs,Budget History (inflation adj),1963,% U.S. Discretionary Expenditures,0.002959040561,fraction (0-1),,PEBD sheet 'Budget History (inflation adj)' cell E6,R73; PEBD pull 2026-09-27 (workbook updated 2025-11-13); attribution: The Planetary Society; conventions in 07 FINDINGS R73
planetary_society_pebd_mission_costs,Budget History (inflation adj),1964,Request,4432.524,"USD millions (2025 dollars, PEBD inflation adjustment)",,PEBD sheet 'Budget History (inflation adj)' cell B7,R73; PEBD pull 2026-09-27 (workbook updated 2025-11-13); attribution: The Planetary Society; conventions in 07 FINDINGS R73
planetary_society_pebd_mission_costs,Budget History (inflation adj),1964,Actual,3672.3585,"USD millions (2025 dollars, PEBD inflation adjustment)",,PEBD sheet 'Budget History (inflation adj)' cell D7,R73; PEBD pull 2026-09-27 (workbook updated 2025-11-13); attribution: The Planetary Society; conventions in 07 FINDINGS R73
planetary_society_pebd_mission_costs,Budget History (inflation adj),1964,% U.S. Discretionary Expenditures,0.003377413567,fraction (0-1),,PEBD sheet 'Budget History (inflation adj)' cell E7,R73; PEBD pull 2026-09-27 (workbook updated 2025-11-13); attribution: The Planetary Society; conventions in 07 FINDINGS R73
planetary_society_pebd_mission_costs,Budget History (inflation adj),1965,Request,3991.7152,"USD millions (2025 dollars, PEBD inflation adjustment)",,PEBD sheet 'Budget History (inflation adj)' cell B8,R73; PEBD pull 2026-09-27 (workbook updated 2025-11-13); attribution: The Planetary Society; conventions in 07 FINDINGS R73
planetary_society_pebd_mission_costs,Budget History (inflation adj),1965,Actual,3555.191112,"USD millions (2025 dollars, PEBD inflation adjustment)",,PEBD sheet 'Budget History (inflation adj)' cell D8,R73; PEBD pull 2026-09-27 (workbook updated 2025-11-13); attribution: The Planetary Society; conventions in 07 FINDINGS R73
planetary_society_pebd_mission_costs,Budget History (inflation adj),1965,% U.S. Discretionary Expenditures,0.003439242605,fraction (0-1),,PEBD sheet 'Budget History (inflation adj)' cell E8,R73; PEBD pull 2026-09-27 (workbook updated 2025-11-13); attribution: The Planetary Society; conventions in 07 FINDINGS R73
planetary_society_pebd_mission_costs,Budget History (inflation adj),1966,Request,3692.04004,"USD millions (2025 dollars, PEBD inflation adjustment)",,PEBD sheet 'Budget History (inflation adj)' cell B9,R73; PEBD pull 2026-09-27 (workbook updated 2025-11-13); attribution: The Planetary Society; conventions in 07 FINDINGS R73
planetary_society_pebd_mission_costs,Budget History (inflation adj),1966,Actual,3513.77812,"USD millions (2025 dollars, PEBD inflation adjustment)",,PEBD sheet 'Budget History (inflation adj)' cell D9,R73; PEBD pull 2026-09-27 (workbook updated 2025-11-13); attribution: The Planetary Society; conventions in 07 FINDINGS R73
planetary_society_pebd_mission_costs,Budget History (inflation adj),1966,% U.S. Discretionary Expenditures,0.003109448321,fraction (0-1),,PEBD sheet 'Budget History (inflation adj)' cell E9,R73; PEBD pull 2026-09-27 (workbook updated 2025-11-13); attribution: The Planetary Society; conventions in 07 FINDINGS R73
planetary_society_pebd_mission_costs,Budget History (inflation adj),1967,Request,3116.043985,"USD millions (2025 dollars, PEBD inflation adjustment)",,PEBD sheet 'Budget History (inflation adj)' cell B10,R73; PEBD pull 2026-09-27 (workbook updated 2025-11-13); attribution: The Planetary Society; conventions in 07 FINDINGS R73
planetary_society_pebd_mission_costs,Budget History (inflation adj),1967,Actual,2607.313817,"USD millions (2025 dollars, PEBD inflation adjustment)",,PEBD sheet 'Budget History (inflation adj)' cell D10,R73; PEBD pull 2026-09-27 (workbook updated 2025-11-13); attribution: The Planetary Society; conventions in 07 FINDINGS R73
planetary_society_pebd_mission_costs,Budget History (inflation adj),1967,% U.S. Discretionary Expenditures,0.002049035906,fraction (0-1),,PEBD sheet 'Budget History (inflation adj)' cell E10,R73; PEBD pull 2026-09-27 (workbook updated 2025-11-13); attribution: The Planetary Society; conventions in 07 FINDINGS R73
planetary_society_pebd_mission_costs,Budget History (inflation adj),1968,Request,2744.226844,"USD millions (2025 dollars, PEBD inflation adjustment)",,PEBD sheet 'Budget History (inflation adj)' cell B11,R73; PEBD pull 2026-09-27 (workbook updated 2025-11-13); attribution: The Planetary Society; conventions in 07 FINDINGS R73
planetary_society_pebd_mission_costs,Budget History (inflation adj),1968,Actual,1778.637412,"USD millions (2025 dollars, PEBD inflation adjustment)",,PEBD sheet 'Budget History (inflation adj)' cell D11,R73; PEBD pull 2026-09-27 (workbook updated 2025-11-13); attribution: The Planetary Society; conventions in 07 FINDINGS R73
planetary_society_pebd_mission_costs,Budget History (inflation adj),1968,% U.S. Discretionary Expenditures,0.001329688586,fraction (0-1),,PEBD sheet 'Budget History (inflation adj)' cell E11,R73; PEBD pull 2026-09-27 (workbook updated 2025-11-13); attribution: The Planetary Society; conventions in 07 FINDINGS R73
planetary_society_pebd_mission_costs,Budget History (inflation adj),1968,Notes,"Pioneer moved to ""Physics & Astronomy"" but included here",,,PEBD sheet 'Budget History (inflation adj)' cell F11,R73; PEBD pull 2026-09-27 (workbook updated 2025-11-13); attribution: The Planetary Society; conventions in 07 FINDINGS R73
planetary_society_pebd_mission_costs,Budget History (inflation adj),1969,Request,1286.1673,"USD millions (2025 dollars, PEBD inflation adjustment)",,PEBD sheet 'Budget History (inflation adj)' cell B12,R73; PEBD pull 2026-09-27 (workbook updated 2025-11-13); attribution: The Planetary Society; conventions in 07 FINDINGS R73
planetary_society_pebd_mission_costs,Budget History (inflation adj),1969,Actual,1086.956183,"USD millions (2025 dollars, PEBD inflation adjustment)",,PEBD sheet 'Budget History (inflation adj)' cell D12,R73; PEBD pull 2026-09-27 (workbook updated 2025-11-13); attribution: The Planetary Society; conventions in 07 FINDINGS R73
planetary_society_pebd_mission_costs,Budget History (inflation adj),1969,% U.S. Discretionary Expenditures,0.0008637123033,fraction (0-1),,PEBD sheet 'Budget History (inflation adj)' cell E12,R73; PEBD pull 2026-09-27 (workbook updated 2025-11-13); attribution: The Planetary Society; conventions in 07 FINDINGS R73
planetary_society_pebd_mission_costs,Budget History (inflation adj),1969,Notes,"Pioneer in ""Physics & Astronomy"" account but included here",,,PEBD sheet 'Budget History (inflation adj)' cell F12,R73; PEBD pull 2026-09-27 (workbook updated 2025-11-13); attribution: The Planetary Society; conventions in 07 FINDINGS R73
planetary_society_pebd_mission_costs,Budget History (inflation adj),1970,Request,1667.325285,"USD millions (2025 dollars, PEBD inflation adjustment)",,PEBD sheet 'Budget History (inflation adj)' cell B13,R73; PEBD pull 2026-09-27 (workbook updated 2025-11-13); attribution: The Planetary Society; conventions in 07 FINDINGS R73
planetary_society_pebd_mission_costs,Budget History (inflation adj),1970,Actual,1629.894735,"USD millions (2025 dollars, PEBD inflation adjustment)",,PEBD sheet 'Budget History (inflation adj)' cell D13,R73; PEBD pull 2026-09-27 (workbook updated 2025-11-13); attribution: The Planetary Society; conventions in 07 FINDINGS R73
planetary_society_pebd_mission_costs,Budget History (inflation adj),1970,% U.S. Discretionary Expenditures,0.001350649459,fraction (0-1),,PEBD sheet 'Budget History (inflation adj)' cell E13,R73; PEBD pull 2026-09-27 (workbook updated 2025-11-13); attribution: The Planetary Society; conventions in 07 FINDINGS R73
planetary_society_pebd_mission_costs,Budget History (inflation adj),1970,Notes,Pioneer returns to planetary account,,,PEBD sheet 'Budget History (inflation adj)' cell F13,R73; PEBD pull 2026-09-27 (workbook updated 2025-11-13); attribution: The Planetary Society; conventions in 07 FINDINGS R73
planetary_society_pebd_mission_costs,Budget History (inflation adj),1971,Request,1558.544,"USD millions (2025 dollars, PEBD inflation adjustment)",,PEBD sheet 'Budget History (inflation adj)' cell B14,R73; PEBD pull 2026-09-27 (workbook updated 2025-11-13); attribution: The Planetary Society; conventions in 07 FINDINGS R73
planetary_society_pebd_mission_costs,Budget History (inflation adj),1971,Actual,1626.9368,"USD millions (2025 dollars, PEBD inflation adjustment)",,PEBD sheet 'Budget History (inflation adj)' cell D14,R73; PEBD pull 2026-09-27 (workbook updated 2025-11-13); attribution: The Planetary Society; conventions in 07 FINDINGS R73
planetary_society_pebd_mission_costs,Budget History (inflation adj),1971,% U.S. Discretionary Expenditures,0.001406542018,fraction (0-1),,PEBD sheet 'Budget History (inflation adj)' cell E14,R73; PEBD pull 2026-09-27 (workbook updated 2025-11-13); attribution: The Planetary Society; conventions in 07 FINDINGS R73
planetary_society_pebd_mission_costs,Budget History (inflation adj),1972,Request,3039.2193,"USD millions (2025 dollars, PEBD inflation adjustment)",,PEBD sheet 'Budget History (inflation adj)' cell B15,R73; PEBD pull 2026-09-27 (workbook updated 2025-11-13); attribution: The Planetary Society; conventions in 07 FINDINGS R73
planetary_society_pebd_mission_costs,Budget History (inflation adj),1972,Actual,2872.2096,"USD millions (2025 dollars, PEBD inflation adjustment)",,PEBD sheet 'Budget History (inflation adj)' cell D15,R73; PEBD pull 2026-09-27 (workbook updated 2025-11-13); attribution: The Planetary Society; conventions in 07 FINDINGS R73
planetary_society_pebd_mission_costs,Budget History (inflation adj),1972,% U.S. Discretionary Expenditures,0.002501867065,fraction (0-1),,PEBD sheet 'Budget History (inflation adj)' cell E15,R73; PEBD pull 2026-09-27 (workbook updated 2025-11-13); attribution: The Planetary Society; conventions in 07 FINDINGS R73
planetary_society_pebd_mission_costs,Budget History (inflation adj),1973,Request,3131.106461,"USD millions (2025 dollars, PEBD inflation adjustment)",,PEBD sheet 'Budget History (inflation adj)' cell B16,R73; PEBD pull 2026-09-27 (workbook updated 2025-11-13); attribution: The Planetary Society; conventions in 07 FINDINGS R73
planetary_society_pebd_mission_costs,Budget History (inflation adj),1973,Actual,3294.848081,"USD millions (2025 dollars, PEBD inflation adjustment)",,PEBD sheet 'Budget History (inflation adj)' cell D16,R73; PEBD pull 2026-09-27 (workbook updated 2025-11-13); attribution: The Planetary Society; conventions in 07 FINDINGS R73
planetary_society_pebd_mission_costs,Budget History (inflation adj),1973,% U.S. Discretionary Expenditures,0.002990697425,fraction (0-1),,PEBD sheet 'Budget History (inflation adj)' cell E16,R73; PEBD pull 2026-09-27 (workbook updated 2025-11-13); attribution: The Planetary Society; conventions in 07 FINDINGS R73
planetary_society_pebd_mission_costs,Budget History (inflation adj),1974,Request,3006.983,"USD millions (2025 dollars, PEBD inflation adjustment)",,PEBD sheet 'Budget History (inflation adj)' cell B17,R73; PEBD pull 2026-09-27 (workbook updated 2025-11-13); attribution: The Planetary Society; conventions in 07 FINDINGS R73
planetary_society_pebd_mission_costs,Budget History (inflation adj),1974,Actual,3596.414724,"USD millions (2025 dollars, PEBD inflation adjustment)",,PEBD sheet 'Budget History (inflation adj)' cell D17,R73; PEBD pull 2026-09-27 (workbook updated 2025-11-13); attribution: The Planetary Society; conventions in 07 FINDINGS R73
planetary_society_pebd_mission_costs,Budget History (inflation adj),1974,% U.S. Discretionary Expenditures,0.003301439146,fraction (0-1),,PEBD sheet 'Budget History (inflation adj)' cell E17,R73; PEBD pull 2026-09-27 (workbook updated 2025-11-13); attribution: The Planetary Society; conventions in 07 FINDINGS R73
planetary_society_pebd_mission_costs,Budget History (inflation adj),1975,Request,2024.3598,"USD millions (2025 dollars, PEBD inflation adjustment)",,PEBD sheet 'Budget History (inflation adj)' cell B18,R73; PEBD pull 2026-09-27 (workbook updated 2025-11-13); attribution: The Planetary Society; conventions in 07 FINDINGS R73
planetary_society_pebd_mission_costs,Budget History (inflation adj),1975,Actual,2012.2677,"USD millions (2025 dollars, PEBD inflation adjustment)",,PEBD sheet 'Budget History (inflation adj)' cell D18,R73; PEBD pull 2026-09-27 (workbook updated 2025-11-13); attribution: The Planetary Society; conventions in 07 FINDINGS R73
planetary_society_pebd_mission_costs,Budget History (inflation adj),1975,% U.S. Discretionary Expenditures,0.001790903048,fraction (0-1),,PEBD sheet 'Budget History (inflation adj)' cell E18,R73; PEBD pull 2026-09-27 (workbook updated 2025-11-13); attribution: The Planetary Society; conventions in 07 FINDINGS R73
planetary_society_pebd_mission_costs,Budget History (inflation adj),1976,Request,1959.7578,"USD millions (2025 dollars, PEBD inflation adjustment)",,PEBD sheet 'Budget History (inflation adj)' cell B19,R73; PEBD pull 2026-09-27 (workbook updated 2025-11-13); attribution: The Planetary Society; conventions in 07 FINDINGS R73
planetary_society_pebd_mission_costs,Budget History (inflation adj),1976,Actual,1906.5709,"USD millions (2025 dollars, PEBD inflation adjustment)",,PEBD sheet 'Budget History (inflation adj)' cell D19,R73; PEBD pull 2026-09-27 (workbook updated 2025-11-13); attribution: The Planetary Society; conventions in 07 FINDINGS R73
planetary_society_pebd_mission_costs,Budget History (inflation adj),1976,% U.S. Discretionary Expenditures,0.001663942316,fraction (0-1),,PEBD sheet 'Budget History (inflation adj)' cell E19,R73; PEBD pull 2026-09-27 (workbook updated 2025-11-13); attribution: The Planetary Society; conventions in 07 FINDINGS R73
planetary_society_pebd_mission_costs,Budget History (inflation adj),1977,Request,1286.0053,"USD millions (2025 dollars, PEBD inflation adjustment)",,PEBD sheet 'Budget History (inflation adj)' cell B20,R73; PEBD pull 2026-09-27 (workbook updated 2025-11-13); attribution: The Planetary Society; conventions in 07 FINDINGS R73
planetary_society_pebd_mission_costs,Budget History (inflation adj),1977,Actual,1319.095047,"USD millions (2025 dollars, PEBD inflation adjustment)",,PEBD sheet 'Budget History (inflation adj)' cell D20,R73; PEBD pull 2026-09-27 (workbook updated 2025-11-13); attribution: The Planetary Society; conventions in 07 FINDINGS R73
planetary_society_pebd_mission_costs,Budget History (inflation adj),1977,% U.S. Discretionary Expenditures,0.001136213484,fraction (0-1),,PEBD sheet 'Budget History (inflation adj)' cell E20,R73; PEBD pull 2026-09-27 (workbook updated 2025-11-13); attribution: The Planetary Society; conventions in 07 FINDINGS R73
planetary_society_pebd_mission_costs,Budget History (inflation adj),1978,Request,885.33,"USD millions (2025 dollars, PEBD inflation adjustment)",,PEBD sheet 'Budget History (inflation adj)' cell B21,R73; PEBD pull 2026-09-27 (workbook updated 2025-11-13); attribution: The Planetary Society; conventions in 07 FINDINGS R73
planetary_society_pebd_mission_costs,Budget History (inflation adj),1978,Actual,827.428325,"USD millions (2025 dollars, PEBD inflation adjustment)",,PEBD sheet 'Budget History (inflation adj)' cell D21,R73; PEBD pull 2026-09-27 (workbook updated 2025-11-13); attribution: The Planetary Society; conventions in 07 FINDINGS R73
planetary_society_pebd_mission_costs,Budget History (inflation adj),1978,% U.S. Discretionary Expenditures,0.0006922637282,fraction (0-1),,PEBD sheet 'Budget History (inflation adj)' cell E21,R73; PEBD pull 2026-09-27 (workbook updated 2025-11-13); attribution: The Planetary Society; conventions in 07 FINDINGS R73
planetary_society_pebd_mission_costs,Budget History (inflation adj),1979,Request,933.8161,"USD millions (2025 dollars, PEBD inflation adjustment)",,PEBD sheet 'Budget History (inflation adj)' cell B22,R73; PEBD pull 2026-09-27 (workbook updated 2025-11-13); attribution: The Planetary Society; conventions in 07 FINDINGS R73
planetary_society_pebd_mission_costs,Budget History (inflation adj),1979,Actual,910.3584,"USD millions (2025 dollars, PEBD inflation adjustment)",,PEBD sheet 'Budget History (inflation adj)' cell D22,R73; PEBD pull 2026-09-27 (workbook updated 2025-11-13); attribution: The Planetary Society; conventions in 07 FINDINGS R73
planetary_society_pebd_mission_costs,Budget History (inflation adj),1979,% U.S. Discretionary Expenditures,0.0007600063334,fraction (0-1),,PEBD sheet 'Budget History (inflation adj)' cell E22,R73; PEBD pull 2026-09-27 (workbook updated 2025-11-13); attribution: The Planetary Society; conventions in 07 FINDINGS R73
planetary_society_pebd_mission_costs,Budget History (inflation adj),1980,Request,992.6616,"USD millions (2025 dollars, PEBD inflation adjustment)",,PEBD sheet 'Budget History (inflation adj)' cell B23,R73; PEBD pull 2026-09-27 (workbook updated 2025-11-13); attribution: The Planetary Society; conventions in 07 FINDINGS R73
planetary_society_pebd_mission_costs,Budget History (inflation adj),1980,Actual,991.3092,"USD millions (2025 dollars, PEBD inflation adjustment)",,PEBD sheet 'Budget History (inflation adj)' cell D23,R73; PEBD pull 2026-09-27 (workbook updated 2025-11-13); attribution: The Planetary Society; conventions in 07 FINDINGS R73
planetary_society_pebd_mission_costs,Budget History (inflation adj),1980,% U.S. Discretionary Expenditures,0.0007958049247,fraction (0-1),,PEBD sheet 'Budget History (inflation adj)' cell E23,R73; PEBD pull 2026-09-27 (workbook updated 2025-11-13); attribution: The Planetary Society; conventions in 07 FINDINGS R73
planetary_society_pebd_mission_costs,Budget History (inflation adj),1981,Request,735.462,"USD millions (2025 dollars, PEBD inflation adjustment)",,PEBD sheet 'Budget History (inflation adj)' cell B24,R73; PEBD pull 2026-09-27 (workbook updated 2025-11-13); attribution: The Planetary Society; conventions in 07 FINDINGS R73
planetary_society_pebd_mission_costs,Budget History (inflation adj),1981,Actual,719.082,"USD millions (2025 dollars, PEBD inflation adjustment)",,PEBD sheet 'Budget History (inflation adj)' cell D24,R73; PEBD pull 2026-09-27 (workbook updated 2025-11-13); attribution: The Planetary Society; conventions in 07 FINDINGS R73
planetary_society_pebd_mission_costs,Budget History (inflation adj),1981,% U.S. Discretionary Expenditures,0.0005702909588,fraction (0-1),,PEBD sheet 'Budget History (inflation adj)' cell E24,R73; PEBD pull 2026-09-27 (workbook updated 2025-11-13); attribution: The Planetary Society; conventions in 07 FINDINGS R73
planetary_society_pebd_mission_costs,Budget History (inflation adj),1982,Request,817.7094,"USD millions (2025 dollars, PEBD inflation adjustment)",,PEBD sheet 'Budget History (inflation adj)' cell B25,R73; PEBD pull 2026-09-27 (workbook updated 2025-11-13); attribution: The Planetary Society; conventions in 07 FINDINGS R73
planetary_society_pebd_mission_costs,Budget History (inflation adj),1982,Actual,778.59,"USD millions (2025 dollars, PEBD inflation adjustment)",,PEBD sheet 'Budget History (inflation adj)' cell D25,R73; PEBD pull 2026-09-27 (workbook updated 2025-11-13); attribution: The Planetary Society; conventions in 07 FINDINGS R73
planetary_society_pebd_mission_costs,Budget History (inflation adj),1982,% U.S. Discretionary Expenditures,0.0006289269586,fraction (0-1),,PEBD sheet 'Budget History (inflation adj)' cell E25,R73; PEBD pull 2026-09-27 (workbook updated 2025-11-13); attribution: The Planetary Society; conventions in 07 FINDINGS R73
planetary_society_pebd_mission_costs,Budget History (inflation adj),1983,Request,551.922,"USD millions (2025 dollars, PEBD inflation adjustment)",,PEBD sheet 'Budget History (inflation adj)' cell B26,R73; PEBD pull 2026-09-27 (workbook updated 2025-11-13); attribution: The Planetary Society; conventions in 07 FINDINGS R73
planetary_society_pebd_mission_costs,Budget History (inflation adj),1983,Actual,644.028,"USD millions (2025 dollars, PEBD inflation adjustment)",,PEBD sheet 'Budget History (inflation adj)' cell D26,R73; PEBD pull 2026-09-27 (workbook updated 2025-11-13); attribution: The Planetary Society; conventions in 07 FINDINGS R73
planetary_society_pebd_mission_costs,Budget History (inflation adj),1983,% U.S. Discretionary Expenditures,0.0005105997566,fraction (0-1),,PEBD sheet 'Budget History (inflation adj)' cell E26,R73; PEBD pull 2026-09-27 (workbook updated 2025-11-13); attribution: The Planetary Society; conventions in 07 FINDINGS R73
planetary_society_pebd_mission_costs,Budget History (inflation adj),1984,Request,695.6898,"USD millions (2025 dollars, PEBD inflation adjustment)",,PEBD sheet 'Budget History (inflation adj)' cell B27,R73; PEBD pull 2026-09-27 (workbook updated 2025-11-13); attribution: The Planetary Society; conventions in 07 FINDINGS R73
planetary_society_pebd_mission_costs,Budget History (inflation adj),1984,Actual,736.3338,"USD millions (2025 dollars, PEBD inflation adjustment)",,PEBD sheet 'Budget History (inflation adj)' cell D27,R73; PEBD pull 2026-09-27 (workbook updated 2025-11-13); attribution: The Planetary Society; conventions in 07 FINDINGS R73
planetary_society_pebd_mission_costs,Budget History (inflation adj),1984,% U.S. Discretionary Expenditures,0.0005729390402,fraction (0-1),,PEBD sheet 'Budget History (inflation adj)' cell E27,R73; PEBD pull 2026-09-27 (workbook updated 2025-11-13); attribution: The Planetary Society; conventions in 07 FINDINGS R73
planetary_society_pebd_mission_costs,Budget History (inflation adj),1985,Request,939.8844,"USD millions (2025 dollars, PEBD inflation adjustment)",,PEBD sheet 'Budget History (inflation adj)' cell B28,R73; PEBD pull 2026-09-27 (workbook updated 2025-11-13); attribution: The Planetary Society; conventions in 07 FINDINGS R73
planetary_society_pebd_mission_costs,Budget History (inflation adj),1985,Actual,952.9884,"USD millions (2025 dollars, PEBD inflation adjustment)",,PEBD sheet 'Budget History (inflation adj)' cell D28,R73; PEBD pull 2026-09-27 (workbook updated 2025-11-13); attribution: The Planetary Society; conventions in 07 FINDINGS R73
planetary_society_pebd_mission_costs,Budget History (inflation adj),1985,% U.S. Discretionary Expenditures,0.0006996269778,fraction (0-1),,PEBD sheet 'Budget History (inflation adj)' cell E28,R73; PEBD pull 2026-09-27 (workbook updated 2025-11-13); attribution: The Planetary Society; conventions in 07 FINDINGS R73
planetary_society_pebd_mission_costs,Budget History (inflation adj),1986,Request,1141.62,"USD millions (2025 dollars, PEBD inflation adjustment)",,PEBD sheet 'Budget History (inflation adj)' cell B29,R73; PEBD pull 2026-09-27 (workbook updated 2025-11-13); attribution: The Planetary Society; conventions in 07 FINDINGS R73
planetary_society_pebd_mission_costs,Budget History (inflation adj),1986,Actual,1124.448,"USD millions (2025 dollars, PEBD inflation adjustment)",,PEBD sheet 'Budget History (inflation adj)' cell D29,R73; PEBD pull 2026-09-27 (workbook updated 2025-11-13); attribution: The Planetary Society; conventions in 07 FINDINGS R73
planetary_society_pebd_mission_costs,Budget History (inflation adj),1986,% U.S. Discretionary Expenditures,0.0008063486272,fraction (0-1),,PEBD sheet 'Budget History (inflation adj)' cell E29,R73; PEBD pull 2026-09-27 (workbook updated 2025-11-13); attribution: The Planetary Society; conventions in 07 FINDINGS R73
planetary_society_pebd_mission_costs,Budget History (inflation adj),1987,Request,1143.4865,"USD millions (2025 dollars, PEBD inflation adjustment)",,PEBD sheet 'Budget History (inflation adj)' cell B30,R73; PEBD pull 2026-09-27 (workbook updated 2025-11-13); attribution: The Planetary Society; conventions in 07 FINDINGS R73
planetary_society_pebd_mission_costs,Budget History (inflation adj),1987,Actual,1121.796,"USD millions (2025 dollars, PEBD inflation adjustment)",,PEBD sheet 'Budget History (inflation adj)' cell D30,R73; PEBD pull 2026-09-27 (workbook updated 2025-11-13); attribution: The Planetary Society; conventions in 07 FINDINGS R73
planetary_society_pebd_mission_costs,Budget History (inflation adj),1987,% U.S. Discretionary Expenditures,0.0008267272453,fraction (0-1),,PEBD sheet 'Budget History (inflation adj)' cell E30,R73; PEBD pull 2026-09-27 (workbook updated 2025-11-13); attribution: The Planetary Society; conventions in 07 FINDINGS R73
planetary_society_pebd_mission_costs,Budget History (inflation adj),1987,Notes,Supplemental request post-Challenger,,,PEBD sheet 'Budget History (inflation adj)' cell F30,R73; PEBD pull 2026-09-27 (workbook updated 2025-11-13); attribution: The Planetary Society; conventions in 07 FINDINGS R73
planetary_society_pebd_mission_costs,Budget History (inflation adj),1988,Request,891.4773,"USD millions (2025 dollars, PEBD inflation adjustment)",,PEBD sheet 'Budget History (inflation adj)' cell B31,R73; PEBD pull 2026-09-27 (workbook updated 2025-11-13); attribution: The Planetary Society; conventions in 07 FINDINGS R73
planetary_society_pebd_mission_costs,Budget History (inflation adj),1988,Actual,950.6577,"USD millions (2025 dollars, PEBD inflation adjustment)",,PEBD sheet 'Budget History (inflation adj)' cell D31,R73; PEBD pull 2026-09-27 (workbook updated 2025-11-13); attribution: The Planetary Society; conventions in 07 FINDINGS R73
planetary_society_pebd_mission_costs,Budget History (inflation adj),1988,% U.S. Discretionary Expenditures,0.0007056143388,fraction (0-1),,PEBD sheet 'Budget History (inflation adj)' cell E31,R73; PEBD pull 2026-09-27 (workbook updated 2025-11-13); attribution: The Planetary Society; conventions in 07 FINDINGS R73
planetary_society_pebd_mission_costs,Budget History (inflation adj),1989,Request,1279.9232,"USD millions (2025 dollars, PEBD inflation adjustment)",,PEBD sheet 'Budget History (inflation adj)' cell B32,R73; PEBD pull 2026-09-27 (workbook updated 2025-11-13); attribution: The Planetary Society; conventions in 07 FINDINGS R73
planetary_society_pebd_mission_costs,Budget History (inflation adj),1989,Actual,1166.9888,"USD millions (2025 dollars, PEBD inflation adjustment)",,PEBD sheet 'Budget History (inflation adj)' cell D32,R73; PEBD pull 2026-09-27 (workbook updated 2025-11-13); attribution: The Planetary Society; conventions in 07 FINDINGS R73
planetary_society_pebd_mission_costs,Budget History (inflation adj),1989,% U.S. Discretionary Expenditures,0.0008624639958,fraction (0-1),,PEBD sheet 'Budget History (inflation adj)' cell E32,R73; PEBD pull 2026-09-27 (workbook updated 2025-11-13); attribution: The Planetary Society; conventions in 07 FINDINGS R73
planetary_society_pebd_mission_costs,Budget History (inflation adj),1990,Request,1979.8626,"USD millions (2025 dollars, PEBD inflation adjustment)",,PEBD sheet 'Budget History (inflation adj)' cell B33,R73; PEBD pull 2026-09-27 (workbook updated 2025-11-13); attribution: The Planetary Society; conventions in 07 FINDINGS R73
planetary_society_pebd_mission_costs,Budget History (inflation adj),1990,Actual,1311.382152,"USD millions (2025 dollars, PEBD inflation adjustment)",,PEBD sheet 'Budget History (inflation adj)' cell D33,R73; PEBD pull 2026-09-27 (workbook updated 2025-11-13); attribution: The Planetary Society; conventions in 07 FINDINGS R73
planetary_society_pebd_mission_costs,Budget History (inflation adj),1990,% U.S. Discretionary Expenditures,0.0009889527706,fraction (0-1),,PEBD sheet 'Budget History (inflation adj)' cell E33,R73; PEBD pull 2026-09-27 (workbook updated 2025-11-13); attribution: The Planetary Society; conventions in 07 FINDINGS R73
planetary_society_pebd_mission_costs,Budget History (inflation adj),1991,Request,1627.2748,"USD millions (2025 dollars, PEBD inflation adjustment)",,PEBD sheet 'Budget History (inflation adj)' cell B34,R73; PEBD pull 2026-09-27 (workbook updated 2025-11-13); attribution: The Planetary Society; conventions in 07 FINDINGS R73
planetary_society_pebd_mission_costs,Budget History (inflation adj),1991,Actual,1514.7668,"USD millions (2025 dollars, PEBD inflation adjustment)",,PEBD sheet 'Budget History (inflation adj)' cell D34,R73; PEBD pull 2026-09-27 (workbook updated 2025-11-13); attribution: The Planetary Society; conventions in 07 FINDINGS R73
planetary_society_pebd_mission_costs,Budget History (inflation adj),1991,% U.S. Discretionary Expenditures,0.001110865252,fraction (0-1),,PEBD sheet 'Budget History (inflation adj)' cell E34,R73; PEBD pull 2026-09-27 (workbook updated 2025-11-13); attribution: The Planetary Society; conventions in 07 FINDINGS R73
planetary_society_pebd_mission_costs,Budget History (inflation adj),1992,Request,1897.1524,"USD millions (2025 dollars, PEBD inflation adjustment)",,PEBD sheet 'Budget History (inflation adj)' cell B35,R73; PEBD pull 2026-09-27 (workbook updated 2025-11-13); attribution: The Planetary Society; conventions in 07 FINDINGS R73
planetary_society_pebd_mission_costs,Budget History (inflation adj),1992,Actual,1443.335751,"USD millions (2025 dollars, PEBD inflation adjustment)",,PEBD sheet 'Budget History (inflation adj)' cell D35,R73; PEBD pull 2026-09-27 (workbook updated 2025-11-13); attribution: The Planetary Society; conventions in 07 FINDINGS R73
planetary_society_pebd_mission_costs,Budget History (inflation adj),1992,% U.S. Discretionary Expenditures,0.001112247402,fraction (0-1),,PEBD sheet 'Budget History (inflation adj)' cell E35,R73; PEBD pull 2026-09-27 (workbook updated 2025-11-13); attribution: The Planetary Society; conventions in 07 FINDINGS R73
planetary_society_pebd_mission_costs,Budget History (inflation adj),1993,Request,1158.8011,"USD millions (2025 dollars, PEBD inflation adjustment)",,PEBD sheet 'Budget History (inflation adj)' cell B36,R73; PEBD pull 2026-09-27 (workbook updated 2025-11-13); attribution: The Planetary Society; conventions in 07 FINDINGS R73
planetary_society_pebd_mission_costs,Budget History (inflation adj),1993,Actual,1117.269034,"USD millions (2025 dollars, PEBD inflation adjustment)",,PEBD sheet 'Budget History (inflation adj)' cell D36,R73; PEBD pull 2026-09-27 (workbook updated 2025-11-13); attribution: The Planetary Society; conventions in 07 FINDINGS R73
planetary_society_pebd_mission_costs,Budget History (inflation adj),1993,% U.S. Discretionary Expenditures,0.0008872539847,fraction (0-1),,PEBD sheet 'Budget History (inflation adj)' cell E36,R73; PEBD pull 2026-09-27 (workbook updated 2025-11-13); attribution: The Planetary Society; conventions in 07 FINDINGS R73
planetary_society_pebd_mission_costs,Budget History (inflation adj),1994,Request,1447.1885,"USD millions (2025 dollars, PEBD inflation adjustment)",,PEBD sheet 'Budget History (inflation adj)' cell B37,R73; PEBD pull 2026-09-27 (workbook updated 2025-11-13); attribution: The Planetary Society; conventions in 07 FINDINGS R73
planetary_society_pebd_mission_costs,Budget History (inflation adj),1994,Actual,1746.8097,"USD millions (2025 dollars, PEBD inflation adjustment)",,PEBD sheet 'Budget History (inflation adj)' cell D37,R73; PEBD pull 2026-09-27 (workbook updated 2025-11-13); attribution: The Planetary Society; conventions in 07 FINDINGS R73
planetary_society_pebd_mission_costs,Budget History (inflation adj),1994,% U.S. Discretionary Expenditures,0.001425906085,fraction (0-1),,PEBD sheet 'Budget History (inflation adj)' cell E37,R73; PEBD pull 2026-09-27 (workbook updated 2025-11-13); attribution: The Planetary Society; conventions in 07 FINDINGS R73
planetary_society_pebd_mission_costs,Budget History (inflation adj),1994,Notes,Start of Discovery program,,,PEBD sheet 'Budget History (inflation adj)' cell F37,R73; PEBD pull 2026-09-27 (workbook updated 2025-11-13); attribution: The Planetary Society; conventions in 07 FINDINGS R73
planetary_society_pebd_mission_costs,Budget History (inflation adj),1995,Request,1922.0985,"USD millions (2025 dollars, PEBD inflation adjustment)",,PEBD sheet 'Budget History (inflation adj)' cell B38,R73; PEBD pull 2026-09-27 (workbook updated 2025-11-13); attribution: The Planetary Society; conventions in 07 FINDINGS R73
planetary_society_pebd_mission_costs,Budget History (inflation adj),1995,Actual,1819.566,"USD millions (2025 dollars, PEBD inflation adjustment)",,PEBD sheet 'Budget History (inflation adj)' cell D38,R73; PEBD pull 2026-09-27 (workbook updated 2025-11-13); attribution: The Planetary Society; conventions in 07 FINDINGS R73
planetary_society_pebd_mission_costs,Budget History (inflation adj),1995,% U.S. Discretionary Expenditures,0.001514792726,fraction (0-1),,PEBD sheet 'Budget History (inflation adj)' cell E38,R73; PEBD pull 2026-09-27 (workbook updated 2025-11-13); attribution: The Planetary Society; conventions in 07 FINDINGS R73
planetary_society_pebd_mission_costs,Budget History (inflation adj),1996,Request,1780.5978,"USD millions (2025 dollars, PEBD inflation adjustment)",,PEBD sheet 'Budget History (inflation adj)' cell B39,R73; PEBD pull 2026-09-27 (workbook updated 2025-11-13); attribution: The Planetary Society; conventions in 07 FINDINGS R73
planetary_society_pebd_mission_costs,Budget History (inflation adj),1996,Actual,1793.5038,"USD millions (2025 dollars, PEBD inflation adjustment)",,PEBD sheet 'Budget History (inflation adj)' cell D39,R73; PEBD pull 2026-09-27 (workbook updated 2025-11-13); attribution: The Planetary Society; conventions in 07 FINDINGS R73
planetary_society_pebd_mission_costs,Budget History (inflation adj),1996,% U.S. Discretionary Expenditures,0.001565136757,fraction (0-1),,PEBD sheet 'Budget History (inflation adj)' cell E39,R73; PEBD pull 2026-09-27 (workbook updated 2025-11-13); attribution: The Planetary Society; conventions in 07 FINDINGS R73
planetary_society_pebd_mission_costs,Budget History (inflation adj),1997,Request,1460.7848,"USD millions (2025 dollars, PEBD inflation adjustment)",,PEBD sheet 'Budget History (inflation adj)' cell B40,R73; PEBD pull 2026-09-27 (workbook updated 2025-11-13); attribution: The Planetary Society; conventions in 07 FINDINGS R73
planetary_society_pebd_mission_costs,Budget History (inflation adj),1997,Actual,1436.3818,"USD millions (2025 dollars, PEBD inflation adjustment)",,PEBD sheet 'Budget History (inflation adj)' cell D40,R73; PEBD pull 2026-09-27 (workbook updated 2025-11-13); attribution: The Planetary Society; conventions in 07 FINDINGS R73
planetary_society_pebd_mission_costs,Budget History (inflation adj),1997,% U.S. Discretionary Expenditures,0.001237393449,fraction (0-1),,PEBD sheet 'Budget History (inflation adj)' cell E40,R73; PEBD pull 2026-09-27 (workbook updated 2025-11-13); attribution: The Planetary Society; conventions in 07 FINDINGS R73
planetary_society_pebd_mission_costs,Budget History (inflation adj),1997,Notes,Restructured program consolidated Planetary Exploration and Physics and Astronomy accounts. No distinct Planetary request.,,,PEBD sheet 'Budget History (inflation adj)' cell F40,R73; PEBD pull 2026-09-27 (workbook updated 2025-11-13); attribution: The Planetary Society; conventions in 07 FINDINGS R73
planetary_society_pebd_mission_costs,Budget History (inflation adj),1998,Actual,1461.73257,"USD millions (2025 dollars, PEBD inflation adjustment)",,PEBD sheet 'Budget History (inflation adj)' cell D41,R73; PEBD pull 2026-09-27 (workbook updated 2025-11-13); attribution: The Planetary Society; conventions in 07 FINDINGS R73
planetary_society_pebd_mission_costs,Budget History (inflation adj),1998,% U.S. Discretionary Expenditures,0.001279270646,fraction (0-1),,PEBD sheet 'Budget History (inflation adj)' cell E41,R73; PEBD pull 2026-09-27 (workbook updated 2025-11-13); attribution: The Planetary Society; conventions in 07 FINDINGS R73
planetary_society_pebd_mission_costs,Budget History (inflation adj),1999,Actual,1592.044771,"USD millions (2025 dollars, PEBD inflation adjustment)",,PEBD sheet 'Budget History (inflation adj)' cell D42,R73; PEBD pull 2026-09-27 (workbook updated 2025-11-13); attribution: The Planetary Society; conventions in 07 FINDINGS R73
planetary_society_pebd_mission_costs,Budget History (inflation adj),1999,% U.S. Discretionary Expenditures,0.00137691505,fraction (0-1),,PEBD sheet 'Budget History (inflation adj)' cell E42,R73; PEBD pull 2026-09-27 (workbook updated 2025-11-13); attribution: The Planetary Society; conventions in 07 FINDINGS R73
planetary_society_pebd_mission_costs,Budget History (inflation adj),2000,Actual,1772.733338,"USD millions (2025 dollars, PEBD inflation adjustment)",,PEBD sheet 'Budget History (inflation adj)' cell D43,R73; PEBD pull 2026-09-27 (workbook updated 2025-11-13); attribution: The Planetary Society; conventions in 07 FINDINGS R73
planetary_society_pebd_mission_costs,Budget History (inflation adj),2000,% U.S. Discretionary Expenditures,0.001485194248,fraction (0-1),,PEBD sheet 'Budget History (inflation adj)' cell E43,R73; PEBD pull 2026-09-27 (workbook updated 2025-11-13); attribution: The Planetary Society; conventions in 07 FINDINGS R73
planetary_society_pebd_mission_costs,Budget History (inflation adj),2001,Actual,2183.75346,"USD millions (2025 dollars, PEBD inflation adjustment)",,PEBD sheet 'Budget History (inflation adj)' cell D44,R73; PEBD pull 2026-09-27 (workbook updated 2025-11-13); attribution: The Planetary Society; conventions in 07 FINDINGS R73
planetary_society_pebd_mission_costs,Budget History (inflation adj),2001,% U.S. Discretionary Expenditures,0.001795402756,fraction (0-1),,PEBD sheet 'Budget History (inflation adj)' cell E44,R73; PEBD pull 2026-09-27 (workbook updated 2025-11-13); attribution: The Planetary Society; conventions in 07 FINDINGS R73
planetary_society_pebd_mission_costs,Budget History (inflation adj),2002,Actual,1855.6317,"USD millions (2025 dollars, PEBD inflation adjustment)",,PEBD sheet 'Budget History (inflation adj)' cell D45,R73; PEBD pull 2026-09-27 (workbook updated 2025-11-13); attribution: The Planetary Society; conventions in 07 FINDINGS R73
planetary_society_pebd_mission_costs,Budget History (inflation adj),2002,% U.S. Discretionary Expenditures,0.001386879215,fraction (0-1),,PEBD sheet 'Budget History (inflation adj)' cell E45,R73; PEBD pull 2026-09-27 (workbook updated 2025-11-13); attribution: The Planetary Society; conventions in 07 FINDINGS R73
planetary_society_pebd_mission_costs,Budget History (inflation adj),2002,Notes,"Reported ""Actuals"" contain DSN since they were reported in the FY2004 PBR.",,,PEBD sheet 'Budget History (inflation adj)' cell F45,R73; PEBD pull 2026-09-27 (workbook updated 2025-11-13); attribution: The Planetary Society; conventions in 07 FINDINGS R73
planetary_society_pebd_mission_costs,Budget History (inflation adj),2003,Request,2627.1184,"USD millions (2025 dollars, PEBD inflation adjustment)",,PEBD sheet 'Budget History (inflation adj)' cell B46,R73; PEBD pull 2026-09-27 (workbook updated 2025-11-13); attribution: The Planetary Society; conventions in 07 FINDINGS R73
planetary_society_pebd_mission_costs,Budget History (inflation adj),2003,Actual,2746.2896,"USD millions (2025 dollars, PEBD inflation adjustment)",,PEBD sheet 'Budget History (inflation adj)' cell D46,R73; PEBD pull 2026-09-27 (workbook updated 2025-11-13); attribution: The Planetary Society; conventions in 07 FINDINGS R73
planetary_society_pebd_mission_costs,Budget History (inflation adj),2003,% U.S. Discretionary Expenditures,0.001576778486,fraction (0-1),,PEBD sheet 'Budget History (inflation adj)' cell E46,R73; PEBD pull 2026-09-27 (workbook updated 2025-11-13); attribution: The Planetary Society; conventions in 07 FINDINGS R73
planetary_society_pebd_mission_costs,Budget History (inflation adj),2003,Notes,First year that DSN costs are included in the solar system exploration division. Program restructuring once again breaks out planetary-related programs.,,,PEBD sheet 'Budget History (inflation adj)' cell F46,R73; PEBD pull 2026-09-27 (workbook updated 2025-11-13); attribution: The Planetary Society; conventions in 07 FINDINGS R73
planetary_society_pebd_mission_costs,Budget History (inflation adj),2004,Request,3327.3525,"USD millions (2025 dollars, PEBD inflation adjustment)",,PEBD sheet 'Budget History (inflation adj)' cell B47,R73; PEBD pull 2026-09-27 (workbook updated 2025-11-13); attribution: The Planetary Society; conventions in 07 FINDINGS R73
planetary_society_pebd_mission_costs,Budget History (inflation adj),2004,Actual,3293.8875,"USD millions (2025 dollars, PEBD inflation adjustment)",,PEBD sheet 'Budget History (inflation adj)' cell D47,R73; PEBD pull 2026-09-27 (workbook updated 2025-11-13); attribution: The Planetary Society; conventions in 07 FINDINGS R73
planetary_society_pebd_mission_costs,Budget History (inflation adj),2004,% U.S. Discretionary Expenditures,0.001836961561,fraction (0-1),,PEBD sheet 'Budget History (inflation adj)' cell E47,R73; PEBD pull 2026-09-27 (workbook updated 2025-11-13); attribution: The Planetary Society; conventions in 07 FINDINGS R73
planetary_society_pebd_mission_costs,Budget History (inflation adj),2004,Notes,NASA moves to full-cost accounting for all projects.,,,PEBD sheet 'Budget History (inflation adj)' cell F47,R73; PEBD pull 2026-09-27 (workbook updated 2025-11-13); attribution: The Planetary Society; conventions in 07 FINDINGS R73
planetary_society_pebd_mission_costs,Budget History (inflation adj),2005,Request,3272.5026,"USD millions (2025 dollars, PEBD inflation adjustment)",,PEBD sheet 'Budget History (inflation adj)' cell B48,R73; PEBD pull 2026-09-27 (workbook updated 2025-11-13); attribution: The Planetary Society; conventions in 07 FINDINGS R73
planetary_society_pebd_mission_costs,Budget History (inflation adj),2005,Actual,2880.2844,"USD millions (2025 dollars, PEBD inflation adjustment)",,PEBD sheet 'Budget History (inflation adj)' cell D48,R73; PEBD pull 2026-09-27 (workbook updated 2025-11-13); attribution: The Planetary Society; conventions in 07 FINDINGS R73
planetary_society_pebd_mission_costs,Budget History (inflation adj),2005,% U.S. Discretionary Expenditures,0.001509899942,fraction (0-1),,PEBD sheet 'Budget History (inflation adj)' cell E48,R73; PEBD pull 2026-09-27 (workbook updated 2025-11-13); attribution: The Planetary Society; conventions in 07 FINDINGS R73
planetary_society_pebd_mission_costs,Budget History (inflation adj),2006,Request,3082.7732,"USD millions (2025 dollars, PEBD inflation adjustment)",,PEBD sheet 'Budget History (inflation adj)' cell B49,R73; PEBD pull 2026-09-27 (workbook updated 2025-11-13); attribution: The Planetary Society; conventions in 07 FINDINGS R73
planetary_society_pebd_mission_costs,Budget History (inflation adj),2006,Actual,2762.1038,"USD millions (2025 dollars, PEBD inflation adjustment)",,PEBD sheet 'Budget History (inflation adj)' cell D49,R73; PEBD pull 2026-09-27 (workbook updated 2025-11-13); attribution: The Planetary Society; conventions in 07 FINDINGS R73
planetary_society_pebd_mission_costs,Budget History (inflation adj),2006,% U.S. Discretionary Expenditures,0.001424617164,fraction (0-1),,PEBD sheet 'Budget History (inflation adj)' cell E49,R73; PEBD pull 2026-09-27 (workbook updated 2025-11-13); attribution: The Planetary Society; conventions in 07 FINDINGS R73
planetary_society_pebd_mission_costs,Budget History (inflation adj),2006,Notes,"Solar System Exploration Division created from Mars, Lunar, and Solar System divisions. NASA moves to CJS from VA/HUD appropriations.",,,PEBD sheet 'Budget History (inflation adj)' cell F49,R73; PEBD pull 2026-09-27 (workbook updated 2025-11-13); attribution: The Planetary Society; conventions in 07 FINDINGS R73
planetary_society_pebd_mission_costs,Budget History (inflation adj),2007,Request,2514.9762,"USD millions (2025 dollars, PEBD inflation adjustment)",,PEBD sheet 'Budget History (inflation adj)' cell B50,R73; PEBD pull 2026-09-27 (workbook updated 2025-11-13); attribution: The Planetary Society; conventions in 07 FINDINGS R73
planetary_society_pebd_mission_costs,Budget History (inflation adj),2007,Actual,2216.1656,"USD millions (2025 dollars, PEBD inflation adjustment)",,PEBD sheet 'Budget History (inflation adj)' cell D50,R73; PEBD pull 2026-09-27 (workbook updated 2025-11-13); attribution: The Planetary Society; conventions in 07 FINDINGS R73
planetary_society_pebd_mission_costs,Budget History (inflation adj),2007,% U.S. Discretionary Expenditures,0.001166965889,fraction (0-1),,PEBD sheet 'Budget History (inflation adj)' cell E50,R73; PEBD pull 2026-09-27 (workbook updated 2025-11-13); attribution: The Planetary Society; conventions in 07 FINDINGS R73
planetary_society_pebd_mission_costs,Budget History (inflation adj),2007,Notes,Full-year CR. Final year of DSN costs in Solar Sytem/Planetary account.,,,PEBD sheet 'Budget History (inflation adj)' cell F50,R73; PEBD pull 2026-09-27 (workbook updated 2025-11-13); attribution: The Planetary Society; conventions in 07 FINDINGS R73
planetary_society_pebd_mission_costs,Budget History (inflation adj),2008,Request,2104.8664,"USD millions (2025 dollars, PEBD inflation adjustment)",,PEBD sheet 'Budget History (inflation adj)' cell B51,R73; PEBD pull 2026-09-27 (workbook updated 2025-11-13); attribution: The Planetary Society; conventions in 07 FINDINGS R73
planetary_society_pebd_mission_costs,Budget History (inflation adj),2008,Enacted,2119.494,"USD millions (2025 dollars, PEBD inflation adjustment)",,PEBD sheet 'Budget History (inflation adj)' cell C51,R73; PEBD pull 2026-09-27 (workbook updated 2025-11-13); attribution: The Planetary Society; conventions in 07 FINDINGS R73
planetary_society_pebd_mission_costs,Budget History (inflation adj),2008,Actual,1979.5516,"USD millions (2025 dollars, PEBD inflation adjustment)",,PEBD sheet 'Budget History (inflation adj)' cell D51,R73; PEBD pull 2026-09-27 (workbook updated 2025-11-13); attribution: The Planetary Society; conventions in 07 FINDINGS R73
planetary_society_pebd_mission_costs,Budget History (inflation adj),2008,% U.S. Discretionary Expenditures,0.001156682093,fraction (0-1),,PEBD sheet 'Budget History (inflation adj)' cell E51,R73; PEBD pull 2026-09-27 (workbook updated 2025-11-13); attribution: The Planetary Society; conventions in 07 FINDINGS R73
planetary_society_pebd_mission_costs,Budget History (inflation adj),2008,Notes,Solar System Exploration renamed to Planetary Science Division. DSN moves to Heliophysics. NEOO moves to Exploration Systems Mission Directorate.,,,PEBD sheet 'Budget History (inflation adj)' cell F51,R73; PEBD pull 2026-09-27 (workbook updated 2025-11-13); attribution: The Planetary Society; conventions in 07 FINDINGS R73
planetary_society_pebd_mission_costs,Budget History (inflation adj),2009,Request,1974.616,"USD millions (2025 dollars, PEBD inflation adjustment)",,PEBD sheet 'Budget History (inflation adj)' cell B52,R73; PEBD pull 2026-09-27 (workbook updated 2025-11-13); attribution: The Planetary Society; conventions in 07 FINDINGS R73
planetary_society_pebd_mission_costs,Budget History (inflation adj),2009,Enacted,2088.15568,"USD millions (2025 dollars, PEBD inflation adjustment)",,PEBD sheet 'Budget History (inflation adj)' cell C52,R73; PEBD pull 2026-09-27 (workbook updated 2025-11-13); attribution: The Planetary Society; conventions in 07 FINDINGS R73
planetary_society_pebd_mission_costs,Budget History (inflation adj),2009,Actual,1906.388,"USD millions (2025 dollars, PEBD inflation adjustment)",,PEBD sheet 'Budget History (inflation adj)' cell D52,R73; PEBD pull 2026-09-27 (workbook updated 2025-11-13); attribution: The Planetary Society; conventions in 07 FINDINGS R73
planetary_society_pebd_mission_costs,Budget History (inflation adj),2009,% U.S. Discretionary Expenditures,0.001040858609,fraction (0-1),,PEBD sheet 'Budget History (inflation adj)' cell E52,R73; PEBD pull 2026-09-27 (workbook updated 2025-11-13); attribution: The Planetary Society; conventions in 07 FINDINGS R73
planetary_society_pebd_mission_costs,Budget History (inflation adj),2010,Request,1965.452,"USD millions (2025 dollars, PEBD inflation adjustment)",,PEBD sheet 'Budget History (inflation adj)' cell B53,R73; PEBD pull 2026-09-27 (workbook updated 2025-11-13); attribution: The Planetary Society; conventions in 07 FINDINGS R73
planetary_society_pebd_mission_costs,Budget History (inflation adj),2010,Enacted,1978.008,"USD millions (2025 dollars, PEBD inflation adjustment)",,PEBD sheet 'Budget History (inflation adj)' cell C53,R73; PEBD pull 2026-09-27 (workbook updated 2025-11-13); attribution: The Planetary Society; conventions in 07 FINDINGS R73
planetary_society_pebd_mission_costs,Budget History (inflation adj),2010,Actual,1992.024,"USD millions (2025 dollars, PEBD inflation adjustment)",,PEBD sheet 'Budget History (inflation adj)' cell D53,R73; PEBD pull 2026-09-27 (workbook updated 2025-11-13); attribution: The Planetary Society; conventions in 07 FINDINGS R73
planetary_society_pebd_mission_costs,Budget History (inflation adj),2010,% U.S. Discretionary Expenditures,0.001012792781,fraction (0-1),,PEBD sheet 'Budget History (inflation adj)' cell E53,R73; PEBD pull 2026-09-27 (workbook updated 2025-11-13); attribution: The Planetary Society; conventions in 07 FINDINGS R73
planetary_society_pebd_mission_costs,Budget History (inflation adj),2010,Notes,NEO Observation program moves to PSD,,,PEBD sheet 'Budget History (inflation adj)' cell F53,R73; PEBD pull 2026-09-27 (workbook updated 2025-11-13); attribution: The Planetary Society; conventions in 07 FINDINGS R73
planetary_society_pebd_mission_costs,Budget History (inflation adj),2011,Request,2134.9509,"USD millions (2025 dollars, PEBD inflation adjustment)",,PEBD sheet 'Budget History (inflation adj)' cell B54,R73; PEBD pull 2026-09-27 (workbook updated 2025-11-13); attribution: The Planetary Society; conventions in 07 FINDINGS R73
planetary_society_pebd_mission_costs,Budget History (inflation adj),2011,Enacted,2135.382,"USD millions (2025 dollars, PEBD inflation adjustment)",,PEBD sheet 'Budget History (inflation adj)' cell C54,R73; PEBD pull 2026-09-27 (workbook updated 2025-11-13); attribution: The Planetary Society; conventions in 07 FINDINGS R73
planetary_society_pebd_mission_costs,Budget History (inflation adj),2011,Actual,2084.7996,"USD millions (2025 dollars, PEBD inflation adjustment)",,PEBD sheet 'Budget History (inflation adj)' cell D54,R73; PEBD pull 2026-09-27 (workbook updated 2025-11-13); attribution: The Planetary Society; conventions in 07 FINDINGS R73
planetary_society_pebd_mission_costs,Budget History (inflation adj),2011,% U.S. Discretionary Expenditures,0.0010769506,fraction (0-1),,PEBD sheet 'Budget History (inflation adj)' cell E54,R73; PEBD pull 2026-09-27 (workbook updated 2025-11-13); attribution: The Planetary Society; conventions in 07 FINDINGS R73
planetary_society_pebd_mission_costs,Budget History (inflation adj),2012,Request,2190.8754,"USD millions (2025 dollars, PEBD inflation adjustment)",,PEBD sheet 'Budget History (inflation adj)' cell B55,R73; PEBD pull 2026-09-27 (workbook updated 2025-11-13); attribution: The Planetary Society; conventions in 07 FINDINGS R73
planetary_society_pebd_mission_costs,Budget History (inflation adj),2012,Enacted,2133.5688,"USD millions (2025 dollars, PEBD inflation adjustment)",,PEBD sheet 'Budget History (inflation adj)' cell C55,R73; PEBD pull 2026-09-27 (workbook updated 2025-11-13); attribution: The Planetary Society; conventions in 07 FINDINGS R73
planetary_society_pebd_mission_costs,Budget History (inflation adj),2012,Actual,2134.9908,"USD millions (2025 dollars, PEBD inflation adjustment)",,PEBD sheet 'Budget History (inflation adj)' cell D55,R73; PEBD pull 2026-09-27 (workbook updated 2025-11-13); attribution: The Planetary Society; conventions in 07 FINDINGS R73
planetary_society_pebd_mission_costs,Budget History (inflation adj),2012,% U.S. Discretionary Expenditures,0.001167417134,fraction (0-1),,PEBD sheet 'Budget History (inflation adj)' cell E55,R73; PEBD pull 2026-09-27 (workbook updated 2025-11-13); attribution: The Planetary Society; conventions in 07 FINDINGS R73
planetary_society_pebd_mission_costs,Budget History (inflation adj),2012,Notes,Pu-238 production restart added to Technology account,,,PEBD sheet 'Budget History (inflation adj)' cell F55,R73; PEBD pull 2026-09-27 (workbook updated 2025-11-13); attribution: The Planetary Society; conventions in 07 FINDINGS R73
planetary_society_pebd_mission_costs,Budget History (inflation adj),2013,Request,1670.4123,"USD millions (2025 dollars, PEBD inflation adjustment)",,PEBD sheet 'Budget History (inflation adj)' cell B56,R73; PEBD pull 2026-09-27 (workbook updated 2025-11-13); attribution: The Planetary Society; conventions in 07 FINDINGS R73
planetary_society_pebd_mission_costs,Budget History (inflation adj),2013,Enacted,1982.415,"USD millions (2025 dollars, PEBD inflation adjustment)",,PEBD sheet 'Budget History (inflation adj)' cell C56,R73; PEBD pull 2026-09-27 (workbook updated 2025-11-13); attribution: The Planetary Society; conventions in 07 FINDINGS R73
planetary_society_pebd_mission_costs,Budget History (inflation adj),2013,Actual,1705.7175,"USD millions (2025 dollars, PEBD inflation adjustment)",,PEBD sheet 'Budget History (inflation adj)' cell D56,R73; PEBD pull 2026-09-27 (workbook updated 2025-11-13); attribution: The Planetary Society; conventions in 07 FINDINGS R73
planetary_society_pebd_mission_costs,Budget History (inflation adj),2013,% U.S. Discretionary Expenditures,0.001012786481,fraction (0-1),,PEBD sheet 'Budget History (inflation adj)' cell E56,R73; PEBD pull 2026-09-27 (workbook updated 2025-11-13); attribution: The Planetary Society; conventions in 07 FINDINGS R73
planetary_society_pebd_mission_costs,Budget History (inflation adj),2014,Request,1672.845,"USD millions (2025 dollars, PEBD inflation adjustment)",,PEBD sheet 'Budget History (inflation adj)' cell B57,R73; PEBD pull 2026-09-27 (workbook updated 2025-11-13); attribution: The Planetary Society; conventions in 07 FINDINGS R73
planetary_society_pebd_mission_costs,Budget History (inflation adj),2014,Enacted,1848.03,"USD millions (2025 dollars, PEBD inflation adjustment)",,PEBD sheet 'Budget History (inflation adj)' cell C57,R73; PEBD pull 2026-09-27 (workbook updated 2025-11-13); attribution: The Planetary Society; conventions in 07 FINDINGS R73
planetary_society_pebd_mission_costs,Budget History (inflation adj),2014,Actual,1848.9918,"USD millions (2025 dollars, PEBD inflation adjustment)",,PEBD sheet 'Budget History (inflation adj)' cell D57,R73; PEBD pull 2026-09-27 (workbook updated 2025-11-13); attribution: The Planetary Society; conventions in 07 FINDINGS R73
planetary_society_pebd_mission_costs,Budget History (inflation adj),2014,% U.S. Discretionary Expenditures,0.001141706698,fraction (0-1),,PEBD sheet 'Budget History (inflation adj)' cell E57,R73; PEBD pull 2026-09-27 (workbook updated 2025-11-13); attribution: The Planetary Society; conventions in 07 FINDINGS R73
planetary_society_pebd_mission_costs,Budget History (inflation adj),2014,Notes,NASA begins funding DOE Pu-238 infrastructure costs,,,PEBD sheet 'Budget History (inflation adj)' cell F57,R73; PEBD pull 2026-09-27 (workbook updated 2025-11-13); attribution: The Planetary Society; conventions in 07 FINDINGS R73
planetary_society_pebd_mission_costs,Budget History (inflation adj),2015,Request,1724.4294,"USD millions (2025 dollars, PEBD inflation adjustment)",,PEBD sheet 'Budget History (inflation adj)' cell B58,R73; PEBD pull 2026-09-27 (workbook updated 2025-11-13); attribution: The Planetary Society; conventions in 07 FINDINGS R73
planetary_society_pebd_mission_costs,Budget History (inflation adj),2015,Enacted,1936.7166,"USD millions (2025 dollars, PEBD inflation adjustment)",,PEBD sheet 'Budget History (inflation adj)' cell C58,R73; PEBD pull 2026-09-27 (workbook updated 2025-11-13); attribution: The Planetary Society; conventions in 07 FINDINGS R73
planetary_society_pebd_mission_costs,Budget History (inflation adj),2015,Actual,1948.7049,"USD millions (2025 dollars, PEBD inflation adjustment)",,PEBD sheet 'Budget History (inflation adj)' cell D58,R73; PEBD pull 2026-09-27 (workbook updated 2025-11-13); attribution: The Planetary Society; conventions in 07 FINDINGS R73
planetary_society_pebd_mission_costs,Budget History (inflation adj),2015,% U.S. Discretionary Expenditures,0.001237917745,fraction (0-1),,PEBD sheet 'Budget History (inflation adj)' cell E58,R73; PEBD pull 2026-09-27 (workbook updated 2025-11-13); attribution: The Planetary Society; conventions in 07 FINDINGS R73
planetary_society_pebd_mission_costs,Budget History (inflation adj),2016,Request,1811.7572,"USD millions (2025 dollars, PEBD inflation adjustment)",,PEBD sheet 'Budget History (inflation adj)' cell B59,R73; PEBD pull 2026-09-27 (workbook updated 2025-11-13); attribution: The Planetary Society; conventions in 07 FINDINGS R73
planetary_society_pebd_mission_costs,Budget History (inflation adj),2016,Enacted,2170.861,"USD millions (2025 dollars, PEBD inflation adjustment)",,PEBD sheet 'Budget History (inflation adj)' cell C59,R73; PEBD pull 2026-09-27 (workbook updated 2025-11-13); attribution: The Planetary Society; conventions in 07 FINDINGS R73
planetary_society_pebd_mission_costs,Budget History (inflation adj),2016,Actual,2166.868,"USD millions (2025 dollars, PEBD inflation adjustment)",,PEBD sheet 'Budget History (inflation adj)' cell D59,R73; PEBD pull 2026-09-27 (workbook updated 2025-11-13); attribution: The Planetary Society; conventions in 07 FINDINGS R73
planetary_society_pebd_mission_costs,Budget History (inflation adj),2016,% U.S. Discretionary Expenditures,0.001373551043,fraction (0-1),,PEBD sheet 'Budget History (inflation adj)' cell E59,R73; PEBD pull 2026-09-27 (workbook updated 2025-11-13); attribution: The Planetary Society; conventions in 07 FINDINGS R73
planetary_society_pebd_mission_costs,Budget History (inflation adj),2017,Request,1978.9964,"USD millions (2025 dollars, PEBD inflation adjustment)",,PEBD sheet 'Budget History (inflation adj)' cell B60,R73; PEBD pull 2026-09-27 (workbook updated 2025-11-13); attribution: The Planetary Society; conventions in 07 FINDINGS R73
planetary_society_pebd_mission_costs,Budget History (inflation adj),2017,Enacted,2405.338,"USD millions (2025 dollars, PEBD inflation adjustment)",,PEBD sheet 'Budget History (inflation adj)' cell C60,R73; PEBD pull 2026-09-27 (workbook updated 2025-11-13); attribution: The Planetary Society; conventions in 07 FINDINGS R73
planetary_society_pebd_mission_costs,Budget History (inflation adj),2017,Actual,2381.2325,"USD millions (2025 dollars, PEBD inflation adjustment)",,PEBD sheet 'Budget History (inflation adj)' cell D60,R73; PEBD pull 2026-09-27 (workbook updated 2025-11-13); attribution: The Planetary Society; conventions in 07 FINDINGS R73
planetary_society_pebd_mission_costs,Budget History (inflation adj),2017,% U.S. Discretionary Expenditures,0.001522714907,fraction (0-1),,PEBD sheet 'Budget History (inflation adj)' cell E60,R73; PEBD pull 2026-09-27 (workbook updated 2025-11-13); attribution: The Planetary Society; conventions in 07 FINDINGS R73
planetary_society_pebd_mission_costs,Budget History (inflation adj),2018,Request,2452.3945,"USD millions (2025 dollars, PEBD inflation adjustment)",,PEBD sheet 'Budget History (inflation adj)' cell B61,R73; PEBD pull 2026-09-27 (workbook updated 2025-11-13); attribution: The Planetary Society; conventions in 07 FINDINGS R73
planetary_society_pebd_mission_costs,Budget History (inflation adj),2018,Enacted,2831.6609,"USD millions (2025 dollars, PEBD inflation adjustment)",,PEBD sheet 'Budget History (inflation adj)' cell C61,R73; PEBD pull 2026-09-27 (workbook updated 2025-11-13); attribution: The Planetary Society; conventions in 07 FINDINGS R73
planetary_society_pebd_mission_costs,Budget History (inflation adj),2018,Actual,2818.9509,"USD millions (2025 dollars, PEBD inflation adjustment)",,PEBD sheet 'Budget History (inflation adj)' cell D61,R73; PEBD pull 2026-09-27 (workbook updated 2025-11-13); attribution: The Planetary Society; conventions in 07 FINDINGS R73
planetary_society_pebd_mission_costs,Budget History (inflation adj),2018,% U.S. Discretionary Expenditures,0.001757956937,fraction (0-1),,PEBD sheet 'Budget History (inflation adj)' cell E61,R73; PEBD pull 2026-09-27 (workbook updated 2025-11-13); attribution: The Planetary Society; conventions in 07 FINDINGS R73
planetary_society_pebd_mission_costs,Budget History (inflation adj),2019,Request,2786.6709,"USD millions (2025 dollars, PEBD inflation adjustment)",,PEBD sheet 'Budget History (inflation adj)' cell B62,R73; PEBD pull 2026-09-27 (workbook updated 2025-11-13); attribution: The Planetary Society; conventions in 07 FINDINGS R73
planetary_society_pebd_mission_costs,Budget History (inflation adj),2019,Enacted,3439.8495,"USD millions (2025 dollars, PEBD inflation adjustment)",,PEBD sheet 'Budget History (inflation adj)' cell C62,R73; PEBD pull 2026-09-27 (workbook updated 2025-11-13); attribution: The Planetary Society; conventions in 07 FINDINGS R73
planetary_society_pebd_mission_costs,Budget History (inflation adj),2019,Actual,3425.1349,"USD millions (2025 dollars, PEBD inflation adjustment)",,PEBD sheet 'Budget History (inflation adj)' cell D62,R73; PEBD pull 2026-09-27 (workbook updated 2025-11-13); attribution: The Planetary Society; conventions in 07 FINDINGS R73
planetary_society_pebd_mission_costs,Budget History (inflation adj),2019,% U.S. Discretionary Expenditures,0.002053294301,fraction (0-1),,PEBD sheet 'Budget History (inflation adj)' cell E62,R73; PEBD pull 2026-09-27 (workbook updated 2025-11-13); attribution: The Planetary Society; conventions in 07 FINDINGS R73
planetary_society_pebd_mission_costs,Budget History (inflation adj),2019,Notes,Planetary Defense and Lunar Discovery & Exploration Program added,,,PEBD sheet 'Budget History (inflation adj)' cell F62,R73; PEBD pull 2026-09-27 (workbook updated 2025-11-13); attribution: The Planetary Society; conventions in 07 FINDINGS R73
planetary_society_pebd_mission_costs,Budget History (inflation adj),2020,Request,3308.762,"USD millions (2025 dollars, PEBD inflation adjustment)",,PEBD sheet 'Budget History (inflation adj)' cell B63,R73; PEBD pull 2026-09-27 (workbook updated 2025-11-13); attribution: The Planetary Society; conventions in 07 FINDINGS R73
planetary_society_pebd_mission_costs,Budget History (inflation adj),2020,Enacted,3310.348,"USD millions (2025 dollars, PEBD inflation adjustment)",,PEBD sheet 'Budget History (inflation adj)' cell C63,R73; PEBD pull 2026-09-27 (workbook updated 2025-11-13); attribution: The Planetary Society; conventions in 07 FINDINGS R73
planetary_society_pebd_mission_costs,Budget History (inflation adj),2020,Actual,3309.494,"USD millions (2025 dollars, PEBD inflation adjustment)",,PEBD sheet 'Budget History (inflation adj)' cell D63,R73; PEBD pull 2026-09-27 (workbook updated 2025-11-13); attribution: The Planetary Society; conventions in 07 FINDINGS R73
planetary_society_pebd_mission_costs,Budget History (inflation adj),2020,% U.S. Discretionary Expenditures,0.001666463941,fraction (0-1),,PEBD sheet 'Budget History (inflation adj)' cell E63,R73; PEBD pull 2026-09-27 (workbook updated 2025-11-13); attribution: The Planetary Society; conventions in 07 FINDINGS R73
planetary_society_pebd_mission_costs,Budget History (inflation adj),2021,Request,3127.572,"USD millions (2025 dollars, PEBD inflation adjustment)",,PEBD sheet 'Budget History (inflation adj)' cell B64,R73; PEBD pull 2026-09-27 (workbook updated 2025-11-13); attribution: The Planetary Society; conventions in 07 FINDINGS R73
planetary_society_pebd_mission_costs,Budget History (inflation adj),2021,Enacted,3175.2,"USD millions (2025 dollars, PEBD inflation adjustment)",,PEBD sheet 'Budget History (inflation adj)' cell C64,R73; PEBD pull 2026-09-27 (workbook updated 2025-11-13); attribution: The Planetary Society; conventions in 07 FINDINGS R73
planetary_society_pebd_mission_costs,Budget History (inflation adj),2021,Actual,3167.2032,"USD millions (2025 dollars, PEBD inflation adjustment)",,PEBD sheet 'Budget History (inflation adj)' cell D64,R73; PEBD pull 2026-09-27 (workbook updated 2025-11-13); attribution: The Planetary Society; conventions in 07 FINDINGS R73
planetary_society_pebd_mission_costs,Budget History (inflation adj),2021,% U.S. Discretionary Expenditures,0.001645803848,fraction (0-1),,PEBD sheet 'Budget History (inflation adj)' cell E64,R73; PEBD pull 2026-09-27 (workbook updated 2025-11-13); attribution: The Planetary Society; conventions in 07 FINDINGS R73
planetary_society_pebd_mission_costs,Budget History (inflation adj),2022,Request,3564.8,"USD millions (2025 dollars, PEBD inflation adjustment)",,PEBD sheet 'Budget History (inflation adj)' cell B65,R73; PEBD pull 2026-09-27 (workbook updated 2025-11-13); attribution: The Planetary Society; conventions in 07 FINDINGS R73
planetary_society_pebd_mission_costs,Budget History (inflation adj),2022,Enacted,3475.68,"USD millions (2025 dollars, PEBD inflation adjustment)",,PEBD sheet 'Budget History (inflation adj)' cell C65,R73; PEBD pull 2026-09-27 (workbook updated 2025-11-13); attribution: The Planetary Society; conventions in 07 FINDINGS R73
planetary_society_pebd_mission_costs,Budget History (inflation adj),2022,Actual,3476.1256,"USD millions (2025 dollars, PEBD inflation adjustment)",,PEBD sheet 'Budget History (inflation adj)' cell D65,R73; PEBD pull 2026-09-27 (workbook updated 2025-11-13); attribution: The Planetary Society; conventions in 07 FINDINGS R73
planetary_society_pebd_mission_costs,Budget History (inflation adj),2022,% U.S. Discretionary Expenditures,0.001874620768,fraction (0-1),,PEBD sheet 'Budget History (inflation adj)' cell E65,R73; PEBD pull 2026-09-27 (workbook updated 2025-11-13); attribution: The Planetary Society; conventions in 07 FINDINGS R73
planetary_society_pebd_mission_costs,Budget History (inflation adj),2023,Request,3160.2,"USD millions (2025 dollars, PEBD inflation adjustment)",,PEBD sheet 'Budget History (inflation adj)' cell B66,R73; PEBD pull 2026-09-27 (workbook updated 2025-11-13); attribution: The Planetary Society; conventions in 07 FINDINGS R73
planetary_society_pebd_mission_costs,Budget History (inflation adj),2023,Enacted,3200,"USD millions (2025 dollars, PEBD inflation adjustment)",,PEBD sheet 'Budget History (inflation adj)' cell C66,R73; PEBD pull 2026-09-27 (workbook updated 2025-11-13); attribution: The Planetary Society; conventions in 07 FINDINGS R73
planetary_society_pebd_mission_costs,Budget History (inflation adj),2023,Actual,3216.5,"USD millions (2025 dollars, PEBD inflation adjustment)",,PEBD sheet 'Budget History (inflation adj)' cell D66,R73; PEBD pull 2026-09-27 (workbook updated 2025-11-13); attribution: The Planetary Society; conventions in 07 FINDINGS R73
planetary_society_pebd_mission_costs,Budget History (inflation adj),2023,% U.S. Discretionary Expenditures,0.001872093497,fraction (0-1),,PEBD sheet 'Budget History (inflation adj)' cell E66,R73; PEBD pull 2026-09-27 (workbook updated 2025-11-13); attribution: The Planetary Society; conventions in 07 FINDINGS R73
planetary_society_pebd_mission_costs,Budget History (inflation adj),2023,Notes,Open Source Science added to Planetary Research,,,PEBD sheet 'Budget History (inflation adj)' cell F66,R73; PEBD pull 2026-09-27 (workbook updated 2025-11-13); attribution: The Planetary Society; conventions in 07 FINDINGS R73
planetary_society_pebd_mission_costs,Budget History (inflation adj),2024,Request,3383.4,"USD millions (2025 dollars, PEBD inflation adjustment)",,PEBD sheet 'Budget History (inflation adj)' cell B67,R73; PEBD pull 2026-09-27 (workbook updated 2025-11-13); attribution: The Planetary Society; conventions in 07 FINDINGS R73
planetary_society_pebd_mission_costs,Budget History (inflation adj),2024,Enacted,2716.8,"USD millions (2025 dollars, PEBD inflation adjustment)",,PEBD sheet 'Budget History (inflation adj)' cell C67,R73; PEBD pull 2026-09-27 (workbook updated 2025-11-13); attribution: The Planetary Society; conventions in 07 FINDINGS R73
planetary_society_pebd_mission_costs,Budget History (inflation adj),2024,Actual,2716.8,"USD millions (2025 dollars, PEBD inflation adjustment)",,PEBD sheet 'Budget History (inflation adj)' cell D67,R73; PEBD pull 2026-09-27 (workbook updated 2025-11-13); attribution: The Planetary Society; conventions in 07 FINDINGS R73
planetary_society_pebd_mission_costs,Budget History (inflation adj),2024,% U.S. Discretionary Expenditures,0.001500831954,fraction (0-1),,PEBD sheet 'Budget History (inflation adj)' cell E67,R73; PEBD pull 2026-09-27 (workbook updated 2025-11-13); attribution: The Planetary Society; conventions in 07 FINDINGS R73
planetary_society_pebd_mission_costs,Budget History (inflation adj),2025,Request,2731.7,"USD millions (2025 dollars, PEBD inflation adjustment)",,PEBD sheet 'Budget History (inflation adj)' cell B68,R73; PEBD pull 2026-09-27 (workbook updated 2025-11-13); attribution: The Planetary Society; conventions in 07 FINDINGS R73
planetary_society_pebd_mission_costs,Budget History (inflation adj),2025,Enacted,2716.8,"USD millions (2025 dollars, PEBD inflation adjustment)",,PEBD sheet 'Budget History (inflation adj)' cell C68,R73; PEBD pull 2026-09-27 (workbook updated 2025-11-13); attribution: The Planetary Society; conventions in 07 FINDINGS R73
planetary_society_pebd_mission_costs,Budget History (inflation adj),2025,Notes,Full-year CR,,,PEBD sheet 'Budget History (inflation adj)' cell F68,R73; PEBD pull 2026-09-27 (workbook updated 2025-11-13); attribution: The Planetary Society; conventions in 07 FINDINGS R73
planetary_society_pebd_mission_costs,Budget History (inflation adj),2026,Request,1891.3,"USD millions (2025 dollars, PEBD inflation adjustment)",TRUE,PEBD sheet 'Budget History (inflation adj)' cell B69,R73; PEBD pull 2026-09-27 (workbook updated 2025-11-13); attribution: The Planetary Society; conventions in 07 FINDINGS R73
planetary_society_pebd_mission_costs,Budget History (inflation adj),2027,Request,1861.3,"USD millions (2025 dollars, PEBD inflation adjustment)",TRUE,PEBD sheet 'Budget History (inflation adj)' cell B70,R73; PEBD pull 2026-09-27 (workbook updated 2025-11-13); attribution: The Planetary Society; conventions in 07 FINDINGS R73
planetary_society_pebd_mission_costs,Budget History (inflation adj),2028,Request,1867.3,"USD millions (2025 dollars, PEBD inflation adjustment)",TRUE,PEBD sheet 'Budget History (inflation adj)' cell B71,R73; PEBD pull 2026-09-27 (workbook updated 2025-11-13); attribution: The Planetary Society; conventions in 07 FINDINGS R73
planetary_society_pebd_mission_costs,Budget History (inflation adj),2029,Request,1822.3,"USD millions (2025 dollars, PEBD inflation adjustment)",TRUE,PEBD sheet 'Budget History (inflation adj)' cell B72,R73; PEBD pull 2026-09-27 (workbook updated 2025-11-13); attribution: The Planetary Society; conventions in 07 FINDINGS R73
planetary_society_pebd_mission_costs,Budget History (inflation adj),2030,Request,1851.3,"USD millions (2025 dollars, PEBD inflation adjustment)",TRUE,PEBD sheet 'Budget History (inflation adj)' cell B73,R73; PEBD pull 2026-09-27 (workbook updated 2025-11-13); attribution: The Planetary Society; conventions in 07 FINDINGS R73
