source_id,month,"Crude oil, average ($/bbl)","Crude oil, Brent ($/bbl)","Crude oil, Dubai ($/bbl)","Crude oil, WTI ($/bbl)","Coal, Australian ($/mt)","Coal, South African ($/mt)","Natural gas, US ($/mmbtu)","Natural gas, Europe ($/mmbtu)","Liquefied natural gas, Japan ($/mmbtu)",Phosphate rock ($/mt),DAP ($/mt),TSP ($/mt),Urea ($/mt),Potassium chloride ($/mt),Aluminum ($/mt),"Iron ore, cfr spot ($/dmtu)",Copper ($/mt),Lead ($/mt),Tin ($/mt),Nickel ($/mt),Zinc ($/mt),Gold ($/troy oz),Platinum ($/troy oz),Silver ($/troy oz),location_in_source
worldbank_cmo_pink_sheet,1960M01,1.6,1.6,1.6,,,,0.14,0.4,,13,,53,42.3,28.5,511,11.4,715,206,2180,1631,261,35,84,0.9,"hosted xlsx, sheet Monthly Prices (updated 2 Sept 2026)"
worldbank_cmo_pink_sheet,1960M02,1.6,1.6,1.6,,,,0.14,0.4,,13,,53,42.3,28.5,511,11.4,728,204,2180,1631,245,35,84,0.9,"hosted xlsx, sheet Monthly Prices (updated 2 Sept 2026)"
worldbank_cmo_pink_sheet,1960M03,1.6,1.6,1.6,,,,0.14,0.4,,13,,53,42.3,28.5,511,11.4,685,210,2174,1631,249,35,84,0.9,"hosted xlsx, sheet Monthly Prices (updated 2 Sept 2026)"
worldbank_cmo_pink_sheet,1960M04,1.6,1.6,1.6,,,,0.14,0.4,,13,,53,42.3,28.5,511,11.4,723,214,2178,1631,255,35,84,0.9,"hosted xlsx, sheet Monthly Prices (updated 2 Sept 2026)"
worldbank_cmo_pink_sheet,1960M05,1.6,1.6,1.6,,,,0.14,0.4,,13,,53,42.3,28.5,511,11.4,685,213,2163,1631,254,35,84,0.9,"hosted xlsx, sheet Monthly Prices (updated 2 Sept 2026)"
worldbank_cmo_pink_sheet,1960M06,1.6,1.6,1.6,,,,0.14,0.4,,13,,53,42.3,28.5,511,11.4,692,202,2185,1631,250,35,84,0.9,"hosted xlsx, sheet Monthly Prices (updated 2 Sept 2026)"
worldbank_cmo_pink_sheet,1960M07,1.6,1.6,1.6,,,,0.14,0.4,,13,,53,42.3,28.5,511,11.4,702,196,2249,1631,249,35,84,0.9,"hosted xlsx, sheet Monthly Prices (updated 2 Sept 2026)"
worldbank_cmo_pink_sheet,1960M08,1.6,1.6,1.6,,,,0.14,0.4,,13,,53,42.3,28.5,511,11.4,676,195,2205,1631,241,35,84,0.9,"hosted xlsx, sheet Monthly Prices (updated 2 Sept 2026)"
worldbank_cmo_pink_sheet,1960M09,1.6,1.6,1.6,,,,0.14,0.4,,13,,53,42.3,28.5,511,11.4,647,193,2227,1631,240,35,84,0.9,"hosted xlsx, sheet Monthly Prices (updated 2 Sept 2026)"
worldbank_cmo_pink_sheet,1960M10,1.6,1.6,1.6,,,,0.14,0.4,,13,,53,42.3,28.5,511,11.4,613,185,2227,1631,242,35,84,0.9,"hosted xlsx, sheet Monthly Prices (updated 2 Sept 2026)"
worldbank_cmo_pink_sheet,1960M11,1.6,1.6,1.6,,,,0.14,0.4,,13,,53,42.3,28.5,511,11.4,642,188,2205,1631,241,35,84,0.9,"hosted xlsx, sheet Monthly Prices (updated 2 Sept 2026)"
worldbank_cmo_pink_sheet,1960M12,1.6,1.6,1.6,,,,0.14,0.4,,13,,53,42.3,28.5,511,11.4,637,179,2189,1631,228,35,84,0.9,"hosted xlsx, sheet Monthly Prices (updated 2 Sept 2026)"
worldbank_cmo_pink_sheet,1961M01,1.6,1.6,1.6,,,,0.15,0.4,,13,,52,42.3,30,511,11,607,176,2163,1711,218,35,84,0.9,"hosted xlsx, sheet Monthly Prices (updated 2 Sept 2026)"
worldbank_cmo_pink_sheet,1961M02,1.6,1.6,1.6,,,,0.15,0.4,,13,,52,42.3,30,511,11,617,180,2187,1711,228,35,84,0.9,"hosted xlsx, sheet Monthly Prices (updated 2 Sept 2026)"
worldbank_cmo_pink_sheet,1961M03,1.6,1.6,1.6,,,,0.15,0.4,,13,,52,42.3,30,511,11,621,182,2249,1711,233,35,84,0.9,"hosted xlsx, sheet Monthly Prices (updated 2 Sept 2026)"
worldbank_cmo_pink_sheet,1961M04,1.6,1.6,1.6,,,,0.15,0.4,,13,,52,42.3,30,511,11,632,185,2308,1711,231,35,84,0.9,"hosted xlsx, sheet Monthly Prices (updated 2 Sept 2026)"
worldbank_cmo_pink_sheet,1961M05,1.6,1.6,1.6,,,,0.15,0.4,,13,,52,42.3,30,511,11,668,184,2377,1711,227,35,84,0.9,"hosted xlsx, sheet Monthly Prices (updated 2 Sept 2026)"
worldbank_cmo_pink_sheet,1961M06,1.6,1.6,1.6,,,,0.15,0.4,,13,,52,42.3,30,511,11,652,178,2467,1711,218,35,84,0.9,"hosted xlsx, sheet Monthly Prices (updated 2 Sept 2026)"
worldbank_cmo_pink_sheet,1961M07,1.6,1.6,1.6,,,,0.15,0.4,,13,,52,42.3,30,511,11,633,179,2520,1711,215,35,84,0.9,"hosted xlsx, sheet Monthly Prices (updated 2 Sept 2026)"
worldbank_cmo_pink_sheet,1961M08,1.6,1.6,1.6,,,,0.15,0.4,,13,,52,42.3,30,511,11,636,178,2606,1711,211,35,84,0.9,"hosted xlsx, sheet Monthly Prices (updated 2 Sept 2026)"
worldbank_cmo_pink_sheet,1961M09,1.6,1.6,1.6,,,,0.15,0.4,,13,,52,42.3,30,511,11,633,176,2630,1711,204,35,84,0.9,"hosted xlsx, sheet Monthly Prices (updated 2 Sept 2026)"
worldbank_cmo_pink_sheet,1961M10,1.6,1.6,1.6,,,,0.15,0.4,,13,,52,42.3,30,511,11,630,173,2606,1711,198,35,84,0.9,"hosted xlsx, sheet Monthly Prices (updated 2 Sept 2026)"
worldbank_cmo_pink_sheet,1961M11,1.6,1.6,1.6,,,,0.15,0.4,,13,,52,42.3,30,511,11,632,166,2668,1711,192,35,84,0.9,"hosted xlsx, sheet Monthly Prices (updated 2 Sept 2026)"
worldbank_cmo_pink_sheet,1961M12,1.6,1.6,1.6,,,,0.15,0.4,,13,,52,42.3,30,511,11,635,167,2619,1711,197,35,84,1,"hosted xlsx, sheet Monthly Prices (updated 2 Sept 2026)"
worldbank_cmo_pink_sheet,1962M01,1.5,1.5,1.5,,,,0.16,0.4,,11.5,,51,42.3,30,511,11,635,163,2610,1761,194,35,84,1,"hosted xlsx, sheet Monthly Prices (updated 2 Sept 2026)"
worldbank_cmo_pink_sheet,1962M02,1.5,1.5,1.5,,,,0.16,0.4,,11.5,,51,42.3,30,505,11,648,162,2624,1761,190,35,84,1,"hosted xlsx, sheet Monthly Prices (updated 2 Sept 2026)"
worldbank_cmo_pink_sheet,1962M03,1.5,1.5,1.5,,,,0.16,0.4,,11.5,,51,42.3,30,496,11,648,167,2652,1761,191,35,84,1,"hosted xlsx, sheet Monthly Prices (updated 2 Sept 2026)"
worldbank_cmo_pink_sheet,1962M04,1.5,1.5,1.5,,,,0.16,0.4,,11.5,,51,42.3,30,496,11,646,167,2615,1761,191,35,84,1,"hosted xlsx, sheet Monthly Prices (updated 2 Sept 2026)"
worldbank_cmo_pink_sheet,1962M05,1.5,1.5,1.5,,,,0.16,0.4,,11.5,,51,42.3,30,496,11,646,165,2533,1761,189,35,84,1,"hosted xlsx, sheet Monthly Prices (updated 2 Sept 2026)"
worldbank_cmo_pink_sheet,1962M06,1.5,1.5,1.5,,,,0.16,0.4,,11.5,,51,42.3,30,496,11,646,159,2414,1761,185,35,84,1,"hosted xlsx, sheet Monthly Prices (updated 2 Sept 2026)"
worldbank_cmo_pink_sheet,1962M07,1.5,1.5,1.5,,,,0.16,0.4,,11.5,,51,42.3,30,496,11,646,148,2377,1761,182,35,84,1,"hosted xlsx, sheet Monthly Prices (updated 2 Sept 2026)"
worldbank_cmo_pink_sheet,1962M08,1.5,1.5,1.5,,,,0.16,0.4,,11.5,,51,42.3,30,496,11,646,141,2350,1761,178,35,84,1.1,"hosted xlsx, sheet Monthly Prices (updated 2 Sept 2026)"
worldbank_cmo_pink_sheet,1962M09,1.5,1.5,1.5,,,,0.16,0.4,,11.5,,51,42.3,30,496,11,646,143,2350,1761,177,35,84,1.2,"hosted xlsx, sheet Monthly Prices (updated 2 Sept 2026)"
worldbank_cmo_pink_sheet,1962M10,1.5,1.5,1.5,,,,0.16,0.4,,11.5,,51,42.3,30,496,11,646,146,2359,1761,182,35,84,1.2,"hosted xlsx, sheet Monthly Prices (updated 2 Sept 2026)"
worldbank_cmo_pink_sheet,1962M11,1.5,1.5,1.5,,,,0.16,0.4,,11.5,,51,42.3,30,496,11,646,150,2407,1761,189,35,84,1.2,"hosted xlsx, sheet Monthly Prices (updated 2 Sept 2026)"
worldbank_cmo_pink_sheet,1962M12,1.5,1.5,1.5,,,,0.16,0.4,,11.5,,51,42.3,30,496,11,646,153,2366,1761,185,35,84,1.2,"hosted xlsx, sheet Monthly Prices (updated 2 Sept 2026)"
worldbank_cmo_pink_sheet,1963M01,1.5,1.5,1.5,,,,0.16,0.39,,11.5,,52,42.3,30,496,11,646,149,2350,1741,186,35,84,1.2,"hosted xlsx, sheet Monthly Prices (updated 2 Sept 2026)"
worldbank_cmo_pink_sheet,1963M02,1.5,1.5,1.5,,,,0.16,0.39,,11.5,,52,42.3,30,496,11,646,151,2350,1742,192,35,84,1.3,"hosted xlsx, sheet Monthly Prices (updated 2 Sept 2026)"
worldbank_cmo_pink_sheet,1963M03,1.5,1.5,1.5,,,,0.16,0.39,,11.5,,52,42.3,30,496,11,646,154,2359,1742,198,35,84,1.3,"hosted xlsx, sheet Monthly Prices (updated 2 Sept 2026)"
worldbank_cmo_pink_sheet,1963M04,1.5,1.5,1.5,,,,0.16,0.39,,11.5,,52,42.3,30,496,11,646,159,2427,1741,204,35,79,1.3,"hosted xlsx, sheet Monthly Prices (updated 2 Sept 2026)"
worldbank_cmo_pink_sheet,1963M05,1.5,1.5,1.5,,,,0.16,0.39,,11.5,,52,42.3,30,496,11,646,167,2496,1742,209,35,79,1.3,"hosted xlsx, sheet Monthly Prices (updated 2 Sept 2026)"
worldbank_cmo_pink_sheet,1963M06,1.5,1.5,1.5,,,,0.16,0.39,,11.5,,52,42.3,30,496,11,646,179,2500,1742,209,35,79,1.3,"hosted xlsx, sheet Monthly Prices (updated 2 Sept 2026)"
worldbank_cmo_pink_sheet,1963M07,1.5,1.5,1.5,,,,0.16,0.39,,11.5,,52,42.3,30,496,11,646,180,2482,1741,205,35,79,1.3,"hosted xlsx, sheet Monthly Prices (updated 2 Sept 2026)"
worldbank_cmo_pink_sheet,1963M08,1.5,1.5,1.5,,,,0.16,0.39,,11.5,,52,42.3,30,496,11,646,185,2496,1742,210,35,79,1.3,"hosted xlsx, sheet Monthly Prices (updated 2 Sept 2026)"
worldbank_cmo_pink_sheet,1963M09,1.5,1.5,1.5,,,,0.16,0.39,,11.5,,52,42.3,30,496,11,646,187,2573,1742,211,35,81,1.3,"hosted xlsx, sheet Monthly Prices (updated 2 Sept 2026)"
worldbank_cmo_pink_sheet,1963M10,1.5,1.5,1.5,,,,0.16,0.39,,11.5,,52,42.3,30,507,11,646,192,2590,1741,221,35,81,1.3,"hosted xlsx, sheet Monthly Prices (updated 2 Sept 2026)"
worldbank_cmo_pink_sheet,1963M11,1.5,1.5,1.5,,,,0.16,0.39,,11.5,,52,42.3,30,507,11,646,191,2687,1742,232,35,83,1.3,"hosted xlsx, sheet Monthly Prices (updated 2 Sept 2026)"
worldbank_cmo_pink_sheet,1963M12,1.5,1.5,1.5,,,,0.16,0.39,,11.5,,52,42.3,30,507,11,650,205,2782,1742,261,35,84,1.3,"hosted xlsx, sheet Monthly Prices (updated 2 Sept 2026)"
worldbank_cmo_pink_sheet,1964M01,1.5,1.5,1.5,,,,0.15,0.38,,12.5,,53,60.5,32.5,507,10.2,656,218,2873,1741,264,35,88,1.3,"hosted xlsx, sheet Monthly Prices (updated 2 Sept 2026)"
worldbank_cmo_pink_sheet,1964M02,1.5,1.5,1.5,,,,0.15,0.38,,12.5,,53,60.5,32.5,507,10.2,694,223,3060,1742,271,35,89,1.3,"hosted xlsx, sheet Monthly Prices (updated 2 Sept 2026)"
worldbank_cmo_pink_sheet,1964M03,1.5,1.5,1.5,,,,0.15,0.38,,12.5,,53,60.5,32.5,525,10.2,745,224,2959,1742,277,35,89,1.3,"hosted xlsx, sheet Monthly Prices (updated 2 Sept 2026)"
worldbank_cmo_pink_sheet,1964M04,1.5,1.5,1.5,,,,0.15,0.38,,12.5,,53,60.5,32.5,529,10.2,862,227,2879,1741,299,35,89,1.3,"hosted xlsx, sheet Monthly Prices (updated 2 Sept 2026)"
worldbank_cmo_pink_sheet,1964M05,1.5,1.5,1.5,,,,0.15,0.38,,12.5,,53,60.5,32.5,529,10.2,828,244,2910,1742,343,35,89,1.3,"hosted xlsx, sheet Monthly Prices (updated 2 Sept 2026)"
worldbank_cmo_pink_sheet,1964M06,1.5,1.5,1.5,,,,0.15,0.38,,12.5,,53,60.5,32.5,529,10.2,808,246,3265,1742,357,35,89,1.3,"hosted xlsx, sheet Monthly Prices (updated 2 Sept 2026)"
worldbank_cmo_pink_sheet,1964M07,1.5,1.5,1.5,,,,0.15,0.38,,12.5,,53,60.5,32.5,529,10.2,855,271,3452,1741,385,35,89,1.3,"hosted xlsx, sheet Monthly Prices (updated 2 Sept 2026)"
worldbank_cmo_pink_sheet,1964M08,1.5,1.5,1.5,,,,0.15,0.38,,12.5,,53,60.5,32.5,529,10.2,999,301,3512,1742,345,35,89,1.3,"hosted xlsx, sheet Monthly Prices (updated 2 Sept 2026)"
worldbank_cmo_pink_sheet,1964M09,1.5,1.5,1.5,,,,0.15,0.38,,12.5,,53,60.5,32.5,529,10.2,1162,301,3933,1742,355,35,89,1.3,"hosted xlsx, sheet Monthly Prices (updated 2 Sept 2026)"
worldbank_cmo_pink_sheet,1964M10,1.5,1.5,1.5,,,,0.15,0.38,,12.5,,53,60.5,32.5,529,10.2,1358,332,4372,1741,334,35,89,1.3,"hosted xlsx, sheet Monthly Prices (updated 2 Sept 2026)"
worldbank_cmo_pink_sheet,1964M11,1.5,1.5,1.5,,,,0.15,0.38,,12.5,,53,60.5,32.5,529,10.2,1400,365,4105,1742,345,35,89,1.3,"hosted xlsx, sheet Monthly Prices (updated 2 Sept 2026)"
worldbank_cmo_pink_sheet,1964M12,1.5,1.5,1.5,,,,0.15,0.38,,12.5,,53,60.5,32.5,540,10.2,1269,384,3633,1742,343,35,89,1.3,"hosted xlsx, sheet Monthly Prices (updated 2 Sept 2026)"
worldbank_cmo_pink_sheet,1965M01,1.4,1.4,1.4,,,,0.16,0.41,,14,,54,65.8,29.5,540,10.2,1001,348,3457,1735,322,35,93,1.3,"hosted xlsx, sheet Monthly Prices (updated 2 Sept 2026)"
worldbank_cmo_pink_sheet,1965M02,1.4,1.4,1.4,,,,0.16,0.41,,14,,54,65.8,29.5,540,10.2,1180,390,3391,1735,320,35,99,1.3,"hosted xlsx, sheet Monthly Prices (updated 2 Sept 2026)"
worldbank_cmo_pink_sheet,1965M03,1.4,1.4,1.4,,,,0.16,0.41,,14,,54,65.8,29.5,540,10.2,1237,395,3585,1735,316,35,99,1.3,"hosted xlsx, sheet Monthly Prices (updated 2 Sept 2026)"
worldbank_cmo_pink_sheet,1965M04,1.4,1.4,1.4,,,,0.16,0.41,,14,,54,65.8,29.5,540,10.2,1348,353,3944,1735,316,35,99,1.3,"hosted xlsx, sheet Monthly Prices (updated 2 Sept 2026)"
worldbank_cmo_pink_sheet,1965M05,1.4,1.4,1.4,,,,0.16,0.41,,14,,54,65.8,29.5,540,15.3,1379,302,4215,1735,323,35,99,1.3,"hosted xlsx, sheet Monthly Prices (updated 2 Sept 2026)"
worldbank_cmo_pink_sheet,1965M06,1.4,1.4,1.4,,,,0.16,0.41,,14,,54,65.8,29.5,540,10.2,1309,279,4132,1735,314,35,99,1.3,"hosted xlsx, sheet Monthly Prices (updated 2 Sept 2026)"
worldbank_cmo_pink_sheet,1965M07,1.4,1.4,1.4,,,,0.16,0.41,,14,,54,65.8,29.5,540,10.2,1134,272,3966,1735,310,35,99,1.3,"hosted xlsx, sheet Monthly Prices (updated 2 Sept 2026)"
worldbank_cmo_pink_sheet,1965M08,1.4,1.4,1.4,,,,0.16,0.41,,14,,54,65.8,29.5,540,10.2,1210,272,4092,1735,304,35,99,1.3,"hosted xlsx, sheet Monthly Prices (updated 2 Sept 2026)"
worldbank_cmo_pink_sheet,1965M09,1.4,1.4,1.4,,,,0.16,0.41,,14,,54,65.8,29.5,540,10.2,1328,289,4209,1735,300,35,99,1.3,"hosted xlsx, sheet Monthly Prices (updated 2 Sept 2026)"
worldbank_cmo_pink_sheet,1965M10,1.4,1.4,1.4,,,,0.16,0.41,,14,,54,65.8,29.5,540,10.2,1402,307,4010,1735,308,35,99,1.3,"hosted xlsx, sheet Monthly Prices (updated 2 Sept 2026)"
worldbank_cmo_pink_sheet,1965M11,1.4,1.4,1.4,,,,0.16,0.41,,14,,54,65.8,29.5,540,10.2,1469,299,3821,1735,299,35,99,1.3,"hosted xlsx, sheet Monthly Prices (updated 2 Sept 2026)"
worldbank_cmo_pink_sheet,1965M12,1.4,1.4,1.4,,,,0.16,0.41,,14,,54,65.8,29.5,540,10.2,1518,301,3869,1735,303,35,99,1.3,"hosted xlsx, sheet Monthly Prices (updated 2 Sept 2026)"
worldbank_cmo_pink_sheet,1966M01,1.4,1.4,1.4,,,,0.16,0.42,,13,,50,59.3,27.5,540,9.5,1679,301,3926,1739,303,35,99,1.3,"hosted xlsx, sheet Monthly Prices (updated 2 Sept 2026)"
worldbank_cmo_pink_sheet,1966M02,1.4,1.4,1.4,,,,0.16,0.42,,13,,50,59.3,27.5,540,9.5,1874,292,3878,1739,300,35,99,1.3,"hosted xlsx, sheet Monthly Prices (updated 2 Sept 2026)"
worldbank_cmo_pink_sheet,1966M03,1.4,1.4,1.4,,,,0.16,0.42,,13,,50,59.3,27.5,540,9.5,1875,293,3772,1739,301,35,100,1.3,"hosted xlsx, sheet Monthly Prices (updated 2 Sept 2026)"
worldbank_cmo_pink_sheet,1966M04,1.4,1.4,1.4,,,,0.16,0.42,,13,,50,59.3,27.5,540,9.5,1907,280,3763,1739,279,35,100,1.3,"hosted xlsx, sheet Monthly Prices (updated 2 Sept 2026)"
worldbank_cmo_pink_sheet,1966M05,1.4,1.4,1.4,,,,0.16,0.42,,13,,50,59.3,27.5,540,9.5,1664,262,3688,1739,270,35,100,1.3,"hosted xlsx, sheet Monthly Prices (updated 2 Sept 2026)"
worldbank_cmo_pink_sheet,1966M06,1.4,1.4,1.4,,,,0.16,0.42,,13,,50,59.3,27.5,540,9.5,1696,259,3516,1739,272,35,100,1.3,"hosted xlsx, sheet Monthly Prices (updated 2 Sept 2026)"
worldbank_cmo_pink_sheet,1966M07,1.4,1.4,1.4,,,,0.16,0.42,,13,,50,59.3,27.5,540,9.5,1568,263,3514,1739,265,35,100,1.3,"hosted xlsx, sheet Monthly Prices (updated 2 Sept 2026)"
worldbank_cmo_pink_sheet,1966M08,1.4,1.4,1.4,,,,0.16,0.42,,13,,50,59.3,27.5,540,9.5,1195,243,3428,1739,265,35,100,1.3,"hosted xlsx, sheet Monthly Prices (updated 2 Sept 2026)"
worldbank_cmo_pink_sheet,1966M09,1.4,1.4,1.4,,,,0.16,0.42,,13,,50,59.3,27.5,540,9.5,1128,254,3378,1739,271,35,100,1.3,"hosted xlsx, sheet Monthly Prices (updated 2 Sept 2026)"
worldbank_cmo_pink_sheet,1966M10,1.4,1.4,1.4,,,,0.16,0.42,,13,,50,59.3,27.5,540,9.5,1275,234,3362,1739,276,35,100,1.3,"hosted xlsx, sheet Monthly Prices (updated 2 Sept 2026)"
worldbank_cmo_pink_sheet,1966M11,1.4,1.4,1.4,,,,0.16,0.42,,13,,50,59.3,27.5,540,9.5,1302,223,3320,1739,288,35,100,1.3,"hosted xlsx, sheet Monthly Prices (updated 2 Sept 2026)"
worldbank_cmo_pink_sheet,1966M12,1.4,1.4,1.4,,,,0.16,0.42,,13,,50,59.3,27.5,540,9.5,1215,224,3336,1739,286,35,100,1.3,"hosted xlsx, sheet Monthly Prices (updated 2 Sept 2026)"
worldbank_cmo_pink_sheet,1967M01,1.3,1.3,1.3,,,,0.16,0.46,,12,68.5,46.5,49.3,25.5,540,8.9,1244,220,3303,1936,280,35,103,1.3,"hosted xlsx, sheet Monthly Prices (updated 2 Sept 2026)"
worldbank_cmo_pink_sheet,1967M02,1.3,1.3,1.3,,,,0.16,0.46,,12,68.5,46.5,49.3,25.5,540,8.9,1220,222,3309,1936,282,35,111,1.3,"hosted xlsx, sheet Monthly Prices (updated 2 Sept 2026)"
worldbank_cmo_pink_sheet,1967M03,1.3,1.3,1.3,,,,0.16,0.46,,12,68.5,46.5,49.3,25.5,540,8.9,1098,228,3318,1936,279,35,111,1.3,"hosted xlsx, sheet Monthly Prices (updated 2 Sept 2026)"
worldbank_cmo_pink_sheet,1967M04,1.3,1.3,1.3,,,,0.16,0.46,,12,68.5,46.5,49.3,25.5,540,8.9,995,227,3351,1936,272,35,111,1.3,"hosted xlsx, sheet Monthly Prices (updated 2 Sept 2026)"
worldbank_cmo_pink_sheet,1967M05,1.3,1.3,1.3,,,,0.16,0.46,,12,68.5,46.5,49.3,25.5,540,8.9,1036,226,3358,1936,275,35,111,1.3,"hosted xlsx, sheet Monthly Prices (updated 2 Sept 2026)"
worldbank_cmo_pink_sheet,1967M06,1.3,1.3,1.3,,,,0.16,0.46,,12,68.5,46.5,49.3,25.5,540,8.9,1015,228,3367,1936,274,35,111,1.3,"hosted xlsx, sheet Monthly Prices (updated 2 Sept 2026)"
worldbank_cmo_pink_sheet,1967M07,1.3,1.3,1.3,,,,0.16,0.46,,12,68.5,43.5,49.3,25.5,540,8.9,997,231,3362,1936,267,35,111,1.6,"hosted xlsx, sheet Monthly Prices (updated 2 Sept 2026)"
worldbank_cmo_pink_sheet,1967M08,1.3,1.3,1.3,,,,0.16,0.46,,12,68.5,43.5,49.3,25.5,540,8.9,1045,232,3292,1936,269,35,111,1.7,"hosted xlsx, sheet Monthly Prices (updated 2 Sept 2026)"
worldbank_cmo_pink_sheet,1967M09,1.3,1.3,1.3,,,,0.16,0.46,,12,68.5,43.5,49.3,25.5,540,8.9,1060,227,3267,1936,265,35,111,1.7,"hosted xlsx, sheet Monthly Prices (updated 2 Sept 2026)"
worldbank_cmo_pink_sheet,1967M10,1.3,1.3,1.3,,,,0.16,0.46,,12,68.5,43.5,49.3,25.5,540,8.9,1138,226,3281,1936,264,35,111,1.8,"hosted xlsx, sheet Monthly Prices (updated 2 Sept 2026)"
worldbank_cmo_pink_sheet,1967M11,1.3,1.3,1.3,,,,0.16,0.46,,12,68.5,43.5,49.3,25.5,540,8.9,1444,242,3298,1936,287,35,111,2,"hosted xlsx, sheet Monthly Prices (updated 2 Sept 2026)"
worldbank_cmo_pink_sheet,1967M12,1.3,1.3,1.3,,,,0.16,0.46,,12,68.5,43.5,49.3,25.5,540,8.9,1324,222,3192,1936,266,35,115,2.1,"hosted xlsx, sheet Monthly Prices (updated 2 Sept 2026)"
worldbank_cmo_pink_sheet,1968M01,1.3,1.3,1.3,,,,0.16,0.45,,11.5,60.5,39,35.5,24,540,8.8,1409,218,3126,2075,263,36,114,2,"hosted xlsx, sheet Monthly Prices (updated 2 Sept 2026)"
worldbank_cmo_pink_sheet,1968M02,1.3,1.3,1.3,,,,0.16,0.45,,11.5,60.5,39,35.5,24,540,8.8,1720,228,3111,2075,260,36,112,1.9,"hosted xlsx, sheet Monthly Prices (updated 2 Sept 2026)"
worldbank_cmo_pink_sheet,1968M03,1.3,1.3,1.3,,,,0.16,0.45,,11.5,60.5,39,35.5,24,540,8.8,1701,234,3113,2075,258,37,112,2.2,"hosted xlsx, sheet Monthly Prices (updated 2 Sept 2026)"
worldbank_cmo_pink_sheet,1968M04,1.3,1.3,1.3,,,,0.16,0.45,,11.5,60.5,39,35.5,24,540,8.8,1255,235,3106,2075,258,38,112,2.2,"hosted xlsx, sheet Monthly Prices (updated 2 Sept 2026)"
worldbank_cmo_pink_sheet,1968M05,1.3,1.3,1.3,,,,0.16,0.45,,11.5,60.5,39,35.5,24,540,8.8,1097,238,3084,2075,262,41,112,2.4,"hosted xlsx, sheet Monthly Prices (updated 2 Sept 2026)"
worldbank_cmo_pink_sheet,1968M06,1.3,1.3,1.3,,,,0.16,0.45,,11.5,60.5,39,35.5,24,562,8.8,1137,239,3084,2075,262,41,112,2.5,"hosted xlsx, sheet Monthly Prices (updated 2 Sept 2026)"
worldbank_cmo_pink_sheet,1968M07,1.3,1.3,1.3,,,,0.16,0.45,,11.5,60.5,36,35.5,24,562,8.8,1054,247,3075,2075,266,39,123,2.3,"hosted xlsx, sheet Monthly Prices (updated 2 Sept 2026)"
worldbank_cmo_pink_sheet,1968M08,1.3,1.3,1.3,,,,0.16,0.45,,11.5,60.5,36,35.5,24,562,8.8,1056,250,3062,2075,269,39,123,2.2,"hosted xlsx, sheet Monthly Prices (updated 2 Sept 2026)"
worldbank_cmo_pink_sheet,1968M09,1.3,1.3,1.3,,,,0.16,0.45,,11.5,60.5,36,35.5,24,562,8.8,1110,252,3071,2075,263,40,123,2.2,"hosted xlsx, sheet Monthly Prices (updated 2 Sept 2026)"
worldbank_cmo_pink_sheet,1968M10,1.3,1.3,1.3,,,,0.16,0.45,,11.5,60.5,36,35.5,24,562,8.8,1080,248,3111,2075,262,39,123,2,"hosted xlsx, sheet Monthly Prices (updated 2 Sept 2026)"
worldbank_cmo_pink_sheet,1968M11,1.3,1.3,1.3,,,,0.16,0.45,,11.5,60.5,36,35.5,24,562,8.8,1100,249,3320,2075,264,40,123,2,"hosted xlsx, sheet Monthly Prices (updated 2 Sept 2026)"
worldbank_cmo_pink_sheet,1968M12,1.3,1.3,1.3,,,,0.16,0.45,,11.5,60.5,36,35.5,24,562,8.8,1185,250,3258,2075,269,41,123,2,"hosted xlsx, sheet Monthly Prices (updated 2 Sept 2026)"
worldbank_cmo_pink_sheet,1969M01,1.3,1.3,1.3,,,,0.17,0.45,,11.3,58,38.5,26.6,22,573,9.8,1256,254,3228,2363,269,42,123,2,"hosted xlsx, sheet Monthly Prices (updated 2 Sept 2026)"
worldbank_cmo_pink_sheet,1969M02,1.3,1.3,1.3,,,,0.17,0.45,,11.3,58,38.5,26.6,22,584,9.8,1285,258,3245,2363,267,43,123,1.8,"hosted xlsx, sheet Monthly Prices (updated 2 Sept 2026)"
worldbank_cmo_pink_sheet,1969M03,1.3,1.3,1.3,,,,0.17,0.45,,11.3,58,38.5,26.6,22,584,9.8,1278,261,3243,2363,272,43,123,1.8,"hosted xlsx, sheet Monthly Prices (updated 2 Sept 2026)"
worldbank_cmo_pink_sheet,1969M04,1.3,1.3,1.3,,,,0.17,0.45,,11.3,58,38.5,26.6,22,584,9.8,1388,268,3305,2363,273,43,123,1.8,"hosted xlsx, sheet Monthly Prices (updated 2 Sept 2026)"
worldbank_cmo_pink_sheet,1969M05,1.3,1.3,1.3,,,,0.17,0.45,,11.3,58,38.5,26.6,22,584,9.8,1392,278,3355,2363,279,43,123,1.8,"hosted xlsx, sheet Monthly Prices (updated 2 Sept 2026)"
worldbank_cmo_pink_sheet,1969M06,1.3,1.3,1.3,,,,0.17,0.45,,11.3,58,38.5,26.6,22,584,9.8,1483,286,3380,2363,281,41,123,1.6,"hosted xlsx, sheet Monthly Prices (updated 2 Sept 2026)"
worldbank_cmo_pink_sheet,1969M07,1.3,1.3,1.3,,,,0.17,0.45,,11.3,58,40,26.6,22,584,9.8,1454,311,3439,2363,284,42,123,1.6,"hosted xlsx, sheet Monthly Prices (updated 2 Sept 2026)"
worldbank_cmo_pink_sheet,1969M08,1.3,1.3,1.3,,,,0.17,0.45,,11.3,58,40,26.6,22,584,9.8,1607,316,3470,2363,294,41,123,1.7,"hosted xlsx, sheet Monthly Prices (updated 2 Sept 2026)"
worldbank_cmo_pink_sheet,1969M09,1.3,1.3,1.3,,,,0.17,0.45,,11.3,58,40,26.6,22,584,9.8,1579,303,3470,2363,299,41,123,1.8,"hosted xlsx, sheet Monthly Prices (updated 2 Sept 2026)"
worldbank_cmo_pink_sheet,1969M10,1.3,1.3,1.3,,,,0.17,0.45,,11.3,58,40,26.6,22,602,9.8,1554,294,3534,2363,299,40,123,1.9,"hosted xlsx, sheet Monthly Prices (updated 2 Sept 2026)"
worldbank_cmo_pink_sheet,1969M11,1.3,1.3,1.3,,,,0.17,0.45,,11.3,58,40,26.6,22,606,9.8,1631,316,3642,2363,310,37,133,1.9,"hosted xlsx, sheet Monthly Prices (updated 2 Sept 2026)"
worldbank_cmo_pink_sheet,1969M12,1.3,1.3,1.3,,,,0.17,0.45,,11.3,58,40,26.6,22,606,9.8,1700,334,3818,2363,310,35,133,1.8,"hosted xlsx, sheet Monthly Prices (updated 2 Sept 2026)"
worldbank_cmo_pink_sheet,1970M01,1.2,1.2,1.2,,7.8,,0.17,0.45,,11,54,44,18.3,31.5,606,9.8,1626,325,3843,2846,302,35,133,1.9,"hosted xlsx, sheet Monthly Prices (updated 2 Sept 2026)"
worldbank_cmo_pink_sheet,1970M02,1.2,1.2,1.2,,7.8,,0.17,0.45,,11,54,44,18.3,31.5,606,9.8,1657,341,3768,2846,298,35,133,1.9,"hosted xlsx, sheet Monthly Prices (updated 2 Sept 2026)"
worldbank_cmo_pink_sheet,1970M03,1.2,1.2,1.2,,7.8,,0.17,0.45,,11,54,44,18.3,31.5,606,9.8,1754,336,3796,2846,296,35,133,1.9,"hosted xlsx, sheet Monthly Prices (updated 2 Sept 2026)"
worldbank_cmo_pink_sheet,1970M04,1.2,1.2,1.2,,7.8,,0.17,0.45,,11,54,44,18.3,31.5,613,9.8,1742,321,3849,2846,293,36,133,1.9,"hosted xlsx, sheet Monthly Prices (updated 2 Sept 2026)"
worldbank_cmo_pink_sheet,1970M05,1.2,1.2,1.2,,7.8,,0.17,0.45,,11,54,44,18.3,31.5,617,9.8,1598,292,3737,2846,292,36,133,1.7,"hosted xlsx, sheet Monthly Prices (updated 2 Sept 2026)"
worldbank_cmo_pink_sheet,1970M06,1.2,1.2,1.2,,7.8,,0.17,0.45,,11,54,44,18.3,31.5,617,9.8,1458,308,3543,2846,293,35,133,1.6,"hosted xlsx, sheet Monthly Prices (updated 2 Sept 2026)"
worldbank_cmo_pink_sheet,1970M07,1.2,1.2,1.2,,7.8,,0.17,0.45,,11,54,41,18.3,31.5,617,9.8,1367,301,3499,2846,298,35,133,1.7,"hosted xlsx, sheet Monthly Prices (updated 2 Sept 2026)"
worldbank_cmo_pink_sheet,1970M08,1.2,1.2,1.2,,7.8,,0.17,0.45,,11,54,41,18.3,31.5,617,9.8,1267,285,3620,2846,298,35,133,1.8,"hosted xlsx, sheet Monthly Prices (updated 2 Sept 2026)"
worldbank_cmo_pink_sheet,1970M09,1.2,1.2,1.2,,7.8,,0.17,0.45,,11,54,41,18.3,31.5,617,9.8,1247,285,3646,2846,300,36,133,1.8,"hosted xlsx, sheet Monthly Prices (updated 2 Sept 2026)"
worldbank_cmo_pink_sheet,1970M10,1.2,1.2,1.2,,7.8,,0.17,0.45,,11,54,41,18.3,31.5,617,9.8,1142,285,3669,2846,297,38,133,1.7,"hosted xlsx, sheet Monthly Prices (updated 2 Sept 2026)"
worldbank_cmo_pink_sheet,1970M11,1.2,1.2,1.2,,7.8,,0.17,0.45,,11,54,41,18.3,31.5,617,9.8,1085,280,3616,2846,293,37,133,1.8,"hosted xlsx, sheet Monthly Prices (updated 2 Sept 2026)"
worldbank_cmo_pink_sheet,1970M12,1.2,1.2,1.2,,7.8,,0.17,0.45,,11,54,41,18.3,31.5,617,9.8,1046,277,3497,2846,289,37,133,1.6,"hosted xlsx, sheet Monthly Prices (updated 2 Sept 2026)"
worldbank_cmo_pink_sheet,1971M01,1.6,1.6,1.6,,8.7,,0.18,0.5,,11.3,57.5,40,16,32.5,617,10.3,1010,263,3466,2932,285,38,129,1.6,"hosted xlsx, sheet Monthly Prices (updated 2 Sept 2026)"
worldbank_cmo_pink_sheet,1971M02,1.6,1.6,1.6,,8.7,,0.18,0.5,,11.3,57.5,40,16,32.5,617,10.3,1020,266,3464,2932,272,39,123,1.6,"hosted xlsx, sheet Monthly Prices (updated 2 Sept 2026)"
worldbank_cmo_pink_sheet,1971M03,1.6,1.6,1.6,,8.7,,0.18,0.5,,11.3,57.5,40,16,32.5,617,10.3,1144,267,3527,2932,284,39,123,1.7,"hosted xlsx, sheet Monthly Prices (updated 2 Sept 2026)"
worldbank_cmo_pink_sheet,1971M04,1.6,1.6,1.6,,8.7,,0.18,0.5,,11.3,57.5,40,16,32.5,617,10.3,1252,268,3563,2932,284,39,123,1.7,"hosted xlsx, sheet Monthly Prices (updated 2 Sept 2026)"
worldbank_cmo_pink_sheet,1971M05,1.6,1.6,1.6,,8.7,,0.18,0.5,,11.3,57.5,40,16,32.5,617,10.3,1114,265,3521,2932,288,41,123,1.7,"hosted xlsx, sheet Monthly Prices (updated 2 Sept 2026)"
worldbank_cmo_pink_sheet,1971M06,1.6,1.6,1.6,,8.7,,0.18,0.5,,11.3,57.5,40,16,32.5,617,10.3,1074,273,3448,2932,309,40,123,1.6,"hosted xlsx, sheet Monthly Prices (updated 2 Sept 2026)"
worldbank_cmo_pink_sheet,1971M07,1.7,1.7,1.7,,8.7,,0.18,0.5,,11.3,66,46.5,16,32.5,617,10.3,1115,262,3457,2932,318,41,123,1.6,"hosted xlsx, sheet Monthly Prices (updated 2 Sept 2026)"
worldbank_cmo_pink_sheet,1971M08,1.7,1.7,1.7,,8.7,,0.18,0.5,,11.3,66,46.5,16,32.5,628,10.3,1098,258,3479,2932,323,43,123,1.6,"hosted xlsx, sheet Monthly Prices (updated 2 Sept 2026)"
worldbank_cmo_pink_sheet,1971M09,1.7,1.7,1.7,,8.7,,0.18,0.5,,11.3,66,46.5,16,32.5,639,10.3,1056,239,3525,2932,311,42,123,1.4,"hosted xlsx, sheet Monthly Prices (updated 2 Sept 2026)"
worldbank_cmo_pink_sheet,1971M10,1.7,1.7,1.7,,8.7,,0.18,0.5,,11.3,66,46.5,16,32.5,639,10.3,1041,230,3490,2932,337,43,123,1.3,"hosted xlsx, sheet Monthly Prices (updated 2 Sept 2026)"
worldbank_cmo_pink_sheet,1971M11,1.7,1.7,1.7,,8.7,,0.18,0.5,,11.3,66,46.5,16,32.5,642,10.3,1014,222,3534,2932,344,43,123,1.3,"hosted xlsx, sheet Monthly Prices (updated 2 Sept 2026)"
worldbank_cmo_pink_sheet,1971M12,1.7,1.7,1.7,,8.7,,0.18,0.5,,11.3,66,46.5,16,32.5,666,10.3,1038,231,3671,2932,359,43,123,1.4,"hosted xlsx, sheet Monthly Prices (updated 2 Sept 2026)"
worldbank_cmo_pink_sheet,1972M01,1.8,1.8,1.8,,9.6,,0.19,0.54,,11.5,83,60,29.3,33.5,670,10.3,1078,252,3627,3080,380,46,123,1.5,"hosted xlsx, sheet Monthly Prices (updated 2 Sept 2026)"
worldbank_cmo_pink_sheet,1972M02,1.8,1.8,1.8,,9.6,,0.19,0.54,,11.5,83,60,29.3,33.5,670,10.3,1112,294,3631,3080,390,48,123,1.5,"hosted xlsx, sheet Monthly Prices (updated 2 Sept 2026)"
worldbank_cmo_pink_sheet,1972M03,1.8,1.8,1.8,,9.6,,0.19,0.54,,11.5,83,60,29.3,33.5,670,10.3,1108,321,3790,3080,397,48,123,1.5,"hosted xlsx, sheet Monthly Prices (updated 2 Sept 2026)"
worldbank_cmo_pink_sheet,1972M04,1.8,1.8,1.8,,9.6,,0.19,0.54,,11.5,83,60,29.3,33.5,670,10.3,1133,316,3845,3080,395,49,123,1.6,"hosted xlsx, sheet Monthly Prices (updated 2 Sept 2026)"
worldbank_cmo_pink_sheet,1972M05,1.8,1.8,1.8,,9.6,,0.19,0.54,,11.5,83,60,29.3,33.5,600,10.3,1106,318,3766,3080,386,55,123,1.6,"hosted xlsx, sheet Monthly Prices (updated 2 Sept 2026)"
worldbank_cmo_pink_sheet,1972M06,1.8,1.8,1.8,,9.6,,0.19,0.54,,11.5,83,60,29.3,33.5,567,10.3,1063,312,3741,3080,371,62,123,1.6,"hosted xlsx, sheet Monthly Prices (updated 2 Sept 2026)"
worldbank_cmo_pink_sheet,1972M07,1.9,1.9,1.9,,9.6,,0.19,0.54,,11.5,99,75,29.3,33.5,538,10.3,1035,304,3732,3080,364,66,128,1.7,"hosted xlsx, sheet Monthly Prices (updated 2 Sept 2026)"
worldbank_cmo_pink_sheet,1972M08,1.9,1.9,1.9,,9.6,,0.19,0.54,,11.5,99,75,29.3,33.5,540,10.3,1047,298,3755,3080,364,67,133,1.8,"hosted xlsx, sheet Monthly Prices (updated 2 Sept 2026)"
worldbank_cmo_pink_sheet,1972M09,1.9,1.9,1.9,,9.6,,0.19,0.54,,11.5,99,75,29.3,33.5,538,10.3,1061,302,3803,3080,368,65,133,1.8,"hosted xlsx, sheet Monthly Prices (updated 2 Sept 2026)"
worldbank_cmo_pink_sheet,1972M10,1.9,1.9,1.9,,9.6,,0.19,0.54,,11.5,99,75,29.3,33.5,538,10.3,918,297,3759,3080,364,65,133,1.8,"hosted xlsx, sheet Monthly Prices (updated 2 Sept 2026)"
worldbank_cmo_pink_sheet,1972M11,1.9,1.9,1.9,,9.6,,0.19,0.54,,11.5,99,75,29.3,33.5,540,10.3,1007,298,3702,3080,379,63,133,1.8,"hosted xlsx, sheet Monthly Prices (updated 2 Sept 2026)"
worldbank_cmo_pink_sheet,1972M12,1.9,1.9,1.9,,9.6,,0.19,0.54,,11.5,99,75,29.3,33.5,540,10.3,1024,308,3730,3080,375,64,133,2,"hosted xlsx, sheet Monthly Prices (updated 2 Sept 2026)"
worldbank_cmo_pink_sheet,1973M01,2.1,2.1,2.1,,11.5,,0.21,0.69,,13.8,105,84,64.8,42.5,542,10.3,1119,318,3790,3373,387,65,133,2,"hosted xlsx, sheet Monthly Prices (updated 2 Sept 2026)"
worldbank_cmo_pink_sheet,1973M02,2.1,2.1,2.1,,11.5,,0.21,0.69,,13.8,105,84,64.8,42.5,558,10.3,1244,340,4028,3373,422,74,142,2.2,"hosted xlsx, sheet Monthly Prices (updated 2 Sept 2026)"
worldbank_cmo_pink_sheet,1973M03,2.1,2.1,2.1,,11.5,,0.21,0.69,,13.8,105,84,64.8,42.5,571,10.3,1510,372,4288,3373,474,84,153,2.3,"hosted xlsx, sheet Monthly Prices (updated 2 Sept 2026)"
worldbank_cmo_pink_sheet,1973M04,2.4,2.4,2.4,,11.5,,0.21,0.69,,13.8,105,84,64.8,42.5,571,10.3,1588,387,4270,3373,513,91,153,2.2,"hosted xlsx, sheet Monthly Prices (updated 2 Sept 2026)"
worldbank_cmo_pink_sheet,1973M05,2.4,2.4,2.4,,11.5,,0.21,0.69,,13.8,105,84,64.8,42.5,582,10.3,1552,396,4348,3373,549,102,153,2.4,"hosted xlsx, sheet Monthly Prices (updated 2 Sept 2026)"
worldbank_cmo_pink_sheet,1973M06,2.4,2.4,2.4,,11.5,,0.21,0.69,,13.8,105,84,64.8,42.5,602,10.3,1749,425,4531,3373,656,120,153,2.6,"hosted xlsx, sheet Monthly Prices (updated 2 Sept 2026)"
worldbank_cmo_pink_sheet,1973M07,2.7,2.7,2.7,,11.5,,0.21,0.69,,13.8,132.5,115,64.8,42.5,635,10.3,2021,470,4963,3373,842,120,153,2.7,"hosted xlsx, sheet Monthly Prices (updated 2 Sept 2026)"
worldbank_cmo_pink_sheet,1973M08,2.7,2.7,2.7,,11.5,,0.21,0.69,,13.8,132.5,115,64.8,42.5,619,10.3,2123,448,5005,3373,914,107,153,2.6,"hosted xlsx, sheet Monthly Prices (updated 2 Sept 2026)"
worldbank_cmo_pink_sheet,1973M09,2.7,2.7,2.7,,11.5,,0.21,0.69,,13.8,132.5,115,64.8,42.5,604,10.3,1936,445,5011,3373,976,103,155,2.7,"hosted xlsx, sheet Monthly Prices (updated 2 Sept 2026)"
worldbank_cmo_pink_sheet,1973M10,4.1,4.1,4.1,,11.5,,0.21,0.69,,13.8,132.5,115,64.8,42.5,622,10.3,2065,472,5359,3373,1163,100,161,2.9,"hosted xlsx, sheet Monthly Prices (updated 2 Sept 2026)"
worldbank_cmo_pink_sheet,1973M11,4.1,4.1,4.1,,11.5,,0.21,0.69,,13.8,132.5,115,64.8,42.5,650,10.3,2273,490,5573,3373,1625,95,161,2.9,"hosted xlsx, sheet Monthly Prices (updated 2 Sept 2026)"
worldbank_cmo_pink_sheet,1973M12,4.1,4.1,4.1,,11.5,,0.21,0.69,,13.8,132.5,115,64.8,42.5,633,10.3,2244,594,6462,3373,1623,107,161,3.1,"hosted xlsx, sheet Monthly Prices (updated 2 Sept 2026)"
worldbank_cmo_pink_sheet,1974M01,13,13,13,,16.9,,0.29,1.73,,42,215,180,285.8,53,604,13.4,2032,566,6504,3572,1330,129,163,3.6,"hosted xlsx, sheet Monthly Prices (updated 2 Sept 2026)"
worldbank_cmo_pink_sheet,1974M02,13,13,13,,16.9,,0.29,1.73,,42,232.5,220,285.8,55,619,13.4,2292,649,7419,3572,1516,150,173,5.4,"hosted xlsx, sheet Monthly Prices (updated 2 Sept 2026)"
worldbank_cmo_pink_sheet,1974M03,13,13,13,,16.9,,0.29,1.73,,42,262.5,242,285.8,55,688,13.4,2743,708,8219,3572,1630,168,173,5.3,"hosted xlsx, sheet Monthly Prices (updated 2 Sept 2026)"
worldbank_cmo_pink_sheet,1974M04,10.6,10.6,10.6,,16.9,,0.29,1.73,,42,293.8,281,285.8,55,752,13.4,3032,702,9207,3572,1743,172,173,5,"hosted xlsx, sheet Monthly Prices (updated 2 Sept 2026)"
worldbank_cmo_pink_sheet,1974M05,10.6,10.6,10.6,,16.9,,0.29,1.73,,42,301.3,294,285.8,55,765,13.4,2876,669,9306,3572,1782,163,175,5.4,"hosted xlsx, sheet Monthly Prices (updated 2 Sept 2026)"
worldbank_cmo_pink_sheet,1974M06,10.6,10.6,10.6,,16.9,,0.29,1.73,,63,339.5,336,285.8,57,756,13.4,2440,570,9041,3572,1410,154,195,4.9,"hosted xlsx, sheet Monthly Prices (updated 2 Sept 2026)"
worldbank_cmo_pink_sheet,1974M07,10,10,10,,16.9,,0.29,1.73,,63,358.1,341,285.8,58,761,13.4,1919,549,8547,4079,1097,143,195,4.4,"hosted xlsx, sheet Monthly Prices (updated 2 Sept 2026)"
worldbank_cmo_pink_sheet,1974M08,10,10,10,,16.9,,0.29,1.73,,63,365,337,285.8,62,849,13.4,1803,550,8788,4079,1066,155,195,4.4,"hosted xlsx, sheet Monthly Prices (updated 2 Sept 2026)"
worldbank_cmo_pink_sheet,1974M09,10,10,10,,16.9,,0.29,1.73,,63,405,361,285.8,66,838,13.4,1461,539,9167,4079,911,152,195,4,"hosted xlsx, sheet Monthly Prices (updated 2 Sept 2026)"
worldbank_cmo_pink_sheet,1974M10,10.3,10.3,10.3,,16.9,,0.29,1.73,,63,405,355,285.8,70,844,13.4,1399,537,7410,4079,825,159,195,4.8,"hosted xlsx, sheet Monthly Prices (updated 2 Sept 2026)"
worldbank_cmo_pink_sheet,1974M11,10.3,10.3,10.3,,16.9,,0.29,1.73,,65,405,355,285.8,70,842,13.4,1417,534,7403,4079,794,182,195,4.7,"hosted xlsx, sheet Monthly Prices (updated 2 Sept 2026)"
worldbank_cmo_pink_sheet,1974M12,10.3,10.3,10.3,,16.9,,0.29,1.73,,64.3,408.8,341,285.8,70,860,13.4,1289,534,7203,4079,771,184,195,4.4,"hosted xlsx, sheet Monthly Prices (updated 2 Sept 2026)"
worldbank_cmo_pink_sheet,1975M01,10.4,10.4,10.4,,26.8,,0.43,1.68,,68,396,335,168,70,895,17.3,1211,538,7677,4431,799,176,195,4.2,"hosted xlsx, sheet Monthly Prices (updated 2 Sept 2026)"
worldbank_cmo_pink_sheet,1975M02,10.4,10.4,10.4,,26.8,,0.43,1.68,,68,383,320,168,70,908,17.3,1267,541,7557,4431,794,180,181,4.4,"hosted xlsx, sheet Monthly Prices (updated 2 Sept 2026)"
worldbank_cmo_pink_sheet,1975M03,10.4,10.4,10.4,,26.8,,0.43,1.68,,68,363,297,168,88,917,17.3,1344,543,7383,4431,803,178,175,4.3,"hosted xlsx, sheet Monthly Prices (updated 2 Sept 2026)"
worldbank_cmo_pink_sheet,1975M04,10.4,10.4,10.4,,26.8,,0.43,1.68,,68,307,249,168,88,897,17.3,1329,480,7130,4431,783,170,163,4.2,"hosted xlsx, sheet Monthly Prices (updated 2 Sept 2026)"
worldbank_cmo_pink_sheet,1975M05,10.4,10.4,10.4,,26.8,,0.43,1.68,,68,242,206,168,89,904,17.3,1254,357,6898,4431,747,167,160,4.5,"hosted xlsx, sheet Monthly Prices (updated 2 Sept 2026)"
worldbank_cmo_pink_sheet,1975M06,10.4,10.4,10.4,,26.8,,0.43,1.68,,68,194,172,168,88,904,17.3,1193,353,6927,4431,751,164,160,4.5,"hosted xlsx, sheet Monthly Prices (updated 2 Sept 2026)"
worldbank_cmo_pink_sheet,1975M07,10.4,10.4,10.4,,26.8,,0.43,1.68,,68,181,158,168,85,864,17.3,1222,359,6810,4431,707,165,163,4.7,"hosted xlsx, sheet Monthly Prices (updated 2 Sept 2026)"
worldbank_cmo_pink_sheet,1975M08,10.4,10.4,10.4,,26.8,,0.43,1.68,,68,185,158,168,85,838,17.3,1277,384,6775,4431,737,163,175,4.9,"hosted xlsx, sheet Monthly Prices (updated 2 Sept 2026)"
worldbank_cmo_pink_sheet,1975M09,10.4,10.4,10.4,,26.8,,0.43,1.68,,68,192,158,168,84,827,17.3,1210,370,6559,4852,724,144,175,4.5,"hosted xlsx, sheet Monthly Prices (updated 2 Sept 2026)"
worldbank_cmo_pink_sheet,1975M10,10.5,10.5,10.5,,26.8,,0.43,1.68,,68,162,131,168,78,816,17.3,1179,345,6347,4852,706,143,172,4.3,"hosted xlsx, sheet Monthly Prices (updated 2 Sept 2026)"
worldbank_cmo_pink_sheet,1975M11,10.5,10.5,10.5,,26.8,,0.43,1.68,,68,150,123,168,76,814,17.3,1180,337,6281,4852,705,142,160,4.3,"hosted xlsx, sheet Monthly Prices (updated 2 Sept 2026)"
worldbank_cmo_pink_sheet,1975M12,10.5,10.5,10.5,,26.8,,0.43,1.68,,58,155,123,168,75,838,17.3,1151,333,6175,4852,686,139,160,4.1,"hosted xlsx, sheet Monthly Prices (updated 2 Sept 2026)"
worldbank_cmo_pink_sheet,1976M01,11.5,11.5,11.5,,27.2,,0.54,1.74,,40,130,105,82,70,853,22.7,1193,337,6241,4850,692,131,160,4.1,"hosted xlsx, sheet Monthly Prices (updated 2 Sept 2026)"
worldbank_cmo_pink_sheet,1976M02,11.5,11.5,11.5,,27.2,,0.54,1.74,,40,125,98,82,56,851,22.7,1219,348,6508,4850,690,131,160,4.1,"hosted xlsx, sheet Monthly Prices (updated 2 Sept 2026)"
worldbank_cmo_pink_sheet,1976M03,11.5,11.5,11.5,,27.2,,0.54,1.74,,35,126,98,82,56,816,22.7,1329,384,6903,4850,728,133,160,4.2,"hosted xlsx, sheet Monthly Prices (updated 2 Sept 2026)"
worldbank_cmo_pink_sheet,1976M04,11.5,11.5,11.5,,27.2,,0.55,1.74,,35,113,90,82,55,820,22.7,1510,454,7123,4850,789,128,160,4.4,"hosted xlsx, sheet Monthly Prices (updated 2 Sept 2026)"
worldbank_cmo_pink_sheet,1976M05,11.5,11.5,11.5,,27.2,,0.55,1.74,,35,104,80,82,53,825,22.7,1512,483,7449,4850,774,127,160,4.5,"hosted xlsx, sheet Monthly Prices (updated 2 Sept 2026)"
worldbank_cmo_pink_sheet,1976M06,11.5,11.5,11.5,,27.2,,0.58,1.74,,35,100,80,82,53,805,22.7,1550,476,7767,4850,750,126,164,4.8,"hosted xlsx, sheet Monthly Prices (updated 2 Sept 2026)"
worldbank_cmo_pink_sheet,1976M07,11.6,11.6,11.6,,27.2,,0.58,1.74,,35,120,85,82,55,904,22.7,1647,509,8497,4850,776,118,171,4.8,"hosted xlsx, sheet Monthly Prices (updated 2 Sept 2026)"
worldbank_cmo_pink_sheet,1976M08,11.6,11.6,11.6,,27.2,,0.6,1.74,,35,125,93,82,53,939,22.7,1539,483,8084,4850,741,110,156,4.3,"hosted xlsx, sheet Monthly Prices (updated 2 Sept 2026)"
worldbank_cmo_pink_sheet,1976M09,11.6,11.6,11.6,,27.2,,0.6,1.74,,35,140,100,82,53,996,22.7,1459,481,7961,4938,712,114,158,4.3,"hosted xlsx, sheet Monthly Prices (updated 2 Sept 2026)"
worldbank_cmo_pink_sheet,1976M10,11.9,11.9,11.9,,27.2,,0.62,1.74,,35,128,93,82,55,948,22.7,1285,465,7972,5313,639,116,158,4.2,"hosted xlsx, sheet Monthly Prices (updated 2 Sept 2026)"
worldbank_cmo_pink_sheet,1976M11,11.9,11.9,11.9,,27.2,,0.63,1.74,,35,115,86,82,54,948,22.7,1279,459,8122,5313,604,130,157,4.4,"hosted xlsx, sheet Monthly Prices (updated 2 Sept 2026)"
worldbank_cmo_pink_sheet,1976M12,11.9,11.9,11.9,,27.2,,0.64,1.74,,35,113,83,82,53,974,22.7,1287,478,8400,5313,642,134,152,4.4,"hosted xlsx, sheet Monthly Prices (updated 2 Sept 2026)"
worldbank_cmo_pink_sheet,1977M01,12.5,12.5,12.5,,28.7,,0.67,1.79,2.77,140,130,95,115,54.5,1058,23.1,1396,560,9487,5313,692,132,155,4.4,"hosted xlsx, sheet Monthly Prices (updated 2 Sept 2026)"
worldbank_cmo_pink_sheet,1977M02,12.5,12.5,12.5,,28.7,,0.71,1.79,2.77,142.5,133,95,100.5,54.5,1078,23.1,1426,648,10227,5313,703,136,161,4.5,"hosted xlsx, sheet Monthly Prices (updated 2 Sept 2026)"
worldbank_cmo_pink_sheet,1977M03,12.5,12.5,12.5,,28.7,,0.75,1.79,2.77,123.5,137,99,100.5,54.5,1082,23.1,1515,703,10373,5313,719,148,163,4.9,"hosted xlsx, sheet Monthly Prices (updated 2 Sept 2026)"
worldbank_cmo_pink_sheet,1977M04,12.4,12.4,12.4,,28.7,,0.77,1.79,2.77,44,134,98,109.5,54.5,1082,23.1,1429,648,9597,5187,655,149,161,4.8,"hosted xlsx, sheet Monthly Prices (updated 2 Sept 2026)"
worldbank_cmo_pink_sheet,1977M05,12.4,12.4,12.4,,28.7,,0.77,1.79,2.77,44,129,92,116.1,54.3,1082,23.1,1371,661,9844,5282,611,147,157,4.7,"hosted xlsx, sheet Monthly Prices (updated 2 Sept 2026)"
worldbank_cmo_pink_sheet,1977M06,12.4,12.4,12.4,,28.7,,0.82,1.79,2.77,40.8,133,96,120,55,1102,23.1,1312,567,9628,5313,542,141,150,4.5,"hosted xlsx, sheet Monthly Prices (updated 2 Sept 2026)"
worldbank_cmo_pink_sheet,1977M07,12.6,12.6,12.6,,28.7,,0.83,1.79,2.77,37.5,133,95,123.1,55,1171,23.1,1248,562,10417,5313,542,143,150,4.5,"hosted xlsx, sheet Monthly Prices (updated 2 Sept 2026)"
worldbank_cmo_pink_sheet,1977M08,12.6,12.6,12.6,,28.7,,0.82,1.79,2.77,31.2,143,104,129.6,55.1,1184,23.1,1160,551,11310,5313,520,145,149,4.5,"hosted xlsx, sheet Monthly Prices (updated 2 Sept 2026)"
worldbank_cmo_pink_sheet,1977M09,12.6,12.6,12.6,,28.7,,0.83,1.79,2.77,34.5,148,108,132.5,56.6,1184,23.1,1195,582,11158,5313,518,150,150,4.5,"hosted xlsx, sheet Monthly Prices (updated 2 Sept 2026)"
worldbank_cmo_pink_sheet,1977M10,12.7,12.7,12.7,,28.7,,0.84,1.79,2.77,34.5,138,107,131,57.5,1204,23.1,1210,615,12154,4586,511,159,158,4.8,"hosted xlsx, sheet Monthly Prices (updated 2 Sept 2026)"
worldbank_cmo_pink_sheet,1977M11,12.7,12.7,12.7,,28.7,,0.83,1.79,2.77,34.5,123,93,137,56,1237,23.1,1182,633,12677,4586,525,162,170,4.8,"hosted xlsx, sheet Monthly Prices (updated 2 Sept 2026)"
worldbank_cmo_pink_sheet,1977M12,12.7,12.7,12.7,,28.7,,0.84,1.79,2.77,34.5,128,93,134.3,56,1261,23.1,1261,686,12785,4586,538,160,177,4.7,"hosted xlsx, sheet Monthly Prices (updated 2 Sept 2026)"
worldbank_cmo_pink_sheet,1978M01,12.7,12.7,12.7,,27.9,,0.87,2.3,3.04,28,138,98,133,56,1316,21.5,1261,664,12121,4586,518,173,202,4.9,"hosted xlsx, sheet Monthly Prices (updated 2 Sept 2026)"
worldbank_cmo_pink_sheet,1978M02,12.7,12.7,12.7,,27.1,,0.88,2.3,3.04,28,138,93,134.8,56,1321,21.5,1217,582,12150,4586,478,178,224,5,"hosted xlsx, sheet Monthly Prices (updated 2 Sept 2026)"
worldbank_cmo_pink_sheet,1978M03,12.7,12.7,12.7,,27.1,,0.89,2.3,3.04,28,137,97,134.5,56,1299,21.5,1254,582,11422,4586,507,184,227,5.3,"hosted xlsx, sheet Monthly Prices (updated 2 Sept 2026)"
worldbank_cmo_pink_sheet,1978M04,12.7,12.7,12.7,,27.1,,0.88,2.3,3.04,31.4,131,97,134,56,1259,21.5,1285,573,11006,4696,553,175,214,5.2,"hosted xlsx, sheet Monthly Prices (updated 2 Sept 2026)"
worldbank_cmo_pink_sheet,1978M05,12.7,12.7,12.7,,28.6,,0.91,2.3,3.04,32.5,128,93,130.8,56,1237,21.5,1303,545,11704,4696,562,176,233,5.1,"hosted xlsx, sheet Monthly Prices (updated 2 Sept 2026)"
worldbank_cmo_pink_sheet,1978M06,12.7,12.7,12.7,,30.2,,0.91,2.3,3.04,32.5,130,92,132.5,56,1248,21.5,1333,570,12357,4645,578,184,245,5.3,"hosted xlsx, sheet Monthly Prices (updated 2 Sept 2026)"
worldbank_cmo_pink_sheet,1978M07,12.8,12.8,12.8,,30.2,,0.89,2.3,3.04,32.5,137,95,142,57,1290,21.5,1337,582,12414,4586,584,189,246,5.4,"hosted xlsx, sheet Monthly Prices (updated 2 Sept 2026)"
worldbank_cmo_pink_sheet,1978M08,12.8,12.8,12.8,,30.2,,0.91,2.3,3.04,32.5,143,102,142.5,58.5,1321,21.5,1426,639,12995,4586,618,206,267,5.5,"hosted xlsx, sheet Monthly Prices (updated 2 Sept 2026)"
worldbank_cmo_pink_sheet,1978M09,12.8,12.8,12.8,,30.2,,0.92,2.3,3.04,32.5,151.5,105.5,134.6,63.1,1382,21.5,1442,693,13889,4586,634,212,269,5.6,"hosted xlsx, sheet Monthly Prices (updated 2 Sept 2026)"
worldbank_cmo_pink_sheet,1978M10,12.9,12.9,12.9,,30.2,,0.92,2.3,3.04,32.5,151.5,105.5,132,63.5,1425,21.5,1506,830,15256,4586,713,227,332,5.9,"hosted xlsx, sheet Monthly Prices (updated 2 Sept 2026)"
worldbank_cmo_pink_sheet,1978M11,13.2,13.2,13.2,,30.2,,0.93,2.3,3.04,32.5,151.5,101,140.8,65,1394,21.5,1481,824,15036,4586,695,206,329,5.9,"hosted xlsx, sheet Monthly Prices (updated 2 Sept 2026)"
worldbank_cmo_pink_sheet,1978M12,14.5,14.5,14.5,,30.2,,0.96,2.3,3.04,32.5,141.5,97.5,141,65,1409,21.5,1533,859,14154,4586,687,208,340,5.9,"hosted xlsx, sheet Monthly Prices (updated 2 Sept 2026)"
worldbank_cmo_pink_sheet,1979M01,17.5,19,15.9,,30.2,,1.02,3.26,3.69,32.5,153,109.5,143,65,1265,23.5,1659,992,13854,4586,720,227,358,6.2,"hosted xlsx, sheet Monthly Prices (updated 2 Sept 2026)"
worldbank_cmo_pink_sheet,1979M02,20.8,22,19.5,,30.2,,1.05,3.26,3.69,32.5,157.5,116.5,143,64.5,1442,23.5,1944,1055,14526,4546,793,246,410,7.3,"hosted xlsx, sheet Monthly Prices (updated 2 Sept 2026)"
worldbank_cmo_pink_sheet,1979M03,22,23.3,20.8,,30.2,,1.1,3.26,3.69,32.5,162.5,132,131.9,65.5,1542,23.5,2050,1177,15022,4819,795,242,398,7.4,"hosted xlsx, sheet Monthly Prices (updated 2 Sept 2026)"
worldbank_cmo_pink_sheet,1979M04,22.4,23.6,21.2,,30.2,,1.11,3.26,3.69,32.5,164,134.2,135,70,1569,23.5,2100,1161,15137,5379,789,239,391,7.4,"hosted xlsx, sheet Monthly Prices (updated 2 Sept 2026)"
worldbank_cmo_pink_sheet,1979M05,33.5,32.8,34.3,,30.2,,1.15,3.26,3.69,32.5,162,130.5,141.8,70,1576,23.5,1926,1239,15362,5968,778,258,430,8.4,"hosted xlsx, sheet Monthly Prices (updated 2 Sept 2026)"
worldbank_cmo_pink_sheet,1979M06,34.7,36.5,32.8,,30.2,,1.17,3.26,3.69,32.5,175.5,131.5,148.5,71.3,1597,23.5,1878,1382,16136,6519,754,279,430,8.6,"hosted xlsx, sheet Monthly Prices (updated 2 Sept 2026)"
worldbank_cmo_pink_sheet,1979M07,33.5,35,32,,30.2,,1.2,3.26,3.69,35.8,187.5,141.5,155.4,77,1534,23.5,1814,1272,15781,6614,722,295,412,9.1,"hosted xlsx, sheet Monthly Prices (updated 2 Sept 2026)"
worldbank_cmo_pink_sheet,1979M08,34,35.8,32.3,,31.3,,1.24,3.26,3.69,39,207.5,151.5,160,79,1562,23.5,1976,1213,14793,6614,665,301,394,9.3,"hosted xlsx, sheet Monthly Prices (updated 2 Sept 2026)"
worldbank_cmo_pink_sheet,1979M09,35.5,36.5,34.5,,31.3,,1.24,3.26,3.69,39,215,153,163.8,80.1,1616,23.5,2096,1231,15399,6614,724,355,463,13.8,"hosted xlsx, sheet Monthly Prices (updated 2 Sept 2026)"
worldbank_cmo_pink_sheet,1979M10,37.3,38.5,36,,32.4,,1.28,3.26,3.69,39,247.5,177.5,167.5,83.5,1786,23.5,2076,1319,16012,6614,707,392,520,16.6,"hosted xlsx, sheet Monthly Prices (updated 2 Sept 2026)"
worldbank_cmo_pink_sheet,1979M11,40.8,42,39.5,,32.4,,1.29,3.26,3.69,39,242,187,170,83.5,1833,23.5,2090,1225,16361,6614,702,392,506,16.7,"hosted xlsx, sheet Monthly Prices (updated 2 Sept 2026)"
worldbank_cmo_pink_sheet,1979M12,39.8,40.5,39,,32.4,,1.31,3.26,3.69,39,246,190,176.3,108.3,1913,23.5,2214,1233,16987,6945,751,455,601,22.5,"hosted xlsx, sheet Monthly Prices (updated 2 Sept 2026)"
worldbank_cmo_pink_sheet,1980M01,39,40,38,,32.4,,1.37,4.22,5.7,39,257,197.5,187.5,106.5,2055,28.1,2601,1118,17013,6585,774,675,807,38.9,"hosted xlsx, sheet Monthly Prices (updated 2 Sept 2026)"
worldbank_cmo_pink_sheet,1980M02,37.3,38.5,36,,32.4,,1.42,4.22,5.7,39,257.5,195,187.5,106.5,2131,28.1,2918,1168,17100,6979,870,665,882,35.2,"hosted xlsx, sheet Monthly Prices (updated 2 Sept 2026)"
worldbank_cmo_pink_sheet,1980M03,37,38.3,35.8,,32.4,,1.46,4.22,5.7,42,260.5,200,187.5,106.5,1978,28.1,2306,1121,17470,6734,743,554,747,24.7,"hosted xlsx, sheet Monthly Prices (updated 2 Sept 2026)"
worldbank_cmo_pink_sheet,1980M04,36.6,38.2,35,,39.5,,1.51,4.22,5.7,54,202.5,182.5,196.3,106.5,1932,28.1,2070,969,17017,6233,708,517,589,14.9,"hosted xlsx, sheet Monthly Prices (updated 2 Sept 2026)"
worldbank_cmo_pink_sheet,1980M05,37,38.5,35.6,,40.1,,1.56,4.22,5.7,54,211,171,205,106.5,1776,28.1,2037,772,17042,6001,692,514,560,12.7,"hosted xlsx, sheet Monthly Prices (updated 2 Sept 2026)"
worldbank_cmo_pink_sheet,1980M06,37,38,36,,40.7,,1.57,4.22,5.7,44,212.5,170,205,106.5,1669,28.1,2006,739,17224,6295,678,601,642,15.8,"hosted xlsx, sheet Monthly Prices (updated 2 Sept 2026)"
worldbank_cmo_pink_sheet,1980M07,35.4,37.4,33.3,,40.7,,1.64,4.22,5.7,44,215,173,205,106.5,1758,28.1,2176,811,17091,6622,714,643,670,16.3,"hosted xlsx, sheet Monthly Prices (updated 2 Sept 2026)"
worldbank_cmo_pink_sheet,1980M08,32.9,33.6,32.3,,44.2,,1.64,4.22,5.7,44,215,167.5,205,106.5,1784,28.1,2082,853,17018,6585,769,627,644,15.9,"hosted xlsx, sheet Monthly Prices (updated 2 Sept 2026)"
worldbank_cmo_pink_sheet,1980M09,32.8,33.4,32.3,,44.6,,1.69,4.22,5.7,44,205,165,207,106.5,1655,28.1,2060,883,17308,6655,796,674,696,19.9,"hosted xlsx, sheet Monthly Prices (updated 2 Sept 2026)"
worldbank_cmo_pink_sheet,1980M10,37.4,37.9,36.8,,44.6,,1.71,4.22,5.7,44,202.5,164.5,207,106.5,1626,28.1,2040,879,16692,6692,805,661,676,20.2,"hosted xlsx, sheet Monthly Prices (updated 2 Sept 2026)"
worldbank_cmo_pink_sheet,1980M11,40.3,40.8,39.8,,45,,1.76,4.22,5.7,44,214,175.5,207,106.5,1504,28.1,2010,813,15616,6453,802,625,633,18.6,"hosted xlsx, sheet Monthly Prices (updated 2 Sept 2026)"
worldbank_cmo_pink_sheet,1980M12,39.8,40.2,39.3,,45,,1.74,4.22,5.7,44,214,201.5,207,106.5,1431,28.1,1879,743,14707,6391,784,538,604,16.5,"hosted xlsx, sheet Monthly Prices (updated 2 Sept 2026)"
worldbank_cmo_pink_sheet,1981M01,39.8,40.3,39.3,,45,,1.77,4.6,6.03,44,227.5,202.5,207,115,1431,28.1,1869,705,14333,6404,777,557,536,14.8,"hosted xlsx, sheet Monthly Prices (updated 2 Sept 2026)"
worldbank_cmo_pink_sheet,1981M02,37.9,38.7,37.1,,45,,1.81,4.6,6.03,44,226,204.5,242.5,115,1452,28.1,1801,689,13633,6371,731,500,480,13.1,"hosted xlsx, sheet Monthly Prices (updated 2 Sept 2026)"
worldbank_cmo_pink_sheet,1981M03,37.6,38.3,36.8,,45,,1.86,4.6,6.03,44,207.5,187.5,242.5,115,1443,28.1,1818,730,13633,6292,751,499,491,12.3,"hosted xlsx, sheet Monthly Prices (updated 2 Sept 2026)"
worldbank_cmo_pink_sheet,1981M04,36.4,37.2,35.5,,56.5,,1.93,4.6,6.03,47.5,193,177.5,135,70,1369,28.1,1821,759,13365,6307,824,496,481,11.5,"hosted xlsx, sheet Monthly Prices (updated 2 Sept 2026)"
worldbank_cmo_pink_sheet,1981M05,34.3,35.2,33.4,,56.5,,1.95,4.6,6.03,51,195.5,161,215,115,1297,28.1,1742,697,12664,6352,851,480,462,10.9,"hosted xlsx, sheet Monthly Prices (updated 2 Sept 2026)"
worldbank_cmo_pink_sheet,1981M06,32.7,33.3,32.2,,56.5,,1.95,4.6,6.03,51,190,157.5,215,115,1232,28.1,1700,712,12604,6169,840,461,443,10,"hosted xlsx, sheet Monthly Prices (updated 2 Sept 2026)"
worldbank_cmo_pink_sheet,1981M07,33.5,35.1,32,,56.5,,2.01,4.6,6.03,51,177.5,146.5,180,116.5,1175,28.1,1682,784,13358,6150,865,409,407,8.6,"hosted xlsx, sheet Monthly Prices (updated 2 Sept 2026)"
worldbank_cmo_pink_sheet,1981M08,34,35.8,32.2,,56.5,,2.02,4.6,6.03,51,179.5,137.5,160,116.5,1231,28.1,1787,824,14485,5999,955,410,418,8.9,"hosted xlsx, sheet Monthly Prices (updated 2 Sept 2026)"
worldbank_cmo_pink_sheet,1981M09,34,35.9,32.1,,56.5,,2.08,4.6,6.03,51,130,139,160,116.5,1169,28.1,1710,764,14935,5579,939,444,436,10.1,"hosted xlsx, sheet Monthly Prices (updated 2 Sept 2026)"
worldbank_cmo_pink_sheet,1981M10,34.6,36.5,32.7,,56.5,,2.11,4.6,6.03,51,122.5,133.5,160,116.5,1140,28.1,1666,717,15113,5217,892,438,420,9.2,"hosted xlsx, sheet Monthly Prices (updated 2 Sept 2026)"
worldbank_cmo_pink_sheet,1981M11,35.7,37.1,34.2,,56.5,,2.15,4.6,6.03,51,145,146.5,136.5,116.5,1082,28.1,1651,666,15836,5100,877,413,397,8.5,"hosted xlsx, sheet Monthly Prices (updated 2 Sept 2026)"
worldbank_cmo_pink_sheet,1981M12,35.4,36.7,34.1,,56.5,,2.16,4.6,6.03,51,137.5,142.5,136.5,94.5,1131,28.1,1655,674,15952,5496,846,410,399,8.4,"hosted xlsx, sheet Monthly Prices (updated 2 Sept 2026)"
worldbank_cmo_pink_sheet,1982M01,35,35.8,34,35.3,55.6,,2.23,4.45,6.05,51,135,155,112.5,94.5,1113,32.5,1611,648,16133,5629,819,384,370,8,"hosted xlsx, sheet Monthly Prices (updated 2 Sept 2026)"
worldbank_cmo_pink_sheet,1982M02,32.3,31.6,30.4,34.8,55.6,,2.3,4.45,6.05,51,190,157.5,130,94.5,1088,32.5,1598,618,15993,5717,823,374,360,8.3,"hosted xlsx, sheet Monthly Prices (updated 2 Sept 2026)"
worldbank_cmo_pink_sheet,1982M03,30.2,29.3,28.6,32.6,55.6,,2.35,4.45,6.05,51,190,140,130,94.5,1029,32.5,1510,613,12766,5653,790,330,318,7.2,"hosted xlsx, sheet Monthly Prices (updated 2 Sept 2026)"
worldbank_cmo_pink_sheet,1982M04,31.6,33.1,30.9,30.7,55.6,,2.4,4.45,6.05,51,168.5,135.5,122.5,94.5,996,32.5,1522,575,12618,5394,743,350,338,7.3,"hosted xlsx, sheet Monthly Prices (updated 2 Sept 2026)"
worldbank_cmo_pink_sheet,1982M05,33,35.2,33.3,30.6,55.6,,2.45,4.45,6.05,48.4,166,138.5,122.5,90,973,32.5,1528,575,12736,5212,750,334,310,6.7,"hosted xlsx, sheet Monthly Prices (updated 2 Sept 2026)"
worldbank_cmo_pink_sheet,1982M06,32.8,34.6,32.7,31.1,55.6,,2.45,4.45,6.05,44.5,167,133,122.5,75,919,32.5,1300,521,11087,5187,692,315,276,5.6,"hosted xlsx, sheet Monthly Prices (updated 2 Sept 2026)"
worldbank_cmo_pink_sheet,1982M07,32.9,33.7,31.7,33.4,55.6,,2.47,4.45,6.05,37.4,168,133.5,122.5,77.5,958,32.5,1441,552,11317,5069,727,339,288,6.5,"hosted xlsx, sheet Monthly Prices (updated 2 Sept 2026)"
worldbank_cmo_pink_sheet,1982M08,32.4,32.8,31.2,33.2,55.6,,2.53,4.45,6.05,35,165.5,135.5,125,77.5,959,32.5,1452,523,12196,4953,716,364,297,7.1,"hosted xlsx, sheet Monthly Prices (updated 2 Sept 2026)"
worldbank_cmo_pink_sheet,1982M09,33.5,34.3,33,33.1,55.6,,2.56,4.45,6.05,35,167,135,125,77,960,32.5,1427,515,12676,4310,750,437,334,8.8,"hosted xlsx, sheet Monthly Prices (updated 2 Sept 2026)"
worldbank_cmo_pink_sheet,1982M10,33.8,35,33.4,33,55.6,,2.6,4.45,6.05,35,163.5,134,127.5,79,952,32.5,1461,497,12414,3917,751,422,335,9.4,"hosted xlsx, sheet Monthly Prices (updated 2 Sept 2026)"
worldbank_cmo_pink_sheet,1982M11,32.8,33.8,31.8,33,55.6,,2.62,4.45,6.05,35,160.5,131.5,127.5,72.5,965,32.5,1444,462,11982,3434,710,415,346,9.8,"hosted xlsx, sheet Monthly Prices (updated 2 Sept 2026)"
worldbank_cmo_pink_sheet,1982M12,31.5,31.8,30.1,32.6,45.5,,2.62,4.45,6.05,41.3,158.5,132,120,72.5,987,32.5,1473,448,11993,3576,669,445,369,10.6,"hosted xlsx, sheet Monthly Prices (updated 2 Sept 2026)"
worldbank_cmo_pink_sheet,1983M01,30.7,30.9,30,31.1,43,,2.66,4.05,5.55,47.5,150.5,137.5,124.5,75,1077,29,1572,475,12083,3797,699,481,453,12.3,"hosted xlsx, sheet Monthly Prices (updated 2 Sept 2026)"
worldbank_cmo_pink_sheet,1983M02,29.1,29.1,29,29.2,43,,2.66,4.05,5.55,47.5,164,134.5,124.5,75.5,1230,29,1647,455,13034,4228,681,491,465,14,"hosted xlsx, sheet Monthly Prices (updated 2 Sept 2026)"
worldbank_cmo_pink_sheet,1983M03,28.3,28.2,28.1,28.7,43,,2.58,4.05,5.55,47.5,179.5,145,120,75.5,1302,29,1598,443,13426,4832,678,420,401,10.6,"hosted xlsx, sheet Monthly Prices (updated 2 Sept 2026)"
worldbank_cmo_pink_sheet,1983M04,29.7,29.8,28.7,30.6,43,,2.53,4.05,5.55,47.5,180.5,136,109,75.5,1364,29,1675,458,13793,4818,698,433,414,11.6,"hosted xlsx, sheet Monthly Prices (updated 2 Sept 2026)"
worldbank_cmo_pink_sheet,1983M05,29.4,29.6,28.5,30,43,,2.53,4.05,5.55,43,171.5,132.5,101.5,75.5,1453,29,1766,433,13523,5032,736,438,449,12.9,"hosted xlsx, sheet Monthly Prices (updated 2 Sept 2026)"
worldbank_cmo_pink_sheet,1983M06,30,30.2,28.8,31,43,,2.59,4.05,5.55,41.1,158.5,127.5,120,73,1466,29,1701,408,13354,4883,718,413,422,11.7,"hosted xlsx, sheet Monthly Prices (updated 2 Sept 2026)"
worldbank_cmo_pink_sheet,1983M07,30.5,30.8,29,31.6,34.8,,2.52,4.05,5.55,37.3,157.5,128,109,73,1520,29,1704,403,13193,4804,740,403,433,12,"hosted xlsx, sheet Monthly Prices (updated 2 Sept 2026)"
worldbank_cmo_pink_sheet,1983M08,30.7,31.1,28.9,32,34.8,,2.58,4.05,5.55,34,154.5,122.5,110.5,73,1604,29,1640,398,12826,4853,809,416,436,12.1,"hosted xlsx, sheet Monthly Prices (updated 2 Sept 2026)"
worldbank_cmo_pink_sheet,1983M09,30.1,30.4,28.6,31.3,34.8,,2.67,4.05,5.55,34,160,124.5,110.5,73,1614,29,1561,405,12755,4911,838,412,431,12,"hosted xlsx, sheet Monthly Prices (updated 2 Sept 2026)"
worldbank_cmo_pink_sheet,1983M10,29.6,29.9,28.6,30.4,34.8,,2.58,4.05,5.55,34,174,145,114,73,1566,29,1435,419,12751,4674,859,394,396,9.9,"hosted xlsx, sheet Monthly Prices (updated 2 Sept 2026)"
worldbank_cmo_pink_sheet,1983M11,29.2,29.2,28.3,30,32,,2.6,4.05,5.55,32.8,188.5,140.5,115.5,75.5,1517,29,1389,405,12773,4585,859,382,388,8.8,"hosted xlsx, sheet Monthly Prices (updated 2 Sept 2026)"
worldbank_cmo_pink_sheet,1983M12,28.8,29,28.3,29.2,29.3,,2.61,4.05,5.55,31.5,190,142.5,115.5,75.5,1549,29,1415,402,12346,4657,857,388,393,9.1,"hosted xlsx, sheet Monthly Prices (updated 2 Sept 2026)"
worldbank_cmo_pink_sheet,1984M01,29,29.6,27.7,29.8,29.3,29.3,2.67,3.76,5.24,31.5,191.5,142.5,116.5,82.5,1549,26.2,1376,398,12118,4671,958,371,376,8.3,"hosted xlsx, sheet Monthly Prices (updated 2 Sept 2026)"
worldbank_cmo_pink_sheet,1984M02,29.2,29.9,27.6,30.1,29.3,29.3,2.71,3.76,5.24,31.5,204,142.5,118,82.5,1491,26.2,1430,405,12298,4640,998,386,391,9.1,"hosted xlsx, sheet Monthly Prices (updated 2 Sept 2026)"
worldbank_cmo_pink_sheet,1984M03,29.5,30.1,27.8,30.7,29.3,29.3,2.67,3.76,5.24,31.5,201,132.5,141,82.5,1456,26.2,1501,460,12406,4781,1041,394,398,9.6,"hosted xlsx, sheet Monthly Prices (updated 2 Sept 2026)"
worldbank_cmo_pink_sheet,1984M04,29.6,30.1,28,30.6,29.3,29.3,2.64,3.76,5.24,31.5,198.5,125,127.5,81,1370,26.2,1533,482,12445,4912,1004,381,392,9.2,"hosted xlsx, sheet Monthly Prices (updated 2 Sept 2026)"
worldbank_cmo_pink_sheet,1984M05,29.5,29.9,28,30.5,29.3,29.3,2.67,3.76,5.24,31.5,171.5,116,147.5,81,1289,26.2,1421,453,12583,4811,1001,377,388,9,"hosted xlsx, sheet Monthly Prices (updated 2 Sept 2026)"
worldbank_cmo_pink_sheet,1984M06,29.1,29.2,27.9,30,31.8,34.3,2.7,3.76,5.24,31.5,156,120,155,81,1275,26.2,1367,484,12662,4773,942,378,382,8.8,"hosted xlsx, sheet Monthly Prices (updated 2 Sept 2026)"
worldbank_cmo_pink_sheet,1984M07,28,27.9,27.3,28.8,31.8,35.8,2.68,3.76,5.24,33.8,163.5,132.5,162.5,86.5,1163,26.2,1331,494,12439,4640,854,348,343,7.5,"hosted xlsx, sheet Monthly Prices (updated 2 Sept 2026)"
worldbank_cmo_pink_sheet,1984M08,28.2,28.1,27.2,29.2,31.8,35.8,2.69,3.76,5.24,33.5,170.5,137.5,165,86.5,1136,26.2,1338,467,12302,4736,834,348,340,7.6,"hosted xlsx, sheet Monthly Prices (updated 2 Sept 2026)"
worldbank_cmo_pink_sheet,1984M09,28.4,28.4,27.4,29.3,31.8,35.8,2.62,3.76,5.24,33.5,168,137.5,165,86.5,1012,26.2,1294,402,12091,4706,873,340,327,7.3,"hosted xlsx, sheet Monthly Prices (updated 2 Sept 2026)"
worldbank_cmo_pink_sheet,1984M10,27.9,27.8,27.1,28.6,31.8,35.8,2.63,3.76,5.24,35,166,137.5,172,86.5,1028,26.2,1273,412,11745,4750,844,341,324,7.3,"hosted xlsx, sheet Monthly Prices (updated 2 Sept 2026)"
worldbank_cmo_pink_sheet,1984M11,27.7,27.7,27.1,28.2,32.8,35.3,2.61,3.76,5.24,36,160.5,127.5,166,86.5,1152,26.2,1345,441,11991,4748,855,342,328,7.5,"hosted xlsx, sheet Monthly Prices (updated 2 Sept 2026)"
worldbank_cmo_pink_sheet,1984M12,26.8,27,26.8,26.7,33.8,34.9,2.57,3.76,5.24,36,156.5,124,166,86.5,1095,26.2,1321,416,11722,4859,860,320,304,6.6,"hosted xlsx, sheet Monthly Prices (updated 2 Sept 2026)"
worldbank_cmo_pink_sheet,1985M01,26.6,27,27.3,25.7,33.8,35.1,2.64,3.65,5.23,36,158.5,117.5,168.5,86.5,1075,26.6,1359,421,11073,4947,867,303,274,6.1,"hosted xlsx, sheet Monthly Prices (updated 2 Sept 2026)"
worldbank_cmo_pink_sheet,1985M02,27.6,28.2,27.3,27.4,33.8,35.1,2.71,3.65,5.23,36,156,113.5,168.5,87,1098,26.6,1389,368,10946,5051,887,299,269,6.1,"hosted xlsx, sheet Monthly Prices (updated 2 Sept 2026)"
worldbank_cmo_pink_sheet,1985M03,27.9,28.1,27.2,28.3,33.8,35.1,2.62,3.65,5.23,36,179.5,114,105,75.5,1095,26.6,1390,352,11211,5212,921,314,261,6,"hosted xlsx, sheet Monthly Prices (updated 2 Sept 2026)"
worldbank_cmo_pink_sheet,1985M04,27.8,27.9,26.7,28.9,33.8,35.1,2.64,3.65,5.23,36,179.5,116,107.5,75.5,1106,26.6,1502,390,11806,5490,931,327,283,6.4,"hosted xlsx, sheet Monthly Prices (updated 2 Sept 2026)"
worldbank_cmo_pink_sheet,1985M05,26.7,26.7,25.7,27.7,33.8,35.1,2.53,3.65,5.23,36,154,116,127.5,87,1105,26.6,1531,376,11910,5604,881,316,272,6.3,"hosted xlsx, sheet Monthly Prices (updated 2 Sept 2026)"
worldbank_cmo_pink_sheet,1985M06,26.4,26.5,25.5,27.2,33.8,35.1,2.58,3.65,5.23,36,151.5,112,112.5,87,1032,26.6,1432,389,12386,5553,808,317,268,6.2,"hosted xlsx, sheet Monthly Prices (updated 2 Sept 2026)"
worldbank_cmo_pink_sheet,1985M07,26.4,26.6,25.7,26.9,33.8,35.1,2.51,3.65,5.23,36,151,114.5,109.5,87,1012,26.6,1475,403,12756,5091,767,317,269,6,"hosted xlsx, sheet Monthly Prices (updated 2 Sept 2026)"
worldbank_cmo_pink_sheet,1985M08,27,27.2,26.3,27.6,33.8,35.1,2.47,3.65,5.23,36,155.5,122.5,97.5,87,1019,26.6,1420,414,12647,4908,735,330,308,6.2,"hosted xlsx, sheet Monthly Prices (updated 2 Sept 2026)"
worldbank_cmo_pink_sheet,1985M09,27,27.2,26.2,27.7,33.8,35.1,2.42,3.65,5.23,36,154,126,87.5,81.5,985,26.6,1366,400,12325,4570,690,323,311,6.1,"hosted xlsx, sheet Monthly Prices (updated 2 Sept 2026)"
worldbank_cmo_pink_sheet,1985M10,27.8,27.9,26.7,28.9,33.8,34.5,2.37,3.65,5.23,36,151,132.5,80.5,81.5,971,26.6,1385,393,12391,4240,632,326,323,6.2,"hosted xlsx, sheet Monthly Prices (updated 2 Sept 2026)"
worldbank_cmo_pink_sheet,1985M11,28.6,29.1,26.9,29.9,33.8,34.5,2.36,3.65,5.23,36,149,135,87.5,81.5,950,26.6,1370,394,9903,4035,598,322,334,6.1,"hosted xlsx, sheet Monthly Prices (updated 2 Sept 2026)"
worldbank_cmo_pink_sheet,1985M12,26.5,25.9,26.3,27.4,33.8,34.5,2.28,3.65,5.23,36,146.5,137,87.5,81.5,1039,26.6,1391,390,9114,4090,685,322,337,5.9,"hosted xlsx, sheet Monthly Prices (updated 2 Sept 2026)"
worldbank_cmo_pink_sheet,1986M01,24.7,25.8,25.4,22.9,33.8,33.8,2.28,3.65,4.1,36,145.5,133,82.5,81.5,1119,26.3,1418,368,7910,4035,644,347,364,6,"hosted xlsx, sheet Monthly Prices (updated 2 Sept 2026)"
worldbank_cmo_pink_sheet,1986M02,15.9,17.6,14.8,15.4,33.8,33.8,2.26,3.65,4.1,36,143,134.5,77,80,1115,26.3,1406,367,7923,3988,609,339,376,5.9,"hosted xlsx, sheet Monthly Prices (updated 2 Sept 2026)"
worldbank_cmo_pink_sheet,1986M03,12.7,13.9,11.5,12.7,30.8,31.6,2.16,3.65,4.1,36,148,139,77,80,1168,26.3,1445,367,7314,4123,626,346,414,5.6,"hosted xlsx, sheet Monthly Prices (updated 2 Sept 2026)"
worldbank_cmo_pink_sheet,1986M04,11.9,12.5,10.3,12.9,30.8,31.6,2.1,3.65,4.1,36,149,140,72.5,75,1164,26.3,1435,370,5686,3999,660,340,418,5.2,"hosted xlsx, sheet Monthly Prices (updated 2 Sept 2026)"
worldbank_cmo_pink_sheet,1986M05,13.7,14.2,11.5,15.5,30.8,29.5,1.96,3.65,4.1,36,148,127,72.5,75,1164,26.3,1419,377,5474,4043,707,342,414,5.1,"hosted xlsx, sheet Monthly Prices (updated 2 Sept 2026)"
worldbank_cmo_pink_sheet,1986M06,11.9,11.9,10.2,13.5,30.8,29.5,1.85,3.65,4.1,36,140.5,118.5,72.5,75,1183,26.3,1413,418,5378,4087,804,343,432,5.1,"hosted xlsx, sheet Monthly Prices (updated 2 Sept 2026)"
worldbank_cmo_pink_sheet,1986M07,9.6,9.5,7.9,11.6,30.8,29.5,1.8,3.65,4.1,36,135.5,110.5,67.5,72.5,1123,26.3,1344,380,5387,3911,807,348,439,5,"hosted xlsx, sheet Monthly Prices (updated 2 Sept 2026)"
worldbank_cmo_pink_sheet,1986M08,13.7,13.7,12.2,15.3,30.8,29.5,1.77,3.65,4.1,36,135.5,108,71,72.5,1129,26.3,1303,392,5404,3807,816,377,540,5.2,"hosted xlsx, sheet Monthly Prices (updated 2 Sept 2026)"
worldbank_cmo_pink_sheet,1986M09,14.1,14.2,13.1,15,30.8,29.5,1.78,3.65,4.1,36,129.5,111,65,66.5,1206,26.3,1347,407,5397,3724,871,418,604,5.6,"hosted xlsx, sheet Monthly Prices (updated 2 Sept 2026)"
worldbank_cmo_pink_sheet,1986M10,14,13.8,13.2,14.9,30.8,29.5,1.73,3.65,4.1,36,134.5,116,62.5,66.5,1162,26.3,1317,435,5543,3644,886,424,581,5.6,"hosted xlsx, sheet Monthly Prices (updated 2 Sept 2026)"
worldbank_cmo_pink_sheet,1986M11,14.5,14.6,13.6,15.3,30.8,29.5,1.77,3.65,4.1,36,127,108,64.5,65.5,1132,26.3,1303,473,6092,3642,820,398,517,5.6,"hosted xlsx, sheet Monthly Prices (updated 2 Sept 2026)"
worldbank_cmo_pink_sheet,1986M12,15.7,15.9,14.9,16.3,29.3,27.3,1.76,3.65,4.1,36,122,108.5,64.5,65.5,1133,26.3,1336,518,6428,3572,798,391,481,5.4,"hosted xlsx, sheet Monthly Prices (updated 2 Sept 2026)"
worldbank_cmo_pink_sheet,1987M01,18.1,18.4,17.2,18.6,29.3,27.3,1.74,2.59,3.35,36,140,113.5,64,63,1171,25.3,1346,464,6713,3525,760,408,516,5.5,"hosted xlsx, sheet Monthly Prices (updated 2 Sept 2026)"
worldbank_cmo_pink_sheet,1987M02,17.3,17.3,16.7,17.8,29.3,27.3,1.73,2.59,3.35,36,161,126.5,68,61.5,1283,25.3,1380,460,6688,3717,740,401,518,5.5,"hosted xlsx, sheet Monthly Prices (updated 2 Sept 2026)"
worldbank_cmo_pink_sheet,1987M03,17.8,17.9,16.9,18.5,29.3,27.3,1.73,2.59,3.35,36,165,131,70.5,61.5,1367,25.3,1466,487,6632,3772,732,409,533,5.7,"hosted xlsx, sheet Monthly Prices (updated 2 Sept 2026)"
worldbank_cmo_pink_sheet,1987M04,17.9,18.1,17,18.7,24.8,26.2,1.69,2.59,3.35,34.5,157.5,132.5,77.5,61.5,1401,25.3,1484,556,6700,3898,762,438,586,7.3,"hosted xlsx, sheet Monthly Prices (updated 2 Sept 2026)"
worldbank_cmo_pink_sheet,1987M05,18.4,18.8,17.1,19.4,24.8,26.2,1.65,2.59,3.35,34.5,151.5,132.5,87.5,61.5,1412,25.3,1520,693,6747,4436,839,460,607,8.5,"hosted xlsx, sheet Monthly Prices (updated 2 Sept 2026)"
worldbank_cmo_pink_sheet,1987M06,18.7,18.9,17.3,20.1,24.8,26.2,1.65,2.59,3.35,34.5,149,139.5,87.5,61.5,1472,25.3,1572,629,6610,4436,878,450,569,7.4,"hosted xlsx, sheet Monthly Prices (updated 2 Sept 2026)"
worldbank_cmo_pink_sheet,1987M07,19.6,19.8,17.8,21.3,27,26.2,1.66,2.59,3.35,34.5,159.5,146.5,87.5,70,1653,25.3,1695,664,6405,4753,830,451,572,7.6,"hosted xlsx, sheet Monthly Prices (updated 2 Sept 2026)"
worldbank_cmo_pink_sheet,1987M08,18.8,19,17.3,20.2,27,26.2,1.63,2.59,3.35,34.5,167,152.5,85,70,1810,25.3,1756,659,6556,5307,804,461,610,7.8,"hosted xlsx, sheet Monthly Prices (updated 2 Sept 2026)"
worldbank_cmo_pink_sheet,1987M09,18.3,18.4,17,19.5,27,26.2,1.56,2.59,3.35,33.3,167.5,149.5,85,70,1746,25.3,1811,647,6406,5333,757,460,590,7.6,"hosted xlsx, sheet Monthly Prices (updated 2 Sept 2026)"
worldbank_cmo_pink_sheet,1987M10,18.6,18.8,17.1,19.9,27,26.2,1.57,2.59,3.35,32,163,145.5,92.5,73,1963,25.3,1967,601,6764,5692,770,465,568,7.6,"hosted xlsx, sheet Monthly Prices (updated 2 Sept 2026)"
worldbank_cmo_pink_sheet,1987M11,17.8,17.8,16.6,18.9,29,26.3,1.64,2.59,3.35,32,165,144,92.5,73,1681,25.3,2524,642,6927,5937,848,468,500,6.8,"hosted xlsx, sheet Monthly Prices (updated 2 Sept 2026)"
worldbank_cmo_pink_sheet,1987M12,16.6,17.1,15.5,17.3,31,26.5,1.7,2.59,3.35,32,174,142.5,92.5,81,1824,25.3,2869,659,6829,7661,866,486,500,6.8,"hosted xlsx, sheet Monthly Prices (updated 2 Sept 2026)"
worldbank_cmo_pink_sheet,1988M01,16.5,16.9,15.4,17.2,31,26.5,1.96,2.36,3.34,32,189,154.5,92.5,82,2002,24.3,2663,667,6808,8073,879,477,494,6.7,"hosted xlsx, sheet Monthly Prices (updated 2 Sept 2026)"
worldbank_cmo_pink_sheet,1988M02,15.9,15.8,15.1,16.8,31,26,1.84,2.36,3.34,32,194.5,153.5,97.5,83,2138,24.3,2330,656,6690,8667,876,442,459,6.3,"hosted xlsx, sheet Monthly Prices (updated 2 Sept 2026)"
worldbank_cmo_pink_sheet,1988M03,14.8,14.8,13.4,16.2,33,26.5,1.7,2.36,3.34,32,189,154,105,83,2526,24.3,2359,649,6773,15497,982,444,496,6.4,"hosted xlsx, sheet Monthly Prices (updated 2 Sept 2026)"
worldbank_cmo_pink_sheet,1988M04,16.5,16.6,15,17.9,33,27,1.59,2.36,3.34,32,194.5,154,97.5,83,2508,24.3,2286,649,6753,18012,1069,452,527,6.5,"hosted xlsx, sheet Monthly Prices (updated 2 Sept 2026)"
worldbank_cmo_pink_sheet,1988M05,16.2,16.4,14.9,17.4,33,27.5,1.52,2.36,3.34,32,175.5,154,110,84.5,2988,24.3,2448,668,6778,17025,1177,451,549,6.5,"hosted xlsx, sheet Monthly Prices (updated 2 Sept 2026)"
worldbank_cmo_pink_sheet,1988M06,15.3,15.6,13.8,16.7,36,27.5,1.53,2.36,3.34,32,166.5,157.5,110,84.5,3578,24.3,2540,678,7036,15590,1365,451,580,7,"hosted xlsx, sheet Monthly Prices (updated 2 Sept 2026)"
worldbank_cmo_pink_sheet,1988M07,14.5,14.9,13.1,15.5,36,27.5,1.56,2.36,3.34,32,177,157.5,110,84.5,2582,24.3,2214,619,7149,14591,1237,438,549,7,"hosted xlsx, sheet Monthly Prices (updated 2 Sept 2026)"
worldbank_cmo_pink_sheet,1988M08,14.6,15,13.2,15.6,36,28.5,1.62,2.36,3.34,31.2,176.5,161.5,130,93,2701,24.3,2201,602,7323,14187,1309,431,533,6.7,"hosted xlsx, sheet Monthly Prices (updated 2 Sept 2026)"
worldbank_cmo_pink_sheet,1988M09,13.1,13.3,11.6,14.5,37,29.3,1.53,2.36,3.34,31,173.5,162,130,90,2387,24.3,2436,610,7409,11878,1330,413,513,6.4,"hosted xlsx, sheet Monthly Prices (updated 2 Sept 2026)"
worldbank_cmo_pink_sheet,1988M10,12.2,12.5,10.3,13.8,37,30,1.68,2.36,3.34,31,174.5,164,130,91.5,2309,24.3,2940,655,7253,11558,1520,407,526,6.3,"hosted xlsx, sheet Monthly Prices (updated 2 Sept 2026)"
worldbank_cmo_pink_sheet,1988M11,12.5,13,10.6,14,37.5,30,1.76,2.36,3.34,31,173,164,130,91.5,2382,24.3,3305,691,7312,13342,1559,420,576,6.3,"hosted xlsx, sheet Monthly Prices (updated 2 Sept 2026)"
worldbank_cmo_pink_sheet,1988M12,14.7,15.2,12.5,16.3,38,31,1.89,2.36,3.34,31,178.5,164,120,91.5,2503,24.3,3499,731,7337,16920,1594,419,564,6.1,"hosted xlsx, sheet Monthly Prices (updated 2 Sept 2026)"
worldbank_cmo_pink_sheet,1989M01,16.5,17,14.5,18,38,31,1.78,2.09,3.28,31,181,164,120,91.5,2398,27.8,3394,676,7410,17725,1734,404,527,6,"hosted xlsx, sheet Monthly Prices (updated 2 Sept 2026)"
worldbank_cmo_pink_sheet,1989M02,16.4,16.7,14.6,17.8,38,31,1.71,2.09,3.28,31,178.5,164,120,101.5,2183,27.8,3097,622,7874,18524,1932,388,532,5.9,"hosted xlsx, sheet Monthly Prices (updated 2 Sept 2026)"
worldbank_cmo_pink_sheet,1989M03,18,18.7,16,19.5,38,31,1.49,2.09,3.28,31,176.5,158,120,100.5,2074,27.8,3264,589,8761,17157,1962,390,538,6,"hosted xlsx, sheet Monthly Prices (updated 2 Sept 2026)"
worldbank_cmo_pink_sheet,1989M04,19.2,19.8,16.9,21,38,31,1.53,2.09,3.28,31,167.5,156.5,113.5,98.5,2126,27.8,3118,608,10196,15261,1656,384,538,5.8,"hosted xlsx, sheet Monthly Prices (updated 2 Sept 2026)"
worldbank_cmo_pink_sheet,1989M05,18,18.4,15.7,20.1,38,31,1.66,2.09,3.28,31,152.5,149,113.5,98.5,2259,27.8,2739,643,10144,13454,1628,371,517,5.5,"hosted xlsx, sheet Monthly Prices (updated 2 Sept 2026)"
worldbank_cmo_pink_sheet,1989M06,17.6,17.5,15.4,20,38,31,1.7,2.09,3.28,31,142.5,140.5,113.5,98.5,1914,27.8,2546,666,9936,12143,1539,368,497,5.3,"hosted xlsx, sheet Monthly Prices (updated 2 Sept 2026)"
worldbank_cmo_pink_sheet,1989M07,17.7,17.8,15.5,19.8,38,31,1.64,2.09,3.28,31,137.5,140.5,113.5,98.5,1756,27.8,2505,692,9605,12275,1617,375,502,5.2,"hosted xlsx, sheet Monthly Prices (updated 2 Sept 2026)"
worldbank_cmo_pink_sheet,1989M08,16.9,17.1,15,18.6,38,31,1.58,2.09,3.28,31,144,136.5,82.5,98.5,1798,27.8,2762,702,8716,12910,1730,365,485,5.2,"hosted xlsx, sheet Monthly Prices (updated 2 Sept 2026)"
worldbank_cmo_pink_sheet,1989M09,17.7,17.8,15.6,19.6,38,31,1.53,2.09,3.28,31,156,136.5,82.5,98.5,1718,27.8,2884,728,8270,11222,1629,362,478,5.1,"hosted xlsx, sheet Monthly Prices (updated 2 Sept 2026)"
worldbank_cmo_pink_sheet,1989M10,18.4,19,16.2,20.1,38,31,1.6,2.09,3.28,31,148,130.5,72.5,98.5,1820,27.8,2861,752,7922,10425,1585,367,486,5.1,"hosted xlsx, sheet Monthly Prices (updated 2 Sept 2026)"
worldbank_cmo_pink_sheet,1989M11,18.4,19.2,16.2,19.8,38,31,1.9,2.09,3.28,31,142,126,86,98.5,1736,27.8,2591,693,6837,9793,1438,394,510,5.5,"hosted xlsx, sheet Monthly Prices (updated 2 Sept 2026)"
worldbank_cmo_pink_sheet,1989M12,19.4,19.9,17.1,21.1,38,31,2.24,2.09,3.28,31,137.5,126,98,98.5,1633,27.8,2419,711,6744,8809,1455,409,507,5.6,"hosted xlsx, sheet Monthly Prices (updated 2 Sept 2026)"
worldbank_cmo_pink_sheet,1990M01,20.4,21,17.5,22.7,38,31,2.39,2.82,3.64,31,138.5,109.5,104.5,98.5,1528,32.5,2367,708,6592,7056,1297,410,498,5.2,"hosted xlsx, sheet Monthly Prices (updated 2 Sept 2026)"
worldbank_cmo_pink_sheet,1990M02,19.6,19.9,16.8,22.1,38,31,1.9,2.82,3.64,31,139.8,112,106.3,98.5,1454,32.5,2360,780,6156,6977,1397,417,516,5.3,"hosted xlsx, sheet Monthly Prices (updated 2 Sept 2026)"
worldbank_cmo_pink_sheet,1990M03,18.2,18.5,15.8,20.4,38,31,1.55,2.82,3.64,31,146,112,111,97.4,1567,32.5,2626,1062,6271,9267,1607,393,497,5.1,"hosted xlsx, sheet Monthly Prices (updated 2 Sept 2026)"
worldbank_cmo_pink_sheet,1990M04,16.6,16.8,14.3,18.6,38,31,1.49,2.82,3.64,31,155.2,127.5,111,93.2,1526,32.5,2686,836,6391,8940,1686,374,478,5.1,"hosted xlsx, sheet Monthly Prices (updated 2 Sept 2026)"
worldbank_cmo_pink_sheet,1990M05,16.6,16.7,14.6,18.5,40.5,32.5,1.47,2.82,3.64,31,149.1,127.5,107,93.5,1527,32.5,2742,826,6325,8698,1775,369,489,5.1,"hosted xlsx, sheet Monthly Prices (updated 2 Sept 2026)"
worldbank_cmo_pink_sheet,1990M06,15.3,15.7,13.3,16.9,40.5,34,1.47,2.82,3.64,31.5,152.8,130,107,93.5,1566,32.5,2585,838,6096,8422,1715,352,481,4.9,"hosted xlsx, sheet Monthly Prices (updated 2 Sept 2026)"
worldbank_cmo_pink_sheet,1990M07,17.2,17.6,15.3,18.7,40.5,34,1.41,2.82,3.64,31.5,160.7,131,107,93.5,1571,32.5,2769,875,5924,9318,1637,363,479,4.9,"hosted xlsx, sheet Monthly Prices (updated 2 Sept 2026)"
worldbank_cmo_pink_sheet,1990M08,26.4,27.1,25,27.2,40.5,34,1.36,2.82,3.64,31.5,160.5,135.6,114.9,93.5,1782,32.5,2957,876,5905,10957,1615,395,493,5,"hosted xlsx, sheet Monthly Prices (updated 2 Sept 2026)"
worldbank_cmo_pink_sheet,1990M09,32.7,34.1,30.3,33.7,40.5,34,1.44,2.82,3.64,31.5,165.9,144.3,90.6,93.5,2067,32.5,3031,839,5707,10844,1538,389,462,4.8,"hosted xlsx, sheet Monthly Prices (updated 2 Sept 2026)"
worldbank_cmo_pink_sheet,1990M10,34.5,36.1,31.6,35.9,40.5,34,1.69,2.82,3.64,31.5,165.7,149.5,136.5,93.5,1946,32.5,2744,761,6061,9145,1353,381,425,4.4,"hosted xlsx, sheet Monthly Prices (updated 2 Sept 2026)"
worldbank_cmo_pink_sheet,1990M11,31.1,33,28,32.3,40.5,34,2.1,2.82,3.64,31.5,163.4,152.5,144.5,93.5,1618,32.5,2586,701,5981,8587,1278,382,422,4.2,"hosted xlsx, sheet Monthly Prices (updated 2 Sept 2026)"
worldbank_cmo_pink_sheet,1990M12,26.1,28,23.3,27.2,40.5,34,2.11,2.82,3.64,31.5,158.6,150.5,147.5,93.5,1522,32.5,2485,625,5615,8158,1265,377,420,4.1,"hosted xlsx, sheet Monthly Prices (updated 2 Sept 2026)"
worldbank_cmo_pink_sheet,1991M01,22.6,23.7,19.4,24.7,40.5,34,1.67,3.44,3.99,31.5,157.4,152.5,151,93.5,1515,34.8,2449,600,5623,8569,1206,384,408,4.1,"hosted xlsx, sheet Monthly Prices (updated 2 Sept 2026)"
worldbank_cmo_pink_sheet,1991M02,18.1,19.4,14.5,20.6,40.5,34,1.36,3.41,3.99,31.5,160.6,152.5,151,95.6,1505,34.8,2449,594,5584,8672,1188,364,387,3.7,"hosted xlsx, sheet Monthly Prices (updated 2 Sept 2026)"
worldbank_cmo_pink_sheet,1991M03,18.1,19.5,14.9,19.9,39.5,31,1.34,3.33,3.99,31.5,163.6,147.5,145,95.6,1496,34.8,2410,603,5517,8701,1199,363,400,3.9,"hosted xlsx, sheet Monthly Prices (updated 2 Sept 2026)"
worldbank_cmo_pink_sheet,1991M04,18.5,19.3,15.4,20.8,39.5,31,1.33,3.47,3.99,31.5,166,143.3,143.5,108,1392,34.8,2472,601,5560,9021,1253,358,397,4,"hosted xlsx, sheet Monthly Prices (updated 2 Sept 2026)"
worldbank_cmo_pink_sheet,1991M05,18.8,19.3,15.9,21.3,39.5,31,1.31,3.37,3.99,31.5,165.3,130.6,138.5,112,1296,34.8,2306,555,5702,8452,1091,357,390,4,"hosted xlsx, sheet Monthly Prices (updated 2 Sept 2026)"
worldbank_cmo_pink_sheet,1991M06,17.9,18.2,15.4,20.2,39.5,31,1.2,3.29,3.99,31.5,159.3,129.5,135.5,112,1275,34.8,2219,549,5711,8280,1062,367,376,4.4,"hosted xlsx, sheet Monthly Prices (updated 2 Sept 2026)"
worldbank_cmo_pink_sheet,1991M07,19.1,19.5,16.3,21.5,39.5,31,1.19,3,3.99,31.5,163.5,131,132.5,110.4,1297,34.8,2236,548,5670,8541,1063,368,376,4.3,"hosted xlsx, sheet Monthly Prices (updated 2 Sept 2026)"
worldbank_cmo_pink_sheet,1991M08,19.4,19.8,16.7,21.7,39.5,31,1.31,2.98,3.99,31.5,161.9,127,132.5,110,1256,34.8,2233,540,5639,8145,1046,356,346,4,"hosted xlsx, sheet Monthly Prices (updated 2 Sept 2026)"
worldbank_cmo_pink_sheet,1991M09,20.1,20.5,17.8,21.9,39.5,31,1.63,2.97,3.99,31.5,159.5,122.5,132.5,110,1212,34.8,2325,540,5570,7681,1023,349,349,4,"hosted xlsx, sheet Monthly Prices (updated 2 Sept 2026)"
worldbank_cmo_pink_sheet,1991M10,21.5,22.2,19,23.3,39.5,31,1.77,2.71,3.99,31.5,155,121.1,132.5,110,1150,34.8,2364,522,5550,7443,992,359,362,4.1,"hosted xlsx, sheet Monthly Prices (updated 2 Sept 2026)"
worldbank_cmo_pink_sheet,1991M11,20.8,21.3,18.5,22.6,39.5,31,1.81,2.7,3.99,31.5,143.5,120,134.4,110,1135,34.8,2380,506,5506,7245,1093,360,365,4.1,"hosted xlsx, sheet Monthly Prices (updated 2 Sept 2026)"
worldbank_cmo_pink_sheet,1991M12,17.8,18.4,15.3,19.6,39.5,31,1.92,2.7,3.99,31.5,143.5,120,131.9,110,1098,34.8,2223,532,5510,7118,1188,362,353,3.9,"hosted xlsx, sheet Monthly Prices (updated 2 Sept 2026)"
worldbank_cmo_pink_sheet,1992M01,17.4,18.2,15.2,18.8,39.5,31,1.28,2.57,3.6,31.5,145.3,120,122.5,110,1177,33.1,2139,515,5477,7517,1154,354,341,4.1,"hosted xlsx, sheet Monthly Prices (updated 2 Sept 2026)"
worldbank_cmo_pink_sheet,1992M02,17.6,18.1,15.8,19,39.5,31,1.21,2.5,3.51,31.5,147.9,120,120.6,110,1267,33.1,2206,505,5616,7862,1131,354,362,4.1,"hosted xlsx, sheet Monthly Prices (updated 2 Sept 2026)"
worldbank_cmo_pink_sheet,1992M03,17.5,17.6,15.8,19,39.5,31,1.28,2.58,3.59,31.5,144.8,120,120,110,1280,33.1,2227,521,5632,7418,1215,344,357,4.1,"hosted xlsx, sheet Monthly Prices (updated 2 Sept 2026)"
worldbank_cmo_pink_sheet,1992M04,18.6,19,16.7,20.3,39.5,31,1.47,2.47,3.53,31.5,142.8,120.2,120,110,1317,33.1,2215,533,5839,7421,1304,339,347,4.1,"hosted xlsx, sheet Monthly Prices (updated 2 Sept 2026)"
worldbank_cmo_pink_sheet,1992M05,19.5,19.9,17.6,21,39.5,31,1.59,2.49,3.47,31.5,140.5,120.5,120,110,1307,33.1,2217,520,6121,7327,1373,337,359,4.1,"hosted xlsx, sheet Monthly Prices (updated 2 Sept 2026)"
worldbank_cmo_pink_sheet,1992M06,20.8,21.2,19,22.4,39.5,29,1.56,2.5,3.49,31.5,143.5,120.5,120,110,1276,33.1,2299,548,6619,7193,1385,341,369,4.1,"hosted xlsx, sheet Monthly Prices (updated 2 Sept 2026)"
worldbank_cmo_pink_sheet,1992M07,20.2,20.3,18.5,21.8,39.5,27,1.75,2.55,3.61,31.5,146,120.5,120,110,1313,33.1,2520,626,6989,7498,1320,353,383,4,"hosted xlsx, sheet Monthly Prices (updated 2 Sept 2026)"
worldbank_cmo_pink_sheet,1992M08,19.6,19.8,17.8,21.3,39.5,27,1.97,2.56,3.65,31.5,131.4,120.8,120,113.6,1305,33.1,2522,655,6780,7268,1360,343,360,3.8,"hosted xlsx, sheet Monthly Prices (updated 2 Sept 2026)"
worldbank_cmo_pink_sheet,1992M09,20.2,20.3,18.3,21.9,39.5,27,2.33,2.57,3.63,31.5,131.3,121.5,120,114.5,1270,33.1,2414,621,6643,6918,1367,345,362,3.8,"hosted xlsx, sheet Monthly Prices (updated 2 Sept 2026)"
worldbank_cmo_pink_sheet,1992M10,20.1,20.3,18.3,21.7,37.3,27,2.42,2.63,3.7,31.5,130.1,121.5,116.9,114.5,1174,33.1,2249,537,6017,6305,1164,344,358,3.8,"hosted xlsx, sheet Monthly Prices (updated 2 Sept 2026)"
worldbank_cmo_pink_sheet,1992M11,18.9,19.2,17.1,20.4,35,27,2.24,2.64,3.65,31.5,126.4,121.5,107.5,114.5,1159,33.1,2158,460,5723,5565,1047,335,356,3.8,"hosted xlsx, sheet Monthly Prices (updated 2 Sept 2026)"
worldbank_cmo_pink_sheet,1992M12,17.9,18.2,16.3,19.4,35,27,2.16,2.64,3.71,31.5,124.6,121.9,103.8,114,1207,33.1,2207,455,5756,5724,1058,335,362,3.7,"hosted xlsx, sheet Monthly Prices (updated 2 Sept 2026)"
worldbank_cmo_pink_sheet,1993M01,17.2,17.4,15.2,19.1,35,27,1.88,2.76,3.64,31.5,123.8,121.9,102.5,113,1207,29.1,2257,437,5901,5931,1061,329,359,3.7,"hosted xlsx, sheet Monthly Prices (updated 2 Sept 2026)"
worldbank_cmo_pink_sheet,1993M02,18.2,18.5,16,20.1,31,27,1.69,2.74,3.61,31.5,120.3,121.5,102.5,112.5,1202,29.1,2213,414,5791,6039,1072,329,359,3.7,"hosted xlsx, sheet Monthly Prices (updated 2 Sept 2026)"
worldbank_cmo_pink_sheet,1993M03,18.5,18.8,16.3,20.4,31,27,2.18,2.75,3.59,31.5,115.1,111,86.2,112.5,1151,29.1,2153,406,5659,5971,996,330,350,3.6,"hosted xlsx, sheet Monthly Prices (updated 2 Sept 2026)"
worldbank_cmo_pink_sheet,1993M04,18.4,18.7,16.4,20.3,31,27,2.35,2.68,3.62,31.5,112.8,109.6,81,112.5,1109,29.1,1950,421,5591,5972,1005,342,368,4,"hosted xlsx, sheet Monthly Prices (updated 2 Sept 2026)"
worldbank_cmo_pink_sheet,1993M05,18.2,18.5,16,20,31,27,2.17,2.68,3.57,31.5,115.1,107.5,81,112.5,1124,29.1,1795,407,5504,5763,980,367,385,4.5,"hosted xlsx, sheet Monthly Prices (updated 2 Sept 2026)"
worldbank_cmo_pink_sheet,1993M06,17.5,17.7,15.6,19.2,31,27,1.97,2.68,3.54,31.5,113.9,105.5,81,112.5,1165,29.1,1853,394,5113,5532,926,372,383,4.4,"hosted xlsx, sheet Monthly Prices (updated 2 Sept 2026)"
worldbank_cmo_pink_sheet,1993M07,16.3,16.8,14.3,17.9,31,27,2.06,2.66,3.54,31.5,112.9,105.1,81,112.5,1202,29.1,1927,388,4973,5036,928,392,404,5,"hosted xlsx, sheet Monthly Prices (updated 2 Sept 2026)"
worldbank_cmo_pink_sheet,1993M08,16.5,16.7,14.8,18,31,27,2.26,2.65,3.49,31.5,113.1,107.5,81,112.5,1172,29.1,1947,388,4809,4722,884,379,392,4.8,"hosted xlsx, sheet Monthly Prices (updated 2 Sept 2026)"
worldbank_cmo_pink_sheet,1993M09,15.9,16,14.2,17.5,31,27,2.27,2.62,3.48,31.5,116.9,107.5,81,112.5,1115,29.1,1862,376,4494,4353,874,355,362,4.2,"hosted xlsx, sheet Monthly Prices (updated 2 Sept 2026)"
worldbank_cmo_pink_sheet,1993M10,16.5,16.6,14.8,18.2,31,27,2.02,2.62,3.39,31.5,129.5,111.3,81,112.5,1087,29.1,1646,384,4681,4449,915,364,368,4.3,"hosted xlsx, sheet Monthly Prices (updated 2 Sept 2026)"
worldbank_cmo_pink_sheet,1993M11,15.2,15.2,13.7,16.8,31,27,2.26,2.62,3.36,31.5,140.4,112.5,82.8,112.5,1040,29.1,1630,400,4641,4634,928,374,374,4.5,"hosted xlsx, sheet Monthly Prices (updated 2 Sept 2026)"
worldbank_cmo_pink_sheet,1993M12,13.8,13.6,12.2,15.6,31,26.5,2.34,2.6,3.25,31.5,150.4,122.5,85.5,112.5,1094,29.1,1724,461,4778,5119,974,383,383,5,"hosted xlsx, sheet Monthly Prices (updated 2 Sept 2026)"
worldbank_cmo_pink_sheet,1994M01,14.1,14.3,13.2,15,31,27,2.34,2.47,3.12,31.5,150,125,85.5,112.5,1175,26.5,1805,490,4943,5578,997,387,388,5.1,"hosted xlsx, sheet Monthly Prices (updated 2 Sept 2026)"
worldbank_cmo_pink_sheet,1994M02,13.8,13.8,12.8,14.8,31,27,2.71,2.36,3.19,31.5,151.8,125.6,85.5,112.5,1270,26.5,1866,485,5443,5825,969,382,394,5.2,"hosted xlsx, sheet Monthly Prices (updated 2 Sept 2026)"
worldbank_cmo_pink_sheet,1994M03,13.6,14,12.3,14.7,29.5,27,2.21,2.36,3.15,31.5,155.9,127.5,98.6,112.5,1289,26.5,1915,452,5405,5588,936,384,400,5.4,"hosted xlsx, sheet Monthly Prices (updated 2 Sept 2026)"
worldbank_cmo_pink_sheet,1994M04,15.1,15.2,13.8,16.3,29.5,27,2.04,2.36,3.07,31.5,162.3,130,103.5,112.5,1279,26.5,1882,440,5386,5408,924,377,398,5.4,"hosted xlsx, sheet Monthly Prices (updated 2 Sept 2026)"
worldbank_cmo_pink_sheet,1994M05,16.3,16.2,14.8,17.9,31.4,27,1.92,2.36,3.06,31.5,159.2,132.5,103.5,112.5,1323,26.5,2151,474,5504,6087,956,381,398,5.4,"hosted xlsx, sheet Monthly Prices (updated 2 Sept 2026)"
worldbank_cmo_pink_sheet,1994M06,17.2,16.8,15.7,19.1,33.6,28.5,1.9,2.36,3.1,31.5,157.6,132.5,103.5,112.5,1401,26.5,2364,525,5509,6282,966,386,401,5.4,"hosted xlsx, sheet Monthly Prices (updated 2 Sept 2026)"
worldbank_cmo_pink_sheet,1994M07,17.9,17.6,16.4,19.7,33.1,28.5,1.96,2.42,3.14,31.5,158.6,132.5,106.5,112.5,1492,26.5,2458,580,5311,6227,964,385,412,5.3,"hosted xlsx, sheet Monthly Prices (updated 2 Sept 2026)"
worldbank_cmo_pink_sheet,1994M08,17,16.8,15.9,18.4,33.1,28.5,1.66,2.46,3.24,31.5,161.1,132.5,88,112.5,1455,26.5,2406,571,5162,5860,945,380,412,5.2,"hosted xlsx, sheet Monthly Prices (updated 2 Sept 2026)"
worldbank_cmo_pink_sheet,1994M09,16.2,15.9,15.3,17.5,33.1,29,1.49,2.48,3.28,31.5,164,132.5,88,112.5,1569,26.5,2506,614,5321,6365,992,392,417,5.5,"hosted xlsx, sheet Monthly Prices (updated 2 Sept 2026)"
worldbank_cmo_pink_sheet,1994M10,16.5,16.4,15.4,17.7,33.1,30.8,1.51,2.56,3.26,31.5,167.1,136.6,88,112.5,1698,26.5,2548,642,5474,6748,1059,390,419,5.5,"hosted xlsx, sheet Monthly Prices (updated 2 Sept 2026)"
worldbank_cmo_pink_sheet,1994M11,17.1,17.2,16,18.1,33.1,30.5,1.58,2.57,3.26,33.5,165.9,139,88,112.5,1893,26.5,2802,667,6161,7556,1152,384,412,5.2,"hosted xlsx, sheet Monthly Prices (updated 2 Sept 2026)"
worldbank_cmo_pink_sheet,1994M12,15.9,16,14.7,17.2,36.1,32,1.72,2.56,3.29,33.5,171.7,139,88,112.5,1878,26.5,2985,634,5947,8556,1114,379,411,4.8,"hosted xlsx, sheet Monthly Prices (updated 2 Sept 2026)"
worldbank_cmo_pink_sheet,1995M01,16.9,16.6,16.1,18,37.1,34,1.51,2.66,3.36,33.5,188.2,142.4,159.6,112.5,2061,28.4,3009,667,6199,9593,1157,379,414,4.8,"hosted xlsx, sheet Monthly Prices (updated 2 Sept 2026)"
worldbank_cmo_pink_sheet,1995M02,17.4,17.1,16.6,18.5,37.6,34.5,1.58,2.66,3.4,31.5,198.6,147.5,177.5,112.5,1916,28.4,2878,580,5478,8505,1032,377,414,4.7,"hosted xlsx, sheet Monthly Prices (updated 2 Sept 2026)"
worldbank_cmo_pink_sheet,1995M03,17.3,17,16.5,18.5,38.4,34.8,1.54,2.65,3.46,31.5,205.6,147.5,191.3,112.5,1805,28.4,2924,586,5532,7532,1022,382,417,4.6,"hosted xlsx, sheet Monthly Prices (updated 2 Sept 2026)"
worldbank_cmo_pink_sheet,1995M04,18.6,18.7,17.4,19.9,37.1,35,1.62,2.71,3.45,31.5,204.5,147.5,205,112.5,1849,28.4,2904,609,5872,7398,1061,391,448,5.5,"hosted xlsx, sheet Monthly Prices (updated 2 Sept 2026)"
worldbank_cmo_pink_sheet,1995M05,18.4,18.4,17.3,19.6,38.8,35,1.64,2.71,3.53,31.5,197.8,147.5,159,112.5,1763,28.4,2773,597,5927,7232,1036,385,437,5.6,"hosted xlsx, sheet Monthly Prices (updated 2 Sept 2026)"
worldbank_cmo_pink_sheet,1995M06,17.4,17.4,16.2,18.5,40.8,34.9,1.62,2.73,3.56,31.5,185.6,147.5,90,112.5,1780,28.4,2995,612,6671,7872,1010,388,439,5.4,"hosted xlsx, sheet Monthly Prices (updated 2 Sept 2026)"
worldbank_cmo_pink_sheet,1995M07,16.1,15.9,15,17.4,41.1,36.2,1.44,2.8,3.48,33.5,180.8,147.5,90,112.5,1860,28.4,3076,622,6669,8597,1027,386,434,5.2,"hosted xlsx, sheet Monthly Prices (updated 2 Sept 2026)"
worldbank_cmo_pink_sheet,1995M08,16.5,16.1,15.4,18,40.9,35.7,1.56,2.8,3.46,33.5,185.3,147.5,90,112.5,1888,28.4,3037,624,6992,8945,1014,384,425,5.4,"hosted xlsx, sheet Monthly Prices (updated 2 Sept 2026)"
worldbank_cmo_pink_sheet,1995M09,16.8,16.8,15.7,18,40.9,35.9,1.64,2.78,3.46,33.5,192,147.5,90,112.5,1761,28.4,2916,593,6328,8405,986,383,430,5.4,"hosted xlsx, sheet Monthly Prices (updated 2 Sept 2026)"
worldbank_cmo_pink_sheet,1995M10,16.1,16.1,14.9,17.3,41,35.8,1.77,2.75,3.45,33.5,204.8,150,90,112.5,1674,28.4,2814,639,6221,8062,979,383,413,5.4,"hosted xlsx, sheet Monthly Prices (updated 2 Sept 2026)"
worldbank_cmo_pink_sheet,1995M11,16.7,16.9,15.6,17.8,39.6,36.1,2.04,2.75,3.41,33.5,224.9,160.7,90,112.5,1654,28.4,2977,714,6387,8506,1031,385,413,5.3,"hosted xlsx, sheet Monthly Prices (updated 2 Sept 2026)"
worldbank_cmo_pink_sheet,1995M12,17.9,18,16.8,18.8,39.4,35,2.71,2.73,3.37,33.5,229.2,162.5,90,112.5,1657,28.4,2926,732,6290,8091,1018,387,409,5.2,"hosted xlsx, sheet Monthly Prices (updated 2 Sept 2026)"
worldbank_cmo_pink_sheet,1996M01,17.8,17.9,16.6,18.9,39.4,34.8,2.93,2.75,3.43,33.5,226.3,162.5,90,112.5,1589,30,2616,710,6272,7862,1019,399,415,5.5,"hosted xlsx, sheet Monthly Prices (updated 2 Sept 2026)"
worldbank_cmo_pink_sheet,1996M02,17.7,18,16.1,19.1,39.3,34.3,4.4,2.77,3.48,33.5,225.9,169.1,90,112.5,1592,30,2538,770,6196,8216,1036,405,420,5.7,"hosted xlsx, sheet Monthly Prices (updated 2 Sept 2026)"
worldbank_cmo_pink_sheet,1996M03,19.4,20,17.1,21.2,39,32.9,2.95,2.67,3.47,33.5,221,173.5,90,112.5,1612,30,2561,818,6196,8022,1064,396,411,5.5,"hosted xlsx, sheet Monthly Prices (updated 2 Sept 2026)"
worldbank_cmo_pink_sheet,1996M04,20.7,21,17.8,23.2,39.3,33.7,2.23,3.1,3.56,33.5,210.8,173.5,160.4,112.5,1587,30,2596,815,6481,8043,1045,393,404,5.4,"hosted xlsx, sheet Monthly Prices (updated 2 Sept 2026)"
worldbank_cmo_pink_sheet,1996M05,19.1,19.1,17,21.1,38.2,33.3,2.24,2.81,3.6,33.5,186.1,173.5,169.5,112.5,1589,30,2658,840,6412,8027,1036,392,401,5.4,"hosted xlsx, sheet Monthly Prices (updated 2 Sept 2026)"
worldbank_cmo_pink_sheet,1996M06,18.5,18.3,17,20.3,38.2,32.4,2.49,2.81,3.6,33.5,182.1,174.6,172.1,112.5,1482,30,2173,797,6192,7709,1009,385,392,5.2,"hosted xlsx, sheet Monthly Prices (updated 2 Sept 2026)"
worldbank_cmo_pink_sheet,1996M07,19.6,19.6,17.8,21.4,38.4,32.1,2.48,2.78,3.61,32.9,188,175.6,184.5,112.5,1459,30,1986,784,6250,7204,1000,383,394,5.1,"hosted xlsx, sheet Monthly Prices (updated 2 Sept 2026)"
worldbank_cmo_pink_sheet,1996M08,20.4,20.6,18.8,22,38.4,32,2.03,2.79,3.68,32.5,189.9,178.6,187,112.5,1463,30,2009,816,6110,7054,1007,387,400,5.1,"hosted xlsx, sheet Monthly Prices (updated 2 Sept 2026)"
worldbank_cmo_pink_sheet,1996M09,22.3,22.6,20.3,23.9,38.1,33.4,1.84,2.79,3.68,32.5,186.7,181.5,181.4,112.5,1407,30,1941,796,6102,7318,1000,383,390,5,"hosted xlsx, sheet Monthly Prices (updated 2 Sept 2026)"
worldbank_cmo_pink_sheet,1996M10,23.6,24.2,21.7,24.9,37.6,34.3,2.37,2.94,3.79,32.5,183.8,182.5,172.3,112.5,1336,30,1961,742,5942,7031,1003,381,384,4.9,"hosted xlsx, sheet Monthly Prices (updated 2 Sept 2026)"
worldbank_cmo_pink_sheet,1996M11,22.4,22.6,20.9,23.7,35.7,34.1,3.03,2.96,4.03,32.5,188.3,182.5,172.6,112.5,1450,30,2231,717,5992,6943,1047,378,382,4.8,"hosted xlsx, sheet Monthly Prices (updated 2 Sept 2026)"
worldbank_cmo_pink_sheet,1996M12,23.6,23.9,21.7,25.3,35.4,35,3.82,2.96,4.08,32.5,188.5,182.5,174.5,112.5,1500,30,2268,689,5836,6581,1036,369,371,4.8,"hosted xlsx, sheet Monthly Prices (updated 2 Sept 2026)"
worldbank_cmo_pink_sheet,1997M01,23.2,23.5,21.3,24.9,35.2,34.6,3.31,2.89,4.13,32.5,188,181.9,173.5,112.5,1576,30.2,2435,692,5878,7072,1087,355,360,4.8,"hosted xlsx, sheet Monthly Prices (updated 2 Sept 2026)"
worldbank_cmo_pink_sheet,1997M02,20.4,20.8,18.6,21.8,34.6,33.8,2.22,2.89,4.22,32.5,187.4,181,160.4,112.5,1580,30.2,2406,660,5883,7735,1179,347,365,5.1,"hosted xlsx, sheet Monthly Prices (updated 2 Sept 2026)"
worldbank_cmo_pink_sheet,1997M03,19.3,19.2,18.1,20.7,34.5,33.4,1.89,2.83,4.25,32.5,187.4,181,148,112.5,1632,30.2,2421,695,5909,7896,1255,352,379,5.2,"hosted xlsx, sheet Monthly Prices (updated 2 Sept 2026)"
worldbank_cmo_pink_sheet,1997M04,17.9,17.5,16.8,19.4,35.4,33,2.03,2.77,4.07,32.5,188.5,177.6,135,112.5,1561,30.2,2391,643,5713,7316,1240,344,371,4.8,"hosted xlsx, sheet Monthly Prices (updated 2 Sept 2026)"
worldbank_cmo_pink_sheet,1997M05,19.4,19.1,18.5,20.5,35.7,32.5,2.24,2.74,4.03,32.5,188.5,170,113.1,112.5,1625,30.2,2514,619,5711,7483,1311,344,388,4.7,"hosted xlsx, sheet Monthly Prices (updated 2 Sept 2026)"
worldbank_cmo_pink_sheet,1997M06,17.9,17.6,17.3,18.9,34.5,32.3,2.2,2.76,4.03,32.5,187,170,108.5,112.5,1568,30.2,2613,615,5566,7062,1354,341,431,4.8,"hosted xlsx, sheet Monthly Prices (updated 2 Sept 2026)"
worldbank_cmo_pink_sheet,1997M07,18.3,18.4,17.3,19.3,35,31.3,2.19,2.67,3.89,32.5,186.9,168.2,112.5,112.5,1592,30.2,2450,634,5443,6836,1518,324,416,4.4,"hosted xlsx, sheet Monthly Prices (updated 2 Sept 2026)"
worldbank_cmo_pink_sheet,1997M08,18.7,18.7,17.8,19.6,36.9,31,2.47,2.67,3.69,32.5,186.6,163.5,102.5,112.5,1711,30.2,2251,608,5428,6761,1654,324,425,4.5,"hosted xlsx, sheet Monthly Prices (updated 2 Sept 2026)"
worldbank_cmo_pink_sheet,1997M09,18.7,18.5,18,19.6,37.2,29.9,2.84,2.7,3.69,32.5,186.6,163.5,88.3,112.5,1611,30.2,2107,634,5496,6504,1641,323,425,4.7,"hosted xlsx, sheet Monthly Prices (updated 2 Sept 2026)"
worldbank_cmo_pink_sheet,1997M10,20,19.9,19.1,21.2,37.2,29,3.04,2.63,3.62,32.5,186,164.3,87.5,112.5,1608,30.2,2052,600,5561,6380,1280,325,423,5,"hosted xlsx, sheet Monthly Prices (updated 2 Sept 2026)"
worldbank_cmo_pink_sheet,1997M11,19.1,19,18.4,19.9,33.6,27.7,3.02,2.66,3.68,32.5,185.5,169.4,90.6,112.5,1599,30.2,1917,563,5658,6140,1173,306,392,5.1,"hosted xlsx, sheet Monthly Prices (updated 2 Sept 2026)"
worldbank_cmo_pink_sheet,1997M12,17.1,17,16.2,18.1,31.4,27.8,2.33,2.65,3.6,32.5,185.5,172.5,90,112.5,1531,30.2,1762,527,5514,5945,1102,289,365,5.8,"hosted xlsx, sheet Monthly Prices (updated 2 Sept 2026)"
worldbank_cmo_pink_sheet,1998M01,15,15.1,13.4,16.5,31.4,27.5,2.1,2.65,3.54,32.5,184,172.5,86.3,112.5,1486,31,1688,532,5206,5492,1097,289,374,5.9,"hosted xlsx, sheet Monthly Prices (updated 2 Sept 2026)"
worldbank_cmo_pink_sheet,1998M02,14.1,14.1,12.4,15.8,33.4,26.8,2.22,2.63,3.43,32.5,183.5,172.5,77.5,112.5,1466,31,1665,516,5243,5387,1044,297,386,6.8,"hosted xlsx, sheet Monthly Prices (updated 2 Sept 2026)"
worldbank_cmo_pink_sheet,1998M03,13.1,13.1,11.5,14.8,31.9,26.7,2.23,2.61,3.44,32.5,183.5,172.5,84.5,112.5,1438,31,1748,560,5477,5396,1048,296,399,6.2,"hosted xlsx, sheet Monthly Prices (updated 2 Sept 2026)"
worldbank_cmo_pink_sheet,1998M04,13.5,13.4,11.8,15.3,31.2,27.4,2.42,2.54,3.19,32.5,185,173.7,100,112.5,1418,31,1801,573,5715,5394,1097,308,414,6.3,"hosted xlsx, sheet Monthly Prices (updated 2 Sept 2026)"
worldbank_cmo_pink_sheet,1998M05,14,14.4,12.8,14.9,30.3,27.6,2.14,2.51,3,32.5,186.5,176.3,95,112.5,1365,31,1733,544,5875,5020,1061,299,389,5.6,"hosted xlsx, sheet Monthly Prices (updated 2 Sept 2026)"
worldbank_cmo_pink_sheet,1998M06,12.5,12.1,11.7,13.7,30,27.3,2.17,2.5,3,32.5,189.2,177.5,88.4,112.5,1307,31,1661,528,5970,4476,1010,292,355,5.3,"hosted xlsx, sheet Monthly Prices (updated 2 Sept 2026)"
worldbank_cmo_pink_sheet,1998M07,12.7,12,12,14.1,30,26.6,2.17,2.4,2.84,32.5,190.5,177.5,86,112.5,1309,31,1651,546,5654,4325,1040,293,378,5.5,"hosted xlsx, sheet Monthly Prices (updated 2 Sept 2026)"
worldbank_cmo_pink_sheet,1998M08,12.5,11.9,12.2,13.4,26.2,26.3,1.85,2.37,2.79,32.5,190.5,175,85.5,112.5,1311,31,1621,537,5692,4081,1030,284,369,5.2,"hosted xlsx, sheet Monthly Prices (updated 2 Sept 2026)"
worldbank_cmo_pink_sheet,1998M09,13.8,13.4,13.1,15,27.1,26.4,2.01,2.33,2.74,32.5,190.5,172.5,83.6,112.5,1342,31,1648,520,5486,4102,1000,289,361,5,"hosted xlsx, sheet Monthly Prices (updated 2 Sept 2026)"
worldbank_cmo_pink_sheet,1998M10,13.3,12.6,12.8,14.4,27.1,26.1,1.89,2.17,2.76,32.5,189.6,171.6,75.6,112.5,1304,31,1586,493,5432,3872,941,296,343,5,"hosted xlsx, sheet Monthly Prices (updated 2 Sept 2026)"
worldbank_cmo_pink_sheet,1998M11,11.9,10.9,11.8,13,26.1,26.7,2.1,2.15,2.78,32.5,186.7,167.5,70.7,112.5,1295,31,1574,494,5478,4132,967,294,347,5,"hosted xlsx, sheet Monthly Prices (updated 2 Sept 2026)"
worldbank_cmo_pink_sheet,1998M12,10.4,9.8,10.1,11.3,26.1,26.7,1.74,2.13,2.72,32.5,182.8,167.5,65.5,112.5,1249,31,1474,501,5258,3878,959,292,352,4.9,"hosted xlsx, sheet Monthly Prices (updated 2 Sept 2026)"
worldbank_cmo_pink_sheet,1999M01,11.4,11.1,10.8,12.5,26.1,26.5,1.86,2.02,2.77,32.5,181.8,166.4,64.5,112.5,1218,27.6,1431,492,5110,4269,933,287,355,5.1,"hosted xlsx, sheet Monthly Prices (updated 2 Sept 2026)"
worldbank_cmo_pink_sheet,1999M02,10.8,10.2,10.1,12,26.1,26.4,1.77,2.01,2.78,41.1,181.6,163,64,112.5,1187,27.6,1411,514,5269,4626,1017,287,364,5.5,"hosted xlsx, sheet Monthly Prices (updated 2 Sept 2026)"
worldbank_cmo_pink_sheet,1999M03,13.2,12.5,12.4,14.7,26.1,25.1,1.79,1.95,2.78,44,181.8,163,75.5,112.5,1182,27.6,1378,508,5360,5011,1030,286,370,5.2,"hosted xlsx, sheet Monthly Prices (updated 2 Sept 2026)"
worldbank_cmo_pink_sheet,1999M04,15.9,15.3,15,17.3,26.1,25.1,2.15,1.87,2.76,44,180.5,163,64.5,112.5,1278,27.6,1466,519,5393,5103,1019,283,357,5.1,"hosted xlsx, sheet Monthly Prices (updated 2 Sept 2026)"
worldbank_cmo_pink_sheet,1999M05,16.1,15.1,15.3,17.8,26.1,25.1,2.25,1.89,2.88,44,180.5,163,64.9,112.5,1323,27.6,1511,542,5649,5399,1040,276,356,5.3,"hosted xlsx, sheet Monthly Prices (updated 2 Sept 2026)"
worldbank_cmo_pink_sheet,1999M06,16.4,15.8,15.5,17.9,26.1,25.3,2.3,1.91,2.93,44,180.5,161.8,63.8,112.5,1315,27.6,1422,496,5266,5195,1001,261,357,5,"hosted xlsx, sheet Monthly Prices (updated 2 Sept 2026)"
worldbank_cmo_pink_sheet,1999M07,19,19,17.9,20.1,26.1,23.8,2.31,2,2.99,44,177,153.9,62.8,112.5,1404,27.6,1640,496,5230,5700,1072,256,349,5.2,"hosted xlsx, sheet Monthly Prices (updated 2 Sept 2026)"
worldbank_cmo_pink_sheet,1999M08,20.3,20.2,19.3,21.3,26.1,23.1,2.79,2.08,3.17,44,172.4,151.3,65.7,112.5,1431,27.6,1648,503,5230,6449,1131,257,350,5.3,"hosted xlsx, sheet Monthly Prices (updated 2 Sept 2026)"
worldbank_cmo_pink_sheet,1999M09,22.7,22.4,21.8,23.9,26.1,22.5,2.54,2.2,3.35,44,164.4,147.5,67.5,112.5,1492,27.6,1750,507,5343,7028,1194,265,371,5.2,"hosted xlsx, sheet Monthly Prices (updated 2 Sept 2026)"
worldbank_cmo_pink_sheet,1999M10,22,22,21.3,22.6,25.6,22.5,2.72,2.47,3.57,44,157,145.1,65.4,112.5,1474,27.6,1724,497,5431,7321,1149,311,421,5.4,"hosted xlsx, sheet Monthly Prices (updated 2 Sept 2026)"
worldbank_cmo_pink_sheet,1999M11,24.2,24.6,23.1,24.9,25.1,23.5,2.36,2.51,3.73,44,148.3,138,66,112.5,1473,27.6,1728,478,5842,7950,1147,293,434,5.2,"hosted xlsx, sheet Monthly Prices (updated 2 Sept 2026)"
worldbank_cmo_pink_sheet,1999M12,25.1,25.6,23.6,26.1,25.1,22.6,2.36,2.66,3.94,44,147.5,138,66.8,112.5,1554,27.6,1765,479,5721,8083,1184,283,439,5.2,"hosted xlsx, sheet Monthly Prices (updated 2 Sept 2026)"
worldbank_cmo_pink_sheet,2000M01,25.3,25.4,23.3,27.3,25.1,22.8,2.42,3.36,4.15,44,147.2,138,77.4,112.5,1680,28.8,1844,472,5928,8310,1179,284,441,5.2,"hosted xlsx, sheet Monthly Prices (updated 2 Sept 2026)"
worldbank_cmo_pink_sheet,2000M02,27.2,27.7,24.7,29.3,25.1,23.6,2.65,3.46,4.21,44,144.5,138,90.1,112.5,1670,28.8,1801,452,5642,9653,1095,300,520,5.2,"hosted xlsx, sheet Monthly Prices (updated 2 Sept 2026)"
worldbank_cmo_pink_sheet,2000M03,27.5,27.5,25.1,29.9,25.1,24.4,2.79,3.51,4.46,44,143,138,88.8,112.5,1577,28.8,1739,441,5458,10280,1116,286,479,5.1,"hosted xlsx, sheet Monthly Prices (updated 2 Sept 2026)"
worldbank_cmo_pink_sheet,2000M04,23.5,22.5,22,25.8,25.1,24.9,3.03,3.68,4.64,44,143,138,83.3,112.5,1457,28.8,1679,421,5384,9728,1128,280,498,5.1,"hosted xlsx, sheet Monthly Prices (updated 2 Sept 2026)"
worldbank_cmo_pink_sheet,2000M05,27.2,27.3,25.4,28.8,25.6,26.1,3.58,3.55,4.53,44,143,138,91,112.5,1467,28.8,1786,412,5451,10130,1157,275,526,5,"hosted xlsx, sheet Monthly Prices (updated 2 Sept 2026)"
worldbank_cmo_pink_sheet,2000M06,29.6,29.7,27.3,31.9,25.6,27,4.28,3.6,4.74,44,142,138,105.1,112.5,1506,28.8,1753,420,5457,8411,1118,286,560,5,"hosted xlsx, sheet Monthly Prices (updated 2 Sept 2026)"
worldbank_cmo_pink_sheet,2000M07,28.2,28.5,26,30,25.6,27,3.96,3.96,4.86,44,140.3,140.3,121.7,112.5,1564,28.8,1799,452,5344,8164,1136,282,560,5,"hosted xlsx, sheet Monthly Prices (updated 2 Sept 2026)"
worldbank_cmo_pink_sheet,2000M08,29.3,29.4,27.1,31.3,25.6,27,4.41,4.01,4.84,44,148.6,142.5,133.4,112.5,1528,28.8,1856,473,5305,8007,1170,274,578,4.9,"hosted xlsx, sheet Monthly Prices (updated 2 Sept 2026)"
worldbank_cmo_pink_sheet,2000M09,32.1,32.6,29.7,33.9,27.2,27,5.06,4.03,4.9,44,157.5,142.5,113.9,112.5,1601,28.8,1960,487,5474,8638,1224,274,592,4.9,"hosted xlsx, sheet Monthly Prices (updated 2 Sept 2026)"
worldbank_cmo_pink_sheet,2000M10,31.4,30.9,30.2,33,27.2,28.2,5.02,4.31,5.04,44,155.9,141.3,111.1,112.5,1500,28.8,1899,486,5282,7678,1096,270,580,4.8,"hosted xlsx, sheet Monthly Prices (updated 2 Sept 2026)"
worldbank_cmo_pink_sheet,2000M11,32.3,32.5,30.1,34.4,27.2,26.2,5.55,4.39,5.13,44,153.5,129,99.4,112.5,1474,28.8,1795,468,5270,7340,1059,266,593,4.7,"hosted xlsx, sheet Monthly Prices (updated 2 Sept 2026)"
worldbank_cmo_pink_sheet,2000M12,25.2,25.1,22.1,28.4,30.8,34.7,8.95,4.44,5.05,44,153.5,129,96,112.5,1565,28.8,1851,462,5234,7314,1060,271,610,4.6,"hosted xlsx, sheet Monthly Prices (updated 2 Sept 2026)"
worldbank_cmo_pink_sheet,2001M01,26,25.6,22.7,29.6,32.1,35,8.17,4.65,4.88,44,154.5,129,121,112.5,1616,30,1788,478,5171,6995,1033,265,620,4.7,"hosted xlsx, sheet Monthly Prices (updated 2 Sept 2026)"
worldbank_cmo_pink_sheet,2001M02,27.2,27.4,24.7,29.6,32.1,34.4,5.63,4.59,4.8,44,159,129,105.3,112.5,1604,30,1766,502,5122,6524,1021,262,601,4.6,"hosted xlsx, sheet Monthly Prices (updated 2 Sept 2026)"
worldbank_cmo_pink_sheet,2001M03,25,24.4,23.4,27.2,32.6,35.5,5.16,4.57,4.87,44,159.1,129,98.9,112.5,1509,30,1739,498,5046,6134,1005,263,584,4.4,"hosted xlsx, sheet Monthly Prices (updated 2 Sept 2026)"
worldbank_cmo_pink_sheet,2001M04,25.7,25.6,24.1,27.4,33.5,35.5,5.17,4.48,4.73,44,151.3,129,95.3,112.5,1497,30,1664,478,4949,6330,969,260,595,4.4,"hosted xlsx, sheet Monthly Prices (updated 2 Sept 2026)"
worldbank_cmo_pink_sheet,2001M05,27.5,28.5,25.6,28.6,33.8,34.8,4.21,4.36,4.66,44,142,125.5,85,112.5,1539,30,1682,467,4945,7061,938,272,611,4.4,"hosted xlsx, sheet Monthly Prices (updated 2 Sept 2026)"
worldbank_cmo_pink_sheet,2001M06,27,27.7,25.6,27.6,33.9,34.8,3.71,4.33,4.69,44,133.1,122.5,87.5,112.5,1466,30,1608,444,4828,6641,895,270,580,4.4,"hosted xlsx, sheet Monthly Prices (updated 2 Sept 2026)"
worldbank_cmo_pink_sheet,2001M07,24.8,24.5,23.4,26.4,34,34.4,3.1,3.75,4.66,44,135,123.8,87.5,112.5,1416,30,1525,462,4351,5937,852,268,531,4.3,"hosted xlsx, sheet Monthly Prices (updated 2 Sept 2026)"
worldbank_cmo_pink_sheet,2001M08,25.8,25.7,24.3,27.4,33.8,34.2,2.95,3.79,4.54,44,135,125,88.8,112.5,1377,30,1464,483,3896,5521,828,272,452,4.2,"hosted xlsx, sheet Monthly Prices (updated 2 Sept 2026)"
worldbank_cmo_pink_sheet,2001M09,25.2,25.5,24,26.1,32.8,33.1,2.15,3.79,4.54,44,135,124.4,94.5,112.5,1345,30,1426,465,3695,5027,799,283,458,4.4,"hosted xlsx, sheet Monthly Prices (updated 2 Sept 2026)"
worldbank_cmo_pink_sheet,2001M10,20.7,20.5,19.5,22.2,32.4,33,2.45,3.52,4.59,44,135.9,124.4,96.1,112.5,1283,30,1377,468,3751,4825,762,283,431,4.4,"hosted xlsx, sheet Monthly Prices (updated 2 Sept 2026)"
worldbank_cmo_pink_sheet,2001M11,18.7,18.9,17.5,19.6,29.4,31.5,2.36,3.46,4.38,44,140.5,130,96.5,112.5,1327,30,1428,487,4042,5078,773,276,430,4.1,"hosted xlsx, sheet Monthly Prices (updated 2 Sept 2026)"
worldbank_cmo_pink_sheet,2001M12,18.5,18.6,17.6,19.3,27.4,30.5,2.41,3.4,4.27,44,141.7,131,101.2,112.5,1345,30,1472,483,4019,5264,755,276,462,4.4,"hosted xlsx, sheet Monthly Prices (updated 2 Sept 2026)"
worldbank_cmo_pink_sheet,2002M01,19.2,19.5,18.3,19.7,27.4,29.7,2.25,3.06,4.21,44,146,131,104.1,112.5,1369,29.3,1504,513,3862,6043,793,282,472,4.5,"hosted xlsx, sheet Monthly Prices (updated 2 Sept 2026)"
worldbank_cmo_pink_sheet,2002M02,20,20.3,18.9,20.7,28.1,29,2.31,3.03,4.12,44,150.3,138,99.6,112.5,1369,29.3,1562,480,3731,6029,771,296,471,4.4,"hosted xlsx, sheet Monthly Prices (updated 2 Sept 2026)"
worldbank_cmo_pink_sheet,2002M03,23.6,23.7,22.9,24.4,27.8,28.4,3.03,2.97,3.99,44,149.8,138,90.3,112.5,1405,29.3,1605,480,3843,6538,819,294,512,4.5,"hosted xlsx, sheet Monthly Prices (updated 2 Sept 2026)"
worldbank_cmo_pink_sheet,2002M04,25.4,25.7,24.4,26.2,27.1,26.8,3.42,2.81,3.96,44,147.8,132,84.7,112.5,1370,29.3,1590,472,4024,6958,808,303,539,4.6,"hosted xlsx, sheet Monthly Prices (updated 2 Sept 2026)"
worldbank_cmo_pink_sheet,2002M05,25.7,25.4,24.6,27,26.9,25.8,3.49,2.83,4.01,44,143.9,136.1,85.5,112.5,1343,29.3,1596,452,4150,6761,770,314,534,4.7,"hosted xlsx, sheet Monthly Prices (updated 2 Sept 2026)"
worldbank_cmo_pink_sheet,2002M06,24.5,24.1,23.8,25.5,24.9,24.4,3.22,2.9,4.06,44,149.5,128.9,92.8,112.5,1354,29.3,1648,440,4286,7120,767,321,555,4.9,"hosted xlsx, sheet Monthly Prices (updated 2 Sept 2026)"
worldbank_cmo_pink_sheet,2002M07,25.8,25.8,24.6,26.9,23.2,22.7,2.98,2.95,4.56,44,160.5,127.4,94.2,112.5,1338,29.3,1589,446,4331,7143,795,313,526,4.9,"hosted xlsx, sheet Monthly Prices (updated 2 Sept 2026)"
worldbank_cmo_pink_sheet,2002M08,26.8,26.6,25.3,28.4,22.3,21.3,3.09,3.01,4.35,44,162.5,133.3,105,112.5,1292,29.3,1480,423,3834,6717,748,310,545,4.5,"hosted xlsx, sheet Monthly Prices (updated 2 Sept 2026)"
worldbank_cmo_pink_sheet,2002M09,28.3,28.3,26.8,29.7,22.7,23.1,3.57,3.08,4.46,44,160.9,135.5,93,112.5,1301,29.3,1479,421,3957,6640,756,319,556,4.6,"hosted xlsx, sheet Monthly Prices (updated 2 Sept 2026)"
worldbank_cmo_pink_sheet,2002M10,27.5,27.5,26.2,28.9,24.5,27.4,4.12,3.28,4.54,44,156.3,133.1,92.3,112.5,1311,29.3,1484,418,4242,6804,755,317,580,4.4,"hosted xlsx, sheet Monthly Prices (updated 2 Sept 2026)"
worldbank_cmo_pink_sheet,2002M11,24.5,24.2,23.2,26.3,24.5,27,4.04,3.34,4.56,44,151.5,132,92.3,112.5,1372,29.3,1582,442,4230,7314,765,319,588,4.5,"hosted xlsx, sheet Monthly Prices (updated 2 Sept 2026)"
worldbank_cmo_pink_sheet,2002M12,27.9,28.5,25.7,29.4,24.5,26.9,4.74,3.36,4.56,44,147.5,131.5,99.4,112.5,1375,29.3,1596,444,4237,7193,798,332,595,4.6,"hosted xlsx, sheet Monthly Prices (updated 2 Sept 2026)"
worldbank_cmo_pink_sheet,2003M01,30.8,31.2,28.1,32.9,24.9,27.5,5.41,3.61,4.69,44,149.8,128.6,112,112.5,1378,32,1648,445,4436,8026,781,357,628,4.8,"hosted xlsx, sheet Monthly Prices (updated 2 Sept 2026)"
worldbank_cmo_pink_sheet,2003M02,32.9,32.6,30.2,35.8,25.2,27,7.77,3.67,4.8,44,155.3,136,132.1,112.5,1422,32,1684,476,4571,8623,785,359,682,4.7,"hosted xlsx, sheet Monthly Prices (updated 2 Sept 2026)"
worldbank_cmo_pink_sheet,2003M03,30.4,30.3,27.4,33.3,24.4,25.8,5.95,3.74,4.78,44,177.2,143.8,138.9,112.5,1389,32,1659,457,4605,8379,791,341,674,4.5,"hosted xlsx, sheet Monthly Prices (updated 2 Sept 2026)"
worldbank_cmo_pink_sheet,2003M04,25.6,25,23.4,28.2,23.5,23.8,5.29,4.03,4.78,44,181.5,145,118.6,112.5,1332,32,1587,437,4566,7910,755,328,625,4.5,"hosted xlsx, sheet Monthly Prices (updated 2 Sept 2026)"
worldbank_cmo_pink_sheet,2003M05,26.1,25.8,24.3,28.1,23.3,23.7,5.84,4.04,4.74,44,178.4,146,128.1,112.5,1398,32,1648,464,4737,8331,776,356,650,4.7,"hosted xlsx, sheet Monthly Prices (updated 2 Sept 2026)"
worldbank_cmo_pink_sheet,2003M06,27.9,27.5,25.5,30.7,24.1,26.8,5.77,4.05,4.77,44,171.3,148.3,133.9,112.5,1410,32,1687,468,4695,8875,791,356,662,4.5,"hosted xlsx, sheet Monthly Prices (updated 2 Sept 2026)"
worldbank_cmo_pink_sheet,2003M07,28.6,28.4,26.6,30.7,24.4,29.5,5.01,4.04,4.75,44,176.4,150.9,142.8,112.5,1436,32,1710,515,4739,8797,828,351,682,4.8,"hosted xlsx, sheet Monthly Prices (updated 2 Sept 2026)"
worldbank_cmo_pink_sheet,2003M08,29.7,29.8,27.6,31.6,25.3,30.2,4.97,3.98,4.67,44,175.6,150,141.5,112.5,1456,32,1760,497,4823,9351,818,360,692,5,"hosted xlsx, sheet Monthly Prices (updated 2 Sept 2026)"
worldbank_cmo_pink_sheet,2003M09,26.9,27.1,25.3,28.3,26.7,34.1,4.61,3.97,4.7,44,171.3,153.6,146.8,112.5,1416,32,1790,521,4912,9965,818,379,705,5.2,"hosted xlsx, sheet Monthly Prices (updated 2 Sept 2026)"
worldbank_cmo_pink_sheet,2003M10,29,29.6,27.1,30.3,27.5,36.7,4.64,3.88,4.62,44,166.4,164,150.6,112.5,1474,32,1921,587,5237,11047,898,379,732,5,"hosted xlsx, sheet Monthly Prices (updated 2 Sept 2026)"
worldbank_cmo_pink_sheet,2003M11,29.1,28.8,27.5,31.1,29.9,39.2,4.53,3.9,4.72,44,169.4,163,153.5,112.5,1508,32,2055,622,5363,12087,915,390,760,5.2,"hosted xlsx, sheet Monthly Prices (updated 2 Sept 2026)"
worldbank_cmo_pink_sheet,2003M12,30,29.9,27.9,32.1,34,38.7,6.13,3.97,4.75,44,187.5,162.9,159.4,112.5,1555,32,2201,692,6058,14163,978,407,808,5.6,"hosted xlsx, sheet Monthly Prices (updated 2 Sept 2026)"
worldbank_cmo_pink_sheet,2004M01,31.4,31.2,28.7,34.2,37.8,41.3,6.09,3.87,4.75,44,204.3,171.6,160.3,112.5,1606,37.9,2424,758,6485,15327,1017,414,850,6.3,"hosted xlsx, sheet Monthly Prices (updated 2 Sept 2026)"
worldbank_cmo_pink_sheet,2004M02,31.3,30.9,28.4,34.7,41.8,42.3,5.38,3.89,4.81,44,211.5,177.1,134.5,112.5,1686,37.9,2760,888,6673,15145,1088,405,846,6.4,"hosted xlsx, sheet Monthly Prices (updated 2 Sept 2026)"
worldbank_cmo_pink_sheet,2004M03,33.7,33.8,30.5,36.7,48.9,42.5,5.4,3.86,4.88,44,205.3,177.5,130.5,112.5,1656,37.9,3009,886,7620,13715,1106,407,900,7.2,"hosted xlsx, sheet Monthly Prices (updated 2 Sept 2026)"
worldbank_cmo_pink_sheet,2004M04,33.7,33.4,31.1,36.7,53.3,47.3,5.72,3.92,4.91,44,199.4,177.5,128.4,112.5,1730,37.9,2949,754,8956,12848,1033,403,881,7.1,"hosted xlsx, sheet Monthly Prices (updated 2 Sept 2026)"
worldbank_cmo_pink_sheet,2004M05,37.6,37.9,34.5,40.3,56.4,52.6,6.34,3.95,4.91,44,191.1,177.5,135.9,112.5,1623,37.9,2734,809,9459,11118,1028,384,810,5.9,"hosted xlsx, sheet Monthly Prices (updated 2 Sept 2026)"
worldbank_cmo_pink_sheet,2004M06,35.5,35.2,33.4,38,59.6,62.6,6.27,4.01,5.04,44,190.6,177.5,158.3,112.5,1678,37.9,2687,870,9205,13534,1021,392,808,5.9,"hosted xlsx, sheet Monthly Prices (updated 2 Sept 2026)"
worldbank_cmo_pink_sheet,2004M07,37.9,38.4,34.5,40.8,61.4,68.5,5.93,4.28,5.07,44,201.5,191.5,185,112.5,1709,37.9,2808,940,9044,15023,988,398,810,6.3,"hosted xlsx, sheet Monthly Prices (updated 2 Sept 2026)"
worldbank_cmo_pink_sheet,2004M08,42.1,43,38.3,44.9,59.3,63.6,5.4,4.34,5.16,44,208.1,195,196.2,125.9,1692,37.9,2846,922,9022,13680,976,401,849,6.7,"hosted xlsx, sheet Monthly Prices (updated 2 Sept 2026)"
worldbank_cmo_pink_sheet,2004M09,41.6,43.4,35.5,45.9,55.4,61,5.14,4.41,5.43,44,208.5,195,218.1,143.5,1724,37.9,2895,935,9020,13271,975,405,848,6.4,"hosted xlsx, sheet Monthly Prices (updated 2 Sept 2026)"
worldbank_cmo_pink_sheet,2004M10,46.9,49.8,37.6,53.2,56.6,59.7,6.41,4.83,5.55,44,211.8,195,242.1,146,1820,37.9,3012,933,9045,14404,1065,420,841,7.1,"hosted xlsx, sheet Monthly Prices (updated 2 Sept 2026)"
worldbank_cmo_pink_sheet,2004M11,42.1,43.1,34.9,48.4,52.8,60.8,6.09,4.96,5.45,44,213.8,198.5,224.5,151.2,1814,37.9,3123,968,9070,14045,1096,439,854,7.5,"hosted xlsx, sheet Monthly Prices (updated 2 Sept 2026)"
worldbank_cmo_pink_sheet,2004M12,39,39.6,34.3,43.2,52.3,54.3,6.58,5.01,5.57,44,211.1,202,185.3,152.5,1849,37.9,3145,975,8554,13769,1180,442,848,7.1,"hosted xlsx, sheet Monthly Prices (updated 2 Sept 2026)"
worldbank_cmo_pink_sheet,2005M01,43,44.3,37.8,46.8,53,51.4,6.15,5.46,5.42,44,208.6,202,184.6,152.5,1834,65,3170,953,7736,14505,1246,424,859,6.6,"hosted xlsx, sheet Monthly Prices (updated 2 Sept 2026)"
worldbank_cmo_pink_sheet,2005M02,44.8,45.6,40.9,48,49.9,46.6,6.14,5.49,5.58,44,207.1,202,185.8,152.5,1883,65,3254,978,8089,15350,1326,423,864,7,"hosted xlsx, sheet Monthly Prices (updated 2 Sept 2026)"
worldbank_cmo_pink_sheet,2005M03,50.9,53.1,45.6,54.2,50.9,45.3,6.97,5.52,5.59,44,210.6,202,217.1,152.5,1980,65,3379,1004,8407,16191,1372,434,867,7.2,"hosted xlsx, sheet Monthly Prices (updated 2 Sept 2026)"
worldbank_cmo_pink_sheet,2005M04,50.6,51.9,47.1,53,51.3,46.3,7.15,5.86,5.67,44,214.8,202,242.1,152.5,1894,65,3394,986,8144,16142,1300,429,865,7.1,"hosted xlsx, sheet Monthly Prices (updated 2 Sept 2026)"
worldbank_cmo_pink_sheet,2005M05,47.8,48.7,45,49.8,51.3,45.9,6.47,5.89,5.74,44,217.2,201.6,256,152.5,1744,65,3249,988,8125,16932,1244,422,866,7,"hosted xlsx, sheet Monthly Prices (updated 2 Sept 2026)"
worldbank_cmo_pink_sheet,2005M06,53.9,54.3,51,56.4,51,49.1,7.19,5.91,5.68,44,224.3,201.5,217.5,152.5,1731,65,3524,986,7619,16160,1276,431,880,7.3,"hosted xlsx, sheet Monthly Prices (updated 2 Sept 2026)"
worldbank_cmo_pink_sheet,2005M07,56.4,57.6,52.9,58.7,50.9,51.3,7.63,6.42,6.03,44,228.3,201.3,221.9,152.5,1779,65,3614,854,7169,14581,1194,424,874,7,"hosted xlsx, sheet Monthly Prices (updated 2 Sept 2026)"
worldbank_cmo_pink_sheet,2005M08,61.9,64.1,56.6,65,49.1,49.5,9.63,6.56,6.2,44,231.5,201.4,208.5,152.5,1868,65,3798,887,7189,14893,1298,438,898,7,"hosted xlsx, sheet Monthly Prices (updated 2 Sept 2026)"
worldbank_cmo_pink_sheet,2005M09,61.7,63,56.5,65.5,45.3,46.6,12.88,6.58,6.39,44,240.8,201,210.4,152.5,1840,65,3858,933,6784,14228,1398,456,915,7.2,"hosted xlsx, sheet Monthly Prices (updated 2 Sept 2026)"
worldbank_cmo_pink_sheet,2005M10,58.2,58.5,53.7,62.4,42.5,43.3,13.52,7.28,6.48,44,246.4,201,215.5,152.5,1929,65,4060,1005,6423,12403,1488,470,931,7.7,"hosted xlsx, sheet Monthly Prices (updated 2 Sept 2026)"
worldbank_cmo_pink_sheet,2005M11,55,55.5,51.3,58.3,38.1,38.1,10.43,7.46,6.61,44,246.1,201,235,167.5,2051,65,4269,1018,6160,12116,1611,477,963,7.9,"hosted xlsx, sheet Monthly Prices (updated 2 Sept 2026)"
worldbank_cmo_pink_sheet,2005M12,56.4,56.7,53.1,59.4,38.2,41,12.83,7.49,6.49,44,245.9,201,213.9,167.5,2247,65,4577,1124,6714,13429,1822,510,977,8.6,"hosted xlsx, sheet Monthly Prices (updated 2 Sept 2026)"
worldbank_cmo_pink_sheet,2006M01,62.5,63.6,58.3,65.5,43.2,44.7,8.66,7.96,6.53,44,244.3,201,202.3,167.5,2378,67.2,4734,1256,7051,14555,2090,550,1026,9.1,"hosted xlsx, sheet Monthly Prices (updated 2 Sept 2026)"
worldbank_cmo_pink_sheet,2006M02,59.7,59.9,57.6,61.6,47.7,49.4,7.49,7.95,7.04,44,238.1,201,213.9,167.5,2455,65.2,4982,1277,7826,14979,2219,555,1042,9.5,"hosted xlsx, sheet Monthly Prices (updated 2 Sept 2026)"
worldbank_cmo_pink_sheet,2006M03,60.9,62.3,57.6,62.9,49.8,54.5,6.9,7.99,6.88,44,233.6,200.6,243.1,167.5,2429,66.7,5103,1192,7940,14897,2417,557,1041,10.4,"hosted xlsx, sheet Monthly Prices (updated 2 Sept 2026)"
worldbank_cmo_pink_sheet,2006M04,68,70.4,64.1,69.4,52.9,54.9,7.09,8.24,6.93,44,231.8,200.5,247.5,167.5,2621,67.3,6388,1170,8853,17942,3085,611,1099,12.6,"hosted xlsx, sheet Monthly Prices (updated 2 Sept 2026)"
worldbank_cmo_pink_sheet,2006M05,68.7,70.2,64.9,70.9,52.6,50.4,6.2,8.28,6.92,44,232.9,200.5,229.5,167.5,2861,67.3,8046,1167,8837,21077,3566,675,1261,13.4,"hosted xlsx, sheet Monthly Prices (updated 2 Sept 2026)"
worldbank_cmo_pink_sheet,2006M06,68.3,68.9,65.1,70.9,52.4,52.4,6.19,8.29,7.1,44,232.4,200.5,210,167.5,2477,69.3,7198,964,7896,20755,3226,596,1189,10.8,"hosted xlsx, sheet Monthly Prices (updated 2 Sept 2026)"
worldbank_cmo_pink_sheet,2006M07,72.5,73.9,69,74.4,52.8,51.7,6.25,8.58,6.86,44,230.3,202,205.5,172.5,2513,70.5,7712,1052,8419,26586,3340,634,1229,11.2,"hosted xlsx, sheet Monthly Prices (updated 2 Sept 2026)"
worldbank_cmo_pink_sheet,2006M08,71.8,73.6,68.8,73,50.9,53.6,7,8.71,7.23,44,228.3,202,210.5,192.5,2460,69.8,7696,1174,8502,30744,3347,633,1234,12.2,"hosted xlsx, sheet Monthly Prices (updated 2 Sept 2026)"
worldbank_cmo_pink_sheet,2006M09,62.1,62.8,59.8,63.8,47.1,48.8,4.86,8.77,7.65,44,225.1,202,215.1,192.5,2473,70,7602,1342,9039,30131,3403,598,1184,11.7,"hosted xlsx, sheet Monthly Prices (updated 2 Sept 2026)"
worldbank_cmo_pink_sheet,2006M10,57.9,58.4,56.5,58.9,44.1,49.2,5.96,8.97,7.2,44,218.5,202,209.2,192.5,2655,71.7,7500,1531,9768,32703,3823,586,1082,11.6,"hosted xlsx, sheet Monthly Prices (updated 2 Sept 2026)"
worldbank_cmo_pink_sheet,2006M11,58.1,58.5,56.8,59.1,46,48.2,7.45,8.99,7.21,44,219.4,202,227.4,192.5,2703,73.5,7029,1625,10079,32114,4382,628,1183,12.9,"hosted xlsx, sheet Monthly Prices (updated 2 Sept 2026)"
worldbank_cmo_pink_sheet,2006M12,61,62.3,58.7,62,49.8,50.7,6.58,8.92,7.35,44,223.8,205.5,251.7,192.5,2814,73.5,6675,1726,11159,34570,4405,630,1121,13.3,"hosted xlsx, sheet Monthly Prices (updated 2 Sept 2026)"
worldbank_cmo_pink_sheet,2007M01,53.5,54.3,52,54.2,51.3,50.1,6.58,8.59,7.11,44,249.2,207.5,265,192.5,2809,78.2,5670,1666,11362,36811,3787,631,1147,12.8,"hosted xlsx, sheet Monthly Prices (updated 2 Sept 2026)"
worldbank_cmo_pink_sheet,2007M02,57.6,57.8,55.7,59.3,52.9,51.6,7.97,8.56,6.89,44,317.6,215,299.4,192.5,2832,82.7,5676,1780,12933,41184,3310,665,1205,13.9,"hosted xlsx, sheet Monthly Prices (updated 2 Sept 2026)"
worldbank_cmo_pink_sheet,2007M03,60.6,62.1,59.1,60.6,55.4,53.5,7.12,8.37,6.86,44,387,254.5,318.1,192.5,2762,88.6,6452,1914,13893,46325,3271,655,1219,13.2,"hosted xlsx, sheet Monthly Prices (updated 2 Sept 2026)"
worldbank_cmo_pink_sheet,2007M04,65.1,67.4,63.8,63.9,56.1,51.4,7.59,8,7.09,44,404.6,300,291,192.5,2815,91.3,7766,2001,14053,50267,3557,679,1276,13.7,"hosted xlsx, sheet Monthly Prices (updated 2 Sept 2026)"
worldbank_cmo_pink_sheet,2007M05,65.2,67.5,64.5,63.5,56,50.3,7.61,7.98,7.22,44,392,338.1,293.1,192.5,2793,102,7681,2101,14140,52179,3831,667,1301,13.1,"hosted xlsx, sheet Monthly Prices (updated 2 Sept 2026)"
worldbank_cmo_pink_sheet,2007M06,68.2,71.3,65.8,67.5,61.6,56.8,7.3,8.03,7.11,44,387.9,355,291.9,192.5,2677,103.2,7474,2425,14100,41719,3603,656,1286,13.1,"hosted xlsx, sheet Monthly Prices (updated 2 Sept 2026)"
worldbank_cmo_pink_sheet,2007M07,73.6,77.2,69.5,74.1,67.3,58.1,6.22,8.13,7.26,44,398.5,355,269.5,192.5,2732,106.1,7973,3083,14738,33426,3546,665,1303,12.9,"hosted xlsx, sheet Monthly Prices (updated 2 Sept 2026)"
worldbank_cmo_pink_sheet,2007M08,70.1,70.8,67.2,72.4,69.4,60.2,6.2,8.34,7.7,44,401.6,377.5,260.6,192.5,2516,121.9,7514,3119,15174,27652,3253,665,1264,12.3,"hosted xlsx, sheet Monthly Prices (updated 2 Sept 2026)"
worldbank_cmo_pink_sheet,2007M09,76.8,77.1,73.3,79.9,68.4,62.8,6.1,8.54,8.09,57.8,399.6,392.5,305,197.5,2391,148.7,7649,3227,15023,29538,2881,713,1308,12.8,"hosted xlsx, sheet Monthly Prices (updated 2 Sept 2026)"
worldbank_cmo_pink_sheet,2007M10,82,82.9,77.1,85.9,74.8,73.1,6.8,9.16,8.55,71.5,406,402.9,323.8,202.5,2442,168.1,8008,3720,16071,31055,2975,755,1411,13.7,"hosted xlsx, sheet Monthly Prices (updated 2 Sept 2026)"
worldbank_cmo_pink_sheet,2007M11,91.3,92.5,86.7,94.8,84.6,89.8,7.14,9.47,9.14,71.5,447,423.8,366.3,202.5,2507,195.1,6967,3328,16692,30610,2541,806,1449,14.7,"hosted xlsx, sheet Monthly Prices (updated 2 Sept 2026)"
worldbank_cmo_pink_sheet,2007M12,89.5,91.5,85.8,91.4,91,94.3,7.15,9.49,9.18,71.5,512.5,446.9,401.7,202.5,2382,190.1,6588,2596,16263,25992,2353,803,1493,14.3,"hosted xlsx, sheet Monthly Prices (updated 2 Sept 2026)"
worldbank_cmo_pink_sheet,2008M01,90.7,91.9,87.2,93,91.8,100.6,8,10.7,9.94,71.5,593.9,539.2,376.6,230.6,2446,193.4,7061,2608,16337,27690,2340,890,1583,15.9,"hosted xlsx, sheet Monthly Prices (updated 2 Sept 2026)"
worldbank_cmo_pink_sheet,2008M02,93.4,94.8,90,95.4,132,115,8.55,10.84,10.46,71.5,692.5,729.4,328.1,240,2777,186.1,7888,3080,17210,27955,2438,922,2000,17.6,"hosted xlsx, sheet Monthly Prices (updated 2 Sept 2026)"
worldbank_cmo_pink_sheet,2008M03,101.8,103.3,96.8,105.5,118.3,111,9.4,11.04,10.96,71.5,862.2,875.6,371,240,3005,197.1,8439,3009,19804,31225,2511,968,2025,19.3,"hosted xlsx, sheet Monthly Prices (updated 2 Sept 2026)"
worldbank_cmo_pink_sheet,2008M04,108.8,110.2,103.5,112.6,123,108.8,10.13,12.19,11.42,160.4,953.5,1029,462.5,393,2959,196,8685,2823,21659,28763,2264,910,1988,17.5,"hosted xlsx, sheet Monthly Prices (updated 2 Sept 2026)"
worldbank_cmo_pink_sheet,2008M05,122.6,123.9,118.9,125,133.2,120.7,11.23,12.38,11.63,190,997.5,1037,633.8,546,2903,193,8383,2235,24062,25735,2182,889,2052,17.1,"hosted xlsx, sheet Monthly Prices (updated 2 Sept 2026)"
worldbank_cmo_pink_sheet,2008M06,131.5,133,127.6,133.9,159.8,142.4,12.68,12.63,12.07,190,1004.1,1043.1,642,546,2958,183.9,8261,1863,22229,22549,1894,889,2039,17,"hosted xlsx, sheet Monthly Prices (updated 2 Sept 2026)"
worldbank_cmo_pink_sheet,2008M07,132.8,133.9,131.2,133.4,180,167.8,11.15,14.37,12.35,240,1075.8,1112.5,733.8,546,3071,180.5,8414,1945,23139,20160,1852,940,1904,18,"hosted xlsx, sheet Monthly Prices (updated 2 Sept 2026)"
worldbank_cmo_pink_sheet,2008M08,114.6,113.8,113.2,116.6,158.4,156.9,8.25,14.64,13.25,290,1065,1131.5,785,546,2764,178.7,7635,1924,20026,18928,1723,839,1486,14.6,"hosted xlsx, sheet Monthly Prices (updated 2 Sept 2026)"
worldbank_cmo_pink_sheet,2008M09,99.7,99.1,96,103.9,150,147.8,7.69,14.85,14.39,278,980,1079.3,744.5,546,2526,139.6,6991,1868,18369,17795,1735,830,1223,12.4,"hosted xlsx, sheet Monthly Prices (updated 2 Sept 2026)"
worldbank_cmo_pink_sheet,2008M10,72.7,72.8,68.6,76.6,108,109.7,6.73,15.93,15.01,450,910,965,575,546,2121,88.7,4926,1480,14402,12140,1302,807,913,10.4,"hosted xlsx, sheet Monthly Prices (updated 2 Sept 2026)"
worldbank_cmo_pink_sheet,2008M11,54,53.2,51.4,57.3,92.3,89.4,6.67,15.81,15.06,450,710,606,287.5,546,1852,65,3717,1291,13644,10702,1153,761,840,9.9,"hosted xlsx, sheet Monthly Prices (updated 2 Sept 2026)"
worldbank_cmo_pink_sheet,2008M12,41.3,41.6,41,41.4,78.7,77.3,5.79,15.5,13.78,450,495,405,240,546,1490,70,3072,963,11240,9686,1101,816,840,10.3,"hosted xlsx, sheet Monthly Prices (updated 2 Sept 2026)"
worldbank_cmo_pink_sheet,2009M01,43.9,44.9,45,41.7,79.4,76.4,5.24,13.89,12.71,450,308.9,350,273.8,546,1413,72.5,3221,1133,11373,11307,1187,859,947,11.3,"hosted xlsx, sheet Monthly Prices (updated 2 Sept 2026)"
worldbank_cmo_pink_sheet,2009M02,41.8,43.2,43.1,39.2,75.4,69.1,4.52,11.04,10.52,450,313.8,320,281.3,580.1,1330,75.6,3315,1101,11039,10409,1112,943,1033,13.4,"hosted xlsx, sheet Monthly Prices (updated 2 Sept 2026)"
worldbank_cmo_pink_sheet,2009M03,46.6,46.8,45.6,47.5,61,58.6,3.95,10.9,9.48,450,317.8,295,268.5,682.5,1336,64.1,3750,1239,10676,9696,1217,924,1082,13.1,"hosted xlsx, sheet Monthly Prices (updated 2 Sept 2026)"
worldbank_cmo_pink_sheet,2009M04,50.3,50.8,50.2,49.8,63.6,62.9,3.5,8.51,8.12,315,300.6,278,245.6,682.5,1421,59.8,4407,1383,11744,11166,1379,890,1165,12.5,"hosted xlsx, sheet Monthly Prices (updated 2 Sept 2026)"
worldbank_cmo_pink_sheet,2009M05,58.2,57.9,57.4,59.1,64.5,58,3.81,8.09,7.5,270,267.9,245,236.3,682.5,1460,62.7,4569,1440,13793,12635,1484,929,1129,14,"hosted xlsx, sheet Monthly Prices (updated 2 Sept 2026)"
worldbank_cmo_pink_sheet,2009M06,69.1,68.6,69.2,69.6,71.4,60.2,3.8,7.95,7.18,198,256.1,220,239.7,682.5,1574,71.7,5014,1674,14986,14960,1557,946,1218,14.7,"hosted xlsx, sheet Monthly Prices (updated 2 Sept 2026)"
worldbank_cmo_pink_sheet,2009M07,64.7,64.9,65,64.1,73.8,61.1,3.39,6.67,7.55,90,263.3,224,243.8,615.6,1668,84,5216,1679,14039,15985,1579,934,1162,13.4,"hosted xlsx, sheet Monthly Prices (updated 2 Sept 2026)"
worldbank_cmo_pink_sheet,2009M08,71.6,72.5,71.3,71.1,72.5,64.3,3.15,6.92,7.76,90,276.4,225,251.5,530,1934,97.7,6165,1900,14870,19642,1822,949,1245,14.4,"hosted xlsx, sheet Monthly Prices (updated 2 Sept 2026)"
worldbank_cmo_pink_sheet,2009M09,68.3,67.7,67.9,69.4,67.6,61.1,2.96,7.13,8.42,90,280.6,225,232.3,425,1834,80.7,6196,2205,14869,17473,1884,997,1289,16.4,"hosted xlsx, sheet Monthly Prices (updated 2 Sept 2026)"
worldbank_cmo_pink_sheet,2009M10,74.1,73.2,73.3,75.8,71.1,64.4,4.02,7.6,9.1,90,271.6,246.5,234.9,425,1879,86.8,6288,2241,15009,18525,2072,1043,1333,17.2,"hosted xlsx, sheet Monthly Prices (updated 2 Sept 2026)"
worldbank_cmo_pink_sheet,2009M11,77.6,77,77.6,78,78.8,66.4,3.69,7.81,9.13,90,273.2,228.5,243.5,425,1949,99.3,6676,2309,14942,16991,2193,1127,1401,17.8,"hosted xlsx, sheet Monthly Prices (updated 2 Sept 2026)"
worldbank_cmo_pink_sheet,2009M12,74.9,74.7,75.5,74.5,83.1,73.8,5.37,8.01,9.76,90,331.5,232,262,425,2180,105.1,6982,2329,15547,17066,2376,1135,1437,17.6,"hosted xlsx, sheet Monthly Prices (updated 2 Sept 2026)"
worldbank_cmo_pink_sheet,2010M01,77.1,76.4,76.6,78.4,97,86.9,5.81,8.8,10.02,90,383,296.3,266.5,389.4,2235,125.7,7386,2368,17715,18439,2434,1118,1558,17.7,"hosted xlsx, sheet Monthly Prices (updated 2 Sept 2026)"
worldbank_cmo_pink_sheet,2010M02,74.8,74.3,73.6,76.4,94.2,83.4,5.34,8.8,10.52,90,413.6,300,297.5,374.4,2049,127.5,6848,2124,16362,18976,2157,1095,1520,15.9,"hosted xlsx, sheet Monthly Prices (updated 2 Sept 2026)"
worldbank_cmo_pink_sheet,2010M03,79.3,79.3,77.4,81.3,94.4,83,4.29,8.93,10.42,90,424.5,354.4,278.7,340,2206,139.7,7463,2172,17549,22461,2275,1113,1599,17.1,"hosted xlsx, sheet Monthly Prices (updated 2 Sept 2026)"
worldbank_cmo_pink_sheet,2010M04,84.2,85,83.1,84.5,100.2,88.7,4.01,7.52,10.98,90,417.5,372.5,253.8,340,2317,172.5,7745,2265,18684,26031,2367,1149,1711,18.1,"hosted xlsx, sheet Monthly Prices (updated 2 Sept 2026)"
worldbank_cmo_pink_sheet,2010M05,75.6,76.3,76.9,73.7,100.1,90.9,4.16,7.27,11.39,90,410,352.8,234,334.5,2041,161.4,6838,1883,17566,22008,1968,1205,1625,18.4,"hosted xlsx, sheet Monthly Prices (updated 2 Sept 2026)"
worldbank_cmo_pink_sheet,2010M06,74.7,74.8,74,75.4,98.2,92.8,4.79,7.74,10.48,90,392.5,346.8,226.3,312.5,1931,143.6,6499,1704,17320,19389,1743,1233,1553,18.5,"hosted xlsx, sheet Monthly Prices (updated 2 Sept 2026)"
worldbank_cmo_pink_sheet,2010M07,74.6,74.7,72.7,76.4,96,90.6,4.63,8.04,11.32,98.8,418.1,360,259.4,312.5,1988,126.4,6735,1837,18191,19518,1844,1193,1526,18,"hosted xlsx, sheet Monthly Prices (updated 2 Sept 2026)"
worldbank_cmo_pink_sheet,2010M08,75.8,76.7,74.2,76.6,89.8,87.9,4.31,8.45,11.3,125,459.9,380.8,263.5,312.5,2118,145.3,7284,2075,20755,21413,2045,1216,1541,18.4,"hosted xlsx, sheet Monthly Prices (updated 2 Sept 2026)"
worldbank_cmo_pink_sheet,2010M09,76.1,77.8,75.3,75.3,94.9,85.8,3.9,8.28,11.03,125,506,428,308.8,312.5,2162,140.6,7709,2184,22701,22643,2151,1271,1592,20.5,"hosted xlsx, sheet Monthly Prices (updated 2 Sept 2026)"
worldbank_cmo_pink_sheet,2010M10,81.7,82.9,80.3,81.9,97.5,91,3.43,8.29,11.13,125,557.3,455,332.5,312.5,2347,148.5,8292,2380,26343,23807,2372,1342,1689,23.4,"hosted xlsx, sheet Monthly Prices (updated 2 Sept 2026)"
worldbank_cmo_pink_sheet,2010M11,84.5,85.7,83.7,84.2,107.2,103.2,3.73,8.59,10.84,125,554.1,463.8,365.4,322.5,2333,156.1,8470,2377,25519,22909,2292,1370,1693,26.5,"hosted xlsx, sheet Monthly Prices (updated 2 Sept 2026)"
worldbank_cmo_pink_sheet,2010M12,90,91.8,89.1,89.1,118.3,115.2,4.24,8.74,10.75,125,540.6,472.5,380.6,322.5,2351,163.1,9147,2413,26163,24111,2281,1391,1711,29.3,"hosted xlsx, sheet Monthly Prices (updated 2 Sept 2026)"
worldbank_cmo_pink_sheet,2011M01,92.7,96.3,92.4,89.4,132.5,122.6,4.49,9.61,11.45,125,547.4,475,378.5,322.5,2440,179.2,9556,2602,27465,25646,2372,1360,1785,28.5,"hosted xlsx, sheet Monthly Prices (updated 2 Sept 2026)"
worldbank_cmo_pink_sheet,2011M02,97.9,104,100.3,89.5,128.4,117.7,4.07,9.36,12.02,140,413.6,490,297.5,374.4,2508,187.2,9868,2587,31526,28252,2465,1375,1826,30.8,"hosted xlsx, sheet Monthly Prices (updated 2 Sept 2026)"
worldbank_cmo_pink_sheet,2011M03,108.6,114.4,108.6,102.9,126.1,121,3.97,9.37,12.5,145,424.5,494,278.7,340,2556,169.4,9503,2624,30591,26710,2341,1423,1770,35.8,"hosted xlsx, sheet Monthly Prices (updated 2 Sept 2026)"
worldbank_cmo_pink_sheet,2011M04,116.2,123.1,115.7,110,122.5,124,4.24,10.36,12.99,145,417.5,535.6,253.8,340,2678,179.3,9493,2701,32363,26408,2362,1481,1798,42.7,"hosted xlsx, sheet Monthly Prices (updated 2 Sept 2026)"
worldbank_cmo_pink_sheet,2011M05,108.1,114.5,108.5,101.3,119.1,120.5,4.31,10.3,13.61,147,410,547.5,234,334.5,2596,177.1,8960,2428,28676,24237,2167,1513,1787,37.3,"hosted xlsx, sheet Monthly Prices (updated 2 Sept 2026)"
worldbank_cmo_pink_sheet,2011M06,105.8,113.8,107.5,96.3,120.1,119,4.55,10.26,14.52,155,575.9,549.5,478.8,355,2558,170.9,9067,2525,25520,22421,2234,1529,1769,35.8,"hosted xlsx, sheet Monthly Prices (updated 2 Sept 2026)"
worldbank_cmo_pink_sheet,2011M07,107.9,116.5,110,97.3,120.8,116.3,4.41,10.99,16.22,161.9,597.6,555,483.8,442.5,2525,173,9650,2681,27398,23848,2398,1573,1760,37.9,"hosted xlsx, sheet Monthly Prices (updated 2 Sept 2026)"
worldbank_cmo_pink_sheet,2011M08,100.5,110.1,105.1,86.3,120.1,118.3,4.05,10.81,16.55,182.5,597.4,560,475.5,442.5,2379,177.5,9001,2397,24042,21845,2200,1759,1805,40.3,"hosted xlsx, sheet Monthly Prices (updated 2 Sept 2026)"
worldbank_cmo_pink_sheet,2011M09,100.8,110.9,106,85.6,123.1,115.6,3.9,10.85,16.27,182.5,587.9,560,508.8,442.5,2293,177.2,8300,2288,22527,20378,2075,1772,1748,38.2,"hosted xlsx, sheet Monthly Prices (updated 2 Sept 2026)"
worldbank_cmo_pink_sheet,2011M10,99.8,109.5,103.7,86.4,119.4,110.9,3.57,11.42,16.48,188.8,571.4,592.5,493.5,435,2181,150.4,7394,1960,21869,19039,1871,1666,1535,32,"hosted xlsx, sheet Monthly Prices (updated 2 Sept 2026)"
worldbank_cmo_pink_sheet,2011M11,105.4,110.5,108.6,97.1,113.8,105.5,3.24,11.32,16.78,195,563.5,570,481.3,435,2080,135.5,7581,1994,21292,17873,1935,1739,1597,33.1,"hosted xlsx, sheet Monthly Prices (updated 2 Sept 2026)"
worldbank_cmo_pink_sheet,2011M12,104.2,107.9,106.2,98.6,111.6,104.2,3.16,11.53,16.48,195,488.8,530,423.1,450,2022,136.4,7565,2022,19375,18267,1905,1640,1455,30.3,"hosted xlsx, sheet Monthly Prices (updated 2 Sept 2026)"
worldbank_cmo_pink_sheet,2012M01,107.1,111.2,109.8,100.3,116.5,106.3,2.68,11.45,16.71,195,451.4,435,368,495,2144,140.3,8040,2096,21439,19855,1982,1654,1499,30.7,"hosted xlsx, sheet Monthly Prices (updated 2 Sept 2026)"
worldbank_cmo_pink_sheet,2012M02,112.7,119.7,116.1,102.2,117,105.3,2.52,11.12,16.03,190,435.5,445,375,495,2208,140.4,8441,2121,24293,20394,2058,1745,1658,34.1,"hosted xlsx, sheet Monthly Prices (updated 2 Sept 2026)"
worldbank_cmo_pink_sheet,2012M03,117.8,124.9,122.3,106.2,107.5,103.4,2.17,11.97,16.34,160,442.9,441.3,393.1,495,2184,144.7,8471,2057,22985,18661,2036,1676,1655,33,"hosted xlsx, sheet Monthly Prices (updated 2 Sept 2026)"
worldbank_cmo_pink_sheet,2012M04,113.7,120.5,117.3,103.3,103.6,101.3,1.95,11.42,16.85,185,478,441.3,494.4,477.5,2050,147.6,8289,2071,22201,17940,2002,1649,1586,31.5,"hosted xlsx, sheet Monthly Prices (updated 2 Sept 2026)"
worldbank_cmo_pink_sheet,2012M05,104.1,110.5,107.1,94.7,95.8,93.8,2.44,11.64,17.12,195,490.5,485,513.1,477.5,2008,136.6,7956,2013,20405,17068,1936,1589,1471,28.7,"hosted xlsx, sheet Monthly Prices (updated 2 Sept 2026)"
worldbank_cmo_pink_sheet,2012M06,90.7,95.6,94.2,82.4,87.2,85.3,2.46,11.49,17.2,193.1,501.6,485,456.9,477.5,1890,134.7,7423,1854,19271,16549,1859,1599,1444,28,"hosted xlsx, sheet Monthly Prices (updated 2 Sept 2026)"
worldbank_cmo_pink_sheet,2012M07,96.8,103.1,99.2,87.9,88.2,87.3,2.95,11.13,18.11,188.5,436.9,485,307.5,279.5,1876,127.9,7584,1881,18546,16128,1848,1594,1426,27.4,"hosted xlsx, sheet Monthly Prices (updated 2 Sept 2026)"
worldbank_cmo_pink_sheet,2012M08,105.3,113.3,108.4,94.1,91,89.1,2.84,11.18,17.74,182.5,504.5,485,382.5,477.5,1845,107.5,7516,1901,18773,15735,1818,1630,1453,28.8,"hosted xlsx, sheet Monthly Prices (updated 2 Sept 2026)"
worldbank_cmo_pink_sheet,2012M09,106.3,113.4,111,94.5,89,85.8,2.84,11.08,16.83,182.5,527.4,485,384.4,477.5,2064,99.5,8088,2178,20771,17288,2010,1745,1624,33.6,"hosted xlsx, sheet Monthly Prices (updated 2 Sept 2026)"
worldbank_cmo_pink_sheet,2012M10,103.4,112,108.7,89.5,81.9,82.8,3.32,11.58,15.3,182.5,533.5,474,349,477.5,1974,114,8062,2142,21234,17169,1904,1747,1636,33.2,"hosted xlsx, sheet Monthly Prices (updated 2 Sept 2026)"
worldbank_cmo_pink_sheet,2012M11,101.2,109.7,107.1,86.7,85.9,85.7,3.54,11.83,15,182.5,487.9,447.5,383.5,477.5,1949,120.4,7711,2182,20713,16335,1912,1722,1576,32.8,"hosted xlsx, sheet Monthly Prices (updated 2 Sept 2026)"
worldbank_cmo_pink_sheet,2012M12,101.2,109.7,105.7,88.2,92.9,88.8,3.34,11.79,15.41,182.5,472.8,435,375.8,477.5,2087,128.5,7966,2280,22881,17449,2040,1685,1582,31.9,"hosted xlsx, sheet Monthly Prices (updated 2 Sept 2026)"
worldbank_cmo_pink_sheet,2013M01,105.1,113,107.6,94.7,92.8,86.1,3.33,11.87,15.89,182.5,462.3,428,380,395,2038,150.5,8047,2334,24546,17473,2032,1672,1639,31.1,"hosted xlsx, sheet Monthly Prices (updated 2 Sept 2026)"
worldbank_cmo_pink_sheet,2013M02,107.6,116.5,111.1,95.3,94.9,85.1,3.33,11.77,16.47,182.5,464.5,419,415.6,395,2054,154.6,8061,2366,24212,17690,2129,1628,1675,30.3,"hosted xlsx, sheet Monthly Prices (updated 2 Sept 2026)"
worldbank_cmo_pink_sheet,2013M03,102.5,109.2,105.4,92.9,91,82.8,3.81,11.87,16.27,160,467.6,415,395.6,395,1910,139.9,7646,2169,23297,16725,1926,1593,1583,28.8,"hosted xlsx, sheet Monthly Prices (updated 2 Sept 2026)"
worldbank_cmo_pink_sheet,2013M04,98.9,102.9,101.7,92,87.8,82,4.17,12.88,16.2,111.5,461.1,409,365.6,395,1862,137.4,7234,2027,21662,15673,1856,1488,1493,25.4,"hosted xlsx, sheet Monthly Prices (updated 2 Sept 2026)"
worldbank_cmo_pink_sheet,2013M05,99.4,103,100.3,94.8,87.7,81.8,4.04,12.29,16.22,157.5,421.3,410,358.1,395,1832,124,7249,2033,20776,14948,1832,1414,1475,23,"hosted xlsx, sheet Monthly Prices (updated 2 Sept 2026)"
worldbank_cmo_pink_sheet,2013M06,99.7,103.1,100.3,95.8,82.8,77.3,3.83,11.92,16.61,125.6,424.1,410,329.4,395,1815,114.8,7000,2100,20267,14280,1839,1343,1430,21.1,"hosted xlsx, sheet Monthly Prices (updated 2 Sept 2026)"
worldbank_cmo_pink_sheet,2013M07,105.3,107.7,103.4,104.7,77.3,72.6,3.62,11.6,16.17,115,409.6,410,312.5,395,1770,127.2,6907,2048,19564,13750,1838,1286,1401,19.7,"hosted xlsx, sheet Monthly Prices (updated 2 Sept 2026)"
worldbank_cmo_pink_sheet,2013M08,108.2,111,107,106.5,77,72.9,3.43,11.64,15.6,115,400.4,360,310.6,395,1818,137.1,7193,2174,21644,14315,1899,1352,1496,21.9,"hosted xlsx, sheet Monthly Prices (updated 2 Sept 2026)"
worldbank_cmo_pink_sheet,2013M09,108.8,111.6,108.4,106.2,77.6,73.1,3.62,11.25,14.96,97.5,374.8,344,301,395,1761,134.2,7159,2085,22735,13801,1847,1349,1457,22.6,"hosted xlsx, sheet Monthly Prices (updated 2 Sept 2026)"
worldbank_cmo_pink_sheet,2013M10,105.4,109.5,106.3,100.5,79.4,80.6,3.67,11.37,15.3,84.4,370,324,296.9,395,1815,132.6,7203,2115,23102,14118,1885,1317,1413,21.9,"hosted xlsx, sheet Monthly Prices (updated 2 Sept 2026)"
worldbank_cmo_pink_sheet,2013M11,102.6,108.1,105.9,93.9,82.3,83.8,3.62,11.42,15.4,87.5,334.4,320,305,395,1748,136.3,7071,2090,22827,13684,1866,1276,1420,20.8,"hosted xlsx, sheet Monthly Prices (updated 2 Sept 2026)"
worldbank_cmo_pink_sheet,2013M12,105.5,110.7,107.9,97.9,84.3,84.6,4.24,11.55,16.38,96.9,341.6,320,305,395,1740,135.8,7215,2137,22762,13925,1975,1222,1356,19.7,"hosted xlsx, sheet Monthly Prices (updated 2 Sept 2026)"
worldbank_cmo_pink_sheet,2014M01,102.1,107.4,104,94.9,81.6,82.9,4.7,11.59,16.67,97.5,403.4,333,330,395,1727,128.1,7291,2143,22064,14101,2037,1244,1421,19.9,"hosted xlsx, sheet Monthly Prices (updated 2 Sept 2026)"
worldbank_cmo_pink_sheet,2014M02,104.8,108.8,104.9,100.7,76.3,77.6,5.97,11.3,16.76,97.5,450.1,367,353.1,307.6,1695,121.4,7149,2108,22821,14204,2035,1300,1410,20.8,"hosted xlsx, sheet Monthly Prices (updated 2 Sept 2026)"
worldbank_cmo_pink_sheet,2014M03,104,107.4,104.2,100.6,73.3,74.6,4.88,10.88,16.55,106.6,486.5,384,327.5,278.5,1705,111.8,6650,2053,23024,15678,2008,1336,1452,20.7,"hosted xlsx, sheet Monthly Prices (updated 2 Sept 2026)"
worldbank_cmo_pink_sheet,2014M04,104.9,107.8,104.7,102.1,72.8,75.1,4.63,10.73,16.79,111.5,409,383,260,299,1811,114.6,6674,2087,23405,17374,2027,1298,1430,19.7,"hosted xlsx, sheet Monthly Prices (updated 2 Sept 2026)"
worldbank_cmo_pink_sheet,2014M05,105.7,109.7,105.6,101.9,73.7,75.8,4.56,10.2,16.32,112.6,413.6,385,265,300.9,1751,100.6,6891,2097,23271,19401,2059,1289,1456,19.3,"hosted xlsx, sheet Monthly Prices (updated 2 Sept 2026)"
worldbank_cmo_pink_sheet,2014M06,108.4,111.9,108,105.2,71.5,74.1,4.57,9.77,16.13,111.4,421.4,389,288.8,301.5,1839,92.7,6821,2107,22762,18629,2128,1279,1453,19.9,"hosted xlsx, sheet Monthly Prices (updated 2 Sept 2026)"
worldbank_cmo_pink_sheet,2014M07,105.2,107,105.8,102.9,68.8,71.4,4.01,9.27,15.21,111,440.6,390,305,279.5,1948,96.1,7113,2193,22424,19118,2311,1311,1492,20.9,"hosted xlsx, sheet Monthly Prices (updated 2 Sept 2026)"
worldbank_cmo_pink_sheet,2014M08,100.1,101.9,101.9,96.4,68.9,71.2,3.88,9.14,15.74,111,446.5,391,311.3,279.5,2030,92.6,7002,2237,22231,18600,2327,1295,1446,19.7,"hosted xlsx, sheet Monthly Prices (updated 2 Sept 2026)"
worldbank_cmo_pink_sheet,2014M09,95.9,97.3,97,93.2,65.9,67.9,3.92,9.24,15.16,111.4,438.1,398,317.5,279.5,1990,82.4,6872,2117,21091,18035,2295,1237,1359,18.4,"hosted xlsx, sheet Monthly Prices (updated 2 Sept 2026)"
worldbank_cmo_pink_sheet,2014M10,86.1,87.3,86.6,84.4,63.7,65.7,3.77,9.77,15.89,116,418.8,398,317.5,279.5,1946,81.1,6737,2034,19830,15812,2277,1222,1260,17.2,"hosted xlsx, sheet Monthly Prices (updated 2 Sept 2026)"
worldbank_cmo_pink_sheet,2014M11,77,78.4,76.7,75.8,62.6,65.7,4.1,8.9,15.59,119.5,408.8,385,317.5,279.5,2056,73.7,6713,2030,20033,15807,2253,1175,1208,16,"hosted xlsx, sheet Monthly Prices (updated 2 Sept 2026)"
worldbank_cmo_pink_sheet,2014M12,60.7,62.3,60.5,59.3,62.4,66.1,3.43,9.83,15.62,119.5,418.4,381,308.1,279.5,1909,68.4,6446,1938,19830,15962,2176,1201,1215,16.3,"hosted xlsx, sheet Monthly Prices (updated 2 Sept 2026)"
worldbank_cmo_pink_sheet,2015M01,47.1,48.1,46,47.3,61.4,59.3,2.97,9.25,16.19,119.5,440.3,381.5,305,279.5,1815,68.2,5831,1843,19454,14849,2113,1251,1242,17.2,"hosted xlsx, sheet Monthly Prices (updated 2 Sept 2026)"
worldbank_cmo_pink_sheet,2015M02,54.8,57.9,55.8,50.6,69.1,63.5,2.85,8.27,14.2,121.3,444.1,382.5,305,279.5,1818,62.8,5729,1796,18234,14574,2098,1227,1197,16.8,"hosted xlsx, sheet Monthly Prices (updated 2 Sept 2026)"
worldbank_cmo_pink_sheet,2015M03,52.8,55.8,54.9,47.8,64.8,59.9,2.8,8.27,13.04,123,428.8,383,295.5,283.4,1774,58.1,5940,1792,17422,13756,2029,1179,1139,16.2,"hosted xlsx, sheet Monthly Prices (updated 2 Sept 2026)"
worldbank_cmo_pink_sheet,2015M04,57.5,59.4,58.8,54.4,56.2,59,2.58,6.77,10.94,114.1,409,380,260,299,1819,52.3,6042,2005,15901,12831,2213,1199,1151,16.3,"hosted xlsx, sheet Monthly Prices (updated 2 Sept 2026)"
worldbank_cmo_pink_sheet,2015M05,62.5,64.6,63.7,59.3,61.2,61.6,2.84,6.68,9.34,110.5,413.6,380,265,300.9,1804,60.3,6295,1992,15804,13511,2282,1199,1140,16.8,"hosted xlsx, sheet Monthly Prices (updated 2 Sept 2026)"
worldbank_cmo_pink_sheet,2015M06,61.3,62.3,61.8,59.8,59,60.7,2.77,6.67,9.19,118.9,421.4,380,288.8,301.5,1688,62.6,5833,1830,15065,12825,2082,1182,1089,16.1,"hosted xlsx, sheet Monthly Prices (updated 2 Sept 2026)"
worldbank_cmo_pink_sheet,2015M07,54.3,55.9,56.3,50.9,59.9,57.9,2.83,6.69,9.5,121,431.5,380,283.8,301.5,1640,52.4,5457,1763,15072,11413,2001,1128,1009,15.1,"hosted xlsx, sheet Monthly Prices (updated 2 Sept 2026)"
worldbank_cmo_pink_sheet,2015M08,45.7,47,47.2,42.9,59.1,55,2.76,6.35,9.82,121,434.6,378.8,274.6,301.5,1548,56.2,5127,1704,15164,10386,1808,1118,984,14.9,"hosted xlsx, sheet Monthly Prices (updated 2 Sept 2026)"
worldbank_cmo_pink_sheet,2015M09,46.3,47.2,46.2,45.5,57.7,51.4,2.65,6.28,10.31,124,428,379,279.4,301.5,1590,57,5217,1684,15453,9938,1720,1125,964,14.8,"hosted xlsx, sheet Monthly Prices (updated 2 Sept 2026)"
worldbank_cmo_pink_sheet,2015M10,47,48.1,46.6,46.2,54.3,50.1,2.32,6.03,10.11,123.5,423.8,380,250.6,301.5,1516,53.1,5216,1720,15795,10317,1724,1159,977,15.8,"hosted xlsx, sheet Monthly Prices (updated 2 Sept 2026)"
worldbank_cmo_pink_sheet,2015M11,43.1,44.4,42.2,42.7,52.5,53.3,2.08,5.5,9.52,123.5,383.9,366.4,263.6,301.5,1468,46.9,4800,1618,14745,9244,1583,1086,885,14.5,"hosted xlsx, sheet Monthly Prices (updated 2 Sept 2026)"
worldbank_cmo_pink_sheet,2015M12,36.6,37.7,34.8,37.2,52.2,48.8,1.92,5.09,9.08,123.5,340.6,360,264,301.5,1497,40.5,4639,1707,14692,8708,1528,1076,860,14.1,"hosted xlsx, sheet Monthly Prices (updated 2 Sept 2026)"
worldbank_cmo_pink_sheet,2016M01,29.8,30.8,27,31.5,49,49.1,2.27,4.4,8.4,122.6,327.1,334,233.9,301.5,1481,41.9,4472,1646,13808,8507,1520,1098,855,14.1,"hosted xlsx, sheet Monthly Prices (updated 2 Sept 2026)"
worldbank_cmo_pink_sheet,2016M02,31,33.2,29.5,30.4,50.3,50.3,1.96,3.97,8.56,114.5,326,286.3,191.9,301.5,1531,46.8,4599,1766,15610,8299,1710,1200,919,15.2,"hosted xlsx, sheet Monthly Prices (updated 2 Sept 2026)"
worldbank_cmo_pink_sheet,2016M03,37.3,39.1,35.2,37.8,52.2,52.6,1.7,3.91,7.74,114.5,338.1,291.3,201.8,301.5,1531,56.2,4954,1802,16898,8717,1802,1245,968,15.5,"hosted xlsx, sheet Monthly Prices (updated 2 Sept 2026)"
worldbank_cmo_pink_sheet,2016M04,40.8,42.3,39,41,50.7,52.4,1.9,3.97,6.82,114.1,330.5,295,196.3,301.5,1571,60.9,4873,1732,17033,8879,1855,1242,994,16.4,"hosted xlsx, sheet Monthly Prices (updated 2 Sept 2026)"
worldbank_cmo_pink_sheet,2016M05,45.9,47.1,44,46.7,51.3,54.2,1.92,4.33,6.27,110.5,313.5,295,198.4,301.5,1551,55.1,4695,1708,16707,8660,1869,1261,1036,16.9,"hosted xlsx, sheet Monthly Prices (updated 2 Sept 2026)"
worldbank_cmo_pink_sheet,2016M06,47.7,48.5,45.8,48.8,52.9,58.6,2.57,4.76,6.4,110.5,306.6,285,142.6,301.5,1594,52,4642,1713,16967,8928,2026,1276,984,17.3,"hosted xlsx, sheet Monthly Prices (updated 2 Sept 2026)"
worldbank_cmo_pink_sheet,2016M07,44.1,45.1,42.6,44.7,61.2,62.4,2.79,4.67,6.76,110.5,305.2,281,181,282.5,1629,57.3,4865,1835,17826,10263,2183,1337,1088,20,"hosted xlsx, sheet Monthly Prices (updated 2 Sept 2026)"
worldbank_cmo_pink_sheet,2016M08,44.9,46.1,43.7,44.8,67.4,66.3,2.79,4.05,7.14,109.8,318.1,281.3,186.3,206.5,1639,60.9,4752,1836,18427,10336,2279,1340,1122,19.6,"hosted xlsx, sheet Monthly Prices (updated 2 Sept 2026)"
worldbank_cmo_pink_sheet,2016M09,45,46.2,43.7,45.2,72.7,68.3,2.97,4.25,7.54,109,320,287,187.3,206.5,1592,57.8,4722,1948,19500,10192,2292,1327,1047,19.4,"hosted xlsx, sheet Monthly Prices (updated 2 Sept 2026)"
worldbank_cmo_pink_sheet,2016M10,49.3,49.7,48.3,49.9,94.2,83.8,2.95,5.34,7.65,109,310,285,187.5,206.5,1666,59.1,4731,2024,20100,10260,2312,1267,959,17.7,"hosted xlsx, sheet Monthly Prices (updated 2 Sept 2026)"
worldbank_cmo_pink_sheet,2016M11,45.3,46.4,43.8,45.6,103.4,89.2,2.5,5.69,7.59,103,298,285,205,206.5,1737,73.1,5451,2181,21126,11129,2566,1238,955,17.4,"hosted xlsx, sheet Monthly Prices (updated 2 Sept 2026)"
worldbank_cmo_pink_sheet,2016M12,52.6,54.1,51.8,52,88.2,80.2,3.58,5.42,7.59,97.5,296.6,277.5,217.8,206.5,1728,80,5660,2210,21204,10972,2665,1157,918,16.4,"hosted xlsx, sheet Monthly Prices (updated 2 Sept 2026)"
worldbank_cmo_pink_sheet,2017M01,53.6,54.9,53.4,52.5,83.7,86.5,3.26,6.14,8.04,96.9,308,270,233.8,206.5,1791,80.4,5755,2243,20692,9971,2715,1192,971,16.9,"hosted xlsx, sheet Monthly Prices (updated 2 Sept 2026)"
worldbank_cmo_pink_sheet,2017M02,54.4,55.5,54.2,53.4,80,83.6,2.82,6.05,8.41,95,326,278.8,191.9,301.5,1861,89.4,5941,2312,19446,10643,2846,1234,1008,17.9,"hosted xlsx, sheet Monthly Prices (updated 2 Sept 2026)"
worldbank_cmo_pink_sheet,2017M03,50.9,52,51.2,49.6,80.9,79.1,2.89,5,8.25,97.5,325.6,288,223.5,206.5,1901,87.7,5825,2281,19875,10205,2777,1231,963,17.6,"hosted xlsx, sheet Monthly Prices (updated 2 Sept 2026)"
worldbank_cmo_pink_sheet,2017M04,52.2,53,52.5,51.1,83.7,78.9,3.08,5.01,8.76,95.6,313.1,285,207.9,206.5,1921,70.2,5684,2221,19910,9609,2615,1267,961,18,"hosted xlsx, sheet Monthly Prices (updated 2 Sept 2026)"
worldbank_cmo_pink_sheet,2017M05,49.9,50.9,50.3,48.5,74.4,74.4,3.12,5.06,9.1,92.5,309.3,275,178.8,206.5,1913,62.4,5600,2125,20200,9155,2590,1246,930,16.7,"hosted xlsx, sheet Monthly Prices (updated 2 Sept 2026)"
worldbank_cmo_pink_sheet,2017M06,46.2,46.9,46.4,45.2,81.1,79.2,2.94,4.89,8.88,92.5,310.3,275,191,206.5,1885,57.5,5720,2133,19659,8932,2573,1260,931,16.9,"hosted xlsx, sheet Monthly Prices (updated 2 Sept 2026)"
worldbank_cmo_pink_sheet,2017M07,47.7,48.7,47.6,46.7,87.5,81.7,2.96,5,8.86,92.5,313.8,275.8,181,207.3,1903,67.7,5985,2270,20223,9491,2787,1237,919,16.2,"hosted xlsx, sheet Monthly Prices (updated 2 Sept 2026)"
worldbank_cmo_pink_sheet,2017M08,49.9,51.4,50.4,48,98.6,87.8,2.88,5.48,8.92,88.8,320.8,280.5,192.6,215.5,2030,76.1,6486,2348,20521,10890,2981,1283,973,17,"hosted xlsx, sheet Monthly Prices (updated 2 Sept 2026)"
worldbank_cmo_pink_sheet,2017M09,53,55.2,53.9,49.8,97.8,92.3,2.96,5.96,8.64,85,325.9,283.2,219,215.5,2096,71.5,6577,2374,20797,11216,3117,1314,964,17.4,"hosted xlsx, sheet Monthly Prices (updated 2 Sept 2026)"
worldbank_cmo_pink_sheet,2017M10,54.9,57.6,55.6,51.6,97.1,91.4,2.86,6.18,8.31,80,322.4,283.5,252.5,215.5,2131,61.7,6808,2498,20376,11336,3265,1280,921,16.9,"hosted xlsx, sheet Monthly Prices (updated 2 Sept 2026)"
worldbank_cmo_pink_sheet,2017M11,59.9,62.6,60.6,56.7,96.6,91.4,2.99,6.69,8.45,80,344,295,280,215.5,2097,64.2,6827,2461,19558,11972,3229,1282,934,17,"hosted xlsx, sheet Monthly Prices (updated 2 Sept 2026)"
worldbank_cmo_pink_sheet,2017M12,61.2,64.2,61.4,57.9,100.8,95.5,2.76,7.14,8.65,80,357.3,308.8,214.6,215.5,2080,72.3,6834,2510,19476,11495,3196,1264,907,16.2,"hosted xlsx, sheet Monthly Prices (updated 2 Sept 2026)"
worldbank_cmo_pink_sheet,2018M01,66.2,69,66,63.7,106.5,97.5,3.86,6.66,9.34,80,360.4,320,219.6,215.5,2210,76.3,7066,2584,20697,12865,3442,1331,990,17.1,"hosted xlsx, sheet Monthly Prices (updated 2 Sept 2026)"
worldbank_cmo_pink_sheet,2018M02,63.5,65.4,62.8,62.2,106,92.7,2.67,6.72,9.83,82.5,370,320,232.5,215.5,2182,77.5,7007,2581,21652,13596,3533,1331,987,16.6,"hosted xlsx, sheet Monthly Prices (updated 2 Sept 2026)"
worldbank_cmo_pink_sheet,2018M03,64.2,66.5,63.3,62.8,96.7,89.5,2.7,6.7,10.11,84.7,378,324,232.5,215.5,2069,70.4,6799,2390,21212,13393,3269,1325,955,16.5,"hosted xlsx, sheet Monthly Prices (updated 2 Sept 2026)"
worldbank_cmo_pink_sheet,2018M04,68.8,71.6,68.4,66.3,93.7,92.3,2.78,6.93,10.09,88,384.8,325,230.6,215.5,2255,65.8,6852,2352,21291,13938,3188,1335,924,16.6,"hosted xlsx, sheet Monthly Prices (updated 2 Sept 2026)"
worldbank_cmo_pink_sheet,2018M05,73.4,76.7,73.7,70,105.3,101.9,2.8,7.49,10.25,88,384.4,326,221.9,215.5,2300,66.1,6825,2361,20859,14366,3060,1303,905,16.5,"hosted xlsx, sheet Monthly Prices (updated 2 Sept 2026)"
worldbank_cmo_pink_sheet,2018M06,72,75.2,73.2,67.5,114.3,103.9,2.95,7.45,10.44,86.8,391.6,335.2,224,215.5,2238,65,6966,2436,20661,15106,3089,1282,885,16.5,"hosted xlsx, sheet Monthly Prices (updated 2 Sept 2026)"
worldbank_cmo_pink_sheet,2018M07,72.7,74.4,72.7,70.8,119.6,106,2.83,7.6,10.44,86.9,400.8,344.3,252.5,215.5,2082,64.6,6251,2207,19730,13794,2656,1238,832,15.7,"hosted xlsx, sheet Monthly Prices (updated 2 Sept 2026)"
worldbank_cmo_pink_sheet,2018M08,71.1,73.1,72.1,68,117.3,98.5,2.96,8.08,10.88,87.5,409,357.6,260,215.5,2052,67.2,6051,2054,19229,13411,2512,1202,805,15,"hosted xlsx, sheet Monthly Prices (updated 2 Sept 2026)"
worldbank_cmo_pink_sheet,2018M09,75.4,78.9,77,70.2,114.2,102.1,2.98,9.52,11.3,87.5,421.6,376.3,267.5,215.5,2026,68.4,6051,2023,18967,12510,2435,1198,805,14.3,"hosted xlsx, sheet Monthly Prices (updated 2 Sept 2026)"
worldbank_cmo_pink_sheet,2018M10,76.7,80.5,79,70.8,108.7,100.3,3.28,8.79,11.66,91.3,420.8,385,270,215.5,2030,73.4,6220,1988,19121,12315,2674,1215,830,14.6,"hosted xlsx, sheet Monthly Prices (updated 2 Sept 2026)"
worldbank_cmo_pink_sheet,2018M11,62.3,65.2,65.1,56.7,100.7,91.6,4.13,8.27,11.7,92.5,410.2,379.2,305.6,215.5,1939,73.3,6196,1937,19065,11240,2596,1221,846,14.4,"hosted xlsx, sheet Monthly Prices (updated 2 Sept 2026)"
worldbank_cmo_pink_sheet,2018M12,54,56.5,56.5,49,101.4,95.4,3.98,7.98,12,99.2,389.7,368.3,276.7,215.5,1920,69.2,6075,1972,19260,10835,2616,1250,791,14.8,"hosted xlsx, sheet Monthly Prices (updated 2 Sept 2026)"
worldbank_cmo_pink_sheet,2019M01,56.6,59.3,59,51.5,98.6,91.3,3.08,7.26,12.01,102.5,382.1,355,260,215.5,1854,76.2,5939,1997,20458,11523,2570,1292,807,15.6,"hosted xlsx, sheet Monthly Prices (updated 2 Sept 2026)"
worldbank_cmo_pink_sheet,2019M02,61.1,64.1,64.3,55,95.4,84.2,2.72,6.01,11.81,102.5,357.4,343.8,250.6,215.5,1863,88.2,6300,2063,21264,12685,2707,1320,818,15.8,"hosted xlsx, sheet Monthly Prices (updated 2 Sept 2026)"
worldbank_cmo_pink_sheet,2019M03,63.8,66.4,66.8,58.2,93.1,78.8,2.94,5.18,11.29,98.5,335,321,247.5,245.5,1871,86.5,6439,2046,21393,13026,2851,1301,843,15.3,"hosted xlsx, sheet Monthly Prices (updated 2 Sept 2026)"
worldbank_cmo_pink_sheet,2019M04,68.6,71.2,70.7,63.9,86.8,72.5,2.65,4.92,10.27,97.5,323.8,310,247.5,265.5,1845,93.7,6438,1939,20604,12773,2933,1286,887,15.1,"hosted xlsx, sheet Monthly Prices (updated 2 Sept 2026)"
worldbank_cmo_pink_sheet,2019M05,66.8,70.5,69.1,60.8,82.3,68.9,2.63,4.34,10.15,97.5,313.4,305,247.5,265.5,1781,100.2,6018,1815,19524,12016,2743,1284,834,14.7,"hosted xlsx, sheet Monthly Prices (updated 2 Sept 2026)"
worldbank_cmo_pink_sheet,2019M06,59.8,63.3,61.3,54.7,72.5,62.9,2.4,3.59,10.04,97.5,314.9,293.8,247.5,265.5,1756,108.9,5882,1900,19193,11944,2601,1359,808,15,"hosted xlsx, sheet Monthly Prices (updated 2 Sept 2026)"
worldbank_cmo_pink_sheet,2019M07,61.5,64,62.9,57.5,72.1,65.8,2.36,3.62,10.13,80,307.5,283.8,263.5,265.5,1797,120.2,5941,1976,17978,13546,2447,1413,844,15.8,"hosted xlsx, sheet Monthly Prices (updated 2 Sept 2026)"
worldbank_cmo_pink_sheet,2019M08,57.7,59.3,58.9,54.8,65.6,60.4,2.22,3.68,10.86,78,292.9,275,262.5,265.5,1741,93.1,5709,2045,16609,15749,2273,1500,859,17.2,"hosted xlsx, sheet Monthly Prices (updated 2 Sept 2026)"
worldbank_cmo_pink_sheet,2019M09,60,62.3,60.8,57,66,61.4,2.58,4.21,10.14,77.5,285.8,270,237.8,265.5,1754,93.1,5759,2072,16831,17657,2332,1511,945,18.2,"hosted xlsx, sheet Monthly Prices (updated 2 Sept 2026)"
worldbank_cmo_pink_sheet,2019M10,57.3,59.4,58.5,54,69.2,67.4,2.33,5.06,9.98,77.5,277.4,270,237,265.5,1726,88.5,5757,2184,16603,17046,2452,1495,897,17.6,"hosted xlsx, sheet Monthly Prices (updated 2 Sept 2026)"
worldbank_cmo_pink_sheet,2019M11,60.4,62.7,61.4,57.1,67,73.6,2.65,5.15,10.04,74,248,264,224.5,265.5,1775,85,5860,2021,16335,15172,2425,1471,902,17.2,"hosted xlsx, sheet Monthly Prices (updated 2 Sept 2026)"
worldbank_cmo_pink_sheet,2019M12,63.4,65.9,64.4,59.8,66.2,76,2.24,4.62,10.06,72.5,238.2,243.3,217.5,265.5,1771,92.7,6077,1901,17141,13829,2273,1479,924,17.1,"hosted xlsx, sheet Monthly Prices (updated 2 Sept 2026)"
worldbank_cmo_pink_sheet,2020M01,61.6,63.6,63.8,57.5,69.7,82.1,2.03,3.63,9.89,72.5,264.9,239,215.4,268.7,1773,95.8,6031,1924,17029,13507,2354,1561,987,18,"hosted xlsx, sheet Monthly Prices (updated 2 Sept 2026)"
worldbank_cmo_pink_sheet,2020M02,53.3,55,54.5,50.5,67.6,80,1.92,2.91,9.89,72.5,279.4,245,214.4,243.4,1688,87.7,5688,1873,16480,12716,2113,1597,961,17.9,"hosted xlsx, sheet Monthly Prices (updated 2 Sept 2026)"
worldbank_cmo_pink_sheet,2020M03,32.2,33,33.8,29.9,66.7,67.9,1.79,2.72,10.21,71.9,276.2,245,231.1,235,1611,89,5183,1734,15291,11846,1904,1592,759,14.9,"hosted xlsx, sheet Monthly Prices (updated 2 Sept 2026)"
worldbank_cmo_pink_sheet,2020M04,21,23.3,23.3,16.5,58.6,56.6,1.74,2.12,10.01,70.8,282,245,235,220.4,1460,84.7,5058,1658,14953,11804,1903,1683,754,15.1,"hosted xlsx, sheet Monthly Prices (updated 2 Sept 2026)"
worldbank_cmo_pink_sheet,2020M05,30.4,31,31.6,28.6,52.5,57.4,1.75,1.58,10.08,72.9,263,243,201.9,222.2,1466,93.7,5240,1626,15402,12180,1975,1716,790,16.3,"hosted xlsx, sheet Monthly Prices (updated 2 Sept 2026)"
worldbank_cmo_pink_sheet,2020M06,39.5,39.9,40.1,38.3,52.2,56.8,1.61,1.75,8.97,75,273,240,202,226.3,1569,103.3,5755,1745,16838,12727,2026,1732,821,17.7,"hosted xlsx, sheet Monthly Prices (updated 2 Sept 2026)"
worldbank_cmo_pink_sheet,2020M07,42.1,42.8,42.6,40.8,51.6,56.6,1.74,1.8,7.79,75,305.1,262.2,214.4,237.5,1644,108.5,6372,1818,17470,13402,2177,1847,865,20.6,"hosted xlsx, sheet Monthly Prices (updated 2 Sept 2026)"
worldbank_cmo_pink_sheet,2020M08,43.4,44.3,43.7,42.4,50.1,57.4,2.3,2.86,6.34,76.9,341.9,276.3,249.5,240.4,1737,121.1,6499,1936,17650,14538,2410,1969,940,27,"hosted xlsx, sheet Monthly Prices (updated 2 Sept 2026)"
worldbank_cmo_pink_sheet,2020M09,40.6,41.1,41.1,39.6,54.6,57.5,1.92,3.95,5.88,79.4,358.4,282.5,250.5,247.8,1744,123.8,6705,1873,17951,14857,2442,1922,908,25.7,"hosted xlsx, sheet Monthly Prices (updated 2 Sept 2026)"
worldbank_cmo_pink_sheet,2020M10,39.9,40.5,39.7,39.5,58.4,61,2.25,4.89,6.18,80,357.1,290,245,255,1806,119.8,6714,1776,18177,15239,2441,1900,876,24.2,"hosted xlsx, sheet Monthly Prices (updated 2 Sept 2026)"
worldbank_cmo_pink_sheet,2020M11,42.3,43.2,42.6,41.1,64.4,69.4,2.59,4.84,6.86,82.5,359.6,292.5,245,250,1935,124.4,7069,1916,18522,15808,2672,1866,912,24.1,"hosted xlsx, sheet Monthly Prices (updated 2 Sept 2026)"
worldbank_cmo_pink_sheet,2020M12,48.7,49.9,49.3,47.1,83,85.2,2.54,5.86,7.66,83.3,388.5,320,245,246.3,2015,155.4,7772,2020,19732,16823,2780,1858,1028,25,"hosted xlsx, sheet Monthly Prices (updated 2 Sept 2026)"
worldbank_cmo_pink_sheet,2021M01,53.6,54.6,54.2,52.1,86.8,86.9,2.67,7.27,9,85,421.3,337.6,265,255.5,2004,169.6,7972,2015,21920,17863,2705,1867,1091,25.9,"hosted xlsx, sheet Monthly Prices (updated 2 Sept 2026)"
worldbank_cmo_pink_sheet,2021M02,60.5,62,60.4,59.1,86.7,82.8,5.07,6.16,9.88,88.1,528.9,453.8,335,290.6,2079,163.8,8471,2080,26316,18584,2745,1808,1207,27.3,"hosted xlsx, sheet Monthly Prices (updated 2 Sept 2026)"
worldbank_cmo_pink_sheet,2021M03,63.8,65.2,64,62.4,94.9,90.7,2.56,6.13,7.9,96.3,534.1,458,352.9,320.9,2190,168.2,8988,1948,27061,16407,2792,1718,1181,25.6,"hosted xlsx, sheet Monthly Prices (updated 2 Sept 2026)"
worldbank_cmo_pink_sheet,2021M04,63,64.8,62.4,61.7,92.2,89.1,2.61,7.15,8.28,95,543.4,478,328.1,345.5,2319,179.8,9325,2012,28328,16521,2829,1760,1209,25.7,"hosted xlsx, sheet Monthly Prices (updated 2 Sept 2026)"
worldbank_cmo_pink_sheet,2021M05,66.4,68,66,65.2,107,99.3,2.89,8.91,8.92,102.5,574.6,527.5,331.6,378.1,2434,207.7,10162,2182,32246,17577,2966,1850,1214,27.5,"hosted xlsx, sheet Monthly Prices (updated 2 Sept 2026)"
worldbank_cmo_pink_sheet,2021M06,71.8,73.1,71,71.4,130,112.9,3.23,10.3,9.62,125,604.8,550,393.3,462.5,2447,214.4,9632,2191,32503,17980,2952,1835,1124,27,"hosted xlsx, sheet Monthly Prices (updated 2 Sept 2026)"
worldbank_cmo_pink_sheet,2021M07,73.3,74.4,73,72.5,152,122.3,3.8,12.51,10.36,125,613,555,441.5,633,2498,214.1,9451,2338,34020,18819,2948,1808,1086,25.7,"hosted xlsx, sheet Monthly Prices (updated 2 Sept 2026)"
worldbank_cmo_pink_sheet,2021M08,68.9,70,68.9,67.7,169.6,137.9,4.05,15.43,10.8,136.9,603.1,555,446.9,695,2603,162.2,9370,2414,35024,19141,2988,1785,1009,24,"hosted xlsx, sheet Monthly Prices (updated 2 Sept 2026)"
worldbank_cmo_pink_sheet,2021M09,72.8,74.6,72.2,71.6,185.7,146.1,5.11,22.84,11.44,147.5,643.8,573.8,418.8,736.3,2835,124.5,9325,2248,34887,19377,3036,1775,973,23.2,"hosted xlsx, sheet Monthly Prices (updated 2 Sept 2026)"
worldbank_cmo_pink_sheet,2021M10,82.1,83.7,81.2,81.3,224.5,199.7,5.48,31.05,12.38,147.5,672.9,618,695,782,2934,122.9,9829,2345,37723,19362,3360,1777,1017,23.4,"hosted xlsx, sheet Monthly Prices (updated 2 Sept 2026)"
worldbank_cmo_pink_sheet,2021M11,79.9,80.8,79.8,79.2,157.5,128,5.02,27.62,15.25,153.1,726.7,665,900.5,806.9,2636,96.2,9729,2330,39159,19933,3311,1822,1038,24.2,"hosted xlsx, sheet Monthly Prices (updated 2 Sept 2026)"
worldbank_cmo_pink_sheet,2021M12,72.9,74.3,72.8,71.5,169.7,142.5,3.73,38.03,15.32,176.7,745,686.7,890,807.5,2696,117,9551,2302,39423,20016,3399,1790,945,22.5,"hosted xlsx, sheet Monthly Prices (updated 2 Sept 2026)"
worldbank_cmo_pink_sheet,2022M01,83.9,85.5,83.1,83.1,197,168.5,4.33,28.26,14.69,173.1,699.4,674.4,846.4,785.6,3006,132.5,9782,2332,41792,22355,3599,1816,994,23.2,"hosted xlsx, sheet Monthly Prices (updated 2 Sept 2026)"
worldbank_cmo_pink_sheet,2022M02,93.5,95.8,93.1,91.7,219.8,196.4,4.66,27.23,17,172.5,747.1,680,744.2,791.9,3246,142.8,9943,2297,43983,24016,3620,1856,1049,23.5,"hosted xlsx, sheet Monthly Prices (updated 2 Sept 2026)"
worldbank_cmo_pink_sheet,2022M03,112.4,115.6,113.1,108.5,314,294.4,4.88,42.39,15.11,178.8,938.1,792.5,872.5,977.5,3498,152.1,10231,2345,43950,33924,3962,1948,1043,25.3,"hosted xlsx, sheet Monthly Prices (updated 2 Sept 2026)"
worldbank_cmo_pink_sheet,2022M04,103.4,105.8,102.7,101.8,310.9,302,6.53,32.2,16.29,249.5,954,856,925,1202,3244,151.3,10161,2380,42991,33133,4360,1937,965,24.5,"hosted xlsx, sheet Monthly Prices (updated 2 Sept 2026)"
worldbank_cmo_pink_sheet,2022M05,110.1,112.4,108.3,109.6,371.9,280,8.14,29.17,16.68,255,842.5,827.5,707.5,1170,2830,131.2,9377,2142,35769,28063,3751,1849,958,21.9,"hosted xlsx, sheet Monthly Prices (updated 2 Sept 2026)"
worldbank_cmo_pink_sheet,2022M06,116.8,120.1,115.7,114.6,374.1,291.4,7.67,33.56,15.53,287.5,783.8,730.1,690,1101.9,2563,130.7,9024,2066,31559,25659,3630,1837,957,21.6,"hosted xlsx, sheet Monthly Prices (updated 2 Sept 2026)"
worldbank_cmo_pink_sheet,2022M07,105.1,108.9,106.5,99.9,402.2,269.1,7.26,51.33,18.88,320,784,736,601,1013,2408,108.6,7545,1985,25396,21482,3105,1733,869,19.1,"hosted xlsx, sheet Monthly Prices (updated 2 Sept 2026)"
worldbank_cmo_pink_sheet,2022M08,96,98.6,97.8,91.6,407,274.6,8.79,70.04,21.21,320,749.4,703.8,591.3,888.8,2431,108.9,7982,2073,24647,22057,3588,1765,909,19.7,"hosted xlsx, sheet Monthly Prices (updated 2 Sept 2026)"
worldbank_cmo_pink_sheet,2022M09,88.2,90.2,90.6,83.9,430.8,235,7.76,59.1,23.73,320,752,708,678,731,2225,99.8,7746,1870,21124,22774,3125,1681,881,18.9,"hosted xlsx, sheet Monthly Prices (updated 2 Sept 2026)"
worldbank_cmo_pink_sheet,2022M10,90.3,93.1,90.6,87.3,389.8,191.2,5.62,39.02,21.84,317.5,725,675,636.3,622.5,2256,92.6,7651,2000,19391,22033,2967,1664,915,19.4,"hosted xlsx, sheet Monthly Prices (updated 2 Sept 2026)"
worldbank_cmo_pink_sheet,2022M11,87.4,91.1,86.3,84.8,342.2,169.1,5.28,35.72,19.59,300,665.6,625,588.8,563.1,2351,93.3,8050,2100,21250,25563,2939,1725,989,21,"hosted xlsx, sheet Monthly Prices (updated 2 Sept 2026)"
worldbank_cmo_pink_sheet,2022M12,78.1,80.9,76.8,76.5,379.2,215,5.5,36.04,20.58,300,625,584.4,519.4,513.8,2402,111.8,8375,2216,24172,28947,3129,1798,1011,23.3,"hosted xlsx, sheet Monthly Prices (updated 2 Sept 2026)"
worldbank_cmo_pink_sheet,2023M01,80.4,83.1,80,78.1,318,172,3.27,20.18,20.19,300,631,569.4,443.8,508.8,2502,122.2,9038,2201,28154,28195,3310,1898,1053,23.7,"hosted xlsx, sheet Monthly Prices (updated 2 Sept 2026)"
worldbank_cmo_pink_sheet,2023M02,80.3,82.7,81.2,76.8,207.5,144.7,2.38,16.54,18.42,322.5,612.5,547.5,357.5,496.9,2416,127.6,8937,2093,26863,26728,3134,1855,959,21.9,"hosted xlsx, sheet Monthly Prices (updated 2 Sept 2026)"
worldbank_cmo_pink_sheet,2023M03,76.5,78.5,77.5,73.4,187.2,136.8,2.3,13.81,16.03,345,606,537.5,313.5,453,2296,128.4,8856,2115,24000,23289,2967,1913,971,22,"hosted xlsx, sheet Monthly Prices (updated 2 Sept 2026)"
worldbank_cmo_pink_sheet,2023M04,82.5,84.1,83.8,79.4,194.3,133.7,2.16,13.52,14.37,345,637,550,313.4,407.5,2343,117.4,8809,2149,25794,23895,2768,2000,1051,25,"hosted xlsx, sheet Monthly Prices (updated 2 Sept 2026)"
worldbank_cmo_pink_sheet,2023M05,74.1,75.7,75.1,71.6,160.5,103,2.15,10.11,13.43,345,510,485.6,329.3,372.5,2269,105.2,8217,2084,25534,21970,2476,1992,1063,24.3,"hosted xlsx, sheet Monthly Prices (updated 2 Sept 2026)"
worldbank_cmo_pink_sheet,2023M06,73.3,74.9,74.7,70.2,139.4,98.6,2.18,10.35,12.68,344.5,454.6,390,287.5,328,2185,113.5,8397,2123,27217,21233,2375,1943,971,23.4,"hosted xlsx, sheet Monthly Prices (updated 2 Sept 2026)"
worldbank_cmo_pink_sheet,2023M07,79,80.1,80.5,76.4,140.6,96.8,2.55,9.55,12.99,342.5,458.8,392.3,334.6,341.3,2160,114.4,8477,2109,28743,21091,2405,1951,950,24.3,"hosted xlsx, sheet Monthly Prices (updated 2 Sept 2026)"
worldbank_cmo_pink_sheet,2023M08,84.7,86.2,86.6,81.4,152.6,97.6,2.58,11.19,12.54,346.3,528.8,450.6,385.6,353.1,2137,110.2,8349,2154,26075,20439,2407,1919,925,23.4,"hosted xlsx, sheet Monthly Prices (updated 2 Sept 2026)"
worldbank_cmo_pink_sheet,2023M09,92.2,94,93.1,89.6,162.5,99.9,2.64,11.55,12.21,347.5,527.9,461.5,380,352,2185,121,8277,2252,25574,19645,2496,1916,921,23.1,"hosted xlsx, sheet Monthly Prices (updated 2 Sept 2026)"
worldbank_cmo_pink_sheet,2023M10,89.1,91.1,90.6,85.6,142.1,128.4,2.99,14.57,12.62,347.5,534.8,468.1,411.4,341.9,2192,119,7937,2134,24536,18281,2449,1916,892,22.4,"hosted xlsx, sheet Monthly Prices (updated 2 Sept 2026)"
worldbank_cmo_pink_sheet,2023M11,81.4,83.2,83.5,77.4,126.8,109,2.71,14.49,12.72,347.5,535.6,462.6,385.5,331.9,2202,131.1,8190,2188,24168,17027,2544,1984,906,23.5,"hosted xlsx, sheet Monthly Prices (updated 2 Sept 2026)"
worldbank_cmo_pink_sheet,2023M12,75.7,77.9,77.2,72.1,141.8,108.8,2.53,11.51,14.44,152.5,563.8,447.5,354,311.9,2182,137.1,8400,2027,24600,16461,2502,2026,935,23.9,"hosted xlsx, sheet Monthly Prices (updated 2 Sept 2026)"
worldbank_cmo_pink_sheet,2024M01,77.7,80.2,78.9,73.9,124.9,106.8,3.18,9.56,14.34,152.5,596.3,450.6,335.4,296.3,2193,135.8,8339,2086,25100,16104,2515,2034,926,22.9,"hosted xlsx, sheet Monthly Prices (updated 2 Sept 2026)"
worldbank_cmo_pink_sheet,2024M02,80.5,83.8,81.2,76.7,124.2,105.2,1.72,8.15,13.64,152.5,583.8,454.4,351.3,289.4,2179,124.4,8305,2080,26104,16338,2360,2023,894,22.7,"hosted xlsx, sheet Monthly Prices (updated 2 Sept 2026)"
worldbank_cmo_pink_sheet,2024M03,83.5,85.4,84.7,80.5,131.5,104.8,1.5,8.55,13.19,152.5,617.5,449,330,300.5,2226,109.8,8689,2056,27450,17439,2461,2158,909,24.5,"hosted xlsx, sheet Monthly Prices (updated 2 Sept 2026)"
worldbank_cmo_pink_sheet,2024M04,88,90.1,89.4,84.6,135,104.9,1.6,9.09,11.88,152.5,545,442.5,320,305,2506,112.8,9464,2129,31775,18164,2733,2331,940,27.5,"hosted xlsx, sheet Monthly Prices (updated 2 Sept 2026)"
worldbank_cmo_pink_sheet,2024M05,81.4,82,83.5,78.8,142,105.6,2.13,10.12,12.16,152.5,522,434.9,284.8,307,2565,118.9,10139,2221,32978,19587,2959,2351,1015,29.4,"hosted xlsx, sheet Monthly Prices (updated 2 Sept 2026)"
worldbank_cmo_pink_sheet,2024M06,81.2,82.6,82.2,78.9,135.1,105.3,2.51,10.87,12.13,152.5,543,473.8,336.3,310,2498,107.5,9648,2147,32033,17498,2809,2326,985,29.6,"hosted xlsx, sheet Monthly Prices (updated 2 Sept 2026)"
worldbank_cmo_pink_sheet,2024M07,83.3,85.3,83.9,80.5,137.6,105.3,2.08,10.35,12.49,152.5,539.4,505.8,342.5,300.6,2349,106.9,9385,2107,31860,16335,2777,2398,979,29.8,"hosted xlsx, sheet Monthly Prices (updated 2 Sept 2026)"
worldbank_cmo_pink_sheet,2024M08,78.1,80.9,78,75.6,145.8,106.2,1.99,12.37,13.32,152.5,546,507.2,342.5,294,2344,99.9,8972,1995,31492,16292,2714,2470,945,28.5,"hosted xlsx, sheet Monthly Prices (updated 2 Sept 2026)"
worldbank_cmo_pink_sheet,2024M09,72.4,74.3,73.4,69.6,139.2,106.1,2.25,11.78,12.97,152.5,554.8,504.4,337.5,286.9,2450,92.8,9237,2000,31472,16077,2837,2571,967,30.1,"hosted xlsx, sheet Monthly Prices (updated 2 Sept 2026)"
worldbank_cmo_pink_sheet,2024M10,74,75.7,74.7,71.6,146.6,106.8,2.21,12.92,12.54,152.5,573.4,503.8,374.8,278.1,2596,101.4,9534,2034,32012,16766,3106,2690,999,32.4,"hosted xlsx, sheet Monthly Prices (updated 2 Sept 2026)"
worldbank_cmo_pink_sheet,2024M11,72.3,74.4,72.8,69.7,142.1,106.8,2.1,13.93,12.82,152.5,574.5,491,352.3,281,2582,100.5,9076,1988,29655,15723,3004,2651,966,31.1,"hosted xlsx, sheet Monthly Prices (updated 2 Sept 2026)"
worldbank_cmo_pink_sheet,2024M12,72.3,73.8,73.3,69.8,129.8,105.5,3.02,13.86,12.64,152.5,568.3,477.5,352,292.5,2541,102.2,8916,1990,28865,15445,3034,2648,938,30.8,"hosted xlsx, sheet Monthly Prices (updated 2 Sept 2026)"
worldbank_cmo_pink_sheet,2025M01,78.2,79.2,80.1,75.1,118.6,103.3,4.1,14.66,13.19,152.5,582.7,478,380.5,302,2573,99.6,8991,1921,29612,15394,2819,2710,949,30.4,"hosted xlsx, sheet Monthly Prices (updated 2 Sept 2026)"
worldbank_cmo_pink_sheet,2025M02,73.8,75.2,75,71.3,106.9,100.4,4.22,15.34,12.78,152.5,603.8,480.6,436.5,318.8,2658,105.1,9331,1957,31833,15288,2800,2895,978,32.2,"hosted xlsx, sheet Monthly Prices (updated 2 Sept 2026)"
worldbank_cmo_pink_sheet,2025M03,70.7,72.6,71.7,67.8,104,98,4.13,13.24,12.55,152.5,615.1,478.5,394.5,336.3,2658,100.1,9740,2033,34048,16066,2889,2983,980,33.2,"hosted xlsx, sheet Monthly Prices (updated 2 Sept 2026)"
worldbank_cmo_pink_sheet,2025M04,65.9,67.7,66.9,63.1,98.6,95.6,3.4,11.59,12.68,152.5,635,496,386.9,351.9,2372,97.2,9177,1903,32565,15113,2622,3218,959,32.2,"hosted xlsx, sheet Monthly Prices (updated 2 Sept 2026)"
worldbank_cmo_pink_sheet,2025M05,62.7,64.2,63,61,104.4,94.3,3.12,11.66,12.32,152.5,669.2,541.5,392,362.5,2449,97,9533,1958,31981,15346,2644,3309,980,32.8,"hosted xlsx, sheet Monthly Prices (updated 2 Sept 2026)"
worldbank_cmo_pink_sheet,2025M06,69.1,71.5,68.5,67.5,109,93.8,3.02,12.37,12.17,152.5,715.4,641.3,420.5,363.1,2526,92.3,9835,1974,32544,15003,2655,3353,1251,36,"hosted xlsx, sheet Monthly Prices (updated 2 Sept 2026)"
worldbank_cmo_pink_sheet,2025M07,69.2,71,69.2,67.4,112.9,93.6,3.19,11.62,11.91,152.5,736,655,496,362.5,2606,97.3,9771,1993,33610,15034,2763,3340,1391,37.7,"hosted xlsx, sheet Monthly Prices (updated 2 Sept 2026)"
worldbank_cmo_pink_sheet,2025M08,66.7,68.2,67.9,64.1,112.2,93.3,2.91,11.15,11.79,152.5,795.1,662.9,507.7,356.5,2597,99.7,9670,1947,33834,14949,2789,3368,1343,38.2,"hosted xlsx, sheet Monthly Prices (updated 2 Sept 2026)"
worldbank_cmo_pink_sheet,2025M09,66.5,68,67.8,63.7,106.3,92.3,2.97,11.12,11.47,152.5,780.6,664.4,461.1,352.5,2653,103.3,9984,1955,34484,15106,2933,3668,1435,42.8,"hosted xlsx, sheet Monthly Prices (updated 2 Sept 2026)"
worldbank_cmo_pink_sheet,2025M10,63,64.7,64.3,60.2,107.5,91.6,3.2,10.89,11.1,152.5,754,658.5,394.4,352,2793,103.5,10740,1968,36012,15092,3152,4058,1616,49.4,"hosted xlsx, sheet Monthly Prices (updated 2 Sept 2026)"
worldbank_cmo_pink_sheet,2025M11,62.3,63.6,63.8,59.6,112.6,91.6,3.79,10.42,11.15,152.5,708.3,636.3,409.3,353.8,2819,102.5,10812,1998,36963,14671,3177,4087,1565,50.4,"hosted xlsx, sheet Monthly Prices (updated 2 Sept 2026)"
worldbank_cmo_pink_sheet,2025M12,60.9,62.7,62,57.9,107.7,90.9,4.25,9.48,11.32,152.5,627.5,538.5,392.5,358.3,2876,104.6,11785,1940,41220,14884,3168,4309,1893,62.3,"hosted xlsx, sheet Monthly Prices (updated 2 Sept 2026)"
worldbank_cmo_pink_sheet,2026M01,63.7,66.8,63.9,60.3,109.8,90.6,7.58,11.76,11.49,152.5,619.2,529.2,415.4,366,3142,105.5,13012,1995,49538,17769,3213,4753,2434,92.1,"hosted xlsx, sheet Monthly Prices (updated 2 Sept 2026)"
worldbank_cmo_pink_sheet,2026M02,68,71.1,68.4,64.6,118.4,91.2,3.61,11.24,11.32,152.5,626.5,536.3,472,372.5,3065,98.8,12951,1917,48694,17173,3324,5020,2137,81.9,"hosted xlsx, sheet Monthly Prices (updated 2 Sept 2026)"
worldbank_cmo_pink_sheet,2026M03,95.6,103.7,91.9,91.2,138.6,93.8,3.06,17.91,11.42,152.5,658.3,558.1,725.6,380.6,3373,104.5,12529,1878,47324,17076,3182,4856,2046,77.9,"hosted xlsx, sheet Monthly Prices (updated 2 Sept 2026)"
worldbank_cmo_pink_sheet,2026M04,103.9,120.4,92.7,98.6,130.9,94.8,2.77,15.41,15.65,152.5,725.3,658.1,856.9,401.3,3600,106.1,12951,1930,48806,17962,3364,4721,2028,75.9,"hosted xlsx, sheet Monthly Prices (updated 2 Sept 2026)"
worldbank_cmo_pink_sheet,2026M05,100.4,107.5,94.7,99.1,136.9,95.6,2.93,16.17,12.88,152.5,769.5,713.5,770.5,405,3666,108.6,13543,1991,53563,18806,3482,4587,1998,78,"hosted xlsx, sheet Monthly Prices (updated 2 Sept 2026)"
worldbank_cmo_pink_sheet,2026M06,81.7,85.4,77.7,81.9,138.5,96.3,3.15,15.17,11.79,156.9,783.8,735.6,453.1,402.5,3439,100.8,13552,1946,53037,17588,3539,4228,1726,66.7,"hosted xlsx, sheet Monthly Prices (updated 2 Sept 2026)"
worldbank_cmo_pink_sheet,2026M07,79.8,83.4,76.7,79.4,131.9,96.3,2.89,18.06,13.85,170,781.3,719.5,400,396.5,3161,98.2,13543,1842,52971,16651,3599,4073,1622,58.8,"hosted xlsx, sheet Monthly Prices (updated 2 Sept 2026)"
worldbank_cmo_pink_sheet,2026M08,84.4,90.9,79.7,82.7,135.2,96.8,2.77,21.11,13.94,170,793.5,704.4,390,386.9,3251,96.3,14326,1855,55385,16751,3875,4411,1780,65.4,"hosted xlsx, sheet Monthly Prices (updated 2 Sept 2026)"
