domain_dir,id,tier,short_title,journal_or_series,year,doi_or_url,authors_short,access_status,pipeline_mapping
01_density_and_population,carry2012,T1,Density of asteroids,Planetary and Space Science 73:98-118 (2012); arXiv:1203.4336 preprint read,2012,https://doi.org/10.1016/j.pss.2012.03.009 / arXiv:1203.4336,"Carry, B.; Enke, H.L.; et al.","verified_live_not_pulled — full text read on this machine and hosted here until 2026-09-26, when it was un-hosted because its licence does not permit redistribution (arxiv-nonexclusive (arXiv:1203.4336 abs page: arxiv.org/licenses/nonexclusive-distrib/1.0; checked 2026-09-26)). Removed copy: 5680004 bytes, sha256 1e863e5ffb1c1937…, for checking a re-pull. Numbers the repo uses: extracted_data/carry2012_density_by_type.csv, extracted_data/unhosted_sources_key_numbers.csv. R71 (2026-09-27): full extraction from the copy restored from git 5dd58d5 (sha256 matched): extracted_data/r71_carry2012_*.csv.",TAXONOMY_COMPOSITION densities (all 32 types); porosity limitation note; S/C rows gain a real citation
01_density_and_population,simda2024,T3,"Size, Mass and Density of Asteroids (SiMDA)",live web archive + PDS SBN dataset; EPSC-2020 abstract DOI 10.5194/epsc2020-690,2024,https://astro.kretlow.de/simda/catalog/?_export=csv / https://sbn.psi.edu/pds/resource/density.html,"Kretlow, M.","open_service (live SiMDA CSV export verified from this machine; derived per-class stats committed. Reclassed 2026-09-26 from open_not_pulled, which is for items a publisher blocks.)",TAXONOMY_COMPOSITION densities: median-based anchors for all 20 classes with measurements; B/L/K rows flagged low
01_density_and_population,dziadura2023,T1,The Yarkovsky effect and bulk density of NEAs from Gaia DR3,"Astronomy & Astrophysics 680, A77 (CC-BY-4.0)",2023,https://doi.org/10.1051/0004-6361/202347342,"Dziadura, K.; Oszkiewicz, D.; Spoto, F.; Carry, B.; Tanga, P.; Bartczak, P.","verified_live_not_pulled — R73 (2026-09-27): publisher PDF pulled from the Universidad de Alicante repository RUA (hdl 10045/140270; 3,408,326 bytes, sha256 a303630ac0fc72e4f6841b6390d32ef360d8404a14c89393078846baa5ba56ba); its p1 footer states CC BY 4.0, so it could be hosted if the owner approves; aanda.org still serves a DataDome challenge. Read in full: r73_dziadura2023_* (Table A.1 57 NEA densities, Table 2, reference key, key numbers)","TAXONOMY_COMPOSITION densities for NEA-relevant types; largest peer-reviewed density sample of the target population R73: Table A.1 extracted (57 accepted + marginal NEAs); S-type median 1367 kg/m3 (N=23), Q 1473 (N=9) against upstream S 2.7 / Q 3.0 g/cm3 (rc-045, rc-046)."
01_density_and_population,lodders_palme2009,T2,Solar System Elemental Abundances in 2009 (CI chondrite table),"72nd Meteoritical Society Meeting abstract, LPI-hosted PDF",2009,https://lpi.usra.edu/meetings/metsoc2009/pdf/5154.pdf,"Lodders, K.; Palme, H.","verified_live_not_pulled — full text read on this machine and hosted here until 2026-09-26, when it was un-hosted because its licence does not permit redistribution (unknown (LPI-hosted meeting abstract; no licence statement; checked 2026-09-26)). Removed copy: 15554 bytes, sha256 3444e51aa3fef3c5…, for checking a re-pull. Numbers the repo uses: extracted_data/lodders_palme2009_ci_pgm.csv. R71 (2026-09-27): full extraction from the copy restored from git 5dd58d5 (sha256 matched): extracted_data/r71_lodders_palme2009_*.csv.",PGM baseline: CI bulk-rock PGM total 3.29 ppm -> ~37 ppm in metal phase validates catalog.py header claim
01_density_and_population,epsc2022_context,T2,Composition of large asteroids collided with the Earth (EPSC-2022),Europlanet Science Congress abstract,2022,https://doi.org/10.5194/epsc2022-106 / https://meetingorganizer.copernicus.org/EPSC2022/EPSC2022-106.html,"Schmidt, G.","verified_live_not_pulled — R73 (2026-09-27): the Copernicus HTML abstract page is now readable without login (saved copy 122,967 bytes, sha256 7ab2d1b0482525a9e28da58458af3e71f68cf9314f48d634dbe2480b135a4178); CC BY 4.0 per the page; numbers in r73_epsc2022_context_key_numbers.csv","context for PGM_ENRICHMENT_BY_TYPE differentiation argument: chondritic Ru/Ir 1.51 +/- 0.05 separates chondrites from most iron meteorites; projectile fractions in large-crater melts (R73). Gives PGE ratios, not absolute PGE concentrations."
01_density_and_population,harris_dabramo_2021,T1,The population of near-earth asteroids revisited and updated,Icarus (OA; Elsevier PDF endpoint bot-blocks this machine),2021,https://doi.org/10.1016/j.icarus.2021.114452,"Harris, A.W.; D'Abramo, G.","open_not_pulled (is_oa=true per OpenAlex; pullable from a normal browser like dziadura2023) | R73 (2026-09-27): ScienceDirect serves a Cloudflare challenge; OpenAlex, Semantic Scholar and CORE list no repository copy; still needs a browser","CORRECTED NEA population estimate (fixes the MPC H-rounding error in the authors' 2015 estimate); census boundary = discoveries through 2020-08-03, pair with catalog_date on output CSVs"
01_density_and_population,adam_2017,T1,Volumes and bulk densities of forty asteroids from ADAM shape modeling,Astronomy & Astrophysics (OA; A&A bot-blocks this machine — same class as dziadura2023),2017,https://doi.org/10.1051/0004-6361/201629956,see paper for full author list (ADAM collaboration),"verified_live_not_pulled — arXiv:1702.01996v1 read in full in R71 (2026-09-27) from a copy the owner downloaded (DOWNLOADS.md section B); arXiv default licence, so extract only. The aanda.org PDF route still 403s from automated clients. Numbers: extracted_data/r71_adam_2017_*.csv (Tables 2, 4 and 6 plus key numbers).","peer-reviewed bulk densities of 40 asteroids derived from ADAM shape models + lightcurves/occultations — an independent per-body density sample that can be joined to taxonomic class for another check on TAXONOMY_COMPOSITION (esp. D-types, which carry2012 never measured) Context-only (2026-09-26): full text not reachable from this machine; per-body densities still to be extracted."
01_density_and_population,wilkinson_robinson_2000,T1,"Wilkinson & Robinson, 'Bulk density of ordinary chondrite meteorites and implications for asteroidal internal structure'",Meteoritics & Planetary Science 35:1203-1213,2000,https://doi.org/10.1111/j.1945-5100.2000.tb01509.x,"Wilkinson, Robinson","verified_live_not_pulled — R73 (2026-09-27): scanned full text from the NASA ADS article service (articles.adsabs.harvard.edu/pdf/2000M&PS...35.1203W; 356,939 bytes, sha256 da22b808a47175cb7d85f688ded0ecd89965d71e21183e119c57ddae81614b03), (c) Meteoritical Society, no redistribution licence, extract only; Wiley still bot-blocks. Read in full from page images: r73_wilkinson_robinson_2000_* (Tables 1-6, Appendix 1, key numbers); the registry citation 35(6):1479-1488 was wrong, corrected to 35:1203-1213","S-type meteorite-side density anchor: H=3.44±0.19 / L=3.40±0.15 / LL=3.29±0.17 g/cm^3 measured on hand samples (82 samples, ~1% accuracy); intra-group spread 3.0-3.8 at near-invariant composition => density tracks porosity/texture not chemistry within a group; the gap vs carry2012's S-type asteroid median ~2.70 is km-scale macro-porosity/rubble structure — exactly what our table encodes (S=2.70). Cite alongside carry2012 Table 3 for any S/Sl/Sk discussion. R73: all 82 sample densities extracted; group means recompute to the printed H 3.44 / L 3.40 / LL 3.29."
01_density_and_population,siltala_granvik_2021,T1,"Siltala & Granvik, 'Mass and Density of Asteroid (16) Psyche' — Astrophysical Journal Letters 913:L7, DOI 10.3847/2041-8213/abe948 | arXiv:2103.01707 preprint hosted",ApJL,2021,https://doi.org/10.3847/2041-8213/abe948,"Siltala, Granvik",full_text_hosted (arXiv:2103.01707 preprint; IOP article page bot-blocks this machine),M-row density anchor: bulk density of 16 Psyche = 3.88 +/- 0.25 g/cm^3 from mass estimate (method validated against Dawn's Ceres/Vesta masses) + latest volume. RULES OUT an exposed solid iron core; consistent with ferrovolcanism / metal-silicate mix. This is the measurement behind our M-row revision to density_est_gcm3=3.90 and metal_fraction=0.50 (catalog.py v1.0.8 note cites exactly this paper).
01_density_and_population,kretlow_2022_rosa_mass_density,T1,"Kretlow, 'An astrometric mass estimate for asteroid (223) Rosa' — first direct bulk-density measurement of a confirmed Tholen P-type; gravitational deflection of test asteroids in 3 close encounters","Astronomy & Astrophysics 668:A141 (arXiv:2210.03993v1 hosted, CC BY-NC-SA 4.0)",2022,https://doi.org/10.1051/0004-6361/202243968,Kretlow,"full_text_hosted (arXiv:2210.03993v1; the hosted arXiv version is CC BY-NC-SA 4.0 — re-checked 2026-09-26, see full_texts_manifest.csv)","P-row density anchor: M = (5.32+/-2.17)e17 and (3.15+/-1.14)e17 kg from two independent encounters, weighted mean (3.62+/-1.25)e17 kg; with D = 83+/-8 km gives bulk density rho = 1.2 +/- 0.5 g/cm^3 — 'consistent with typical densities for Tholen taxonomy P-type asteroids' (p.1 abstract + p.4). simda2024 has NO measured bodies for class P; this is the first direct P-class density and CONTRADICTS our catalog.py P-row value 1.80 g/cm^3 (which matches the pre-2022 literature value Kretlow says 'did not match very well' — p.1). Revision candidate: P-row density_est_gcm3 -> ~1.2; NOT applied (target repo read-only)."
01_density_and_population,chesley_2014_bennu_orbit_bulk_density,T1,"Chesley, Farnocchia, Nolan et al. (JPL/Arecibo), 'Orbit and Bulk Density of the OSIRIS-REx Target Asteroid (101955) Bennu' — Icarus 235:5-22, DOI 10.1016/j.icarus.2014.02.020 | arXiv:1402.5573v1 preprint read (accepted by Icarus Feb 19 2014)",Icarus,2014,https://doi.org/10.1016/j.icarus.2014.02.020,"Chesley, Farnocchia, Nolan et al.","verified_live_not_pulled — full text read on this machine and hosted here until 2026-09-26, when it was un-hosted because its licence does not permit redistribution (arxiv-nonexclusive (arXiv:1402.5573 abs page: arxiv.org/licenses/nonexclusive-distrib/1.0; checked 2026-09-26)). Removed copy: 1231590 bytes, sha256 55a96542ba2f2116…, for checking a re-pull. Numbers the repo uses: extracted_data/r40_bennu_mass_density_key_numbers.csv. Earlier record: arXiv:1402.5573v1 preprint; Icarus/Elsevier article page bot-blocks this machine R71 (2026-09-27): full extraction from the copy restored from git 5dd58d5 (sha256 matched): extracted_data/r71_chesley_2014 and r72_chesley_2014_*.csv.","Bennu mass/density anchor for environments.csv row '101955 Bennu' (mass_kg = 7.329e10, mean_radius_m = 244.5; implied bulk density ~1197 kg/m^3). Table 7 (p.56): rho = 1260 +/- 70 kg/m^3 (= 1.26 g/cm^3), M = (7.8+/-0.9)e10 kg, GM = 5.2+/-0.6 m^3/s^2, area-to-mass ratio 2.4e-6 m^2/kg — our mass sits INSIDE the paper's error bars (-0.8 sigma) and implied density is within ~6% of rho;method = optical astrometry 1999-2013 + radar delay (Arecibo) constraining Yarkovsky drift da/dt = (-19.0+/-0.1)e-4 au/Myr, combined with thermal-force modeling of the known shape; macroporosity 40 +/- 10% for likely analog meteorites. INDEPENDENT pre-mission check (2014) on our best-characterized body: our value agrees without any OSIRIS-REx data. Sibling row Ryugu still cites Watanabe et al. 2019 Science unregistered; Eros/Didymos/Ceres characterization papers likewise not yet pulled — open items for future rounds."
01_density_and_population,berthier_2023_ssodnet,T1,"Berthier, Carry, Mahlke & Normand (IMCCE/OCA), 'SsODNet: Solar system Open Database Network' — the service behind ssoBFT; bulk parquet parsed live this round",A&A 671:A151,2023,https://doi.org/10.1051/0004-6361/202244878 / arXiv:2209.10697v4,"Berthier, Carry, Mahlke & Normand (IMCCE/OCA)",full_text_hosted (arXiv v4 preprint; bulk ssoBFT parquet 855.8 MB hash-recorded — exceeds repo's ~36 MB max committed file),"Stage-1 data backbone for economicspace/AsteroidCatalog (citation required per service): best-of-literature diameter/albedo/mass/density/rotation/taxonomy cross-matched from ~3000 catalogs. Cross-check of all 5 environments.csv bodies: Eros mass EXACT; Ryugu +0.44σ, Didymos -0.12σ, Ceres to 4 sig figs — inside error bars; Bennu agrees absolute 0.02%. Carries per-body delta_v column (best total Δv to rendezvous) = future anchor candidate for spacecost approach rows"
01_density_and_population,mainzer_2019_neowise_v2,T3,"Mainzer et al., 'NEOWISE Diameters and Albedos V2.0' — PDS SBN release urn:nasa:pds:neowise_diameters_albedos::2.0 (citation required per dataset)",NASA Planetary Data System,2019,https://doi.org/10.26033/18S3-2Z54,"Mainzer, Bauer, Cutri, Grav, Kramer, Masiero, Sonnett & Wright",full_text_hosted (entire PDS bundle zip committed — all 7 data tables + docs; TAP table neowisesbpropv2 verified live this round),"Stage-1 diameter/albedo backbone for AsteroidCatalog fetch_neowise. Bundle row count cross-checked: 183,419 rows vs TAP live 183,412 (version drift). KEY FINDING: all 5 environments.csv headline bodies (Bennu/Ryugu/Eros/Didymos/Ceres) are ABSENT from every table — verified by zero-padded MPC designation; consistent with the dataset excluding bodies that have better radar/spacecraft/lightcurve determinations, so our target rows source diameter/albedo from ssoBFT+SBDB instead"
01_density_and_population,jpl_sbdb_small_body_database,T3,"NASA/JPL Small-Body Database (SBDB) — orbital + physical backbone queried live this round; per-object API intermittently 400s from this machine, full-table scan verified",JPL Solar System Dynamics,2026,https://ssd-api.jpl.nasa.gov/sbdb_query.api,NASA/JPL (SSD team),"open_service (bulk full-table scan verified live R41, count=1,566,680; per-object endpoint RESOLVED R42 — ssd-api.jpl.nasa.gov/sbdb.api?sstr=<name> works live from this machine and was used to resolve the Bennu/Hermes identity anomaly in the ssoBFT delta_v mining; R41's 'per-object 400s' were a wrong parameter on the bulk-only sbdb_query.api, recorded then as observed)",Stage-1 orbital+physical backbone for AsteroidCatalog fetch_jpl: designations/elements/H/diameter/albedo/taxonomy + orbit-quality fields. Live sample this round: count=1566680 asteroids; Ceres D=939.4 km pV=0.090 H=3.34 -> our environments.csv radius 469730 m agrees to +0.01%
01_density_and_population,fowler_chillemi_1992_iras_mps_diameter_formula,T2,"Fowler & Chillemi, 'IRAS Asteroid Data Processing' (ch.4 of The IRAS Minor Planet Survey) — source of the D = 1329/sqrt(pV)*10^(-H/5) diameter formula used by AsteroidCatalog",NASA Tech Report PL-TR-92-2049,1992,https://ntrs.nasa.gov/citations/19940005152,Fowler & Chillemi (JPL),full_text_hosted (NTRS public-domain scan; ch.4 'IRAS Asteroid Data Processing' extracted as 28-page PDF — full report is 456 pp/23 MB),"Anchors the diameter-from-H formula in AsteroidCatalog: D_km = 1329/sqrt(pV)*10^(-H/5). The NTRS scan's OCR layer garbles the equation glyphs (exponent digits rendered as stray marks), so the constant was verified NUMERICALLY instead: fit C over n=149277 (H / pV / D) triples from ssoBFT -> implied-C p05/p50/p95 = 1328.4 / exactly 1329.0 / 1329.6 — airtight against ~149k real bodies; our C=1329 is the standard form"
01_density_and_population,demeo_2009_bus_taxonomy_near_ir,T1,"DeMeo, Binzel, Slivan & Bus, 'An extension of the Bus asteroid taxonomy into the near-infrared' — Icarus 202(1):160-180; DOI + bibliographic record verified via Crossref this round",Icarus,2009,https://doi.org/10.1016/j.icarus.2009.02.005,"DeMeo, Binzel, Slivan & Bus (MIT/Harvard)","open_not_pulled (Elsevier bot-blocks this machine; no arXiv preprint exists — verified via Crossref + OpenAlex both empty of full text; DOI 10.1016/j.icarus.2009.02.005 resolves) | R73 (2026-09-27): HAL author version hal-00545286 exists (OpenAlex, other-oa) but hal.science serves an Anubis proof-of-work page; the TCD copy (hdl 2262/43276) 403s; still needs a browser",The class system keying BOTH anchors in this domain: carry2012's per-class density Table 3 and economicspace TAXONOMY_COMPOSITION are indexed by Bus-DeMeo types (S/Cgh/B/V/A/M/Xc/Cb/D/T/P...). Registering it closes the 'what do these letters mean' gap for every class row; PDS bundle urn:nasa:pds:ast.bus-demeo.taxonomy is the machine-readable companion Context-only (2026-09-26): defines the Bus-DeMeo class letters the domain uses; no number taken from it.
01_density_and_population,mp3c_minor_planet_physical_properties_catalogue,T3,MP3C — Minor Planet Physical Properties Catalogue (OCA) via DaCHS TAP service dachs.oca.eu/tap/sync; database version v3.2.0-beta.1 recorded per the service's own request,Observatoire de la Cote d'Azur / DAchS,2024,https://mp3c.oca.eu/doc/tap/ (TAP endpoint https://dachs.oca.eu/tap/sync),MP3C collaboration (OCA),"open_service — verified live this round via the package's exact POST route (REQUEST=doQuery&LANG=ADQL — a first GET probe hit a different endpoint and returned the TAP info page; recorded): version table v3.2.0-beta.1 date_created 2024-02-13, mp3c_gen_db_revision 2acaa66e…; counts best=1,335,502 / name aliases=6,086,962; sample rows pulled for Eros/Bennu","Stage-1 supplementary backbone of AsteroidCatalog fetch_mp3c (best diameter/albedo/mass + proper elements; joined to primary designation via the body table — numbered bodies key through packed MPC aliases in name(priority=3), not a plain number column). Cross-check vs environments.csv: Eros M=6.69e15 kg vs our 6.687e15 (+0.04%, near-exact); Bennu D=0.492 km consistent with r=244.5 m"
01_density_and_population,mpc_mpcorb_extended_designation_links,T3,"IAU Minor Planet Center, mpcorb_extended.json.gz — designation links (Number/Name/Principal_desig/Other_desigs) used to resolve designations JPL's own columns cannot place",IAU Minor Planet Center,2026,https://minorplanetcenter.net/Extended_Files/mpcorb_extended.json.gz,IAU Minor Planet Center,"open_service — verified live this round from this machine: HEAD status 200, 182 MB gzip (Last-Modified Wed 23 Sep 2026 — file of record updated continuously), streamed and first records parsed (Ceres: Principal_desig A801 AA + Other_desigs [A899 OF, 1943 XB]; Pallas likewise) — structure matches what the package expects",identity backbone of AsteroidCatalog fetch_mpcorb; per CITATIONS.md acknowledge the MPC as source of the designation links Context-only (2026-09-26): designation/identity source for AsteroidCatalog; no number taken from it.
01_density_and_population,bus_demeo_2020_pds_taxonomy_bundle,T3,"DeMeo, Binzel, Slivan & Bus (2020), 'Bus-DeMeo Asteroid Taxonomy V1.0' — PDS SBN release urn:nasa:pds:ast.bus-demeo.taxonomy::1.0; machine-readable companion to demeo_2009_bus_taxonomy_near_ir","NASA Planetary Data System, Small Bodies Node",2020,https://doi.org/10.26033/089p-c283 (PDS3 volume EAR-A-VARGBDET-5-BUSDEMEOTAX-V1_0 on sbnarchive.psi.edu),"DeMeo, Binzel, Slivan & Bus","full_text_hosted — all six files pulled live this round from sbnarchive.psi.edu (all HTTP 200; per-file sha256(16) in extracted_data/r42_bus_demeo_class_distribution.csv), committed as full_texts/bus_demeo_2020_pds_bundle.zip (sha256(16)=1cd838c3ec73cd4f); public-domain NASA data","Ground-truth class system for every TAXONOMY_COMPOSITION row: demeotax.tab parsed live — 371 classified bodies, base-class distribution exact-summed (S=144 … T=4; full table in the extracted CSV). Coverage = 24 of our 31 named types have ground-truth members (none for Sk/Sl or Tholen-only M/E/P/F/G); classdesc.asc carries per-class spectral descriptions + member counts from Table 5 of DeMeo et al. 2009 — the 'what do these letters mean' companion to demeo_2009_bus_taxonomy_near_ir; closes R41's open item 'Bus-DeMeo PDS bundle pull'"
01_density_and_population,pravec_harris_2007_binary_angular_momentum,T1,Binary asteroid population. 1. Angular momentum content,Icarus 190:250-259,2007,https://doi.org/10.1016/j.icarus.2007.02.023,"Pravec, P.; Harris, A.W.","registered_not_pulled — R74 (2026-09-27): registered from the upstream citation; full text not sought, nothing extracted. Metadata checked against the Crossref record for 10.1016/j.icarus.2007.02.023: 'Binary asteroid population', Icarus 190:250-259 (2007), first author Pravec; Crossref's title field stops at 'Binary asteroid population'; the full title is the one given here. Cited upstream: AsteroidCatalog@852bf69 asteroid_catalog/derive.py and physics.py comments; CITATIONS.md sections 2-3.",AsteroidCatalog D-from-H formula: Appendix A derives the 1329 km constant from V_sun; backs every H-derived diameter (derived_diameter_is_estimate rows)
01_density_and_population,campins_1985_absolute_calibration_1_5um,T1,Absolute calibration of photometry at 1 through 5 microns,The Astronomical Journal 90:896,1985,https://doi.org/10.1086/113799,"Campins, H.; Rieke, G.H.; Lebofsky, M.J.","registered_not_pulled — R74 (2026-09-27): registered from the upstream citation; full text not sought, nothing extracted. Metadata checked against the Crossref record for 10.1086/113799: 'Absolute calibration of photometry at 1 through 5 microns', The Astronomical Journal 90:896 (1985), first author Campins. Cited upstream: AsteroidCatalog@852bf69 CITATIONS.md section 2 (as cited by Pravec & Harris 2007).",AsteroidCatalog D-from-H formula: the solar V magnitude (-26.762) behind the 1329 km constant; the ~1% diameter systematic
01_density_and_population,mainzer_2011_neowise_thermal_model_calibration,T1,Thermal model calibration for minor planets observed with WISE/NEOWISE,The Astrophysical Journal 736:100,2011,https://doi.org/10.1088/0004-637X/736/2/100,"Mainzer, A.; Grav, T.; Masiero, J.; et al.","verified_live_not_pulled — R74 (2026-09-27): registered from the upstream citation; full text not sought, nothing extracted. Metadata checked against the Crossref record for 10.1088/0004-637X/736/2/100: 'THERMAL MODEL CALIBRATION FOR MINOR PLANETS OBSERVED WITHWIDE-FIELD INFRARED SURVEY EXPLORER/NEOWISE', The Astrophysical Journal 736:100 (2011), first author Mainzer. Cited upstream: AsteroidCatalog@852bf69 asteroid_catalog/merge.py tolerance comments; CITATIONS.md section 3. R125 (2026-10-06): arXiv copy found and read in full via export.arxiv.org/pdf/1105.0975v1 (27 pp / 505,302 B sha256 bc615bf9ca85; 'Accepted Version' header p1 - the journal version). arXiv abs page shows NO CC link = default non-exclusive-distribution licence -> NOT hostable per R70 lesson. Verbatim anchor (abstract): 'We have used 50 objects with diameters measured by radar or in situ imaging to characterize the systematic errors implicit in using the WISE data with a faceted spherical NEATM model'. IOP Radware wall on the journal PDF unchanged (R123). Context-only (R125, 2026-10-06): source verified live and read in full; no number extracted into an extracted-data CSV yet - extraction is the follow-up step.",AsteroidCatalog merge.py cross-source agreement tolerances for diameter and albedo (radar/spacecraft calibration of NEOWISE)
01_density_and_population,pravec_2012_absolute_magnitudes_wise_albedos,T1,Absolute magnitudes of asteroids and a revision of asteroid albedo estimates from WISE thermal observations,Icarus 221:365-387,2012,https://doi.org/10.1016/j.icarus.2012.07.026,"Pravec, P.; Harris, A.W.; Kušnirák, P.; Galád, A.; Hornoch, K.","registered_not_pulled — R74 (2026-09-27): registered from the upstream citation; full text not sought, nothing extracted. Metadata checked against the Crossref record for 10.1016/j.icarus.2012.07.026: 'Absolute magnitudes of asteroids and a revision of asteroid albedo estimates from WISE thermal observations', Icarus 221:365-387 (2012), first author Pravec. Cited upstream: AsteroidCatalog@852bf69 asteroid_catalog/merge.py and physics.py comments; README section 4; CITATIONS.md section 3.",AsteroidCatalog H-magnitude tolerance in merge.py and the catalog-H offset near H~14 (README section 4 albedo offset)
01_density_and_population,buratti_2004_ds1_borrelly_photometry,T1,Deep Space 1 photometry of the nucleus of Comet 19P/Borrelly,Icarus 167:16-29,2004,https://doi.org/10.1016/j.icarus.2003.05.002,"Buratti, B.J.; Hicks, M.D.; Soderblom, L.A.; et al.","registered_not_pulled — R74 (2026-09-27): registered from the upstream citation; full text not sought, nothing extracted. Metadata checked against the Crossref record for 10.1016/j.icarus.2003.05.002: 'Deep Space 1 photometry of the nucleus of Comet 19P/Borrelly', Icarus 167:16-29 (2004), first author Buratti. Cited upstream: AsteroidCatalog@852bf69 asteroid_catalog/physics.py ALBEDO_FLOOR comment; CITATIONS.md section 3. R136 (2026-10-08) NTRS exact-title sweep: record found at ntrs.nasa.gov/citations/20060042497 ('Deep Space 1 photometry of the nucleus of Comet P/19 Borrelly') but METADATA_ONLY - no downloadable file on NTRS; stays queued.",AsteroidCatalog physics.py ALBEDO_FLOOR: darkest measured whole-body geometric albedo
01_density_and_population,ferrais_2022_kalliope_tiny_mercury,T1,M-type (22) Kalliope: A tiny Mercury,Astronomy & Astrophysics 662:A71,2022,https://doi.org/10.1051/0004-6361/202243200,"Ferrais, M.; Jorda, L.; Vernazza, P.; Carry, B.; et al.","registered_not_pulled — R74 (2026-09-27): registered from the upstream citation; full text not sought, nothing extracted. Metadata checked against the Crossref record for 10.1051/0004-6361/202243200: 'M-type (22) Kalliope: A tiny Mercury', Astronomy & Astrophysics 662:A71 (2022), first author Ferrais. Cited upstream: AsteroidCatalog@852bf69 asteroid_catalog/physics.py density ceiling; taxonomy.py DENSITY_EVIDENCE; README; CITATIONS.md section 3. R122 (2026-10-05) retry: OpenAlex lists four PDF copies - aanda.org x2 (HTTP 403 from this machine), oro.open.ac.uk/83943/1/aa43200-22.pdf HTTP 403 (record page HTTP 403 but the bitstream is refused) and hal.science/hal-03693926/document (bot-challenge page); no accessible copy, stays registered. R125 (2026-10-06): CC BY 4.0 re-confirmed via Crossref licence field; no arXiv copy (S2 externalIds empty + exact-title arXiv search 'M-type (22) Kalliope: A tiny Mercury' = 0 entries). EDP aanda.org serves bot-check pages on every route from this machine (article PDF aa43200-22.pdf and full_html page both HTTP 403; DOI resolution itself blocked) - stays registered_not_pulled. R137 (2026-10-09): OpenAlex flags it GOLD OA (A&A) but every route is bot-walled from this machine - aanda.org/articles/aa/pdf HTTP 403, oro.open.ac.uk mirror 403, hal.science 'Making sure you're not a robot' interstitial - stays registered_not_pulled.",AsteroidCatalog density ceiling (5.0 g/cm3) and the M/Xk DENSITY_EVIDENCE entry for 22 Kalliope
01_density_and_population,consolmagno_2008_meteorite_density_porosity,T1,The significance of meteorite density and porosity,Chemie der Erde - Geochemistry 68:1-29,2008,https://doi.org/10.1016/j.chemer.2008.01.003,"Consolmagno, G.J.; Britt, D.T.; Macke, R.J.","registered_not_pulled — R74 (2026-09-27): registered from the upstream citation; full text not sought, nothing extracted. Metadata checked against the Crossref record for 10.1016/j.chemer.2008.01.003: 'The significance of meteorite density and porosity', Geochemistry 68:1-29 (2008), first author Consolmagno. Cited upstream: AsteroidCatalog@852bf69 asteroid_catalog/physics.py carbonaceous density ceiling; CITATIONS.md section 3. R137b (2026-10-09): UCF Stars item page loads (HTTP 200, bePress) but the PDF is injected client-side by article-downloads.pack.js; direct bitstream viewcontent.cgi?article=0234&context=facultybib2000 answers Cloudflare 'Just a moment...' interstitial HTTP 403 - stays registered_not_pulled.",AsteroidCatalog physics.py carbonaceous-class density ceiling (3.6 g/cm3) from meteorite grain densities
01_density_and_population,macke_2011_carbonaceous_chondrite_density_porosity,T1,"Density, porosity, and magnetic susceptibility of carbonaceous chondrites",Meteoritics & Planetary Science 46:1842-1862,2011,https://doi.org/10.1111/j.1945-5100.2011.01298.x,"Macke, R.J.; Consolmagno, G.J.; Britt, D.T.","registered_not_pulled — R74 (2026-09-27): registered from the upstream citation; full text not sought, nothing extracted. Metadata checked against the Crossref record for 10.1111/j.1945-5100.2011.01298.x: 'Density, porosity, and magnetic susceptibility of carbonaceous chondrites', Meteoritics & Planetary Science 46:1842-1862 (2011), first author MACKE. Cited upstream: AsteroidCatalog@852bf69 asteroid_catalog/physics.py carbonaceous density ceiling; CHANGELOG; CITATIONS.md section 3. R126 (2026-10-06) retry: OpenAlex confirms the paper is open access with best_oa_location = Wiley pdfdirect (onlinelibrary.wiley.com/doi/pdfdirect/10.1111/j.1945-5100.2011.01298.x), but that URL answers Cloudflare 'Just a moment' HTTP 403 from this machine - stays registered_not_pulled. R137 (2026-10-09): OpenAlex flags it hybrid OA via Wiley (onlinelibrary.wiley.com/doi/pdfdirect) which answers HTTP 403 from this machine - stays registered_not_pulled.",AsteroidCatalog physics.py carbonaceous-class density ceiling (CI to CB grain densities)
01_density_and_population,macke_2010_enstatite_chondrite_density_porosity,T1,"Enstatite chondrite density, magnetic susceptibility, and porosity",Meteoritics & Planetary Science 45:1513-1526,2010,https://doi.org/10.1111/j.1945-5100.2010.01129.x,"Macke, R.J.; Consolmagno, G.J.; Britt, D.T.; Hutson, M.L.","registered_not_pulled — R74 (2026-09-27): registered from the upstream citation; full text not sought, nothing extracted. Metadata checked against the Crossref record for 10.1111/j.1945-5100.2010.01129.x: 'Enstatite chondrite density, magnetic susceptibility, and porosity', Meteoritics & Planetary Science 45:1513-1526 (2010), first author MACKE. Cited upstream: AsteroidCatalog@852bf69 asteroid_catalog/taxonomy.py Xe row notes; CHANGELOG; CITATIONS.md section 3. R137b (2026-10-09): UCF Stars item page loads (HTTP 200, bePress) but the PDF is injected client-side; direct bitstream viewcontent.cgi?article=0489&context=facultybib2010 answers Cloudflare 'Just a moment...' interstitial HTTP 403 - stays registered_not_pulled.",taxonomy_composition.csv Xe row density_est_gcm3 (enstatite-chondrite bulk density less macroporosity)
01_density_and_population,patzold_2016_67p_homogeneous_nucleus_gravity,T1,A homogeneous nucleus for comet 67P/Churyumov-Gerasimenko from its gravity field,Nature 530:63-65,2016,https://doi.org/10.1038/nature16535,"Pätzold, M.; Andert, T.; Hahn, M.; et al.","registered_not_pulled — R74 (2026-09-27): registered from the upstream citation; full text not sought, nothing extracted. Metadata checked against the Crossref record for 10.1038/nature16535: 'A homogeneous nucleus for comet 67P/Churyumov–Gerasimenko from its gravity field', Nature 530:63-65 (2016), first author Pätzold. Cited upstream: AsteroidCatalog@852bf69 asteroid_catalog/physics.py density floor; CITATIONS.md section 3. R124 (2026-10-05) retry: Crossref's own `link` field registers a direct PDF URL (nature.com/articles/nature16535.pdf) but it redirects to the Nature cookie-wall page from this machine - still registered_not_pulled.",AsteroidCatalog physics.py density floor (comet-nucleus density)
01_density_and_population,thomas_2013_tempel1_nucleus_two_flybys,T1,The nucleus of Comet 9P/Tempel 1: Shape and geology from two flybys,Icarus 222:453-466,2013,https://doi.org/10.1016/j.icarus.2012.02.037,"Thomas, P.; A'Hearn, M.; Veverka, J.; et al.","full_text_hosted - R74 (2026-09-27): registered from the upstream citation; metadata checked against Crossref for 10.1016/j.icarus.2012.02.037 (Icarus 222:453-466). R120 (2026-10-05): full text pulled live from NTRS citation API (ID 20140010174, determinationType PUBLIC_USE_PERMITTED re-checked this round) and committed to full_texts/thomas_et_al_2013_tempel1_nucleus_shape_geology_two_flybys_icarus_ntrs20140010174.pdf (1,697,693 B sha256=33cc898a17b33c68a83bd451f901d11220ec3bb1fae4d17690787e8717849429); 14 pages, no in-file copyright statement. Verbatim: ""The nucleus of Comet 9P/Tempel 1, shape and geology from two flybys (Deep Impact E7/E8). Second comet-nucleus density behind AsteroidCatalog physics.py's density floor. Context-only (R120, 2026-10-05): source verified live and read in full this round; no number extracted into an extracted-data CSV yet - extraction is the follow-up step.",AsteroidCatalog physics.py density floor (second comet-nucleus density)
01_density_and_population,lauretta_2019_bennu_unexpected_surface,T1,The unexpected surface of asteroid (101955) Bennu,Nature 568:55-60,2019,https://doi.org/10.1038/s41586-019-1033-6,"Lauretta, D.S.; DellaGiustina, D.N.; Bennett, C.A.; et al.","verified_live_not_pulled - R74 (2026-09-27): registered from the upstream citation; full text not sought, nothing extracted. Metadata checked against the Crossref record for 10.1038/s41586-019-1033-6: 'The unexpected surface of asteroid (101955) Bennu', Nature 568:55-60 (2019), no personal author on the record; the Crossref record carries no author list, so the first author was not checked. Cited upstream: AsteroidCatalog@852bf69 asteroid_catalog/taxonomy.py DENSITY_EVIDENCE; CITATIONS.md section 3; spacecost@e831245 spacecost/environments.py Bennu row. R121 (2026-10-05): full text read in full from this machine via the KU Leuven institutional repository copy of the accepted manuscript (lirias.kuleuven.be/retrieve/b8116d52-d8c6-418e-8bbe-463d9dbc2d30; 2,521,238 B sha256=6dc7da045f28362fdf9f178db32a653db99bab966b5d1a9de68ed1d8441101d0, no file committed) but NOT hostable - the file carries Nature's 'Conditions of use' statement (view/print/copy for academic research only), which bars redistribution per the R70/R113 precedent, and nature.com itself answers HTTP 403 from this machine. Verbatim: ""A mass determination from radio science [17] yields a density of 1190 ± 13 kg/m3""; 'The low density of Bennu is consistent with a rubble-pile structure containing 50% macroporosity' - the post-mission OSIRIS-REx surface paper behind environments.csv's Bennu row (r40 CSV already carries the pre-mission Chesley check). Context-only (R121, 2026-10-05): source verified live and read in full this round; no number extracted into an extracted-data CSV yet - extraction is the follow-up step.",taxonomy_composition.csv B-row density (Bennu) and spacecost environments.csv 101955 Bennu mass and mean radius
01_density_and_population,fujiwara_2006_itokawa_rubble_pile,T1,The rubble-pile asteroid Itokawa as observed by Hayabusa,Science 312:1330-1334,2006,https://doi.org/10.1126/science.1125841,"Fujiwara, A.; Kawaguchi, J.; Yeomans, D.K.; et al.","registered_not_pulled — R74 (2026-09-27): registered from the upstream citation; full text not sought, nothing extracted. Metadata checked against the Crossref record for 10.1126/science.1125841: 'The Rubble-Pile Asteroid Itokawa as Observed by Hayabusa', Science 312:1330-1334 (2006), first author Fujiwara. Cited upstream: AsteroidCatalog@852bf69 asteroid_catalog/taxonomy.py DENSITY_EVIDENCE and Sq row notes; CITATIONS.md section 3.",taxonomy_composition.csv Sq-row density note (small S-types are rubble piles)
01_density_and_population,pravec_harris_2000_fast_slow_rotation,T1,Fast and slow rotation of asteroids,Icarus 148:12-20,2000,https://doi.org/10.1006/icar.2000.6482,"Pravec, P.; Harris, A.W.","registered_not_pulled — R74 (2026-09-27): registered from the upstream citation; full text not sought, nothing extracted. Metadata checked against the Crossref record for 10.1006/icar.2000.6482: 'Fast and Slow Rotation of Asteroids', Icarus 148:12-20 (2000), first author Pravec. Cited upstream: AsteroidCatalog@852bf69 asteroid_catalog/physics.py spin-barrier comment; CHANGELOG; CITATIONS.md section 3.",AsteroidCatalog physics.py breakup (spin-barrier) rotation period as a function of density
01_density_and_population,holsapple_2007_spin_limits,T1,Spin limits of Solar System bodies: From the small fast-rotators to 2003 EL61,Icarus 187:500-509,2007,https://doi.org/10.1016/j.icarus.2006.08.012,"Holsapple, K.A.","registered_not_pulled — R74 (2026-09-27): registered from the upstream citation; full text not sought, nothing extracted. Metadata checked against the Crossref record for 10.1016/j.icarus.2006.08.012: 'Spin limits of Solar System bodies: From the small fast-rotators to 2003 EL61', Icarus 187:500-509 (2007), first author Holsapple. Cited upstream: AsteroidCatalog@852bf69 asteroid_catalog/physics.py spin-barrier comment; CITATIONS.md section 3.",AsteroidCatalog physics.py: size above which gravity rather than strength sets the spin limit
01_density_and_population,emery_2011_trojan_nir_two_groups,T1,Near-infrared spectroscopy of Trojan asteroids: evidence for two compositional groups,The Astronomical Journal 141:25,2011,https://doi.org/10.1088/0004-6256/141/1/25,"Emery, J.P.; Burr, D.M.; Cruikshank, D.P.","verified_live_not_pulled — R74 (2026-09-27): registered from the upstream citation; full text not sought, nothing extracted. Metadata checked against the Crossref record for 10.1088/0004-6256/141/1/25: 'NEAR-INFRARED SPECTROSCOPY OF TROJAN ASTEROIDS: EVIDENCE FOR TWO COMPOSITIONAL GROUPS', The Astronomical Journal 141:25 (2010), first author Emery; Crossref dates it 2010 (online); the volume is 2011. Cited upstream: AsteroidCatalog@852bf69 asteroid_catalog/physics.py outer-Solar-System comment; CHANGELOG; CITATIONS.md section 3. R123 (2026-10-05): full text pulled live via export.arxiv.org/pdf/1012.1284 (arXiv copy of AJ 141:25, 57 pages) and read in full from this machine but NOT hostable - the arXiv abs page carries only the default non-exclusive-distribution licence (http://arxiv.org/licenses/nonexclusive-distrib/1.0/) with no CC grant; verbatim p1 title line ""Near-Infrared Spectroscopy of Trojan Asteroids: Evidence for Two Compositional Groups"" confirms identity with the Crossref record; digest fd1a5fe61061 (no file committed). Context-only (R123, 2026-10-05): source verified live and read in full this round; no number extracted into an extracted-data CSV yet - extraction is the follow-up step.",AsteroidCatalog default taxonomy for unclassified Jupiter Trojans (D-type majority)
01_density_and_population,gil_hutton_brunini_2008_hilda_sdss_colors,T1,Surface composition of Hilda asteroids from the analysis of the Sloan Digital Sky Survey colors,Icarus 193:567-571,2008,https://doi.org/10.1016/j.icarus.2007.08.026,"Gil-Hutton, R.; Brunini, A.","registered_not_pulled — R74 (2026-09-27): registered from the upstream citation; full text not sought, nothing extracted. Metadata checked against the Crossref record for 10.1016/j.icarus.2007.08.026: 'Surface composition of Hilda asteroids from the analysis of the Sloan Digital Sky Survey colors', Icarus 193:567-571 (2008), first author Gil-Hutton; the DOI first drafted for this row (10.1016/j.icarus.2007.08.004) resolves to a different Icarus paper; corrected before registering. Cited upstream: AsteroidCatalog@852bf69 asteroid_catalog/physics.py outer-Solar-System comment; CHANGELOG; CITATIONS.md section 3. R126 (2026-10-06) retry: OpenAlex confirms the paper is open access with best_oa_location = ScienceDirect article page (pii S001910350700379X), but it answers HTTP 403 bot-wall from this machine - stays registered_not_pulled. R137b (2026-10-09): bronze OA only via ScienceDirect (sciencedirect.com/science/article/pii/S001910350700379X) which answers HTTP 403 from this machine - stays registered_not_pulled.",AsteroidCatalog default taxonomy for unclassified Hildas (P/D bimodality)
01_density_and_population,mahlke_2022_asteroid_taxonomy_spectra_albedo,T1,Asteroid taxonomy from cluster analysis of spectrometry and albedo,Astronomy & Astrophysics 665:A26,2022,https://doi.org/10.1051/0004-6361/202243587,"Mahlke, M.; Carry, B.; Mattei, P.-A.","full_text_hosted — R74 (2026-09-27): registered from the upstream citation; full text not sought, nothing extracted. Metadata checked against the Crossref record for 10.1051/0004-6361/202243587: 'Asteroid taxonomy from cluster analysis of spectrometry and albedo', Astronomy & Astrophysics 665:A26. R118 (2026-10-05): full text pulled live via export.arxiv.org/pdf/2203.11229v1 (www.aanda.org direct PDF answers HTTP 403 and arxiv.org/pdf answers HTTP 406 from this machine) and committed to full_texts/mahlke_carry_mattei_2022_taxonomy_cluster_analysis_arxiv2203.11229.pdf (3,575,243 B, sha256=479f9d95630378b5e9c450126ecaca819138a34ddc04652615b4f45357671e41); CC BY 4.0 per Crossref for the A&A DOI (checked live). Content: cluster-analysis taxonomy of spectrometry+albedo with a new Z class - D-types 'featureless and strongly red-sloped spectrum both in the visible as well as in the NIR', Z-types a 'diffuse cluster of feature-less, extremely red objects, showing larger slopes than the D-types'; 23 asteroids (1.1%) classified as Z-types, all in one cluster.",taxonomy_composition.csv Z row (Mahlke Z class mapped to D composition)
01_density_and_population,tholen_1984_asteroid_taxonomy_dissertation,T4,Asteroid taxonomy from cluster analysis of photometry (PhD dissertation),"University of Arizona, PhD dissertation (UA Campus Repository hdl:10150/187738)",1984,https://repository.arizona.edu/handle/10150/187738,"Tholen, D.J.","registered_not_pulled — R74 (2026-09-27): registered from the upstream citation; full text not sought, nothing extracted. Landing page answered HTTP 200 from this machine (redirected to https://repository.arizona.edu/items/1199556b-b5ca-42d1-9be6-1672f9c34d63). Cited upstream: AsteroidCatalog@852bf69 asteroid_catalog/taxonomy.py Tholen-class mapping comment; CITATIONS.md section 2.","taxonomy_composition.csv Tholen rows (M, E, P, F, G) mapped onto Bus-DeMeo classes"
01_density_and_population,hasselmann_2012_sdss_taxonomy_v1_1_pds,T3,SDSS-based Asteroid Taxonomy V1.1 (PDS dataset EAR-A-I0035-5-SDSSTAX-V1.1),"NASA Planetary Data System, Small Bodies Node",2012,https://sbnarchive.psi.edu/pds3/non_mission/EAR_A_I0035_5_SDSSTAX_V1_1/,"Hasselmann, P.H.; Carvano, J.M.; Lazzaro, D.","full_text_hosted — R74 (2026-09-27): registered from the upstream citation; full text not sought, nothing extracted. Landing page answered HTTP 200 from this machine. Cited upstream: economicspace@1f470d4 research/starred-repos/sdsstax_ast.tab (committed copy, 63,468 bodies) and probe_taxonomy.py second-pass class check. R118 (2026-10-05): volume EAR-A-I0035-5-SDSSTAX-V1.1 pulled live from sbnarchive.psi.edu; committed to full_texts/sdsstax_v1_1_ast_table_pds_bundle.zip (7,561,796 B, sha256=6a2234d7cf24a04c708550b9986ab6918831c8553a4c91e92550c2c4f31f1f0f) containing data/sdsstax_ast_table.tab (7,552,692 B, 63,468 classified bodies - row count matches economicspace's committed copy exactly) plus voldesc.cat/aareadme.txt/document/docinfo.txt. NOT in the bundle: data/sdsstax_obs_table.tab (12,895,920 B; digest d4cd330578ae03... raw SDSS observational spectra, outside pipeline scope; available at https://sbnarchive.psi.edu/pds3/non_mission/EAR_A_I0035_5_SDSSTAX_V1_1/data/sdsstax_obs_table.tab). USGS/NASA PDS public domain.","economicspace second-pass taxonomy check: independent SDSS class per numbered asteroid (research probe, not a stage input)"
01_density_and_population,carvano_2010_sdss_taxonomy_main_belt,T1,SDSS-based taxonomic classification and orbital distribution of main belt asteroids,Astronomy & Astrophysics 510:A43,2010,https://doi.org/10.1051/0004-6361/200913322,"Carvano, J.M.; Hasselmann, P.H.; Lazzaro, D.; Mothé-Diniz, T.","registered_not_pulled — R74 (2026-09-27): registered from the upstream citation; full text not sought, nothing extracted. Metadata checked against the Crossref record for 10.1051/0004-6361/200913322: 'SDSS-based taxonomic classification and orbital distribution of main belt asteroids', Astronomy and Astrophysics 510:A43 (2010), first author Carvano. Cited upstream: economicspace@1f470d4 CITATIONS.md section 2; research/starred-repos/FINDINGS.md. R137b (2026-10-09): bronze OA via aanda.org/articles/aa/pdf/2010/02/aa13322-09.pdf answers HTTP 403 from this machine (same A&A bot-wall as ferrais_2022) - stays registered_not_pulled.",method paper for the SDSS taxonomy table economicspace commits (hasselmann_2012_sdss_taxonomy_v1_1_pds)
01_density_and_population,ivezic_2001_sdss_solar_system_objects,T1,Solar System Objects Observed in the Sloan Digital Sky Survey Commissioning Data,The Astronomical Journal 122:2749-2784,2001,https://doi.org/10.1086/323452,"Ivezić, Ž.; Tabachnik, S.; Rafikov, R.; et al.","verified_live_not_pulled — R74 (2026-09-27): registered from the upstream citation; full text not sought, nothing extracted. Metadata checked against the Crossref record for 10.1086/323452: 'Solar System Objects Observed in the Sloan Digital Sky Survey Commissioning Data', The Astronomical Journal 122:2749-2784 (2001), first author Ivezić. Cited upstream: economicspace@1f470d4 CITATIONS.md section 2. R123 (2026-10-05): full text pulled live via export.arxiv.org/pdf/astro-ph/0105511 (arXiv copy of AJ 122:2749, 89 pages) and read in full from this machine but NOT hostable - the arXiv abs page carries only the assumed pre-2004 non-exclusive licence (http://arxiv.org/licenses/assumed-1991-2003/) with no CC grant; verbatim p1 line ""arXiv:astro-ph/0105511v1 30 May 2001 Submitted to AJ. Solar System Objects Observed in the Sloan Digital Sky Survey Commissioning Data"" confirms identity; digest 6479a8e925fc (no file committed). Context-only (R123, 2026-10-05): source verified live and read in full this round; no number extracted into an extracted-data CSV yet - extraction is the follow-up step.",underlying survey of the SDSS taxonomy table economicspace commits
01_density_and_population,bus_binzel_2002_smass2_feature_based_taxonomy,T1,Phase II of the Small Main-Belt Asteroid Spectroscopic Survey: A Feature-Based Taxonomy,Icarus 158(1):146-177,2002,https://doi.org/10.1006/icar.2002.6856,Bus & Binzel,"registered_not_pulled - R113 (2026-10-04): DOI and bibliographic record (title, Icarus 158:146-177, 2002) verified live against Crossref; Elsevier full text paywalled (Crossref licence: Elsevier TDM user licence only) and the ScienceDirect abstract page serves a CAPTCHA to this machine, so neither abstract nor full text was read","Context-only: defines the Bus (SMASSII) class letters that JPL SBDB serves as `spec_B`, which AsteroidCatalog jpl.py maps to `spectral_type` (its preferred primary class) and taxonomy_composition.csv keys on (Sa, Sk, Sl, Sq, Sr, Cb, Cg, Cgh, Ch, Xc, Xe, Xk ...). The registry had the near-IR extension (demeo_2009_bus_taxonomy_near_ir) but not the visible-wavelength scheme it extends. No number extracted"
01_density_and_population,popescu_2018_movis_nir_taxonomy,T1,Taxonomic classification of asteroids based on MOVIS near-infrared colors,Astronomy & Astrophysics 617:A12,2018,https://doi.org/10.1051/0004-6361/201833023,"Popescu, Licandro, Carvano, Stoicescu, de Leon, Morate, Boaca & Cristescu","verified_live_not_pulled - R113 (2026-10-04): arXiv preprint 1807.00713v1 (A&A proofs version, 18 pp) pulled and read from this machine; not hosted because the arXiv licence is the default nonexclusive-distrib/1.0 and the A&A record carries only EDP's copyright page (Crossref); aanda.org returns HTTP 403 here. DOI verified against Crossref","AsteroidCatalog derive.py `ALBEDO_BY_SPECTRAL_TYPE` and the class set it keys on: the NIR-colour classes Ad, Bk, Cgx, Ds, Kl, Xt in that table are this paper's notation (they reach the catalog through SsODNet taxonomy.class). Its WISE-albedo peaks per class are an independent check on the catalog's derived medians: S 0.26 +/- 0.10 vs 0.2340, V 0.352 +/- 0.121 vs 0.3355, low-albedo D 0.08 +/- 0.03 vs 0.0820 (all agree within the stated spread). Numbers in extracted_data/r113_taxonomy_albedo_key_numbers.csv"
01_density_and_population,tinaut_ruano_2026_gaia_dr3_taxonomy,T1,Taxonomy of 14 042 asteroids from Gaia DR3 reflectance spectra,Astronomy & Astrophysics 711:A167,2026,https://doi.org/10.1051/0004-6361/202659208,"Tinaut-Ruano, Carry, Galinier, Mahlke & Sergeyev","full_text_hosted - R113 (2026-10-04): arXiv 2605.06838v1 (accepted manuscript, 20 pp) pulled live from arxiv.org; the arXiv abs page gives CC BY 4.0 and Crossref gives CC BY 4.0 for the A&A version (the PDF's own line is a (c)ESO 2026 copyright notice, which the CC BY licence does not restrict); aanda.org returns HTTP 403 here","AsteroidCatalog `spectral_type` (via SsODNet taxonomy.class) and the class-keyed tables built on it: a homogeneous Gaia DR3 classification of 14,042 asteroids into 13 classes (A, B, C, D, E, F, G, K, L, M, P, S, V), with NUV separating B and F inside the C-complex. Could replace or extend the classes the catalog takes for those bodies. Numbers in extracted_data/r113_taxonomy_albedo_key_numbers.csv"
01_density_and_population,masiero_2021_albedo_uncertainties_thermal_modeling,T1,Uncertainties on Asteroid Albedos Determined by Thermal Modeling,The Planetary Science Journal 2(2):32,2021,https://doi.org/10.3847/PSJ/abda4d,"Masiero, Wright & Mainzer","verified_live_not_pulled - R113 (2026-10-04): arXiv preprint 2101.02728v1 (10 pp, accepted to PSJ) pulled and read from this machine; the published PSJ version is CC BY 4.0 (Crossref) but iopscience.iop.org serves a bot-validation page here, and the arXiv copy carries only the default nonexclusive-distrib/1.0 licence, so nothing is hosted","AsteroidCatalog derive.py diameter-from-H-and-albedo step and its note that a 2x albedo error makes a 2.8x mass error: gives the size of the error it warns about. With an infrared diameter good to 10%, an H_V uncertainty of 0.3 mag gives a 32-36% albedo uncertainty; H errors of ~1 mag on Earth-like orbits give ~70% on albedo and ~42% on a diameter computed from H and an assumed albedo (preprint p5). Numbers in extracted_data/r113_taxonomy_albedo_key_numbers.csv"
01_density_and_population,myhrvold_2022_four_band_wise_asteroids,T1,Analysis of Four-band WISE Observations of Asteroids,The Planetary Science Journal 3(2):30,2022,https://doi.org/10.3847/PSJ/ac3232,"Myhrvold, Pinchuk & Margot","verified_live_not_pulled - R113 (2026-10-04): arXiv preprint 2110.12098v2 (30 pp, PSJ in press) pulled and read from this machine; published version CC BY 4.0 (Crossref) but iopscience.iop.org serves a bot-validation page here; arXiv copy has the default nonexclusive-distrib/1.0 licence, so nothing is hosted","AsteroidCatalog `albedo` / `diameter` columns (JPL-first, NEOWISE-era values): an independent re-fit of 4,420 asteroids from 82,548 four-band WISE observations, median diameter error 9.3% (max 37.7%) against 24 stellar occultations, ~2x closer to occultations than NEOWISE, and a size-dependent bias in NEOWISE diameters. Albedo error is dominated by H for >90% of its sample. Numbers in extracted_data/r113_taxonomy_albedo_key_numbers.csv"
01_density_and_population,masiero_2021_neowise_reactivation_years_6_7,T1,Asteroid Diameters and Albedos from NEOWISE Reactivation Mission Years Six and Seven,The Planetary Science Journal 2(4):162,2021,https://doi.org/10.3847/PSJ/ac15fb,"Masiero, Mainzer, Bauer, Cutri, Grav, Kramer, Pittichova & Wright","verified_live_not_pulled - R113 (2026-10-04): arXiv preprint 2107.07481v1 (25 pp, accepted to PSJ) pulled and read from this machine; published version CC BY 4.0 (Crossref) but iopscience.iop.org serves a bot-validation page here; arXiv copy has the default licence, so nothing is hosted","AsteroidCatalog `albedo` / `diameter` columns for NEOs and MBAs fitted in NEOWISE Reactivation years 6-7 (199 NEOs + 5,851 MBAs in year 6; 175 NEOs + 5,861 MBAs in year 7), which post-date the registered NEOWISE V2.0 bundle (mainzer_2019_neowise_v2). Reactivation NEO diameters carry ~30% relative uncertainty against cryogenic-mission fits. Numbers in extracted_data/r113_taxonomy_albedo_key_numbers.csv"
01_density_and_population,murray_2023_neural_network_main_belt_albedos,T1,Using Neural Networks to Model Main Belt Asteroid Albedos as a Function of Their Proper Orbital Elements,The Planetary Science Journal 4(5):90,2023,https://doi.org/10.3847/PSJ/acd381,Murray,"verified_live_not_pulled - R113 (2026-10-04): arXiv preprint 2305.16392v1 (13 pp, accepted to PSJ) pulled and read from this machine; published version CC BY 4.0 (Crossref) but iopscience.iop.org serves a bot-validation page here; arXiv copy has the default licence, so nothing is hosted","AsteroidCatalog derive.py `ALBEDO_BY_SEMI_MAJOR_AXIS_AU` (the fallback for a main-belt body with no measured albedo and no usable class): a neural-network ensemble on proper elements that cuts the average albedo error by ~37% against adopting a mean albedo, with a catalogue of predicted albedos for 585,174 numbered main-belt asteroids. Could replace the semi-major-axis bins for main-belt bodies. Numbers in extracted_data/r113_taxonomy_albedo_key_numbers.csv"
01_density_and_population,wang_2026_nea_albedo_from_orbital_elements,T1,Estimating Albedo of Near-Earth Asteroids Based on Orbital Elements,Research in Astronomy and Astrophysics 26:045013,2026,https://doi.org/10.1088/1674-4527/ae37ed,"Wang, Zhao, Hu, Wang, Li & Chen","registered_not_pulled - R113 (2026-10-04): DOI, bibliographic record and abstract read live from Crossref; publisher licence is IOP standard (not CC) and iopscience.iop.org serves a bot-validation page here, so the full text was not sought R124 (2026-10-05) retry: Crossref's own `link` field registers a direct PDF URL on iopscience.iop.org but it redirects to the Radware Bot Manager captcha from this machine - still registered_not_pulled.","Context-only: could replace AsteroidCatalog derive.py `ALBEDO_BY_SEMI_MAJOR_AXIS_AU_NEO` (the NEO fallback). Per its abstract it estimates an NEA's albedo distribution from its main-belt source region (family membership + a neural network trained on WISE/NEOWISE), claims 6.5% better accuracy than Murray's model, validates on 1,110 NEAs with known albedo, and notes 96% of known NEAs lack a measured albedo. No number extracted"
01_density_and_population,mahlke_carry_denneau_2021_atlas_phase_curves,T1,Asteroid phase curves from ATLAS dual-band photometry,Icarus 354:114094,2021,https://doi.org/10.1016/j.icarus.2020.114094,"Mahlke, Carry & Denneau","verified_live_not_pulled - R113 (2026-10-04): DOI verified against Crossref (Icarus 354:114094, 2021); abstract read on the arXiv abs page. R120 (2026-10-05): full text pulled live via export.arxiv.org/pdf/2009.05129v1 and read in full from this machine but NOT hostable - the arXiv abs page carries only the default non-exclusive distribution licence with no Creative Commons licence, so redistribution into GR is barred by the R70 audit lesson / R113 precedent; v1 hash recorded here: 3,329,286 B sha256=dffc30f6896944654e00f18fb7088a627492270f43d16f7699a4a5c81319a02f (no file committed). Verbatim: ""we retrieve the absolute magnitudes and slope parameters of 127,012 phase curves of 94,777 asteroids"" in the photometric H, G1, G2- and H,G* systems - 94,777 asteroids / 127,012 phase curves from ATLAS dual-band photometry.","Context-only: the absolute magnitude H that AsteroidCatalog takes from JPL and treats as measured is, per masiero_2021_albedo_uncertainties_thermal_modeling, the dominant error in albedo and diameter. This paper fits H, G1, G2 for 94,777 asteroids (127,012 phase curves) from ATLAS photometry and could replace H for those bodies. No number extracted"
01_density_and_population,britt_2002_pds_asteroid_densities,T3,"Asteroid Densities (NASA PDS dataset EAR-A-5-DDR-ASTEROID-DENSITIES V1.1; Britt et al. 2002, Table 1 of Asteroids III)",NASA PDS Small Bodies Node dataset (data files dated 2006-02-08; PDS peer review 2002-05-10),2002,https://sbnarchive.psi.edu/pds3/non_mission/EAR_A_5_DDR_ASTEROID_DENSITIES_V1_1/ (NASA Open Data record: https://data.nasa.gov/dataset/asteroid-densities),"Britt, D.T. (compiler); Neese, C. (PDS submitter)","open_service - R114 (2026-10-04): the data.nasa.gov record says 'This dataset has no data', so the PDS archive was read instead: data/densbest.tab (23 objects (20 numbered, 3 unnumbered; 2.9 KB)), data/density.tab (8.2 KB) and data/densrefs.tab (8.2 KB) are served by sbnarchive.psi.edu. Per-body best densities extracted to extracted_data/r114_gr_links_key_numbers.csv; the data files were not committed","TAXONOMY_COMPOSITION densities: the per-body best-density table behind Britt's Asteroids III chapter, with taxonomic class per body. It carries the two M-type measurements the M row once leaned on (Psyche 2.00 +/- 0.60, Kalliope 2.50 +/- 0.30 g/cm3), both older than the registered siltala_granvik_2021 and ferrais_2022_kalliope_tiny_mercury. Compiled before carry2012, which supersedes it for class averages; kept as the primary table that other compilations cite"
01_density_and_population,neese_2010_pds_asteroid_taxonomy_v3_0,T3,"Asteroid Taxonomy V3.0 (NASA PDS dataset EAR-A-5-DDR-TAXONOMY-V3.0: Tholen, Barucci, Tedesco, Howell and Xu classes)",NASA PDS Small Bodies Node dataset (volume dated 2010-08-30),2010,https://sbnarchive.psi.edu/pds3/non_mission/EAR_A_5_DDR_TAXONOMY_V3_0/ (NASA Open Data record: https://catalog.data.gov/dataset/asteroid-taxonomy-v3-0-523bf),"Neese, C. (ed.), after Tholen (1984, 1989), Barucci et al. (1987), Tedesco et al. (1989), Howell et al. (1994), Xu et al. (1995)","open_service - R114 (2026-10-04): the catalog.data.gov record is metadata only, so the PDS archive was read: data/taxonomy.tab (75 KB, 1,198 rows, 64-byte fixed-width records) and its label were pulled live and the Tholen classes counted. Not committed; counts in extracted_data/r114_gr_links_key_numbers.csv","the machine-readable table of Tholen (1984, 1989) classes behind JPL `spec_T`, which AsteroidCatalog reads after `spec_B`, and the source of the `tholen_1984_asteroid_taxonomy_dissertation` rows mapped onto Bus-DeMeo classes: population counts of the M, E, P, F and G classes among the 1,198 classified bodies. It is a classification record, not a measurement; no revision candidate"
01_density_and_population,pentikainen_2026_gaia_dr3_asteroid_characterization,T1,Asteroid characterization using Gaia Data Release 3 (taxonomic classification with a focus on Ch-class asteroids),Astronomy & Astrophysics 707:A132,2026,https://doi.org/10.1051/0004-6361/202556127,"Pentikainen, H.; MacLennan, E.; Penttila, A.; Muinonen, K.; Oszkiewicz, D.; Cellino, A.; et al.","registered_not_pulled - R114 (2026-10-04): DOI and bibliographic record verified on Crossref (licence CC BY 4.0) and abstract read there; aanda.org serves a bot check here, so the full text was not read R125 (2026-10-06): CC BY 4.0 re-confirmed via Crossref licence field; no arXiv copy (S2 externalIds empty + exact-title arXiv search = 0 entries). EDP aanda.org serves bot-check pages on every route from this machine incl. DOI resolution - stays registered_not_pulled. R137b (2026-10-09): OpenAlex flags it GOLD OA (A&A); the doi.org/10.1051/0004-6361/202556127 route answers HTTP 403 from this machine - stays registered_not_pulled.","Context-only: per its abstract it classifies asteroids from Gaia DR3 photometric slopes, geometric albedos from lightcurve inversion and the DR3 spectra (418-770 nm), with a focus on Ch-class asteroids because their possibly hydrated nature makes them sample-return and mining candidates. It sits beside tinaut_ruano_2026_gaia_dr3_taxonomy (the same data release) as a second class source for hydrated bodies, which the water-bearing C-complex rows of taxonomy_composition.csv do not distinguish. Unread beyond the abstract, so which bodies and classes it assigns is not yet known"
02_composition_value,nat_dms2023,T1,Metal extraction from asteroid proxies via deep eutectic solvents,Scientific Reports 13:6497 (CC-BY-4.0),2023,https://doi.org/10.1038/s41598-023-44152-0,(see paper),full_text_hosted,M/Xe metal_fraction row: 85% surface metal vs our 0.50; beneficiation feasibility
02_composition_value,asime2018,T2,ASIME 2018 White Paper — Asteroid Composition,arXiv:1904.11831 (conference white paper),2019,https://arxiv.org/abs/1904.11831,Graps A.; Abbud-Madrid A.; et al.,"verified_live_not_pulled — full text read on this machine and hosted here until 2026-09-26, when it was un-hosted because its licence does not permit redistribution (arxiv-nonexclusive (arXiv:1904.11831 abs page: arxiv.org/licenses/nonexclusive-distrib/1.0; checked 2026-09-26)). Removed copy: 2377086 bytes, sha256 c43015b864f37524…, for checking a re-pull. Numbers the repo uses: extracted_data/composition_value_key_numbers.csv, extracted_data/unhosted_sources_key_numbers.csv. R71 (2026-09-27): full extraction from the copy restored from git 5dd58d5 (sha256 matched): extracted_data/r71_asime2018_*.csv.",TAXONOMY_COMPOSITION reliability: water up to 22%; albedo<7.5% hydration guardrail
02_composition_value,lewicki2023,T2,Furthering Asteroid Resource Utilization (Decadal white paper),arXiv:2103.02435,2021,https://arxiv.org/abs/2103.02435,Lewicki C.; Graps A.; Elvis M.; Metzger P.; Rivkin A.,"verified_live_not_pulled — full text read on this machine and hosted here until 2026-09-26, when it was un-hosted because its licence does not permit redistribution (arxiv-nonexclusive (arXiv:2103.02435 abs page: arxiv.org/licenses/nonexclusive-distrib/1.0; checked 2026-09-26)). Removed copy: 257123 bytes, sha256 6dde606baf15004c…, for checking a re-pull. Numbers the repo uses: extracted_data/composition_value_key_numbers.csv. R71 (2026-09-27): full extraction from the copy restored from git 5dd58d5 (sha256 matched): extracted_data/r71_lewicki2023_*.csv.",valuation framework: knowledge-confidence discount concept for Module 2
02_composition_value,cannon2023,T1,Precious and structural metals on asteroids,Planetary and Space Science 215 (CC-BY-NC-ND OA),2023,https://doi.org/10.1016/j.pss.2022.105608,Cannon K.M.; Gialich M.; Acain J.,skipped (user decision 2026-09-17): OA but CC-BY-NC-ND; not committed to public repo — metadata + abstract only | R73 (2026-09-27): only copy is ScienceDirect (Cloudflare challenge); no preprint on arXiv or CORE,per-class recoverable-metal benchmark — the external check on our commodity valuations Context-only (2026-09-26): not hosted by user decision (CC BY-NC-ND); no figure recorded from the abstract.
02_composition_value,usgs_pp1802n,T3,Platinum-group elements — USGS Prof. Paper 1802-N (extraterrestrial abundance section),USGS Professional Paper 1802-N,2017,https://doi.org/10.3133/pp1802N,"Zientek, Loferski, Parks, Schulte & Seal","public_domain_excerpt_hosted (full PDF too large; cited by DOI+section) R71 (2026-09-27): the full PDF was read from a copy the owner downloaded and Tables N2-N5, N7 and N10 extracted to extracted_data/r71_usgs_pp1802n_*.csv; only the excerpt is quoted here.",anchors the ENTIRE PGM_ENRICHMENT_BY_TYPE gradient: iron-meteorite 2.4-16 ppm Pt -> M/Xe=2.0x; mantle 2-5 ppb -> A/R/O=0.5x; basaltic crust 0.5 ppb -> V=0.2x
02_composition_value,toplis2014,T2,Bulk composition of Vesta from Dawn + HED meteorites (NTRS),LPSC abstract / NASA NTRS 20140005771,2014,https://ntrs.nasa.gov/api/citations/20140005771,"Toplis, Mizzon, Forni et al.",full_text_hosted (public domain),Vesta core 90-120 km metal+sulphide: physical basis for V-row differentiation + X-complex model; HED=parent-body-fragment premise
02_composition_value,bennu_volatiles_2025,T1,Abundant ammonia and nitrogen-rich soluble organic matter in samples from asteroid (101955) Bennu,Nature Astronomy 9:199-210 (CC-BY-4.0),2025,https://doi.org/10.1038/s41550-024-02472-9,Bennu sample analysis team (GSFC et al.) — see paper for full author list,"full_text_hosted (verified live: nature.com direct PDF, 8.4 MB)","MEASURED volatile inventory of a real B-type: total C 4.5-4.7 wt%, N 0.23-0.25 wt%, ammonia ~40% of N; head-to-head vs Ryugu + CI-CY chondrites — flags carbon_fraction rows as possibly low (commodity-extractable fraction decision needed)"
02_composition_value,ryugu_hydrated_2023,T1,A dehydrated space-weathered skin cloaking the hydrated interior of Ryugu,Nature Astronomy 7:170-181 (CC-BY-4.0),2023,https://doi.org/10.1038/s41550-022-01841-6,Ryugu sample analysis team — see paper for full author list,"full_text_hosted (verified live: nature.com direct PDF, 7.2 MB)","C-type hydration MEASURED on returned samples: dehydrated skin over hydrated interior; ~66% of grains weathered, dehydration >=1.5 um deep — names the systematic bias in spectral-based ice_fraction estimates for C-types (biased LOW)"
02_composition_value,ryugu_soluble_organics_2023,T1,Soluble organic molecules in samples of the carbonaceous asteroid (162173) Ryugu,Science (OA; HAL mirrors bot-block this machine),2023,https://doi.org/10.1126/science.abn9033,Ryugu sample analysis team — see paper for full author list,open_not_pulled (Anubis challenge on hal.science + cnrs.hal.science; abstract recorded via OpenAlex) | R73 (2026-09-27): still Anubis on hal.science; Helmholtz and Europe PMC records carry no full text,"C-type organic inventory companion to bennu_volatiles_2025: CHNOS molecules, amino acids, PAHs, N-heterocycles — abiotic origin; brackets what carbon_fraction means for C-types Context-only (2026-09-26): qualitative abstract (organic-species inventory); no figure used."
02_composition_value,ryugu_macromolecular_om_2023,T1,Macromolecular organic matter in samples of the asteroid (162173) Ryugu,Science (OA; CNRS HAL mirror bot-blocks this machine),2023,https://doi.org/10.1126/science.abn9057,Ryugu sample analysis team — see paper for full author list,open_not_pulled (Anubis challenge on cnrs.hal.science; abstract recorded via OpenAlex) | R73 (2026-09-27): still Anubis on cnrs.hal.science; the KEK repository record returns 406,confirms Ryugu organic carbon is aqueously altered (nanoglobules + diffuse C with phyllosilicates/carbonates) — sample-level support for ice_fraction > 0 on every C-complex row Context-only (2026-09-26): qualitative abstract (organic-matter structure); no figure used.
02_composition_value,glavin_2018,T2,"Glavin, Alexander, Aponte, Dworkin, Elsila & Yabuta, ""The Origin and Evolution of Organic Matter in Carbonaceous Chondrites and Links to Their Parent Bodies"" (NASA chapter; NTRS 20180004493)",peer-reviewed NASA-published chapter; public domain,2018,https://ntrs.nasa.gov/api/citations/20180004493/downloads/20180004493.pdf (NTRS API + PDF verified live from this machine),"Glavin, D.P.; Alexander, C.M.O.D.; Aponte, J.C.; Dworkin, J.P.; Elsila, J.E.; Yabuta, H.",full_text_hosted (public domain; 67 pp),"**the per-class carbon anchor for `carbon_fraction` rows**: measured range ~0.1 wt% (CK) to ~5 wt% (CI) — our B/C-complex defaults of 22-30% are 4-6x above the most carbon-rich real C-type, so those fractions encode a broader 'carbon-bearing material' definition than bulk elemental carbon; also carries the per-class hydration mineralogy table (serpentine/saponite/smectite across CI/CM/CR) that is what `ice_fraction` actually measures for these types"
02_composition_value,ryugu_ivuna_2023,T1,"Yokoyama, Nagashima, Nakai et al., ""Samples returned from the asteroid Ryugu are similar to Ivuna-type carbonaceous meteorites"" — Science 379(6634):786 (DOI 10.1126/science.abn7850)","peer-reviewed journal; author's version only in institutional repository (AAAS permission = personal use, NOT for redistribution) -> recorded with metadata + key findings, not hosted",2023,https://doi.org/10.1126/science.abn7850 (full text verified live from this machine via Hokudai HUSCAP author copy; Science direct route bot-blocked as usual),"Yokoyama, T.; Nagashima, K.; Nakai, I. et al.","verified_live_not_pulled — R73 (2026-09-27): Hokkaido HUSCAP author version re-pulled and read in full (2,447,776 bytes, sha256 739a0bba4abe31c21d3a329ab8ed558a78ddf4b62dfdf27ec0ded0ff9f22c5f7); AAAS personal-use terms, never host. Numbers in r73_ryugu_ivuna_2023_key_numbers.csv; the per-element Data S2-S8 xlsx files are only on science.org (Cloudflare) and were not retrieved",**the C/CI endmember of our hydrated range**: Ryugu = Ivuna-type CI1; structural water similar to CI chondrites BUT interlayer/free water largely absent (lost to space) -> any `ice_fraction` priced at the in-space water proxy overstates what is extractable from a C-complex body without structural-water liberation processing; pairs with bennu_volatiles_2025 (B endmember) so both ends of our volatile range now rest on returned samples
02_composition_value,mandler_elkins_tanton_2013,T1,"Mandler & Elkins-Tanton, 'The origin of eucrites, diogenites, and olivine diogenites: Magma ocean crystallization and shallow magma chamber processes on Vesta'",Meteoritics & Planetary Science 48(6):1259-1273,2013,https://doi.org/10.1111/maps.12135,"Mandler, Elkins-Tanton","open_not_pulled (CC-BY per OpenAlex but Wiley bot-blocks this machine; no accessible copy found) | R73 (2026-09-27): Wiley Cloudflare challenge; OpenAlex, Semantic Scholar and CORE list no other copy","Differentiation anchor for PGM_ENRICHMENT_BY_TYPE: best-fit model = ~60-70% equilibrium crystallization of Vesta's magma ocean + continuous extraction of residual melt into shallow chambers; predicts metallic core / mantle (dunites, harzburgites, diogenites) / basaltic crust (eucrites). Eucrites are late-stage residual melts from a body whose metal segregated into the core => their HSE/PGM budget is depleted vs primitive chondritic material by exactly that process; underwrites V=0.2 (crust), A/R/O=0.5 (mantle cumulates) and M/Xk=1.5-2.0 (metallic core). With usgs_pp1802n this makes the whole gradient defensible: USGS = measured Pt numbers, this paper = mechanism."
02_composition_value,farnocchia_2024,T1,"Farnocchia, Fuentes-Munoz, Park, Baer & Chesley (JPL), 'Mass, Density, and Radius of Asteroid 16 Psyche from High-precision Astrometry' — Astronomical Journal 168:57, DOI 10.3847/1538-3881/ad50ca | CC-BY but no accessible PDF route (IOP bot-blocks; DOAJ record has no link)",Astron J,2024,https://doi.org/10.3847/1538-3881/ad50ca,"Farnocchia, Fuentes-Munoz, Park, Baer, Chesley",open_not_pulled (CC-BY per OpenAlex/DOAJ; IOP pdfdirect 403 from this machine — tested live) | R73 (2026-09-27): iopscience redirects to a Radware bot check; no arXiv version; NTRS record has no file,"Second independent M-type density: GM = 1.601 +/- 0.017 km^3/s^2 via least-squares fit of astrometry (incl. Gaia FPR) on asteroids passing within 0.05 au; volume from occultations/radar => bulk density 4172 +/- 145 kg/m^3 = 4.17 g/cm^3, compatible with M-type. Pairs with siltala_granvik_2021 (3.88): our M-row 3.90 sits at the LOW end of the independent range — defensible but worth re-checking if Psyche mission data revises either."
02_composition_value,elkins_tanton_2020_psyche_preflight,T1,"Elkins-Tanton et al. (NASA/JPL + university consortium), 'Observations, Meteorites, and Models: A Pre-flight Assessment of the Composition and Formation of (16) Psyche' — full preflight composition review: bulk-density constraint chain, metal/silicate/porosity scenarios, meteorite-analog density table",Journal of Geophysical Research: Planets 125:e2019JE006296 (received 3 Dec 2019; published 2020),2020,https://doi.org/10.1029/2019JE006296,"Elkins-Tanton, Asphaug, Bell III, Bercovici, Bills, Binzel, Bottke, Dibb, Lawrence, Marchi, McCoy, Oran, Park, Peplowski, Polanskey, Prettyman, Russell, Schaefer, Weiss, Wieczorek, Williams, Zuber","verified_live_not_pulled — CC-BY-NC 4.0 (verified in PDF front matter), so extract only; R73 (2026-09-27): author mirror https://benweiss.mit.edu/s/Elkins-Tanton_2020_JGR.pdf re-pulled (4,403,669 bytes, sha256 03b16c20d20a177a012c161d109890879dbd8c26a622d3285a3c96f5dc1b8c81, post-erratum version of record) and read in full: r73_elkins_tanton_2020_* (Tables 1-2, key numbers); also on PMC7375145","THE paper catalog.py's M-row already cites ('metal content is now put at roughly 30-60% ... Elkins-Tanton et al. 2020') but which was never registered here — closes that citation gap. VERIFIED from full text: p10 (Sec 2.5) predicts Psyche 'between ~25 vol% metal and ~60 vol% metal' with Point D = ~25 vol% metal + ~55 vol% magnesian pyroxene + ~20% porosity; our M-row mass fractions (metal 0.50 / silicate 0.45) convert to roughly 30-35 vol% metal at rho_metal~7.8 vs rho_sil~3.6 g/cm^3 — INSIDE the peer-reviewed band, row AGREEs; R73: the abstract, plain-language summary, key points and conclusions all say ~30-60 vol%; only Sec 2.5 says ~25 (point D is 27% on p5), so catalog.py's '30-60%' matches the abstract (rc-009 withdrawn). Also anchors: surface endmembers 90 wt.% metal/10 wt.% opx (Hardersen) to pure-metal powder (Fornasier), p9; retained silicate veneer scenario 25-80 km, p13; meteorite-analog density table iron 7,000-8,000 / pallasite 4,100-7,800 / mesosiderite 3,100-7,200 kg/m^3 vs Psyche ~4,000 (range 3,400-4,100), p10 — the density argument that rules out a solid-metal M-type; CB chondrites ~60 vol% metal with skeletal olivine Fa2-4 + cryptocrystalline pyroxene Fs2, pp11-12 (high-metal carbonaceous endmember relevant to Xc/Cb rows)"
02_composition_value,reddy_asteroids_iv_mineralogy,T1,"Reddy, Dunn, Thomas, Moskovitz & Burbine, 'Mineralogy and Surface Composition of Asteroids' — the definitive review chapter: temperature/phase-angle/grain-size corrections + all mafic-silicate composition calibrations (HED, ordinary chondrites, olivine-rich) with meteorite-analog validation","Asteroids IV (Michel, DeMeo & Bottke eds.), University of Arizona Press Space Science Series, pp. 43-63; book DOI 10.2458/azu_uapress_9780816532131 (published Dec 2015)",2015,"https://doi.org/10.2458/azu_uapress_9780816532131 (chapter); copy read = arXiv:1502.05008v1 author preprint ('Chapter to appear in the Space Science Series Book: Asteroids IV, 51 pages')","Reddy V., Dunn T.L., Thomas C.A., Moskovitz N.A., Burbine T.H.","verified_live_not_pulled — full text read on this machine and hosted here until 2026-09-26, when it was un-hosted because its licence does not permit redistribution (arxiv-nonexclusive (arXiv:1502.05008 abs page: arxiv.org/licenses/nonexclusive-distrib/1.0; checked 2026-09-26)). Removed copy: 2446918 bytes, sha256 7e79fa0d1240b571…, for checking a re-pull. Numbers the repo uses: extracted_data/r36_per_type_materials_key_numbers.csv. Earlier record: arXiv:1502.05008v1 (51 pp) downloaded via export.arxiv.org mirror + text-extracted on this machine; abs-page metadata verified live this round (title, 5 authors); book itself paywalled at UAPress R71 (2026-09-27): full extraction from the copy restored from git 5dd58d5 (sha256 matched): extracted_data/r71_reddy_asteroids_iv_*.csv.","FIRST per-type MATERIAL anchor for TAXONOMY_COMPOSITION's minerals lists and mafic ratios: A-types = monomineralic olivine Fo85-93 calibration (RMS 5 mol%), p8 — anchors our A-row mineral list [olivine] + metal_fraction=0.05; R chondrites carry 65-78% olivine by volume, higher than ordinary chondrites, p9 — anchor for the A/R silicate-dominant rows (our A/R: silicate 0.90); HED/V-type pyroxene range Fs23-56 / Wo2-14 with Burbine et al. 2007 calibrations accurate to within 3 mol% Fs and 1 mol% Wo, p7 — anchor for V-row minerals [pyroxene, plagioclase, olivine]; S/Q = ordinary-chondrite analogs via Dunn et al. 2010b Fa/Fs calibrations (<2 mol% error from ~50 measured OC powders), pp7-9 — anchor for S-row minerals [olivine, pyroxene, nickel-iron]. GROUND TRUTH: Itokawa = LL chondrite (Hayabusa samples; Shkuratov model ol/(ol+low-Ca pyx) = 76%, Fig.5 caption p26); Eros plots in the L/LL chondrite region with identical Fs/Fa from NEAR NIS + ground-based spectra, Fig.6 captions pp26-27 — validates 'S/Q rows are ordinary-chondrite analogs' framing; A/S/Q/V meteorite analogs = 91% of the terrestrial meteorite collection, p8 (context: our table is anchored where most ground truth exists)"
02_composition_value,lodders_2010_solar_abundances,T2,"Lodders, 'Solar system abundances of the elements' — full CI-chondrite composition table (Orgueil-based, ppm + uncertainties), solar photospheric comparison tables; lecture notes from the Kodaikanal school on synthesis of elements in stars","Astrophysics and Space Science Proceedings 57:379-417, Springer (ISBN 978-3-642-10351-3); copy read marked '2010 Preprint' p.1 = arXiv:1010.2746v1",2010,https://arxiv.org/abs/1010.2746 (preprint; abs page verified live this round),Katharina Lodders (Washington University in St. Louis),"verified_live_not_pulled — full text read on this machine and hosted here until 2026-09-26, when it was un-hosted because its licence does not permit redistribution (arxiv-nonexclusive (arXiv:1010.2746 abs page: arxiv.org/licenses/nonexclusive-distrib/1.0; checked 2026-09-26)). Removed copy: 248156 bytes, sha256 2f76d28cbcbb21f2…, for checking a re-pull. Numbers the repo uses: extracted_data/lodders_2010_ci_composition_table2.csv, extracted_data/r36_per_type_materials_key_numbers.csv. Earlier record: arXiv:1010.2746v1 (46 pp) downloaded from arxiv.org + text-extracted on this machine R71 (2026-09-27): full extraction from the copy restored from git 5dd58d5 (sha256 matched): extracted_data/r71_lodders_2010 and r72_lodders_2010_*.csv.","Per-element CI-chondrite basis for the C-complex rows of TAXONOMY_COMPOSITION and an independent confirmation of the PGM baseline: Table 2 (pp8-10, Orgueil as representative CI): total C = 34,800 ppm = 3.48 wt% — citable per-element anchor showing our B/C carbon_fraction defaults (0.25-0.30) are ~7-9x bulk ELEMENTAL carbon, confirming the glavin_2018 flag that those fractions encode a broader 'carbon-bearing material' definition; Fe 185,000 / Mg 95,800 / Si 107,000 ppm (18.5/9.6/10.7 wt%) = bulk-silicate composition basis for C-complex rows (cross-checks Cannon et al. Table 3 CI values Fe 18.88/Mg 9.54/Si 10.70 from Palme et al. 2014); O 459,000 / S 53,500 ppm = hydration + sulfide context for ice_fraction rows; PGM sum Ru 0.686+Rh 0.139+Pd 0.558+Os 0.493+Ir 0.469+Pt 0.947 = exactly 3.29 ppm CI bulk — independently reproduces the lodders_palme2009 baseline (domain 1) that anchors PGM_ENRICHMENT_BY_TYPE calibration"
02_composition_value,marschall_2025_67p_refractory_ice_ratio,T1,"Marschall, Morbidelli & Marrocchi, 'The refractory-to-ice ratio in comet 67P: implications on the composition of the comet-forming region of the protoplanetary disk' — Rosetta ROSINA+COSIMA Monte Carlo bulk elemental model",Planetary and Space Science 259:106061 (arXiv:2501.17864v1 hosted),2025,https://doi.org/10.1016/j.pss.2025.106061,"Marschall, Morbidelli, Marrocchi",full_text_hosted (arXiv:2501.17864v1; PSS Elsevier TDM license on published version),"D/T/P-row ice-fraction anchor: refractory-to-ice ratio constrained to 0.5 < chi < 1.7 from composition alone (p.1 abstract); bulk water mass fraction 28% (chi=1.7) to 52% (chi=0.5), preferred case chi~1.1 with solar O at ~35-40 wt% water (p.5); formation region 25-35 au in the protoplanetary disk, temperature-constrained by Kr/Xe noble-gas fractionation (p.1-2). Provides the peer-reviewed basis for primitive-body ice fractions: our D-row ice_fraction=0.25 and P-row 0.15 both sit BELOW even the chondritic upper case — defensible as dehydrated outer-belt analogs, but T/D rows could be revised upward toward ~0.3-0.4 if a cometary primitive end-member is preferred; recorded as revision candidate, NOT applied (target repo read-only)."
02_composition_value,rubin_2019_67p_abundances,T1,"Rubin et al. (Rosetta ROSINA/DFMS team, 23 authors), 'Elemental and molecular abundances in comet 67P/Churyumov-Gerasimenko' — full bulk volatile inventory of the most pristine measured primitive body",Monthly Notices RAS 489:594-607 (arXiv:1907.11044v3 read),2019,https://doi.org/10.1093/mnras/stz2086,"Rubin, Altwegg, Balsiger et al.","verified_live_not_pulled — full text read on this machine and hosted here until 2026-09-26, when it was un-hosted because its licence does not permit redistribution (arxiv-nonexclusive (arXiv:1907.11044 abs page: arxiv.org/licenses/nonexclusive-distrib/1.0; checked 2026-09-26)). Removed copy: 942055 bytes, sha256 f40280c2822ece28…, for checking a re-pull. Numbers the repo uses: extracted_data/r38_primitive_type_materials_key_numbers.csv, extracted_data/unhosted_sources_key_numbers.csv. Earlier record: arXiv:1907.11044v3; MNRAS OUP open-access model R71 (2026-09-27): full extraction from the copy restored from git 5dd58d5 (sha256 matched): extracted_data/r71_rubin_2019_*.csv.","D/T/P-row organic/volatile anchor: Table 2 bulk ice composition normalized to H2O=100 — CO2 = 4.7+/-1.4, CO = 3.1+/-0.9, O2 = 3.1+/-1.1 (ppm per water), CH4 = 0.34+/-0.07, C2H6 = 0.29+/-0.06, CH3OH = 0.21+/-0.06, H2CO = 0.32+/-0.10 (p.13); Table 4 combined elemental ratios: near-solar O/Si and C/Si, N/Si depleted vs solar — same pattern as 1P/Halley (p.20). Pairs with marschall_2025 (refractory/ice split) to bound the organic+ice budget of primitive D/T/P rows: our D-row carbon_fraction=0.30 + ice_fraction=0.25 is consistent with a 67P-like volatile inventory once CO2/CO/O2 are folded into 'organics'; no revision forced, recorded as supporting evidence."
02_composition_value,pearson_2006_carbon_nitrogen_carbonaceous_chondrites,T1,Carbon and nitrogen in carbonaceous chondrites: Elemental abundances and stable isotopic compositions,Meteoritics & Planetary Science 41:1899-1918,2006,https://doi.org/10.1111/j.1945-5100.2006.tb00459.x,"Pearson, V.K.; Sephton, M.A.; Franchi, I.A.; Gibson, J.M.; Gilmour, I.","registered_not_pulled — R74 (2026-09-27): registered from the upstream citation; full text not sought, nothing extracted. Metadata checked against the Crossref record for 10.1111/j.1945-5100.2006.tb00459.x: 'Carbon and nitrogen in carbonaceous chondrites: Elemental abundances and stable isotopic compositions', Meteoritics & Planetary Science 41:1899-1918 (2006), first author Pearson. Cited upstream: AsteroidCatalog@852bf69 asteroid_catalog/taxonomy.py header and C-complex notes; README; CITATIONS.md section 3.",taxonomy_composition.csv C-complex carbon_fraction (CI chondrite wt% C)
02_composition_value,lauretta_2024_bennu_in_the_laboratory,T1,Asteroid (101955) Bennu in the laboratory: Properties of the sample collected by OSIRIS-REx,Meteoritics & Planetary Science 59:2453-2486,2024,https://doi.org/10.1111/maps.14227,"Lauretta, D.S.; Connolly, H.C.; Aebersold, J.E.; et al.","verified_live_not_pulled — R74 (2026-09-27): registered from the upstream citation; full text not sought, nothing extracted. Metadata checked against the Crossref record for 10.1111/maps.14227: 'Asteroid (101955) Bennu in the laboratory: Properties of the sample collected by OSIRIS‐REx', Meteoritics & Planetary Science 59:2453-2486 (2024), first author Lauretta. Cited upstream: AsteroidCatalog@852bf69 asteroid_catalog/taxonomy.py header and C-complex notes; README; CITATIONS.md section 3. R124 (2026-10-05) retry: Crossref's own `link` field registers a direct PDF URL (onlinelibrary.wiley.com/doi/pdf/10.1111/maps.14227) but it answers HTTP 403 Cloudflare 'Just a moment' from this machine - still registered_not_pulled. R125 (2026-10-06): read in full via arXiv:2404.12536v1 (export.arxiv.org copy, 73 pp / 13,807,665 B sha256 42c84cb98b2f; identity verified p1 'Asteroid (101955) Bennu in the Laboratory'). Journal version CC BY 4.0 per Crossref but the arXiv copy's abs page carries a CC BY-NC-ND 4.0 icon - NOT hostable under LICENSE_CLASSES; Wiley pdfdirect still Cloudflare-blocked from this machine (R124). Verbatim anchors: hummocky stones 'a weighted average of 1.55 ± 0.07 g/cm3', angular stones 'averaging 1.69 ± 0.04 g/cm3' (Table 2, 12-stone XCT set = 11.7% of the 121.6 g collection); Ryugu comparison 'The average bulk density of 637 Ryugu particles was determined to be 1.79 ± 0.31 g/cm3'. Context-only (R125, 2026-10-06): source verified live and read in full; no number extracted into an extracted-data CSV yet - extraction is the follow-up step.",taxonomy_composition.csv C-complex carbon_fraction (Bennu and Ryugu sample carbon)
02_composition_value,jarosewich_1990_meteorite_chemical_analyses,T1,Chemical analyses of meteorites: A compilation of stony and iron meteorite analyses,Meteoritics 25:323-337,1990,https://doi.org/10.1111/j.1945-5100.1990.tb00717.x,"Jarosewich, E.","registered_not_pulled — R74 (2026-09-27): registered from the upstream citation; full text not sought, nothing extracted. Metadata checked against the Crossref record for 10.1111/j.1945-5100.1990.tb00717.x: 'Chemical analyses of meteorites: A compilation of stony and iron meteorite analyses', Meteoritics 25:323-337 (1990), first author Jarosewich. Cited upstream: AsteroidCatalog@852bf69 asteroid_catalog/taxonomy.py header and S-complex notes; CITATIONS.md section 3.",taxonomy_composition.csv S-complex and Q metal_fraction (H/L/LL chondrite Fe-Ni-Co metal)
02_composition_value,kargel_1994_metalliferous_asteroids_precious_metals,T1,Metalliferous asteroids as potential sources of precious metals,Journal of Geophysical Research: Planets 99(E10):21129-21141,1994,https://doi.org/10.1029/94JE02141,"Kargel, J.S.","registered_not_pulled — R74 (2026-09-27): registered from the upstream citation; full text not sought, nothing extracted. Metadata checked against the Crossref record for 10.1029/94JE02141: 'Metalliferous asteroids as potential sources of precious metals', Journal of Geophysical Research: Planets 99:21129-21141 (1994), first author Kargel. Cited upstream: AsteroidCatalog@852bf69 asteroid_catalog/taxonomy.py PGM comment; CITATIONS.md sections 2-3.",AsteroidCatalog PGM_ENRICHMENT_BY_TYPE caveat (chondritic metal carries more precious metal than the 1.0 baseline assumes)
02_composition_value,fornasier_2010_m_type_spectroscopic_survey,T1,Spectroscopic survey of M-type asteroids,Icarus 210:655-673,2010,https://doi.org/10.1016/j.icarus.2010.07.001,"Fornasier, S.; Clark, B.E.; Dotto, E.; et al.","verified_live_not_pulled - R74 (2026-09-27): registered from the upstream citation; full text not sought, nothing extracted. Metadata checked against Crossref for 10.1016/j.icarus.2010.07.001: 'Spectroscopic survey of M-type asteroids☆', Icarus 210:655-673 (2010), first author Fornasier. Cited upstream: AsteroidCatalog@852bf69 asteroid_catalog/taxonomy.py Xk and M row notes; README; CITATIONS.md section 3. R121 (2026-10-05): full text pulled live via export.arxiv.org/pdf/1007.2582v1 (49 pages) and read in full from this machine but NOT hostable - the arXiv abs page carries only the default non-exclusive distribution licence with no Creative Commons licence, so redistribution into GR is barred by the R70 audit lesson / R113 precedent; v1 hash recorded here: 1,023,459 B sha256=eb1b65c550c86b93ca2b1ed5764a363341091a9756d185f10a935a498d028804 (no file committed). Verbatim title line (p1): ""Spectroscopic survey of M–type asteroids""; 'Submitted to Icarus: September 2009' - the M-type spectroscopic survey behind taxonomy_composition.csv's Xk/M row notes. Context-only (R121, 2026-10-05): source verified live and read in full this round; no number extracted into an extracted-data CSV yet - extraction is the follow-up step.",taxonomy_composition.csv Xk/Xe swap and the M-row mapping (Tholen M-types that are Bus-DeMeo Xk)
02_composition_value,lodders_2003_solar_abundances_condensation_temperatures,T1,Solar System Abundances and Condensation Temperatures of the Elements,The Astrophysical Journal 591:1220-1247,2003,https://doi.org/10.1086/375492,"Lodders, K.","registered_not_pulled — R74 (2026-09-27): registered from the upstream citation; full text not sought, nothing extracted. Metadata checked against the Crossref record for 10.1086/375492: 'Solar System Abundances and Condensation Temperatures of the Elements', The Astrophysical Journal 591:1220-1247 (2003), first author Lodders. Cited upstream: economicspace@1f470d4 modules/mineral_value.py nickel-iron row comment. R133 (2026-10-07): the NTRS search hit for this title is a DIFFERENT paper - Lodders/Bergemann/Palme, Space Science Reviews 221(2), Mar 2025, now registered separately as lodders_bergemann_palme_2025_solar_system_abundances_ssreview (read in full from NTRS 20250008646; extraction-only). The ApJ 2003 full text remains paywalled (IOP route unchanged). R137b (2026-10-09): bronze OA via iopscience.iop.org/article/10.1086/375492/pdf which redirects to a third-party 'validate.perfdrive.com' verification interstitial (HTTP 200 but not the PDF) - IOP bot-wall, stays registered_not_pulled.",economicspace mineral_value.py nickel-iron yields: trace PGM abundances in the iron-meteorite analogue
02_composition_value,wright_fleischer_1965_usgs_b1214a_geochemistry_platinum_metals,T3,Geochemistry of the platinum metals (USGS Bulletin 1214-A),U.S. Geological Survey Bulletin 1214-A,1965,https://doi.org/10.3133/b1214A,"Wright, T.L.; Fleischer, M.","full_text_hosted - R74 (2026-09-27): registered from the upstream citation; Crossref record 10.3133/b1214A checked. R120 (2026-10-05): full text pulled live from pubs.usgs.gov/bul/1214a/report.pdf (the correct /bul/ path - /b/ 404s) and committed to full_texts/wright_fleischer_1965_geochemistry_platinum_metals_usgs_bulletin_b1214a_report.pdf (1,809,279 B sha256=60c5635efbe1c66e211141bd67c4c718a1594a3bd9825d0ea913ebac73735062); U.S. government work (public domain). The file is Chapter A of Bulletin 1214 ('Geochemistry of the Platinum Metals', Wright & Fleischer), 31 pages - exactly the chapter upstream cites for siderite total-PGM concentrations. Context-only (R120, 2026-10-05): source verified live and read in full this round; no number extracted into an extracted-data CSV yet - extraction is the follow-up step.",economicspace mineral_value.py nickel-iron yields: siderite total-PGM concentration
02_composition_value,nichiporuk_brown_1965_pt_pd_iron_meteorites,T1,The distribution of platinum and palladium metals in iron meteorites and in the metal phase of ordinary chondrites,Journal of Geophysical Research 70:459-470,1965,https://doi.org/10.1029/JZ070i002p00459,"Nichiporuk, W.; Brown, H.","registered_not_pulled — R74 (2026-09-27): registered from the upstream citation; full text not sought, nothing extracted. Metadata checked against the Crossref record for 10.1029/JZ070i002p00459: 'The distribution of platinum and palladium metals in iron meteorites and in the metal phase of ordinary chondrites', Journal of Geophysical Research 70:459-470 (1965), first author Nichiporuk. Cited upstream: economicspace@1f470d4 modules/mineral_value.py nickel-iron row comment (cited as ""Nichiporuk 1965"").",economicspace mineral_value.py nickel-iron yields: siderite total-PGM concentration
02_composition_value,scott_wasson_1975_classification_properties_iron_meteorites,T1,Classification and properties of iron meteorites,Reviews of Geophysics and Space Physics 13(4):527-546,1975,https://doi.org/10.1029/RG013i004p00527,"Scott, E.R.D.; Wasson, J.T.","registered_not_pulled — R83 (2026-09-30): registered from the upstream citation; full text not sought, nothing extracted. Metadata checked against the Crossref record for 10.1029/RG013i004p00527: 'Classification and properties of iron meteorites', Reviews of Geophysics and Space Physics 13(4):527-546 (1975), authors Scott; Wasson. Cited upstream: economicspace@7d99662 CITATIONS.md section 1 'Mineral composition' — the order-of-magnitude trace-metal means (Ga, Ge, Mo, W, Re) behind modules/mineral_value.py nickel-iron yields.",economicspace mineral_value.py nickel-iron yields: order-of-magnitude mean trace metals (Ga/Ge/Mo/W/Re) over the common iron meteorite groups
02_composition_value,dunn_cressey_2010_xrd_modal_mineral_abundances_ordinary_chondrites,T1,Analysis of ordinary chondrites using powder X-ray diffraction: 1. Modal mineral abundances in L and LL chondrites,"Meteoritics & Planetary Science 45(2) (2010); the Crossref record for this DOI carries no volume/pages — 'MAPS 45, 123' per the upstream citation",2010,https://doi.org/10.1111/j.1945-5100.2009.01011.x,"Dunn, T.J.; Cressey, G.; McSween Jr., H.Y.; McCoy, T.J.","registered_not_pulled — R83 (2026-09-30): registered from the upstream citation; full text not sought, nothing extracted. Metadata checked against the Crossref record for 10.1111/j.1945-5100.2009.01011.x: 'Analysis of ordinary chondrites using powder X-ray diffraction: 1. Modal mineral abundances in L and LL chondrites', no volume/pages on the record ('MAPS 45, 123' per the upstream citation), first author Dunn. Cited upstream: AsteroidCatalog@6a2cfbc asteroid_catalog/mineralogy.py comp_phases_detailed header block.",AsteroidCatalog comp_phases_detailed: ordinary-chondrite (S/Sq/Q) silicate split olivine ~0.58 / orthopyroxene ~0.24 / pyroxene ~0.06 / plagioclase ~0.12 + troilite and chromite body fractions
02_composition_value,king_schofield_2015_ci_modal_mineralogy_xrd,T1,Modal mineralogy of CI and CI-like chondrites by X-ray diffraction,Geochimica et Cosmochimica Acta 165:148-160,2015,https://doi.org/10.1016/j.gca.2015.05.038,"King, D.J.; Schofield, J.; Howard, W.L.; Russell, S.S.","registered_not_pulled — R83 (2026-09-30): registered from the upstream citation; full text not sought, nothing extracted. Metadata checked against the Crossref record for 10.1016/j.gca.2015.05.038: 'Modal mineralogy of CI and CI-like chondrites by X-ray diffraction', Geochimica et Cosmochimica Acta 165:148-160 (2015), first author King. Cited upstream: AsteroidCatalog@6a2cfbc asteroid_catalog/mineralogy.py comp_phases_detailed header block. R125 (2026-10-06): institutional OA copy located at Open University ORA oro.open.ac.uk/69573/1/69573.pdf; record page verified live via web_extract fetcher (title/authors/journal match: Geochimica et Cosmochimica Acta 165 pp. 148-160) and the in-file CC BY 4.0 statement is visible on search snippets ('This is an open access article under the CC BY license') - consistent with Crossref's registered licence. ORA serves a Cloudflare 'Just a moment' challenge to direct fetches from this machine (urllib, full browser headers) so the PDF was not pulled; stays registered_not_pulled. R137b (2026-10-09): OpenAlex flags it hybrid OA via ORO (oro.open.ac.uk/69573/1/69573.pdf) which answers HTTP 403 from this machine - stays registered_not_pulled.","AsteroidCatalog comp_phases_detailed: CI chondrite (C/B/Cb/F) phase split from Orgueil and Ivuna XRD — phyllosilicate ~81-84 wt%, magnetite, sulfide, carbonate"
02_composition_value,howard_alexander_2015_hydrous_meteorite_phyllosilicate_classification,T1,"Classification of hydrous meteorites (CR, CM and C2 ungrouped) by phyllosilicate fraction: PSD-XRD modal mineralogy and planetesimal environments",Geochimica et Cosmochimica Acta 149:206-222,2015,https://doi.org/10.1016/j.gca.2014.10.025,"Howard, W.L.; Alexander, C.M.O'D.; Schrader, D.J.; Dyl, D.","registered_not_pulled — R83 (2026-09-30): registered from the upstream citation; full text not sought, nothing extracted. Metadata checked against the Crossref record for 10.1016/j.gca.2014.10.025: 'Classification of hydrous meteorites (CR, CM and C2 ungrouped) by phyllosilicate fraction: PSD-XRD modal mineralogy and planetesimal environments', Geochimica et Cosmochimica Acta 149:206-222 (2015), first author Howard. Cited upstream: AsteroidCatalog@6a2cfbc asteroid_catalog/mineralogy.py comp_phases_detailed header block.","AsteroidCatalog comp_phases_detailed: CM chondrite (Cg/Ch/G) phase split — phyllosilicate 70-90 wt%, olivine + pyroxene most of the rest"
02_composition_value,alexander_fogel_2007_macromolecular_organic_matter_chondrites,T1,The origin and evolution of chondrites recorded in the elemental and isotopic compositions of their macromolecular organic matter,Geochimica et Cosmochimica Acta 71(19):4380-4403,2007,https://doi.org/10.1016/j.gca.2007.06.052,"Alexander, C.M.O'D.; Fogel, M.L.; Yabuta, H.P.; Cody, G.D.","registered_not_pulled — R83 (2026-09-30): registered from the upstream citation; full text not sought, nothing extracted. Metadata checked against the Crossref record for 10.1016/j.gca.2007.06.052: 'The origin and evolution of chondrites recorded in the elemental and isotopic compositions of their macromolecular organic matter', Geochimica et Cosmochimica Acta 71(19):4380-4403 (2007), first author Alexander. Cited upstream: AsteroidCatalog@6a2cfbc asteroid_catalog/mineralogy.py comp_phases_detailed header block.","AsteroidCatalog comp_phases_detailed: carbon (C complex) IOM:soluble split 0.70:0.30 — IOM is 70-99% of CI/CM organic carbon, the low end so the cheaper row is not over-credited"
02_composition_value,mittelfehldt_2015_hed_clan_vesta,T1,Asteroid (4) Vesta: I. The howardite-eucrite-diogenite (HED) clan of meteorites,Chemie der Erde - Geochemistry 75(3):155-183,2015,https://doi.org/10.1016/j.chemer.2014.08.002,"Mittlefehldt, D.W.","registered_not_pulled — R83 (2026-09-30): registered from the upstream citation; full text not sought, nothing extracted. Metadata checked against the Crossref record for 10.1016/j.chemer.2014.08.002: 'Asteroid (4) Vesta: I. The howardite-eucrite-diogenite (HED) clan of meteorites', Chemie der Erde - Geochemistry 75(3):155-183 (2015), first author Mittlefehldt. Cited upstream: AsteroidCatalog@6a2cfbc asteroid_catalog/mineralogy.py comp_phases_detailed header block.","AsteroidCatalog comp_phases_detailed: HED (V) phase detail — eucrite pyroxene and plagioclase near-equal parts, chromite and ilmenite ~1 wt% each; eucrite metal nearly Ni-free"
02_composition_value,sunshine_connolly_2008_ancient_asteroids_refractory_inclusions,T1,Ancient Asteroids Enriched in Refractory Inclusions,Science 320(5876):514-517,2008,https://doi.org/10.1126/science.1154340,"Sunshine, J.M.; Connolly, H.C.; McCoy, T.J.; Bus, S.J.","registered_not_pulled — R83 (2026-09-30): registered from the upstream citation; full text not sought, nothing extracted. Metadata checked against the Crossref record for 10.1126/science.1154340: 'Ancient Asteroids Enriched in Refractory Inclusions', Science 320(5876):514-517 (2008), first author Sunshine. Cited upstream: AsteroidCatalog@6a2cfbc asteroid_catalog/mineralogy.py comp_phases_detailed header block.","AsteroidCatalog comp_phases_detailed: CV/CO (K/L) — L-types need the highest CAI content of any spectrum, so L carries the most spinel the residual allows"
02_composition_value,hiro_i_zolensky_2001_tagish_lake_possible_d_type_sample,T1,The Tagish Lake Meteorite: A Possible Sample from a D-Type Asteroid,Science 293(5534):2234-2236,2001,https://doi.org/10.1126/science.1063734,"Hiroi, T.; Zolensky, M.E.; Pieters, C.M.","registered_not_pulled — R83 (2026-09-30): registered from the upstream citation; full text not sought, nothing extracted. Metadata checked against the Crossref record for 10.1126/science.1063734: 'The Tagish Lake Meteorite: A Possible Sample from a D-Type Asteroid', Science 293(5534):2234-2236 (2001), first author Hiroi. Cited upstream: AsteroidCatalog@6a2cfbc asteroid_catalog/mineralogy.py comp_phases_detailed header block.","AsteroidCatalog comp_phases_detailed: D/Z/P accessories via the Tagish Lake analogue — magnetite ~5, sulfide ~3, carbonate ~3 wt%"
02_composition_value,keil_1968_mineralogical_chemical_enstatite_chondrites,T1,Mineralogical and chemical relationships among enstatite chondrites,Journal of Geophysical Research 73(22):6945-6976,1968,https://doi.org/10.1029/jb073i022p06945,"Keil, K.","registered_not_pulled — R83 (2026-09-30): registered from the upstream citation; full text not sought, nothing extracted. Metadata checked against the Crossref record for 10.1029/jb073i022p06945: 'Mineralogical and chemical relationships among enstatite chondrites', Journal of Geophysical Research 73(22):6945-6976 (1968), first author Keil. Cited upstream: AsteroidCatalog@6a2cfbc asteroid_catalog/mineralogy.py comp_phases_detailed header block.",AsteroidCatalog comp_phases_detailed: enstatite-chondrite (Xe) sulfides troilite ~5 / niningerite ~2 / oldhamite ~0.7 / daubreelite ~0.3 wt% of the body; low-Ni kamacite metal
02_composition_value,keil_2010_aubrites_and_their_asteroidal_parent_bodies,T1,Enstatite achondrite meteorites (aubrites) and the histories of their asteroidal parent bodies,Chemie der Erde - Geochemistry 70(4):295-317,2010,https://doi.org/10.1016/j.chemer.2010.02.002,"Keil, K.","registered_not_pulled — R83 (2026-09-30): registered from the upstream citation; full text not sought, nothing extracted. Metadata checked against the Crossref record for 10.1016/j.chemer.2010.02.002: 'Enstatite achondrite meteorites (aubrites) and the histories of their asteroidal parent bodies', Chemie der Erde - Geochemistry 70(4):295-317 (2010), first author Keil. Cited upstream: AsteroidCatalog@6a2cfbc asteroid_catalog/mineralogy.py comp_phases_detailed header block.",AsteroidCatalog comp_phases_detailed: aubrite (E) — oldhamite and a little daubreelite beside troilite; enstatite/aubrite metal is low-Ni kamacite alone
02_composition_value,jones_mccubbin_2014_phosphate_minerals_ll_chondrites,T1,Phosphate minerals in LL chondrites: A record of the action of fluids during metamorphism on ordinary chondrite parent bodies,Geochimica et Cosmochimica Acta 132:120-140,2014,https://doi.org/10.1016/j.gca.2014.01.027,"Jones, R.H.; McCubbin, F.M.; Dreibus, G.E.; Guan, Y.; Burger, S.L.","verified_live_not_pulled - R83 (2026-09-30): registered from the upstream citation; full text not sought, nothing extracted. Metadata checked against Crossref for 10.1016/j.gca.2014.01.027: 'Phosphate minerals in LL chondrites: A record of the action of fluids during metamorphism on ordinary chondrite parent bodies', Geochimica et Cosmochimica Acta 132:120-140 (2014), first author Jones. Cited upstream: AsteroidCatalog@6a2cfbc asteroid_catalog/mineralogy.py comp_phases_detailed header block. R121 (2026-10-05): the open copy located via Semantic Scholar is only the electronic appendix - authors.library.caltech.edu/records/g5568-y1282/files/mmc1.pdf?download=1, 732,853 B sha256=0310c078227c267fc198e45ab9422b10b347687e1399ac13074494dec8f4c9a7 (no file committed; no licence statement in file) - figures EA1-EA5 only: X-ray maps for Cl and P showing merrillite/chlorapatite distributions in five LL chondrites (Bo Xian UNM 265, Bjurböle UNM 117, Tuxtuac UNM 627, St. Séverin UNM 693). The journal article itself remains paywalled from this machine; the appendix confirms the mineralogy context behind comp_phases_detailed's S/Sq/Q phosphate rows but carries no bulk wt% numbers in text. Verbatim (p1): ""Electronic Appendix: Figures EA1 to EA5 X-ray maps for Cl and P for the chondrites studied, showing the distribution of merrillite and chlorapatite.. Context-only (R121, 2026-10-05): source verified live and read in full this round; no number extracted into an extracted-data CSV yet - extraction is the follow-up step.",AsteroidCatalog comp_phases_detailed: S/Sq/Q phosphates — merrillite ~0.4 and chlorapatite ~0.2 wt% in LL chondrites
02_composition_value,burbine_2024_testing_bus_demeo_with_meteorite_spectra,T1,Testing the Bus-DeMeo Asteroid Taxonomy Using Meteorite Spectra,The Planetary Science Journal 5:194,2024,https://doi.org/10.3847/PSJ/ad57b6,"Burbine, Khanani, Kumawat, Hussain, Wallace & Dyar",open_not_pulled - R113 (2026-10-04): CC BY 4.0 (Crossref) but iopscience.iop.org serves a bot-validation page to this machine and no arXiv copy was found; metadata and abstract read from Crossref,"Context-only: tests the meteorite analogues behind AsteroidCatalog taxonomy_composition.csv `composition` notes. Per its abstract (about 1,500 meteorite spectra classified in Bus-DeMeo): HED -> V, ordinary chondrites -> S-complex/Q, D- and X-types dominated by CM chondrites with many iron-meteorite matches, and C, B, L and Xc each group meteorites of widely different mineralogy, so a class alone does not fix composition. Qualitative; no number extracted"
02_composition_value,de_kleer_2026_jwst_spinel_rich_l_type_mineralogy,T1,The Surface Mineralogy of the Spinel-rich Asteroids from Mid-infrared Spectroscopy with JWST,The Planetary Science Journal 7:36,2026,https://doi.org/10.3847/PSJ/ae374e,"de Kleer, Ehlmann, Jacobson, Wong, Tissot, Martin, Lane & King",open_not_pulled - R113 (2026-10-04): CC BY 4.0 (Crossref) but iopscience.iop.org serves a bot-validation page to this machine; metadata and abstract read from Crossref (the 2025 EPSC-DPS abstract on the same JWST programme was not registered),"Context-only: AsteroidCatalog taxonomy_composition.csv row `L` (minerals spinel; olivine; pyroxene; note 'possibly CV3 chondrite'). Per its abstract, JWST MIRI 5-28 um spectra of five L-types show Mg-rich crystalline olivine plus spinel or amorphous olivine, high-porosity fine regolith, minimal hydration, and a strong resemblance to CV3 (possibly CO3) chondrites; they do not require more CAI than CV3. Supports the row as written; no number extracted"
02_composition_value,mahlke_2022_phd_thesis_asteroid_taxonomy,T4,Asteroid taxonomy: a probabilistic synthesis of spectrometry and albedo from complete and partial observations (PhD thesis),"Universite Cote d'Azur, PhD thesis (HAL tel-03850762, defended 2022-09-14)",2022,https://theses.hal.science/tel-03850762/,Mahlke,"registered_not_pulled - R113 (2026-10-04): title, defence date and abstract read live from the HAL API (api.archives-ouvertes.fr); the thesis PDF and landing page serve a bot check to this machine, so the text was not read; HAL licence is hal-authorisation-v1 (not CC), so it would not be hostable","Context-only: its taxonomy is the published paper registered in domain 1 (mahlke_2022_asteroid_taxonomy_spectra_albedo, which backs the `Z` row; the thesis abstract gives the same 2,983 observations). What the paper lacks, per the HAL abstract, is the application of the method to spectral matching of asteroids and meteorites, the link behind the meteorite analogues in AsteroidCatalog taxonomy_composition.csv `composition` notes (the question burbine_2024_testing_bus_demeo_with_meteorite_spectra tests). Unread; no number extracted"
02_composition_value,lebofsky_et_al_1990_low_albedo_3um_photometry,T1,The nature of low-albedo asteroids from 3-um multi-color photometry,Icarus 83(1):16-26,1990,https://doi.org/10.1016/0019-1035(90)90003-R,"Lebofsky, Jones, Owensby, Feierberg & Consolmagno","registered_not_pulled - R113 (2026-10-04): DOI and bibliographic record verified against Crossref; no abstract in Crossref, Semantic Scholar or OpenAlex, and ScienceDirect serves a CAPTCHA here, so nothing beyond the record was read","Context-only: by its title, 3-um (water/hydroxyl band) photometry of low-albedo asteroids, which bears on which AsteroidCatalog taxonomy_composition.csv rows list hydrated silicates (phyllosilicates in the C-complex rows; none in P and D). Unread; no number extracted"
02_composition_value,schubert_2025_economical_extraction_platinum_main_belt_asteroids,T1,Economical Extraction of Platinum from Main Belt Asteroids,Advances in Space Research 75(8):6132-6139,2025,https://doi.org/10.1016/j.asr.2025.02.035,"Schubert, P.","registered_not_pulled - R114 (2026-10-04): DOI and bibliographic record verified on Crossref; Crossref, OpenAlex and Semantic Scholar carry no abstract and ScienceDirect serves a block page here, so neither abstract nor text was read","Context-only: by its title, the economics of extracting platinum from main-belt asteroids, which bears on the PGM concentration and value rows of taxonomy_composition.csv. The owner's list describes it as stating 20-100 ppm PGM for metallic M-class asteroids; that is the owner's note and has not been checked against the paper. Unread, so what it supplies is not yet known"
02_composition_value,trigo_rodriguez_2025_metal_and_rare_earth_mining_potential_undifferentiated_asteroids_carbonaceous_chondrites,T1,Assessing the metal and rare earth element mining potential of undifferentiated asteroids through the study of carbonaceous chondrites,"Monthly Notices of the Royal Astronomical Society (2025; arXiv:2510.27373, 31 Oct 2025)",2025,https://arxiv.org/abs/2510.27373,"Trigo-Rodriguez, J.M.; Grebol-Tomas, P.; Ibanez-Insa, J.; Alonso-Azcarate, J.; Gritsevich, M.","verified_live_not_pulled - R114 (2026-10-04): arXiv:2510.27373 abs page and the 15-page PDF read live (default arXiv licence, so not hosted). Found as the primary behind the Royal Astronomical Society press release on the owner's list. Appendix Tables A1 (main elements, wt%) and A2 (minor elements, ppm) extracted in part to extracted_data/r114_gr_links_key_numbers.csv","the composition rows for carbonaceous bodies in `taxonomy_composition.csv` and the C-type value mapping: ICP-MS and ICP-AES analyses of a suite of CI, CM, CR, CO, CV, CK chondrites and a ureilite (CI Orgueil: Mg 15.32, Si 24.12, Fe 25.93 wt%; Ni 7,719, Co 421, Cu 97 ppm), supporting that C-type asteroids may be 'viable sources of critical materials'. Its appendix tables list Sc to La in ppm with no platinum-group columns, so it backs the base-metal and iron fractions, not PGM concentrations; it adds measured group ranges beside the registered lodders_2010_solar_abundances and king_schofield_2015_ci_modal_mineralogy_xrd. No revision candidate opened"
02_composition_value,lodders_bergemann_palme_2025_solar_system_abundances_ssreview,T1,Solar System Elemental Abundances from the Solar Photosphere and CI-Chondrites,Space Science Reviews 221(2) (accepted manuscript),2025,https://doi.org/10.1007/s11214-025-01146-w,"Lodders, K.; Bergemann, M.; Palme, H.","verified_live_not_pulled — R133 (2026-10-07): NTRS 20250008646 accepted manuscript pulled from this machine and read in full; copyright.determinationType=MAY_INCLUDE_COPYRIGHT_MATERIAL -> extraction-only per the R94 licence rule, not hostable. Crossref-verified: Space Science Reviews 221(2) (Mar 2025), DOI 10.1007/s11214-025-01146-w.",economicspace mineral_value.py meteorite-composition baseline: successor CI-chondrite abundance system to Lodders 2003 (updated PGM/volatile rows; explicit no-correlation finding vs condensation temperatures)
03_dv_propulsion,elvis2011,T1,Ultra-Low Delta-v Objects and the Human Exploration of Asteroids (arXiv),"Planetary and Space Science 59(13):1408-1412 (2011), DOI 10.1016/j.pss.2011.05.006 / arXiv:1105.4152",2011,https://arxiv.org/abs/1105.4152,Elvis M.; McDowell J.; Hoffman J.A.; Binzel R.P.,"verified_live_not_pulled — full text read on this machine and hosted here until 2026-09-26, when it was un-hosted because its licence does not permit redistribution (arxiv-nonexclusive (arXiv:1105.4152 abs page: arxiv.org/licenses/nonexclusive-distrib/1.0; checked 2026-09-26)). Removed copy: 607711 bytes, sha256 b4518f4bc18c3a2b…, for checking a re-pull. Numbers the repo uses: extracted_data/delta_v_segments_key_numbers.csv. R71 (2026-09-27): full extraction from the copy restored from git 5dd58d5 (sha256 matched): extracted_data/r71_elvis2011_*.csv.",easy-NEA segment (<4.5 km/s) AGREEMENT; source for average-NEA 6.65 peak (fixes ieva citation); hydrolox Isp cross-check
03_dv_propulsion,ieva2014,T1,Low Delta-V NEAs: A survey of suitable targets (arXiv),"Astronomy & Astrophysics 569:A59 (2014), DOI 10.1051/0004-6361/201322283 / arXiv:1406.5027",2014,https://arxiv.org/abs/1406.5027,Ieva S.; Dotto E.; Perna D.; Barucci M.A.; et al.,"verified_live_not_pulled — full text read on this machine and hosted here until 2026-09-26, when it was un-hosted because its licence does not permit redistribution (arxiv-nonexclusive (arXiv:1406.5027 abs page: arxiv.org/licenses/nonexclusive-distrib/1.0; checked 2026-09-26)). Removed copy: 554905 bytes, sha256 5f2781cf3f310a2a…, for checking a re-pull. Numbers the repo uses: extracted_data/delta_v_segments_key_numbers.csv, extracted_data/unhosted_sources_key_numbers.csv. R71 (2026-09-27): full extraction from the copy restored from git 5dd58d5 (sha256 matched): extracted_data/r71_ieva2014_*.csv.","currently MIS-CITED on average-NEA row (it's a 13-object survey, no median); valid for easy-NEA class <10.5 km/s"
03_dv_propulsion,shoemaker_helin_1978,T2,Earth-Approaching Asteroids as Targets for Exploration,"NASA CP-2053, pp. 245-256 (public domain)",1978,https://ntrs.nasa.gov/api/citations/19780021079/downloads/19780021079.pdf,"Shoemaker, E.M.; Helin, E.F.",full_text_hosted (NTRS API + PDF verified live from this machine),TRUE ROOT of the average-NEA dV row and the Asterank 'dv' column: rendezvous ~1 km/s for low-dV NEAs; sample-return 2-3 km/s easy vs 5-6+ km/s typical main belt — anchors both the NEA ladder and the belt contrast
03_dv_propulsion,taylor2018,T1,A Delta-V map of the known Main Belt Asteroids,Acta Astronautica 146:73 (paywalled; abstract recorded via ADS),2018,https://doi.org/10.1016/j.actaastro.2018.02.014,"Taylor, A.; McDowell, J.C.; Elvis, M.",open_not_pulled (Elsevier Cloudflare challenge on article + pdfft; no OA location in OpenAlex/Crossref) | R73 (2026-09-27): closed per OpenAlex and Semantic Scholar; no arXiv version; library access needed,backs the LEO->main-belt 10500 m/s and main-belt-return rows: per-object dV map of known MBA population — pull from a normal browser to extract distribution statistics Context-only (2026-09-26): paywalled; the abstract carries no figure the pipeline uses.
03_dv_propulsion,nextc_protoflight_2021,T2,A Summary of the NEXT-C Flight Thruster Proto-Flight Testing,"NASA Glenn / Aerojet Rocketdyne, NTRS 20210018563 (public domain)",2021,https://ntrs.nasa.gov/api/citations/20210018563/downloads/20210018563.pdf,"Monheiser, J.; Goodfellow, K.; Aubuchon, C. et al.",full_text_hosted (NTRS API + PDF verified live from this machine),flight-thruster envelope for our xenon-ion row: Isp 1400-4160 s / thrust 25-235 mN at <=6.85 kW on the SN001 unit delivered to APL for DART — our isp_vac_s=3000 is a mid-envelope throttle level of hardware that flew
03_dv_propulsion,sanna_2024,T1,"Sanna, Leonardi, De Angelis & Pontani (Sapienza), 'Optimal Impulsive Orbit Transfers from Gateway to Low Lunar Orbit' — Aerospace 11(6):460, DOI 10.3390/aerospace11060460 | CC-BY; MDPI pdfdirect bot-blocks this machine so the Sapienza IRIS institutional copy was hosted",Aerospace (MDPI),2024,https://doi.org/10.3390/aerospace11060460,"Sanna, Leonardi, De Angelis, Pontani",full_text_hosted (IRIS institutional copy; MDPI route 403 from this machine),"First peer-reviewed anchor for the cislunar rows of delta_v_segments.csv: minimum-fuel bi-impulsive Gateway(NRHO)->LLO transfers at <=48 h ToF = 648 m/s (free RAAN, LTO) to ~1253 m/s (i=20 deg), polar LLO optimum 666 m/s — consistent with Bucchioni & Innocenti 661 / Lu et al. 650 under CR3BP. Our 'NRHO -> low lunar orbit = 730' sits mid-range: AGREE, and the row can now cite this paper (polar-orbit case) instead of an uncited planning number."
03_dv_propulsion,bowles_dawson_2004,T2,"Bowles & Dawson (NASA SP-4176), 'Taming Liquid Hydrogen: The Centaur Upper Stage Rocket, 1958-2002' — NASA Special Publication 4176 | NTRS id 20050070711",NASA SP,2004,https://ntrs.nasa.gov/api/citations/20050070711/downloads/20050070711.pdf,"Bowles, Dawson",full_text_hosted (NTRS API + PDF verified live from this machine; public domain US-government work),"Qualitative hydrolox anchor for propellants.csv: 'burning liquid hydrogen with liquid oxygen produces the highest specific impulse or thrust of any known rocket fuel' — peer-reviewed/published confirmation that LOX/LH2 is the top chemical Isp (our row cites RS-25/RL-10 datasheets at 452 s vac); also documents why the expander cycle made the RL-10 'one of the keys to its striking efficiency and reliability' — the engine behind every Centaur-class upper stage. SCOPE NOTE: this is a historical narrative, NOT an Isp data table (only ~4 'specific impulse' mentions) — it anchors the claim, not the number; for numbers keep the datasheet citations."
03_dv_propulsion,tirila_2023,T1,"Tirila, Demairé & Ryan, 'Review of alternative propellants in Hall thrusters' — Acta Astronautica 212:284-306, DOI 10.1016/j.actaastro.2023.07.047 | Soton ePrints record verified live; PDF returns HTTP 401 from this machine",Acta Astronautica,2023,https://doi.org/10.1016/j.actaastro.2023.07.047,"Tirila, Demairé, Ryan",open_not_pulled (Soton ePrints PDF HTTP 401 from this machine — tested live; Elsevier route bot-blocked) | R73 (2026-09-27): Soton ePrints now returns a 403 bot challenge instead of 401; CORE lists the record without a file,"The electric-row anchor for propellants.csv: 'a comprehensive database of experimentally measured Hall thruster performance' pairing measured xenon/argon/krypton/iodine/water-etc. results to theoretical estimates, compiled precisely because constellations are straining the noble-gas market. Directly backs our Xenon (1500 s class), Argon (2.4x thrust / 1.5x Isp claims vs prior gen), Krypton and Iodine rows — once pulled in a browser it becomes THE comparison table for all electric propellant entries. Abstract captured from the Soton record page. Context-only (2026-09-26): abstract only; the performance database itself was not reachable."
03_dv_propulsion,kim_2013,T1,"Kim, Jung & Kim (Korea Aerospace Research Institute / KAIST line), 'State of the Art in the Development of Methane/Oxygen Liquid-bipropellant Rocket Engine' — Journal of the Korean Society for Propulsion Engineers 17(6):120-130, DOI 10.6108/kspe.2013.17.6.120 | koreascience.or.kr served the PDF directly (verified live from this machine)",KSPE,2013,https://doi.org/10.6108/kspe.2013.17.6.120,"Kim, Jung, Kim","verified_live_not_pulled — full text read on this machine and hosted here until 2026-09-26, when it was un-hosted because its licence does not permit redistribution (unknown (PDF p1 says 'Copyright KSPE'; no Creative Commons statement found; checked 2026-09-26)). Removed copy: 1329091 bytes, sha256 418173a3aba5ea05…, for checking a re-pull. Numbers the repo uses: extracted_data/r40_kim2013_propellant_isp_cost_key_numbers.csv. Earlier record: koreascience.or.kr direct PDF route verified live; journal is open access R71 (2026-09-27): full extraction from the copy restored from git 5dd58d5 (sha256 matched): extracted_data/r71_kim_2013 and r72_kim_2013_*.csv.","Methalox + kerolox Isp anchor for propellants.csv: Raptor 2nd stage = 380 s vacuum specific impulse at 2940 kN — EXACT match to our methalox row (which cites SpaceX datasheets); same-manufacturer comparison RD-192 methane 356 s vs RD-191 kerosene 337 s vac (Energomash) quantifies the ~+19 s / +5.6% methane advantage at equal thrust class; also tabulates US methalox programs (Morpheus HD5, PCAD RCEs, XCOR XR series). Peer-reviewed confirmation that our 380 s figure is not a datasheet artifact."
03_dv_propulsion,jue_2003,T2,"Jue (Boeing/Rocketdyne), 'Space Shuttle Main Engine: Thirty Years of Innovation' — AIAA conference paper | NTRS id 20020046693, PDF verified live from this machine; public domain US-government work",AIAA JPC,2003,https://ntrs.nasa.gov/api/citations/20020046693/downloads/20020046693.pdf,"Jue, F.H.",full_text_hosted (NTRS API + PDF verified live; public domain),"HYDROLOX Isp anchor for propellants.csv: full RS-25 spec table — vacuum nominal thrust 2190 kN, sea-level 1770 kN, **vacuum specific impulse 452 sec**, sea-level 366 s, area ratio 69:1, mixture ratio 6.0 O/F, weight 3530 kg — EXACT match to our hydrolox row (RS-25 burns LOX/LH2; this row said kerolox until 2026-09-26) (which cites RS-25 datasheets at 452 s vac); plus a world-engine Isp comparison chart (SSME vs HM7O/RD-180/RO-1TO/LR87/YF-20 class). Peer-reviewed confirmation that the 452 s figure is not a datasheet artifact."
03_dv_propulsion,ssme_rs25_adaptation_2015,T2,"'SSME to RS-25: Challenges of Adapting a Heritage Engine to a New Vehicle Architecture' — AIAA conference paper | NTRS id 20150016499, PDF verified live from this machine; public domain US-government work",AIAA,2015,https://ntrs.nasa.gov/api/citations/20150016499/downloads/20150016499.pdf,(NASA MSFC / Rocketdyne),full_text_hosted (NTRS API + PDF verified live; public domain),"Context anchor for the RS-25 row: documents why SLS reuses heritage SSME hardware (maturity, ~3000 ground tests, >1M s hot-fire time), staged-combustion cycle rationale ('fuel-rich staged combustion ... high performance'), and the ECU/controller adaptation path — supports treating 452 s vac as a stable, flight-validated number across both Shuttle and SLS service. SCOPE: integration narrative (no Isp table); pairs with jue_2003 which carries the numbers."
03_dv_propulsion,thapa_2023,T1,"Thapa, 'Evolution in Propellant of the Rocket Engine' — Journal of Materials Physics and Chemistry 11(1):8-21, DOI 10.12691/jmpc-11-1-2 | pubs.sciepub.com served the PDF directly (verified live from this machine)",JMPC,2023,https://doi.org/10.12691/jmpc-11-1-2,Thapa,full_text_hosted (pubs.sciepub.com direct PDF route verified live; journal is CC-BY),"Cross-check table for propellants.csv vacuum Isp rows: Shuttle main engines LOX/LH2 = 453 s vs our hydrolox row 452 s (near-exact, +1 s); Saturn V Stage-1 LOX/RP-1 = 304 s (F-1 class — family anchor for the kerolox row's lower bound; our 340 s is a modern engine value already anchored by kim_2013 RD-191 337 s); Shuttle OMS NTO/MMH = 313 s (OMS-class hypergolic vs our MMH/NTO row 336 s — family anchor, not the same engine); Shuttle solid motors APCP = 268 s (SRB class vs our Solid row 285-286 s Star 48B kick-motor value). Scope note: each table entry is a specific flown engine, so it anchors its propellant FAMILY and lower bound rather than replacing the per-engine datasheet values in our rows."
03_dv_propulsion,thiokol_sts33r_1990,T2,"Thiokol Corporation, 'Flight Motor Set 360L007 (STS-33R) Final Report' — TWR-17546-1, June 1990 | NTRS citation 19900016751 served the PDF directly (verified live from this machine)",NASA NTRS / Thiokol contractor report,1990,https://ntrs.nasa.gov/citations/19900016751,Thiokol (Solid Rocket Motors division),"full_text_hosted (NTRS direct PDF route verified live; US-government contractor report, public domain)","MEASURED flight Isp anchor for the Solid (APCP) row of propellants.csv: reconstructed vacuum specific impulse 268.2 s (LH motor) / 267.6 s (RH motor) at 71 deg F, within 0.3% of the predicted 268.5 — flight-verified APCP performance for the Shuttle RSRM class. This is exactly the 'Shuttle solid motors APCP = 268 s' entry in thapa_2023's table (independent cross-check). Our row's own value (Star 48B / Orion 38 kick-motor class, 285-286 s) is a different motor family — the SRB-class number anchors the lower bound of the APCP family; delivered burn rate also recorded: 0.368/0.369 ips at 71 deg F / 625 psia."
03_dv_propulsion,yim_2014,T2,"Yim, Sibé & Lerardo (NASA), 'Plume Impingement Analysis for the European Service Module Propulsion System' — AIAA JPC 50th Joint Propulsion Conference, paper 2014-3883 | NTRS citation 20140017052 served the PDF directly (verified live from this machine)",NASA NTRS / AIAA JPC proceedings,2014,https://ntrs.nasa.gov/citations/20140017052,"Yim, Sibé, Lerardo (NASA)","full_text_hosted (NTRS direct PDF route verified live; US-government work, public domain)","Configuration anchor for the MMH/NTO row of propellants.csv: peer-reviewed documentation that Orion's ESM propulsion — our row's flagship deep-space application — is a common pressure-regulated MMH/NTO feed system with three engine classes: Shuttle-heritage 26.7 kN (6000 lbf) OMS-E at 55:1 area ratio, eight Aerojet R-4D 490 N auxiliary engines (HTV heritage), and twenty-four 220 N RCS thrusters; also records the design change from the original Orion Main Engine concept (33.4 kN / 150:1 AR). Scope note: NO Isp table in this paper — it anchors engine configuration/heritage, not our row's 336 s value (which stays datasheet-sourced; thapa_2023's OMS entry of 313 s remains the family cross-check). A companion ESM development-status report (NTRS 20170009574) was read live this round and found to carry duplicate configuration content only — not registered separately."
03_dv_propulsion,jpl_1968,T2,"JPL Technical Report 32-7227, 'Status of Technology — The Monopropellant Hydrazine' (1968) | NTRS citation 19680006875 served the PDF directly (verified live from this machine)",JPL Technical Report / NASA NTRS,1968,https://ntrs.nasa.gov/citations/19680006875,JPL (NASA) — technology status survey,"full_text_hosted (NTRS direct PDF route verified live; US-government work, public domain)","Anchor for the Hydrazine (monoprop) row of propellants.csv: peer-reviewed measured Isp = 235 lbf-s/lbm (~97% of theoretical) from a catalytic-bed reactor at ammonia dissociation 50-55%, area ratio 44:1; plus Fig. 3 'Theoretical vacuum specific impulse of monopropellant hydrazine' vs ammonia-dissociated % — the curve our row's ~220 s value sits on (lower dissociation / smaller reactor end). Also states 95-98% of theoretical is commonly achieved across operating conditions, and documents pulse-mode Isp degradation with duty cycle. Scope note: this anchors the CATALYTIC-BED class (our row's 'Cat-bed decomposition'); electrothermal hydrazine resistojet reports read live this round (NTRS 19720011120/19730017100, steady-state Isp ~200-230 s) are a different technology class and were NOT registered."
03_dv_propulsion,hitt_2001,T1,"Hitt, Zakrzwski & Thomas (NASA), 'MEMS-based satellite micropropulsion via catalyzed hydrogen peroxide decomposition' — Smart Materials and Structures 10(6) | NTRS citation 20010102648 served the PDF directly (verified live from this machine)",Smart Materials and Structures / NASA NTRS,2001,https://ntrs.nasa.gov/citations/20010102648,"Hitt, Zakrzwski, Thomas (NASA)","full_text_hosted (NTRS direct PDF route verified live; US-government work, public domain)","Anchor for the HTP (98% peroxide monoprop) row of propellants.csv: peer-reviewed isentropic analysis gives a THEORETICAL MAXIMUM vacuum Isp ~185 s for 98% H2O2 decomposition products at adiabatic flame temperature, with empirical older-study values reduced to ~140 s at 80% operating efficiency (Bureau of Aeronautics 1955) — our row's ~165 s sits squarely inside that band. Scope note: this is a MEMS-scale design study; the Isp physics (decomposition products, gamma, flame temperature) is scale-independent and applies to macro catalytic HTP thrusters too."
03_dv_propulsion,morren_curran_1991,T2,"Morren & Curran (NASA Lewis), 'Preliminary Performance and Life Evaluations of a 2-kW Arcjet' — NASA TM-105149 / AIAA-91-2228 | NTRS citation 19910020938 served the PDF directly (verified live from this machine)",NASA Technical Memorandum / AIAA JPC,1991,https://ntrs.nasa.gov/citations/19910020938,"Morren, Curran (NASA Lewis)","full_text_hosted (NTRS direct PDF route verified live; US-government work, public domain)","Anchor for the Hydrazine arcjet row of propellants.csv ('Aerojet MR-510, 600 s vac on 2 kW'): this IS the NASA program that expanded low-power arcjets beyond state-of-the-art (~530 s mission-average at 1.6 kW hydrazine) toward 600 s and 2-5 kW — measured stable operation for a total of 300 h (three continuous 100-h sessions) at exactly 550 s / 2.0 kW on H2:N2 simulating hydrazine decomposition products, with no measurable performance degradation; the report's stated goal is precisely our row's 600 s @ 2 kW spec."
03_dv_propulsion,borowski_2012,T2,"Borowski, McCurdy & Packard (NASA), 'Nuclear Thermal Propulsion (NTP): A proven growth technology for human NEO/Mars exploration' — IEEE Aerospace | NTRS citation 20120003776 served the PDF directly (verified live from this machine)","2012 IEEE Aerospace Conference, Big Sky MT — conference paper; NTRS 20120003776",2012,https://ntrs.nasa.gov/citations/20120003776,"Borowski, McCurdy, Packard (NASA)","full_text_hosted (NTRS direct PDF route verified live; US-government work, public domain)","PRIMARY anchor for the Nuclear thermal (LH2, NTP) row of propellants.csv: peer-reviewed statement that 'the NTR can achieve specific impulse values of ~900 seconds or more — twice that of today's best chemical rockets'; DRA 5.0 selected the NTR specifically for Isp ~875-950 s; MCNP core modeling shows an achievable range of ~894-940 s by varying fuel-element length and U-235 loading. Our row's exactly-900-s value sits at the center of that band."
03_dv_propulsion,robbins_1991,T2,"Robbins & Finger (NASA Lewis), 'An Historical Perspective of the NERVA Nuclear Rocket Engine Technology Program' — NASA CR-187154 / AIAA-91-3451 | NTRS citation 19910017902 served the PDF directly (verified live from this machine)",NASA Contractor Report / AIAA JPC,1991,https://ntrs.nasa.gov/citations/19910017902,"Robbins, Finger (for NASA Lewis)","full_text_hosted (NTRS direct PDF route verified live; US-government work, public domain)","Historical anchor for the Nuclear thermal row: documents twenty reactor tests and two engine tests in the Rover/NERVA programs (p11), with a single flight-baseline engine defined at 75,000 lbf thrust and **825 s specific impulse** — a defined rating ('was defined with', p5), not a ground-test result, vs our row's ~900 s design value (the difference is fuel-temperature growth path)."
03_dv_propulsion,schoenman_1992,T2,"Schoenman (NASA Lewis), 'Test experience, 490 N high performance (321 sec Isp) engine' — AIAA-92-3800 | NTRS citation 19920066503 record + abstract verified live from this machine; full text NOT downloadable on NTRS (disseminated=METADATA_ONLY)",AIAA Joint Propulsion Conference / NASA NTRS,1992,https://ntrs.nasa.gov/citations/19920066503,Schoenman (NASA Lewis),"open_not_pulled — NTRS record + full abstract live-verified; no downloadable PDF on NTRS (metadata-only dissemination), and the 1992 JPC proceedings are not freely hosted elsewhere reachable from this machine. The anchor numbers below come verbatim from the peer-reviewed abstract. | R73 (2026-09-27): NTRS still METADATA_ONLY","Family-level Isp anchor for the UDMH / NTO row of propellants.csv: measured hot-fire performance of a 490-N high-performance hypergolic engine on **NTO/MMH** — nominal specific impulse 309 s at area ratio 44:1 and **321 lbf-s/lbm for the all-welded assembly at area ratio 286:1**. Our row's 318 s (UDMH/NTO) sits just below that MMH value, exactly as expected since UDMH's higher molecular weight lowers Isp slightly vs MMH at equal chamber conditions. Scope note: propellant is NTO/MMH not NTO/UDMH; anchor is abstract-level (no full text), so treat it as a family benchmark rather than an exact-match row anchor."
03_dv_propulsion,woodcock_byers_2003,T2,"Woodcock & Byers (SAIC/Gray Research), 'Results of Evaluation of Solar Thermal Propulsion' — NTRS 20030068437, full text downloaded + extracted from this machine",NASA In-Space Propulsion Technology program study / NASA NTRS,2003,https://ntrs.nasa.gov/citations/20030068437,Gordon Woodcock (Gray Research) & Dave Byers (SAIC),"full_text_hosted — full PDF downloaded from NTRS and text-extracted on this machine; US-government work, public domain",Primary anchor for the Solar thermal row of propellants.csv: hydrogen heated to 2500-3000 K 'could deliver specific impulse (Isp) in excess of 800 seconds' — our row's ~800 s value is exactly this class; design case Isp estimated at **811 s** assuming a 2800 K absorber-cavity radiation temperature and 2700 K thruster wall. Scope note: evaluation study (no hot-fire data of its own); the >800 s claim rests on nuclear-rocket-program demonstrations plus solar-hornace capability.
03_dv_propulsion,boddy_1980,T2,"Boddy (Rockwell Int'l), 'Solar Rocket System Concept Analysis' — AFRPL TR-79-7g final report, NTRS 19800022964, full text downloaded + extracted from this machine",Air Force Rocket Propulsion Laboratory technical report / NASA NTRS,1980 (report covers program through ~1979),https://ntrs.nasa.gov/citations/19800022964,"Jack A. Boddy (Rockwell International, for AFRPL)","full_text_hosted — full PDF downloaded from NTRS and text-extracted on this machine; US-government work, public domain","Measured-performance anchor for the Solar thermal row: 'In a test program conducted at the AFRPL, **a specific impulse of 680 seconds was achieved**. The thruster utilized hydrogen as the propellant' — the only MEASURED solar-thermal Isp number in this repo; our ~800 s design value sits above it (design vs demonstrated). Also documents the obtainable range '500 to 1100 seconds ... for representative solar rocket systems', theoretical vacuum-Isp-vs-gas-temperature curves for H2/NH3/CH4/N2H4 at 50 psia, and delivered Isp of 861 lbf-s/lbm for a two-collector sphere/horn/disc configuration with hydrogen at 5000 R."
03_dv_propulsion,cuffe_jacobs_1970,T2,"Cuffe & Jacobs (NASA), 'Apollo Spacecraft Engine Specific Impulse' — D2-I17060-1, NTRS 19700026467 full text downloaded + extracted from this machine",NASA MSC technical report / NASA NTRS,1970 (data through May 1968),https://ntrs.nasa.gov/citations/19700026467,"Jeremy P. B. Cuffe & D. B. Jacobs (NASA MSC, Apollo Chief Engineer's office)","full_text_hosted — full PDF downloaded from NTRS and text-extracted on this machine; US-government work, public domain","Measurement-methodology + measured-data anchor for the Aerozine-50 / NTO row (and all four Apollo hypergolic engines): documents how vacuum Isp was actually rated for the AJ10-137 SM engine and its injector fleet — e.g. injector #115 mean Isp 312.8 s in one thrust chamber vs 311.4 s in another (chamber-to-chamber spread), Aerojet's allocated AEDC data uncertainty of 0.2 s, and the full bias+random error budgeting per engine. Our row's 320 s is the rated vacuum value; this report shows measured injector-level values cluster ~1-4 s below it, exactly as expected for rated-vs-measured."
03_dv_propulsion,boyce_aj10_oral_history,T2,"'Remembering the Giants: Apollo Rocket Propulsion Development' — Clay Boyce (Aerojet) chapter on the AJ10-137, NTRS 20100027319 full text downloaded + extracted from this machine",NASA oral history series / NASA NTRS,2010,https://ntrs.nasa.gov/citations/20100027319,"Clay Boyce (Aerojet, AJ10-137 program engineer)","full_text_hosted — full PDF downloaded from NTRS and text-extracted on this machine; US-government work, public domain","First-person configuration anchor for the Aerozine-50 / NTO row: 'The general configuration of the SPS engine was 20,000 pounds of thrust, with a chamber pressure of 100 psi and specific impulse (Isp) of **314.5**. The very large nozzle had an area ratio of 62.5:1 ... The propellants were nitrogen tetroxide ... and A-50' — the exact engine behind our row's 'Vac Isp 320 s (Astronautix AJ10-137)' note; also documents the spec that made it famous: 750 s duration or fifty restarts per flight."
03_dv_propulsion,spores_2013,T2,"Spores, Masse, Kimbrel & McLean (Aerojet Rocketdyne / Ball Aerospace), 'GPIM AF-M315E Propulsion System'; presented at the 50th AIAA/ASME/SAE/ASEE Joint Propulsion Conference (Cleveland, July 2014) — NTRS 20140012587 full text downloaded + extracted from this machine","50th AIAA/ASME/SAE/ASEE Joint Propulsion Conference, Cleveland OH (2014) — conference paper; NTRS 20140012587",2014,https://ntrs.nasa.gov/citations/20140012587,"Ronald A. Spores, Robert Masse, Scott Kimbrel (Aerojet Rocketdyne); Chris McLean (Ball Aerospace)",full_text_hosted — full PDF downloaded from NTRS and text-extracted on this machine; US-government-funded work hosted by NASA,"EXACT-MATCH anchor for the Green monopropellant row: Table 1 'Thruster Predicted Performance Summary' gives GR-1 (AF-M315E, HAN-based) vacuum Isp = **235 s** — identical to our row's value; measured steady-state data from acceptance hot-fire testing independently yields an estimated maximum steady-state Isp approximating the predicted 235 sec. Also documents the full GPIM flight system (GR-1 0.4-1.1 N / GR-22 8-25 N, catalyst preheat >285 C) — the first on-orbit green-monoprop demonstration."
03_dv_propulsion,asakawa_aquarius_onorbit_2024,T1,"Asakawa, Koizumi et al. (JAXA), 'On-orbit Performance of the Water Resistojet Propulsion System AQUARIUS on EQUULEUS'; Trans. Jpn. Soc. Aero. Space Sci., Vol. 67 No. 5, 2024 — open-access PDF downloaded + extracted from this machine",Transactions of the Japan Society for Aeronautical and Space Sciences (J-STAGE),2024,https://www.jstage.jst.go.jp/article/tjsass/67/5/67_18-00039/_article,"Jun Asakawa, Hiroyuki Koizumi et al. (JAXA)",full_text_hosted — open-access PDF downloaded from J-STAGE and text-extracted on this machine; CC BY 4.0 per journal policy,"MEASURED on-orbit anchor for the Water (electrothermal / resistojet) row: first water-resistojet deep-space orbit transfer (EQUULEUS, Artemis-1 CubeSat); Isp **91.7 +/- 1.0 s** (DV1) and **90.3 +/- 3.0 s** (TCM1) in Table 3, ~6 mN thrust with <14 W input — the low-power end of our row's stated class band (Isp 150-220 s); higher-power water resistojet designs (HYDROS-C, Vigoride-class) reach into that band. Also gives an on-orbit thrust-coefficient efficiency of ~0.86 and condensation analysis in the nozzle. (Until 2026-09-26 this row quoted 91.1/92.0/89.4 s and CF 1.53/1.51, which are not in the paper.)"
03_dv_propulsion,komurasaki_aquarius_ground_2018,T1,"Komurasaki, Asakawa et al. (JAXA), 'Fundamental Ground Experiment of a Water Resistojet Propulsion System: AQUARIUS Installed on a 6U CubeSat'; Trans. JSASS Aerospace Tech. Japan Vol. 16 No. 5, pp. 427-431, 2018 — open-access PDF downloaded + extracted from this machine",Trans. JSASS Aerospace Technology of Japan (J-STAGE),2018,https://www.jstage.jst.go.jp/article/tastj/16/5/16_427/_article,"Kimiya Komurasaki, Jun Asakawa et al. (JAXA)","verified_live_not_pulled — full text read on this machine and hosted here until 2026-09-26, when it was un-hosted because its licence does not permit redistribution (copyright (PDF p1: 'Copyright 2018 by the Japan Society for Aeronautical and Space Sciences and ISTS. All rights reserved'; the registry's 'CC BY 4.0 per journal policy' does not hold for this article; checked 2026-09-26)). Removed copy: 2328887 bytes, sha256 d94e1e3ab0500c40…, for checking a re-pull. Numbers the repo uses: extracted_data/unhosted_sources_key_numbers.csv. Earlier record: open-access PDF downloaded from J-STAGE and text-extracted on this machine; licence re-checked 2026-09-26, see full_texts_manifest.csv: the PDF says 'Copyright 2018 by the Japan Society for Aeronautical and Space Sciences and ISTS. All rights reserved', not CC BY R71 (2026-09-27): full extraction from the copy restored from git 5dd58d5 (sha256 matched): extracted_data/r71_komurasaki_aquarius_ground_2018_*.csv.","Ground-test companion to the on-orbit AQUARIUS paper: BBM/EM development of the water resistojet, design point **4.0 mN (delta-V thruster) / 2.0 mN (RCS) at 70 s Isp** (low-power CubeSat class); documents evaporation-rate and heat-budget methodology for water as propellant — context anchor showing why our row's 150-220 s band corresponds to higher specific-power designs than the flown AQUARIUS unit."
03_dv_propulsion,krishnan_2010_h2o2_rp1_upper_stage,T2,"Krishnan, 'Hydrogen Peroxide / Kerosene, Liquid-Oxygen / Kerosene, and Liquid-Oxygen / Liquid Methane for Upper Stage Propulsion' (AIAA JPC; PDF created 25 Jul 2010)",AIAA/ASME/SAE/ASEE Joint Propulsion Conference (2010) — conference paper,2010,https://propulsion-skrishnan.com/pdf/Three%20Bipropellants%20for%20Upper%20Stage%20Propulsion.pdf (author-hosted copy; own AIAA paper number not recoverable from text),S. Krishnan (Universiti Teknologi Malaysia),"verified_live_not_pulled — full text read on this machine and hosted here until 2026-09-26, when it was un-hosted because its licence does not permit redistribution (copyright (AIAA conference paper; author-hosted copy with no licence statement; checked 2026-09-26)). Removed copy: 268620 bytes, sha256 0641a5e90f7beef2…, for checking a re-pull. Numbers the repo uses: extracted_data/unhosted_sources_key_numbers.csv. Earlier record: PDF downloaded and text-extracted on this machine; hosted at 03_dv_propulsion/full_texts/krishnan_h2o2_rp1_upper_stage_aiaa_jpc_2010.pdf R71 (2026-09-27): full extraction from the copy restored from git 5dd58d5 (sha256 matched): extracted_data/r71_krishnan_2010_*.csv.","PRIMARY anchor for propellants.csv row 'HTP / RP-1 (peroxide biprop)' (our value ~320 s vac, O/F 7:1). Table 3 documents the RD-161P HTP(~97%)/RP-1 engine at Phi=5.9 with vacuum Isp 3128 N-s/kg (~319 s) — near-exact match to our row; also Gamma-2 (H2O2 ~83%/RP-1, Phi 8.23, 2599 N-s/kg ~265 s = the Black Arrow flight value), BA-44/BA-810 at Phi 7.5 (~2941/~2765 N-s/kg). Table 2 gives theoretical max equilibrium Isp for H2O2-RP1 of 3407 N-s/kg (~347 s) at Phi=7.38 and max frozen Isp 3268 N-s/kg (~333 s) at Phi=6.26, bracketing our row from above; the paper reports Isp efficiencies of 0.90-0.94 for real engines. [Corrected 2026-09-26.]"
03_dv_propulsion,pietrobon_1999_h2o2_kero_shuttle_boosters,T1,"Pietrobon, 'High Density Liquid Rocket Boosters for the Space Shuttle' (H2O2/kerosene LRB study)","Journal of the British Interplanetary Society (JBIS), vol. 52, pp. 163-168",1999,https://www.bris.ac.uk/~pbh/lrb.pdf (author-hosted copy),"Steven S. Pietrobon (Small World Communications, Australia)","verified_live_not_pulled — full text read on this machine and hosted here until 2026-09-26, when it was un-hosted because its licence does not permit redistribution (copyright (JBIS article; author-hosted copy with no licence statement; checked 2026-09-26)). Removed copy: 89348 bytes, sha256 31e72bb5120fb1f9…, for checking a re-pull. Numbers the repo uses: extracted_data/unhosted_sources_key_numbers.csv. Earlier record: PDF downloaded and text-extracted on this machine; hosted at 03_dv_propulsion/full_texts/pietrobon_jbis_1999_h2o2_kero_shuttle_boosters.pdf R71 (2026-09-27): full extraction from the copy restored from git 5dd58d5 (sha256 matched): extracted_data/r71_pietrobon_1999_*.csv.","SECONDARY anchor for propellants.csv row 'HTP / RP-1 (peroxide biprop)'. Table 1: 98% H2O2/Kero at MR(O:F)=7.30 gives ve=3017 m/s (~308 s), density impulse Id=3940 Ns/l — independent peer-reviewed confirmation of the ~310-320 s class value for our row's O/F~7:1; also shows H2O2/Kero beats LOX/Kero (ve 3305 m/s) on density impulse, which is why peroxide/kerosene was historically chosen."
03_dv_propulsion,risha_2014_alice_jpp,T1,Combustion of Frozen Nanoaluminum and Water Mixtures (ALICE),"AIAA Journal of Propulsion and Power 30(1):133-142 (2014), doi:10.2514/1.B34783",2014,https://arc.aiaa.org/doi/10.2514/1.B34783 (copy read via yang.gatech.edu),"Risha, Connell, Yetter (Penn State); Sundaram, Yang (Georgia Tech)","verified_live_not_pulled — full text read on this machine and hosted here until 2026-09-26, when it was un-hosted because its licence does not permit redistribution (copyright (PDF p1: AIAA / Copyright Clearance Center notice; copy taken from a university page; checked 2026-09-26)). Removed copy: 3108555 bytes, sha256 fb5eb59116d755b4…, for checking a re-pull. Numbers the repo uses: extracted_data/unhosted_sources_key_numbers.csv. R71 (2026-09-27): full extraction from the copy restored from git 5dd58d5 (sha256 matched): extracted_data/r71_risha_2014 and r72_risha_2014_*.csv.","propellants.csv 'Metal / water (ALICE)' row: ideal Isp 207 s sea-level / 230 s vacuum at P=1000 psia perfect expansion with 74.5 wt% active Al; measured lab-motor combustion efficiency ~69%, Isp efficiency ~64%; brackets our 210 s row from both sides"
03_dv_propulsion,pourpoint_2012_alice_feasibility,T1,Feasibility Study and Demonstration of an Aluminum and Ice Solid Propellant (ALICE sounding-rocket flight),"International Journal of Aerospace Engineering, 2012, 874076 (Hindawi/Wiley OA, CC-BY), doi:10.1155/2012/874076",2012,https://onlinelibrary.wiley.com/doi/10.1155/2012/874076 (also docs.lib.purdue.edu/context/perc_articles/article/1009),"Pourpoint, Wood, Pfeil, Tsohas, Son (Purdue University)","open_not_pulled (R73 2026-09-27: CC BY; Hindawi, Wiley and the Purdue e-Pubs copy (perc_articles/13) serve Cloudflare challenges; the CORE download link 404s; still needs a browser)","propellants.csv 'Metal / water (ALICE)' row: the program's own paper documenting the actual 2009 ALICE sounding-rocket launch referenced in our notes + small-scale static tests; cites prior CEA work giving vacuum Isp >300 s at O/F~1.2, ER=100 (class ceiling above our conservative 210 s)"
03_dv_propulsion,hepp_landis_kubiak_1991_mars_co2,T2,Chemical Approaches to Carbon Dioxide Utilization for Manned Mars Missions (MARS-derived rocket fuel),"NASA TM-103728, UA/NASA SERC 2nd Annual Symposium proceedings, NTRS 19910010702",1991,https://ntrs.nasa.gov/citations/19910010702 (full text hosted),"Hepp (NASA Lewis), Landis (Sverdrup/Lewis Group), Kubiak (Purdue)",full_text_hosted,"propellants.csv 'CO / LOX (carbonaceous ISRU)' row: peer-reviewed theoretical Isp ~300 s for Mars-derived CO + O2 ('Mars mission involving processing hydrocarbon fuels about 375, the alcohols slightly less, and carbon monoxide about 300'); brackets our conservative 260 s engineering value from above; also documents why CO is the only chemical bipropellant makeable without Earth-derived hydrogen"
03_dv_propulsion,linne_1996_co_ox_ignition,T2,Experimental Evaluation of the Ignition Process of Carbon Monoxide and Oxygen in a Rocket Engine (AIAA-96-2943),"NASA TM-107267, 32nd AIAA Joint Propulsion Conference, NTRS 19960045922",1996,https://ntrs.nasa.gov/citations/19960045922 (full text hosted),Linne (NASA Lewis Research Center),full_text_hosted,"propellants.csv 'CO / LOX (carbonaceous ISRU)' row: subscale combustion tests at optimum mixture ratio O/F 0.55 with both propellants chilled to near-liquid temperatures (-197 F O2, -193 F CO) — steady-state combustion in every test; validates the cryogenic storage class our row assumes (mild_cryogen); ignition-range data for engine design"
03_dv_propulsion,sp4029_apollo_by_the_numbers,T2,"Orloff (NASA History Division), 'Apollo by the Numbers: A Statistical Reference' — NASA SP-2000-4029; per-mission burn tables for Apollo 7-17 (ignition/cutoff, duration, velocity change in ft/sec)","NASA Special Publication (History Series), ISBN 0-16-050631-X",2000,https://ntrs.nasa.gov/citations/20010008244 (title verified live on NTRS this round; public domain US-government work),"Richard W. Orloff (NASA History Division, NASA HQ)",full_text_hosted — 35 MB PDF downloaded + text-extracted on this machine from ntrs.nasa.gov; per-mission tables parsed via word-coordinate column alignment,"THE flight-data anchor for the cislunar rows of delta_v_segments.csv. VERIFIED via word-coordinate column alignment (Change ft/sec header position): TLI S-IVB 2nd-burn cutoff = A8 9,973.8 / A11 10,008.1 / A12 10,515 / A14 10,366.5 / A15 10,414.7 / A16 10,389.6 / A17 10,376 ft/s (A13 = 10,039) — landing-mission range ~3.04-3.20 km/s matches the row's stated 'Apollo TLI 3.05-3.20' essentially exactly; LOI cutoffs = A8 2,997 / A10 2,982.4 / A11 2,917.5 / A14 3,022.4 / A15 3,000.1 / A17 2,988 ft/s = 889-922 m/s vs our row 900 — near-exact, row sits mid-range (A16 table column-shifted, excluded); LM powered descent MEASURED = A15 6,813 / A16 6,703 / A17 6,698 ft/s (durations 721-739 s) = 2.04-2.08 km/s vs our row's 1,870 m/s — DISCREPANCY +9 to +11% ABOVE what we carry; LM ascent burn = A14 6,066.1 / A15 6,059 / A17 6,075.7 ft/s (durations ~431-441 s) = ~1.85 km/s component anchor for the surface-return rows"
03_dv_propulsion,dra5_2009_human_exploration_of_mars,T2,"NASA Human Exploration Program / Mars Study Capability Team, 'Human Exploration of Mars Design Reference Architecture 5.0' (DRA 5.0) — In-Space Transportation chapter with trajectory delta-V budgets for conjunction- and opposition-class missions","NASA Special Publication SP-2009-566, July 2009",2009,https://ntrs.nasa.gov/citations/20100028285 (title verified live on NTRS this round; public domain US-government work),"NASA Human Exploration Program (Mars Study Capability Team, JPL/NASA HQ)",full_text_hosted — 3.9 MB PDF downloaded + text-extracted on this machine from ntrs.nasa.gov,"TOTAL-level anchor for the Mars rows of delta_v_segments.csv: p62 verbatim 'average total delta-V was approximately 7 km/s ± 1 km/s' (conjunction class) and 'Variation of delta-V across the synodic cycle for Opposition-class missions is nearly 100% with an average total delta-V of 10 km/s ± 3.7 km/s'; our conjunction-class per-segment sum TMI(3,600)+MOI(900)+TEI-from-LMO(2,100) = ~6.6 km/s falls inside the 7±1 envelope — CONSISTENT at total level (our rows deliberately take minimum-energy low-end values, which the TMI row's note flags as a lower bound). CAVEATS: exact per-burn split lives in Figure 4-2 whose extractable layer carries only axis ticks (0-4.5 km/s) + series names (TMI/MOI/TEI), no per-line data values — vision model timed out and pixel-trace was inconclusive from this machine, so row-level TMI/MOI/TEI remain figure-dependent; ALSO the MOI row's sub-claim 'arrival v_infinity of 2.65 km/s' appears NOWHERE in DRA 5.0 extractable text (full-document search: no hits) — that specific number needs an alternate source or OCR-capable extraction in a future round"
03_dv_propulsion,qu_merrill_chai_aas19_225_hybrid_mars_e2e_optimization,T2,"Qu, Merrill & Chai (NASA Langley / Analytical Mechanics Associates), 'End to End Optimization of a Mars Hybrid Transportation Architecture' — integrated Earth departure/arrival + heliocentric trajectory + vehicle sizing for the reusable chemical+SEP hybrid architecture","AAS 19-225, 69th Space Flight Meeting proceedings (NASA MSCT)",2019,https://ntrs.nasa.gov/citations/20200002738 (title verified live on NTRS this round; public domain US-government work),"Qu (Analytical Mechanics Associates), Merrill & Chai (NASA Langley Research Center)",full_text_hosted — 10-page PDF downloaded from ntrs.nasa.gov + text-extracted on this machine; hosted copy footnoted '(Preprint) AAS 19-225' at p.1 footer = author version of the accepted proceedings paper,"Peer-reviewed Mars-Δv context anchor for a MODERN architecture in our exact mission class: verbatim threshold 'A direct burn from LDHEO during its Earth close approach is needed for Earth departure/arrival V∞ greater than 2 km/s' (p.2) — i.e., SEP cannot cover high-energy Earth departures, chemical must; supports the TMI/MOI row framing and gives a citable peer-reviewed basis for future SEP-based Mars data in economicspace"
03_dv_propulsion,chai_merrill_pfrang_qu_aas19_226_landing_site_accessibility,T2,"Chai, Merrill, Pfrang & Qu (NASA Langley / MIT / Analytical Mechanics Associates), 'Hybrid Transportation System Integrated Trajectory Design and Optimization for Mars Landing Site Accessibility' — per-opportunity ΔV breakdowns (chemical TMI/MOI/Reorient/TEI/EOI + SEP effective) across 2033-2052","AAS 19-226, 69th Space Flight Meeting proceedings (NASA MSCT)",2019,https://ntrs.nasa.gov/citations/20200002454 (title verified live on NTRS this round; public domain US-government work),"Chai & Merrill (NASA Langley Research Center), Pfrang (MIT student, 2019), Qu (Analytical Mechanics Associates)",full_text_hosted — 17-page PDF downloaded from ntrs.nasa.gov + text-extracted on this machine,Peer-reviewed quantification of opportunity-to-opportunity Mars Δv variation: verbatim SEP effective ΔV 'from 7.5 - 8.5 km/s in 2033 to 6.5 - 7.5 km/s in 2041' (p.11) with per-burn chemical breakdown figures; landing-site access ±20 deg latitude every opportunity 2033-2052 — directly supports our TMI row's 'real figure swings across the 26-month synodic cycle' framing and gives a citable modern source for Mars Δv ranges beyond DRA 5.0
03_dv_propulsion,whitley_martinez_2015_nro_staging_orbits,T2,"Martinez & Whitley (NASA JSC), ""Options for Staging Orbits in Cis-Lunar Space"" — IEEE Aerospace Conference 2015 manuscript; NTRS copy is public domain","IEEE Aerospace Conference 2015, Big Sky MT — conference paper; NTRS 20150019648",2015,"NTRS 20150019648 (full text hosted this round via ntrs.nasa.gov/api/ — see access_status); venue per LPI 'Why NRHO: The Artemis Orbit' white paper citation (IEEE Aerospace Conference, Mar. 2015)",Roland Martinez; Ryan Whitley (NASA Johnson Space Center),"full_text_hosted (PDF 4.65 MB sha256=9a1e79821407... pulled live from ntrs.nasa.gov/api/citations/20150019648/downloads/; public domain — NTRS determinationType GOV_PUBLIC_USE_PERMITTED + in-text 'Government work not protected by U.S. copyright'); duplicate abstract-only record 20150013825 noted, one registration only","**the cited-but-unregistered source behind our two cislunar depot Δv rows** (delta_v_segments.csv). Table 3 (p4) 'Surface Access Costs from Various Orbits': **NRO(Polar) = 730 m/s one-way, ∆T=0.5 day** — EXACT match to the `NRHO → low lunar orbit` row (dv_m_per_s=730), which drives Module-2's cislunar sale price; NRO(Eq)=898 / ELO(0PC)=515 / PCO(Pol.)=700 / Frozen(Pol.)=808 / EM-L2(Pol.)=800 / DRO(Pol.)=830. Table 6 (p8) summary: NRO Lunar Access(→Polar LLO) '∆V = 730 m/s, ∆T=.5 day' + Earth Access merely 'Feasible'; round-trip sample missions (Table 2): 21-day total 840 m/s / 60-day 751 m/s; body: NRO access '<100 m/s TOTAL if transfer time free to be several months'. HONEST SCOPE: the paper carries NO single one-way TLI→NRO cell, so our `TLI → NRHO insertion` row (dv=450) is a consistency/ceiling anchor from this source — NOT an exact pin. Stationkeeping <10 m/s/yr (Table 6; body predicts ~5)."
03_dv_propulsion,nasa_sp125_huzel_huang_design_liquid_rocket_engines,T2,Design of Liquid Propellant Rocket Engines (NASA SP-125),"NASA Special Publication SP-125, 2nd ed.",1971,https://ntrs.nasa.gov/citations/19710019929,"Huzel, D.K.; Huang, D.H.","verified_live_not_pulled — R103 (2026-10-02): full 469-page scan fetched live from NTRS record 19710019929 (copyright determination GOV_PUBLIC_USE_PERMITTED) and read on this machine, but NOT committed: 47,789,998 B exceeds the repo's ~36 MB max-committed-file cap (same treatment as ssoBFT in R41); sha256=471e590a0c8e99c36a98132104a3ddcc7097b0b7c561fb2638ce9d3c80e26c87. Content check: chapters I-X are all engine design (thrust chambers, feed systems, turbopumps, tanks, integration) with NO orbital-mechanics / ascent-profile / gravity-loss content - the only 'orbit' mention is a rhetorical aside on p44; see rc-060 for the upstream misattribution. Edition note: title page reads 'Second Edition' but NTRS metadata dates this record 1967 (title-page OCR also reads 1967).","delta_v_segments.csv ""surface -> LEO ascent"" textbook value including gravity and drag losses"
03_dv_propulsion,curtis_orbital_mechanics_engineering_students,T4,Orbital Mechanics for Engineering Students (textbook; edition not stated upstream),Elsevier / Butterworth-Heinemann,n.d. (upstream gives no edition),https://shop.elsevier.com/books/orbital-mechanics-for-engineering-students/curtis/978-0-12-824025-0,"Curtis, H.D.","registered_not_pulled — R74 (2026-09-27): registered from the upstream citation; full text not sought, nothing extracted. Landing page answered HTTP 200 from this machine. Cited upstream: spacecost@e831245 spacecost/deltav.py surface-to-LEO row notes; CITATIONS.md section 3.",delta_v_segments.csv ascent and textbook segment values
03_dv_propulsion,rafalskyi_2021_iodine_ep_in_orbit,T1,In-orbit demonstration of an iodine electric propulsion system,Nature 599:411-415,2021,https://doi.org/10.1038/s41586-021-04015-y,"Rafalskyi, D.; Martínez, J.M.; Habl, L.; et al.","full_text_hosted - R74 (2026-09-27): registered from the upstream citation; Crossref record 10.1038/s41586-021-04015-y checked. R120 (2026-10-05): full text pulled live from nature.com/articles/s41586-021-04015-y.pdf and committed to full_texts/rafalskyi_et_al_2021_in_orbit_demonstration_of_an_iodine_electric_propulsion_system_nature599_ccby.pdf (11,467,518 B sha256=866b8b9318cbd7243e710f7c588b02cad6c3ec1bcf5c2a0bf308389134b9fbbf); Nature 599:411-415, in-file 'Open Access - Creative Commons Attribution 4.0 International License'. Verbatim title: ""In-orbit demonstration of an iodine electric propulsion system"" (NPT30-I2 iodine EP flight demonstration). First flown iodine EP behind the propellants.csv iodine row. Context-only (R120, 2026-10-05): source verified live and read in full this round; no number extracted into an extracted-data CSV yet - extraction is the follow-up step.","propellants.csv ""Iodine (Hall / gridded)"" row: first iodine EP flown (NPT30-I2)"
03_dv_propulsion,astronautix_encyclopedia_propellant_engine_pages,T4,"Encyclopedia Astronautica propellant and engine pages (N2O4/MMH, N2O4/UDMH, hydrazine, AJ10-137, LOX)",astronautix.com (web encyclopedia),n.d. (accessed by upstream May 2026),http://www.astronautix.com/,"Wade, M.","verified_live_not_pulled — R74 (2026-09-27): registered from the upstream citation; full text not sought, nothing extracted. Landing page answered HTTP 200 from this machine. Cited upstream: spacecost@e831245 spacecost/propellants.py kerolox, MMH/NTO, hydrazine, UDMH/NTO, Aerozine-50 row notes and component-price comment. R123 (2026-10-05): re-checked live from this machine - the propellant/engine pages answer HTTP 200 with full content at their letter-index paths (/m/mmh.html, /n/n2o4mmh.html, /n/n2o4aerozine-50.html; guessed root-level paths return a styled 'Page Not Found' page) and carry the Isp tables behind propellants.csv vacuum-Isp row notes. Context-only (R123, 2026-10-05): source verified live this round - it is an unlicensed web encyclopedia; no number extracted into an extracted-data CSV yet.","propellants.csv vacuum Isp for kerolox, MMH/NTO, hydrazine, UDMH/NTO, Aerozine-50; LOX component price"
03_dv_propulsion,rocketcea_nasa_cea_python_wrapper,T4,RocketCEA: Python wrapper for the NASA Chemical Equilibrium with Applications (CEA) code,open-source software (PyPI / GitHub sonofeft/RocketCEA),n.d.,https://rocketcea.readthedocs.io/,"Taylor, C.","verified_live_not_pulled — R74 (2026-09-27): registered from the upstream citation; full text not sought, nothing extracted. Landing page answered HTTP 200 from this machine (redirected to https://rocketcea.readthedocs.io/en/latest/). Cited upstream: spacecost@e831245 spacecost/propellants.py kerolox row notes. R123 (2026-10-05): re-checked live from this machine - readthedocs docs answer HTTP 200 at https://rocketcea.readthedocs.io/en/latest/ (v1.2.3) and the upstream repo sonofeft/RocketCEA is public on GitHub (GPL-3.0, 148 stars, last push 2026-01-19). Context-only (R123, 2026-10-05): source verified live this round - it is open-source software documentation; no number extracted into an extracted-data CSV yet.",propellants.csv kerolox vacuum Isp
03_dv_propulsion,nasa_std_5019_fracture_control_spaceflight_hardware,T2,NASA-STD-5019: Fracture Control Requirements for Spaceflight Hardware (interim NASA-STD-(I)-5019 cited),NASA Technical Standard,2008 (interim 2006; rev. A current),https://standards.nasa.gov/standard/NASA/NASA-STD-5019,NASA Office of the Chief Engineer,"full_text_hosted — R103 (2026-10-02): CURRENT revision pulled live from standards.nasa.gov and committed to full_texts/nasa_std_5019a_change4_reval_2025.pdf: NASA-STD-5019A w/Change 4, approved 2024-07-29, revalidated 2025-09-05, superseding the interim standard upstream cites. US government work (no copyright protection in the United States). §7.2.2 'Fracture Critical COPVs and Composite Overwrapped Pressurized Fluid Containers' + the ANSI/AIAA S-081-2000 reference read to extracted_data/r103_std_5019a_copv_key_numbers.csv = institutional chain behind storage_systems.csv 'COPV burst performance factor'.","storage_systems.csv ""COPV burst performance factor"" and every supercritical-gas tank_kg_per_L in propellants.csv"
03_dv_propulsion,woodcock_dankanich_2006_sep_applications_near_earth,T2,"Woodcock & Dankanich (Gray Research), 'Application of Solar-Electric Propulsion to Robotic and Human Missions in Near-Earth Space' - AIAA JPC 42nd Conference: quantified low-thrust-vs-impulsive delta-V for near-Earth transfers + GEO spiral durations","42nd AIAA/ASME/SAE/ASEE Joint Propulsion Conference, Sacramento CA (July 9-13, 2006)",2006,https://doi.org/10.2514/6.2006-4464,Gordon R. Woodcock & John Dankanich (Gray Research Inc.),full_text_hosted - R82: NTRS 20160008988 copyright.determinationType=PUBLIC_USE_PERMITTED (checked live 2026-09-29); PDF pulled from ntrs.nasa.gov this machine and committed under full_texts/; DOI Crossref-checked,"spacecost propellants.csv dv_penalty_factor = 1.5 on every electric row: the paper's near-Earth numbers bracket upstream's '~1.3-2x impulsive' claim - 'SEP delta V to spiral down to a given lunar orbit altitude was estimated as 40% more than the chemical lunar orbit insertion.' (spiral capture ~1.4x); perigee-hold spirals cost MORE delta-V and time; an apogee-gap thrusting strategy trades trip time for delta-V ('About 15 days of added trip time reduced delta V by a few hundred m/s'); GEO: 'a 35 kWe SEP starting from a 400 x 10,000 orbit could deliver 3600 kg to GEO in about 130 days'"
03_dv_propulsion,sjauw_mcguire_freeh_2016_hat_emc_cargo_mars_sep,T2,"Sjauw, McGuire & Freeh (NASA GRC), 'Mission Design Considerations for Mars Cargo of the Human Spaceflight Architecture Team's Evolvable Mars Campaign' - AIAA Space Flight Mechanics Meeting: full low-thrust EEO-spiral + Earth-Mars transfer design at fixed SEP power",AIAA Space Flight Mechanics Meeting (2016),2016,https://ntrs.nasa.gov/citations/20160010261,"Waldy K. Sjauw, Melissa L. McGuire & Joshua E. Freeh (NASA GRC)",full_text_hosted - R82: NTRS 20160010261 copyright.determinationType=GOV_PUBLIC_USE_PERMITTED (checked live 2026-09-29); PDF pulled from ntrs.nasa.gov this machine and committed under full_texts/; no DOI found on Crossref,"economicspace calc.py ep_target_thrust_yr = 3.0 + spacecost dv_penalty_factor trip-time caveat: 'The Earth-to-Mars (E-M) transfer starts at an Earth escape condition defined as having a C3 = +2.0 km2/sec2 and ends at Mars with an incoming Vinf = 5.2 km/sec.'; representative case 'E-M trip= 975 days' (~2.7 yr of low-thrust thrusting for the interplanetary leg alone, 150 kW BOL SEP, 50 mT payload) - brackets upstream's 3-yr sizing target and shows the multi-year trip-time cost dv_penalty_factor does not capture"
03_dv_propulsion,johnson_castillo_rogez_dervan_mcnutt_2017_nea_scout,T2,"Johnson, Castillo-Rogez, Dervan & McNutt (NASA MSFC/JPL), 'Near Earth Asteroid (NEA) Scout' - ISSS 2017: the solar-sail NEA mission spacecost's sail row cites in its notes; two-year low-thrust cruise + lunar-flyby departure","International Symposium on Solar Sailing (ISSS 2017), Kyoto Japan (Jan 17-19, 2017)",2017,https://ntrs.nasa.gov/citations/20170001499,"Les Johnson, Julie Castillo-Rogez, Jared Dervan & Leslie McNutt (NASA MSFC / JPL-Caltech)",full_text_hosted - R82: NTRS 20170001499 copyright.determinationType=PUBLIC_USE_PERMITTED (checked live 2026-09-29); PDF pulled from ntrs.nasa.gov this machine and committed under full_texts/,"spacecost propellants.csv 'Solar sail (photonic)' row notes field cites NEA Scout directly: the paper is that source - 'will perform a series of lunar flybys to achieve optimum departure trajectory before beginning its two year-long cruise.' + 'The solar sail will provide NEA Scout continuous low thrust to enable a relatively slow flyby of the target asteroid'; supports the row's thrust-limited-sail caveat (sail dv_penalty_factor stays 1.0 - the penalty is trip time, which this paper quantifies at ~2 yr)"
03_dv_propulsion,schmidt_bonometti_morton_2000_nuclear_pulse_orion_and_beyond,T2,"Schmidt, Bonometti & Morton (NASA MSFC), 'Nuclear Pulse Propulsion - Orion and Beyond' - AIAA 2000-3856: the survey of external nuclear pulse propulsion that spacecost's Nuclear-pulse (Orion) propellant row models; Isp limits for pusher-plate systems + full Dyson/Taylor/PTBT history","36th AIAA/ASME/SAE/ASEE Joint Propulsion Conference & Exhibit, Huntsville AL (Jul 16-19 2000)",2000,https://ntrs.nasa.gov/citations/20000096503,"Schmidt, Bonometti & Morton (NASA MSFC)","full_text_hosted - R129 (2026-10-06): NTRS 20000096503 copyright.determinationType=PUBLIC_USE_PERMITTED; PDF pulled live from ntrs.nasa.gov (5,758,672 B) and hosted. In-file notice is the standard AIAA government-work boilerplate (""The U.S. Government has a royalty-free license ... All other rights are reserved by the copyright owner"") - NASA-authored work, hostable per d03 precedent borowski_2012 / robbins_1991","spacecost/propellants.csv ""Nuclear pulse  (Orion)"" row: anchors the notes' Dyson/Taylor + PTBT claims and brackets isp_vac_s=10,000 - external-pulse Isp limits ""approximately 3.000 to 10,000 seconds"" (OCR) put the cell at the TOP of the documented range -> ceiling-anchor quality; the notes' ""meganewton thrust"" clause has no direct statement in this paper"
03_dv_propulsion,general_dynamics_1964_nuclear_pulse_vehicle_study_ga4891,T2,"General Dynamics Corp. (General Atomic Division), 'Nuclear Pulse Vehicle Study' condensed summary report GA-4891 (NTIS N76-70976) - the 1964 design study of a nuclear pulse vehicle that spacecost's Orion row cites in its notes ('designed in full engineering detail by General Atomics')","General Dynamics Corporation, San Diego; NTIS accession N76-70976 (Jan 1964)",1964,https://ntrs.nasa.gov/citations/19760065935,General Atomic Division of General Dynamics Corp.,"full_text_hosted - R129 (2026-10-06): NTRS 19760065935 copyright.determinationType=GOV_PUBLIC_USE_PERMITTED; PDF pulled live from ntrs.nasa.gov (962,212 B) and hosted. No in-file copyright statement (scanned NTIS copy of a corporate report prepared for NASA/ARPA/USAF)","spacecost/propellants.csv ""Nuclear pulse  (Orion)"" row: anchors the notes' General-Atomics claim EXACTLY on dates/sponsorship - verbatim FOREWORD ""Technical studies on nuclear pulse propulsion were initiated in 1957 by the General Atomic Division of General Dynamics Corporation. Early governmental support was awarded in 1958, initially from the Advanced Research Projects Agency (ARPA)."" (notes say 1958-1965: start is actually 1957); Isp 4,000-6,000 sec for direct-launch class + ""a specific impulse between 10,000 and 20,000 sec"" predicted post-1980 brackets isp_vac_s=10,000 from below"
03_dv_propulsion,brophy_2011_dawn_ips,T1,"Brophy, ""The Dawn Ion Propulsion System"" - the flagship review of the NEXT ion propulsion system as flown on Dawn",Space Science Reviews 163(1-4):251-261 (Springer),2011,https://doi.org/10.1007/s11214-011-9848-y,"Brophy, J. (JPL)",registered_not_pulled - R148 (2026-10-10): DOI Crossref-verified live; Springer article page and content/pdf route both answer an HTML paywall stub from this machine; no OA copy in OpenAlex/Unpaywall/SemanticScholar. The NTRS record for the Dawn IPS series is determinationType OTHER with zero downloadable files (re-probed R148).,"delta_v_segments.csv low-thrust rows: NEXT performance as flown, total mission delta-V budget and spiral durations - the institutional flight-record class d03's R82 Dawn gap was waiting for"
03_dv_propulsion,rayman_mase_2014_dawn_cruise_acta,T1,"Rayman & Mase, ""Dawn's operations in cruise from Vesta to Ceres"" - the interplanetary low-thrust leg of Dawn as flown",Acta Astronautica 103:113-118 (Elsevier),2014,https://doi.org/10.1016/j.actaastro.2014.06.042,"Rayman, M.D.; Mase, R.A. (JPL)",registered_not_pulled - R148 (2026-10-10): DOI Crossref-verified live; ScienceDirect article and PDF routes 403 from this machine; no OA copy in OpenAlex/Unpaywall/SemanticScholar. NTRS record 20150007126 for the same work is determinationType OTHER with zero files (re-probed R148).,delta_v_segments.csv low-thrust rows: actual cruise duration and delta-V budget Vesta to Ceres - direct flight-record anchor class
03_dv_propulsion,garner_rayman_2013_jpc_cruise_yr1,T2,"Garner & Rayman, ""In-Flight Operation of the Dawn Ion Propulsion System Through Year One of Cruise to Ceres"" - 49th AIAA/ASME/SAE/ASEE JPC (2013), paper 6.2013-4112",49th AIAA Joint Propulsion Conference proceedings (AIAA),2013,https://doi.org/10.2514/6.2013-4112,"Garner, C.E.; Rayman, M.D. (JPL)",registered_not_pulled - R148 (2026-10-10): DOI Crossref-verified live; AIAA proceedings paywalled from this machine. NTRS twin 20150008021 is determinationType OTHER with zero files (re-probed R148).,delta_v_segments.csv low-thrust rows: in-flight IPS performance through year one of cruise - thrust level and delta-V accumulation as flown
03_dv_propulsion,garner_rayman_2015_jpc_orbit_ops,T2,"Garner & Rayman, ""In-Flight Operation of the Dawn Ion Propulsion System Through Early Orbit Operations at Ceres"" - 51st AIAA/SAE/ASEE JPC (2015), paper 6.2015-3717",51st AIAA Joint Propulsion Conference proceedings (AIAA),2015,https://doi.org/10.2514/6.2015-3717,"Garner, C.E.; Rayman, M.D. (JPL)",registered_not_pulled - R148 (2026-10-10): DOI Crossref-verified live; AIAA proceedings paywalled from this machine. No NTRS twin located in the R148 searches; sister papers of the series are all determinationType OTHER with zero files.,delta_v_segments.csv low-thrust rows: in-flight IPS performance through early orbit operations at Ceres
03_dv_propulsion,garner_rayman_2016_jpc_lamo,T2,"Garner & Rayman, ""In-Flight Operation of the Dawn Ion Propulsion System Through Operations in the LAMO Orbit at Ceres"" - 52nd AIAA/SAE/ASEE JPC (2016), paper 6.2016-4539",52nd AIAA Joint Propulsion Conference proceedings (AIAA),2016,https://doi.org/10.2514/6.2016-4539,"Garner, C.E.; Rayman, M.D. (JPL)",registered_not_pulled - R148 (2026-10-10): DOI Crossref-verified live; AIAA proceedings paywalled from this machine. NTRS twin 20190002063 is determinationType OTHER with zero files (re-probed R148).,delta_v_segments.csv low-thrust rows: the final spiral into a ~35 km orbit - trip-time and delta-V record for the low-thrust capture class
03_dv_propulsion,garner_rayman_2018_jpc_final_orb,T2,"Garner & Rayman, ""Operation of the Dawn Ion Propulsion System Through the Final Orbit Around Dwarf Planet Ceres"" - 2018 AIAA JPC, paper 6.2018-4641 (Crossref title prints a typo: Dwn)",2018 Joint Propulsion Conference proceedings (AIAA),2018,https://doi.org/10.2514/6.2018-4641,"Garner, C.E.; Rayman, M.D. (JPL)",registered_not_pulled - R148 (2026-10-10): DOI Crossref-verified live; AIAA proceedings paywalled from this machine. NTRS twin 20210008613 is determinationType OTHER with zero files (re-probed R148).,delta_v_segments.csv low-thrust rows: closes out Dawn's in-flight IPS record series through mission end (Dec-2018)
04_launch_economics,hf_dataset,T3,launch-cost-to-leo (63-vehicle structured dataset),Hugging Face Datasets,2024,https://huggingface.co/datasets/juliensimon/launch-cost-to-leo,juliensimon (dataset maintainer),full_text_hosted (parquet committed; access date 2026-09-17),"row-by-row external check of launch_vehicles.csv: 5 exact matches, config-mismatch labels on 4 rows, Long March 5 flagged for range bands"
04_launch_economics,jones2018,T2,The Recent Large Reduction in Space Launch Cost (ICES-2018-81),AIAA ICES proceedings / NASA NTRS,2018,https://ntrs.nasa.gov/citations/20200001093,Jones H.W. (NASA Ames),full_text_hosted,"historical $/kg baseline: Shuttle 54,500 -> commercial ~2,700-3,900; the factor-of-20 trend behind our cost-cascade context"
04_launch_economics,terzi_nicoli_2026,T1,From Sputnik to Starship: Estimating the experience curve of space launch technology,PNAS Nexus 5(7):pgag217 (CC-BY-4.0),2026,https://doi.org/10.1093/pnasnexus/pgag217,"Terzi, A.; Nicoli, F.",full_text_hosted (Cambridge repository bitstream verified live; PMC stub + other routes failed),"THE forward-projection anchor: 4,400+ launches 1960-2025 standardized to LEO in 2024 USD; fleet avg $87,023/kg -> $3,868/kg; Wright's-law -21.2%/doubling (post-Cold-War ~44%); central forecast $1,600/kg by 2030, $300/kg by 2040"
04_launch_economics,weinzierl2018,T1,"Space, the Final Economic Frontier",Journal of Economic Perspectives 32(2):173-192,2018,https://doi.org/10.1257/jep.32.2.173,"Weinzierl, M.","verified_live_not_pulled — R73 (2026-09-27): Harvard DASH author copy via the DSpace REST content endpoint (1,084,236 bytes, sha256 7e17514a061835724f476f358ba03d5e9da7b8ac11f82cffea8d77c89533593a); posted under DASH Other Posted Material (LAA) terms, not CC BY, so extract only; aeaweb.org still 403. Read in full: r73_weinzierl2018_* (Table 1, Figure 2 data labels, key numbers)","economics-journal anchor for the commercial-vs-government price gap: COTS cargo to ISS ~$89k/kg SpaceX vs $135k Orbital vs ~$272k Shuttle (Zapata 2017, as cited) — pairs with terzi_nicoli_2026 as theory + data R73: $89k/$135k/$272k per kg confirmed on journal p181; Figure 2 revenue series 2005-2015 extracted."
04_launch_economics,yun_2023,T1,"Yun, Jo & Yoon (KAIST / Seoul National University line), 'Development Trends of Reusable Launch Vehicles' — Journal of the Korean Society for Propulsion Engineers 27(2):45-59, DOI 10.6108/kspe.2023.27.2.045 | koreascience.or.kr served the PDF directly (verified live from this machine)",KSPE,2023,https://doi.org/10.6108/kspe.2023.27.2.045,"Yun, Jo, Yoon",full_text_hosted (koreascience.or.kr direct PDF route verified live; journal is open access),"Peer-reviewed spec anchor for the Starship / New Glenn / Falcon Heavy rows of launch_vehicles.csv: comprehensive table of reusable LVs worldwide with engine configuration, total thrust and fuel — Starship CH4 7342 tf as printed in Table 2 (tonne-force, ~72 MN; this row said kN until 2026-09-26; Raptor x33 on booster + x6 ship), New Glenn BE-4 x7 methalox, plus reusability plans (New Glenn first stage designed for up to 25 flights after an initial 100-flight plan; Starship full reuse via grid fins + landing gear). Scope note: the paper does NOT tabulate payload mass or $/kg — those columns of our rows remain vendor-announced values."
04_launch_economics,askins_2021_sls_janaff_update,T2,SLS Block Capabilities Update (JANAFF briefing: 'The Power of SLS and Orion') — NTRS 20210016306,"NASA SLS Program Office presentation, JANAFF 2021",2021,https://ntrs.nasa.gov/citations/20210016306 (full text hosted),"Askins (SLS Program Infrastructure Manager, NASA)",full_text_hosted,"launch_vehicles.csv 'SLS Block 1B (Cargo)' row: EXACT payload match — official capability table gives Payload to LEO = 105 t (231.4k lbs) for both Block 1B Cargo and Crew, with the defining footnote 'LEO represents a typical 200 km circular orbit at 28.5 degrees inclination' (our row's payload_leo_kg=105000); also gives the full block ladder: B1C/B1B C+Cr = 95 t LEO, B2 Cargo/Crew = 130 t; TLI column (42/38/>27 t) cross-checks our payload_escape_kg context. $/kg side of the row already covered by jones2018 + hf_dataset."
04_launch_economics,nasa_esd30000_sls_mission_planners_guide,T2,"SLS Mission Planner's Guide (ESD-30000, Version A) — NTRS 20190000736",NASA Exploration Systems Development document ESD 30000,2018,https://ntrs.nasa.gov/citations/20190000736 (full text hosted),"NASA SLS Program Office (official program document, approved for public release)",full_text_hosted,"launch_vehicles.csv 'SLS Block 1B (Cargo)' row: the official performance-definition source — Section 4.2 mass delivery definitions + Earth-orbit performance; body text verified: Block 1 LEO capability >95 t ('more than 209,439 lbm'), Block 1B EUS delivers up to 88,185 lbm (40 t) to lunar vicinity; defines the mass-delivery methodology behind every SLS number in our row family. Companion anchor to askins_2021 for the exact 105 t LEO figure. R99 extension — launch_vehicles.csv 'SLS Block 1' and 'SLS Block 1B (Cargo)' fairing cells: s6.2.1 states a Block 1 cargo flight takes the COTS 5-m-class composite PLF ('shown for reference only', i.e. never flown on SLS; upstream reads its envelope from the Delta IV Technical Summary), and Fig 6-7's table (p59) gives the 8.4 m PLF Short 'Available Volume' of 21,930 ft3 = 621 m3 — exactly upstream's stated value for Block 1B."
04_launch_economics,zapata_2017_cots_crs_lcc_assessment,T2,An Assessment of Cost Improvements in the NASA COTS/CRS Program and Implications for Future NASA Missions — NTRS 20170008895,"AIAA conference paper (NASA KSC), published Sept 2017, archived on NTRS",2017,https://ntrs.nasa.gov/citations/20170008895 (full text hosted),Zapata (NASA Kennedy Space Center),full_text_hosted,"launch_vehicles.csv cost side: NASA-verified Falcon 9 development cost ~$390M total ($300M F9 + $90M F1) vs NAFCOM traditional estimates of $1.7B-$4.0B — the primary peer-reviewed anchor for why our usd_per_kg_to_leo=4253 (Falcon 9 reusable row, list_price_usd=74000000) sits ~10x below legacy vehicles; also gives operational recurring cost per actual kg delivered to ISS: SpaceX $89,000/kg vs Orbital ATK $135,000/kg vs Shuttle what-if ~$272,000/kg (Table 1), and the COTS/CRS LCC methodology for comparing launch services across vehicles. Companion cost anchor to jones2018 + hf_dataset."
04_launch_economics,webb_2016_is_it_worth_it_reusable_econ,T2,"Is It Worth It? The Economics of Reusable Space Transportation — NTRS 20160013370 (ICEAA 2016 International Training Symposium, Bristol)",ICEAA 2016 International Training Symposium proceedings; NASA PCEC Launch Services ROM Estimator documentation,2016,https://ntrs.nasa.gov/citations/20160013370 (full text hosted),Webb (KAR Enterprises),full_text_hosted,"launch_vehicles.csv cost side: the official documentation of the NASA PCEC Launch Services ROM Estimator — a destination x mass-breakpoint price table in 2015$ (M15$) per launch. Verified from the PDF's word coordinates (ragged matrix, not every cell filled): GEO <3,000 kg = $120M / >3,000 kg = $140M; Planetary <1,000 kg = $80M / 1,000-2,000 kg = $110M / >2,000 kg = $175M; Polar <1,000 kg = $55M / 1,000-2,000 kg = $85M / >2,000 kg = $130M; Lunar <500 kg = $85M / >500 kg = $160M; LEO <500 kg = $40M / >500 kg = $80M; Helio (all masses) = $100M. The paper's worked example (a 500 kg payload 'on the order of' ~$50M, i.e. ~$100,000/kg) is a rough illustration of price-per-kg falling with mass; it does not pin down a single table cell and should be cited as an order-of-magnitude example only. This is the peer-reviewed basis for order-of-magnitude sanity checks on our usd_per_kg_to_leo/gto/escape columns and for the 'price per flight vs price per kg' distinction that underpins how list_price_usd should be interpreted in module 4."
04_launch_economics,zapata_2017_state_of_play_us_space_systems,T2,"The State of Play US Space Systems Competitiveness: Prices, Productivity, and Other Measures of Launchers & Spacecraft (FISO Seminar presentation)",NASA Kennedy Space Center / NTRS 20170009967,2017,https://ntrs.nasa.gov/citations/20170009967,"Zapata, Edgar (NASA KSC)",full_text_hosted,"launch_vehicles.csv payload-mass side (LEO 200 km / 28.5 deg circ., matching our CSV orbit convention): page-15 capability chart gives per-launcher maximum LEO payload in kg, each value mapped to its column label by PDF word x-coordinate — Delta IV Heavy = 28,790 kg [EXACT match to delta_iv_heavy row payload_leo_kg=28790]; Atlas V 551 (Private Sector Customer) = 18,856 kg [near-exact vs atlas_v_551 row payload_leo_kg=18850; our value is the rounded figure, delta 6 kg / 0.03%]; Falcon 9 (all four customer classes: private, NASA ISS block-buy, DoD GPS, NASA LSP Class-C) = 22,800 kg each — the vehicle's rated MAX LEO capability; our falcon_9_reusable row uses 17,400 kg which sits below it as expected for a reusability-derated rating (ceiling anchor + consistency check, not an exact pin); Falcon Heavy (Private Sector Customer) = 63,800 kg — the expendable-side-core rating vs our falcon_heavy reusable-cores row at 57,000 kg (same relationship). Also gives per-launcher $/kg and price-per-launch in 2017$ (Falcon 9 private ~$2,719-$4,232/kg; Delta IV Heavy $8,644/kg; SLS no-EUS $54,627/kg) — a second independent cost-side cross-check complementing jones2018 + zapata_2017_cots_crs_lcc_assessment."
04_launch_economics,nasa_oig_2021_ig-22-003_artemis_missions,T2,NASA's Management of the Artemis Missions (IG-22-003),NASA Office of Inspector General / oig.nasa.gov/docs/IG-22-003.pdf,2021,https://oig.nasa.gov/docs/IG-22-003.pdf,NASA OIG (Office of Audits),full_text_hosted,"launch_vehicles.csv cost side - SLS Block 1 row: verbatim $4.1B per launch for a single SLS/Orion system, Artemis I-IV (EXACT pin to the note's ~$4.1B); components $2.2B rocket production + $568M/yr KSC ground systems + Orion ~$1B ($300M ESA SM); also backs the SLS Block 1B row's historical $4.1B price tag"
04_launch_economics,nasa_oig_2023_ig-24-001_sls_epoc_transition,T2,NASA's Transition of the Space Launch System to a Commercial Services Contract (IG-24-001),NASA Office of Inspector General / oig.nasa.gov/wp-content/uploads/2023/10/ig-24-001.pdf,2023,https://oig.nasa.gov/wp-content/uploads/2023/10/ig-24-001.pdf,NASA OIG (Office of Audits),full_text_hosted,"launch_vehicles.csv cost side - SLS Block 1 row's 'at least $2.5B recurring' sub-claim: verbatim 'a single SLS Block 1B will cost at least $2.5 billion to produce' (scope = Block 1B/EPOC production, excludes SE&I); documents the upward price trajectory from IG-22-003's $2.2B ('the price has increased')"
04_launch_economics,nasa_oig_2020_ig-20-012_sls_program_costs_contracts,T2,NASA's Management of Space Launch System Program Costs and Contracts (IG-20-012),NASA Office of Inspector General / oig.nasa.gov/wp-content/uploads/2024/02/IG-20-012.pdf,2020,https://oig.nasa.gov/wp-content/uploads/2024/02/IG-20-012.pdf,NASA OIG (Office of Audits),full_text_hosted,"""operational_costs.csv row 7 high end + launch_vehicles.csv cost side - FIRST institutional unit price for an expendable hydrolox upper stage: verbatim 'missed an opportunity to buy the hardware for a second ICPS for $29 million' (p23) vs our ~$30M Centaur III figure (+3.4% high; consistency anchor, scope = flight-unit hardware only); flight+test pair '$46 million' (p36, ~$23M/unit); Artemis I all-in ICPS estimate $358M vs KDP-C 2014 $157M (+128%); EUS development >$500M with production suspended Dec-2019 (context for the Feb-2026 Block 1B/EUS cancellation)"""
04_launch_economics,nasa_oig_2023_ig-23-015_booster_engine_contracts,T2,NASA's Management of the Space Launch System Booster and Engine Contracts (IG-23-015),NASA Office of Inspector General / oig.nasa.gov/docs/IG-23-015.pdf,2023,https://oig.nasa.gov/docs/IG-23-015.pdf,NASA OIG (Office of Audits),full_text_hosted,"""launch_vehicles.csv cost side - RS-25 per-unit manufacturing anchor: verbatim 'The current estimated manufacturing cost per engine, after Artemis VI, is $70.5 million' vs Shuttle-era '$104.5 million' (p36); +$6B booster/engine contract growth to $13.1B through 2031; 'increases our projected cost of each SLS by $144 million ... at least $4.2 billion' per Artemis launch (p20, independent re-derivation of the IG-22-003 ~$4.1B/flight anchor)"""
04_launch_economics,nasa_oig_2022_ct-2022-01_artemis_status_testimony,T2,"Keeping Our Sights on Mars Part 3 - OIG Status Update & Review of NASA's Artemis Initiative (CT-2022-01, Jan 20 2022) - $53B FY21-25 / **$93B** FY12-25 program estimates; SLS/Orion system **$4.1B per launch** for Artemis I-IV with fn2 scope definition (SLS production + Orion + ground ops, excl development); ABC overrun +33% -> +43% by Nov 2021; PPE +$78.5M cross-check",NASA Office of Inspector General congressional testimony CT-2022-01 (House Subcommittee on Space and Aeronautics),2022,https://oig.nasa.gov/docs/CT-2022-01.pdf,"Paul K. Martin, Inspector General","full_text_hosted - 344 KB PDF pulled live from oig.nasa.gov this machine R69 (sha256=d1c1983b86ddb8a9...); public domain; p2 $53B + fn1 $93B, p4 projection sentence + cost-driver clause, p3 fn2 scope definition, p6 ABC/$17B program history, p8 PPE growth, p10 price-tag quote extracted verbatim","PRIMARY institutional scope-definition anchor for launch_vehicles.csv 'SLS Block 1' row (value $2.65B, band [$2.5B,$2.8B], vehicle-only per note): p3 fn2 defines the widely quoted **$4.1B** as production of SLS + Orion + ground operations incl materials/labor/facilities/overhead, EXCLUDING development and next-gen tech (EUS / docking system / Mobile Launcher 2) -> our vehicle-only centre is below the OIG's own element split (already-registered IG-22-003: $2.2B SLS production + $568M EGS = $2.77B; delta -4.26% - inside band). p10 'half of which is related to SLS' (~$2.05B) is a rough attribution, not a line item (fn2 shows vehicle+ground alone = ~68% of the system figure) -> consistency anchor, no revision forced. Cross-domain: d7 - OIG estimate **$93B** total Artemis program FY2012-2025 (p2 fn1); d11 cross-check - PPE +$78.5M since May 2019 award matches IG-21-004 exactly."
04_launch_economics,pielke_byerly_2011_shuttle_programme_lifetime_cost,T1,Shuttle programme lifetime cost,Nature 472:38 (correspondence),2011,https://doi.org/10.1038/472038d,"Pielke, R. Jr.; Byerly, R.","registered_not_pulled — R74 (2026-09-27): registered from the upstream citation; full text not sought, nothing extracted. Metadata checked against the Crossref record for 10.1038/472038d: 'Shuttle programme lifetime cost', Nature 472:38-38 (2011), first author Pielke. Cited upstream: spacecost@e831245 spacecost/vehicles.py Space Shuttle row notes; CITATIONS.md section 1. R124 (2026-10-05) retry: Crossref's own `link` field registers a direct PDF URL (nature.com/articles/472038d.pdf) but it redirects to the Nature cookie-wall page from this machine - still registered_not_pulled.",launch_vehicles.csv Space Shuttle row: whole-programme cost per flight (high end of the band)
04_launch_economics,nasa_oig_2024_ig-24-015_sls_block_1b,T2,NASA's Management of Space Launch System Block 1B Development (IG-24-015),NASA Office of Inspector General audit report,2024,https://oig.nasa.gov/wp-content/uploads/2024/08/ig-24-015.pdf,NASA OIG,"full_text_hosted — R103 (2026-10-02): 6,063,320 B PDF pulled live from oig.nasa.gov and committed to full_texts/nasa_oig_2024_ig-24-015_sls_block_1b.pdf; US government work. OIG projects SLS Block 1B development costs of ~$5.7 billion before first flight (Artemis IV, scheduled 2028) - $700 million above NASA's Dec-2023 Agency Baseline Commitment (~$5 billion); Boeing EUS contract grown from $962 million (2017) to over $2 billion through 2025, projected ~$2.8 billion by 2028; > $3 billion spent since FY2014 without a formal cost/schedule baseline. Six verbatim figures read to extracted_data/r103_oig_ig-24-015_sls_block1b_key_numbers.csv.",launch_vehicles.csv SLS Block 1B (Cargo) row context and the operations table header anchor list
04_launch_economics,satbase_2026_spacex_falcon9_price_increase,T4,SpaceX raises Falcon 9 launch price to $74M (2026 update),SatBase (web article),2026,https://satbase.com/articles/spacex-falcon-9-price-increase-2026,SatBase,"verified_live_not_pulled — R74 (2026-09-27): registered from the upstream citation; full text not sought, nothing extracted. Landing page answered HTTP 200 from this machine. Cited upstream: spacecost@e831245 spacecost/vehicles.py Falcon 9 (reusable) and Falcon Heavy rows; CITATIONS.md section 1. R124 (2026-10-05): article read live from this machine - verbatim ""SpaceX has increased Falcon 9 launch pricing to $74 million and raised rideshare rates to $7,000 per kilogram""; byline 'By SatBase Published Feb 28, 2026'. Context-only (R124, 2026-10-05): source verified live and read in full this round; no number extracted into an extracted-data CSV yet - extraction is the follow-up step.",launch_vehicles.csv Falcon 9 list price and the rise used to carry Falcon Heavy quotes forward (feeds the LEO anchor price in delivery.py)
04_launch_economics,voyager_technologies_10k_2026_starship_contract,T4,Voyager Technologies Form 10-K (filed Mar 2026): $90M Starship launch contract for Starlab,U.S. SEC filing (company annual report),2026,https://www.sec.gov/cgi-bin/browse-edgar?company=voyager+technologies&type=10-K&action=getcompany,"Voyager Technologies, Inc.","verified_live_not_pulled — R128 (2026-10-06): full text pulled live from sec.gov Archives via curl + declared contact User-Agent (urllib TLS fingerprint is the blocked route, not a WAF) and read in its entirety: voyg-20251231.htm 3,243,568 B sha256=d51a95024fe1545326ed022074964eb6f6e204ae78518e2578bd92b58e51dc27 (accession 0001628280-26-016543). FINDING: the only Starship mention is ""Starlab has secured a launch contract with SpaceX's Starship launch vehicle."" - NO dollar figure anywhere in this filing; the $90M upstream cites from it actually lives in Voyager's IPO final prospectus (new row voyager_technologies_424b4_prospectus_starlab_commitments) -> rc-082 opened. Not hostable: company filing, no redistribution licence token; hash-recorded + URL'd per R113 precedent.",launch_vehicles.csv Starship (projected) price low end
04_launch_economics,spacex_falcon_payload_users_guide,T4,Falcon Payload User's Guide,SpaceX (manufacturer document; latest edition found 2025-05-09),n.d. (edition not stated upstream),https://www.spacex.com/assets/media/falcon-users-guide-2025-05-09.pdf,SpaceX,"verified_live_not_pulled — R99 (2026-10-02): 8,692,278 B PDF fetched and read from this machine at the registered URL (sha 5fdc4385…); it is Rev 8 of March 2025 per its own change log p11 ('Version ... 7 September 2021 Updated Release / 8 March 2025 Updated Release') — upstream cites the Sep-2021 (Rev 7) edition, so the live copy is a NEWER edition of the same document; Fig 12-5's static-envelope dimensions are drawn as vector graphics and do not appear in the extractable text layer. Not committed: SpaceX copyright page p1 ('no portion hereof is to be copied ... without the prior written consent'). Cited upstream: spacecost@77c6e11 fairings.py Context-only (R99, 2026-10-02): source verified live and its fairing figure/caption read this round to back spacecost v0.5.0's launch_vehicles.csv fairing cells; no number extracted into an extracted-data CSV yet - extraction is the follow-up step.",launch_vehicles.csv Falcon 9 payload figures
04_launch_economics,ula_rocketbuilder_and_published_pricing,T4,"ULA RocketBuilder (Atlas V base price, 2016) and ULA published Vulcan pricing (""starting at $110M"")",United Launch Alliance (manufacturer web pages),2016-2026,https://www.ulalaunch.com/,United Launch Alliance,"registered_not_pulled — R74 (2026-09-27): registered from the upstream citation; full text not sought, nothing extracted. Landing page answered HTTP 200 from this machine. Cited upstream: spacecost@e831245 spacecost/vehicles.py Atlas V 551 and Vulcan Centaur rows; CITATIONS.md section 1. R124 (2026-10-05) retry: homepage + /rockets/atlas-v + /rockets/vulcan-centaur all answer HTTP 200 from this machine but carry NO published $ price figures in the static HTML - 'published pricing' is not on these pages; stays registered_not_pulled.",launch_vehicles.csv Atlas V 551 and Vulcan Centaur VC2/VC4/VC6 prices
04_launch_economics,blue_origin_new_glenn,T4,Blue Origin New Glenn published payloads and reported price range,Blue Origin (manufacturer web page),2025-2026,https://www.blueorigin.com/new-glenn,Blue Origin,"registered_not_pulled — R74 (2026-09-27): registered from the upstream citation; full text not sought, nothing extracted. Landing page answered HTTP 429 to this machine (bot or rate limit; not worked around). Cited upstream: spacecost@e831245 spacecost/vehicles.py New Glenn and New Glenn 9x4 rows; CITATIONS.md section 1. R126 (2026-10-06) retry: blueorigin.com/new-glenn answers HTTP 429 on all three attempts from this machine (Astro bot-wall; not worked around); no price or payload figures obtained - stays registered_not_pulled.",launch_vehicles.csv New Glenn price band and payloads; New Glenn 9x4 configuration
04_launch_economics,rocket_lab_form_10q_fy2026_q1,T4,"Rocket Lab USA Form 10-Q, FY2026 Q1",U.S. SEC filing (company quarterly report),2026,https://www.sec.gov/cgi-bin/browse-edgar?action=getcompany&CIK=0001819994&type=10-Q,"Rocket Lab USA, Inc.","verified_live_not_pulled — R128 (2026-10-06): full text pulled live from sec.gov Archives via curl + declared contact User-Agent and read in its entirety: rklb-20260331.htm 1,223,698 B sha256=9764bd65aa138d77f6604a15ad00b97c755a069b0ecd858ab4423ea04f0ad19f (accession 0001819994-26-000028). Verbatim MD&A: ""revenue per launch was $9.3 million [Q1 FY26] and $7.1 million [Q1 FY25], respectively. Meanwhile, cost per launch ... was $5.4 million and $5.7 million, respectively."" FINDING: no ""$7.5M"" figure exists anywhere in the cited filing (token scan) -> rc-081 opened against upstream's Electron row ($7.5M). Not hostable: company filing; hash-recorded + URL'd per R113 precedent.",launch_vehicles.csv Electron price and capacity
04_launch_economics,glavkosmos_tass_2018_soyuz_price,T4,Glavkosmos Soyuz-2.1b launch price as reported by TASS (2018),TASS news agency,2018,https://tass.com/,TASS / Glavkosmos,"registered_not_pulled — R74 (2026-09-27): registered from the upstream citation; full text not sought, nothing extracted. Landing page answered HTTP 200 from this machine. Cited upstream: spacecost@e831245 spacecost/vehicles.py Soyuz-2.1a and Soyuz-2.1b rows; CITATIONS.md section 1.",launch_vehicles.csv Soyuz-2.1b price (and the 2.1a estimate anchored to it)
04_launch_economics,isro_nsil_launch_pricing_and_user_manuals,T4,ISRO / NewSpace India Ltd launch pricing and LVM3 user manual,ISRO / NSIL (agency and commercial-arm web pages),2023-2026,https://www.nsilindia.co.in/,ISRO; NewSpace India Ltd,"registered_not_pulled — R74 (2026-09-27): registered from the upstream citation; full text not sought, nothing extracted. Landing page answered HTTP 200 from this machine. Cited upstream: spacecost@e831245 spacecost/vehicles.py LVM3, PSLV-XL, SSLV rows; CITATIONS.md section 1. R124 (2026-10-05) retry: nsilindia.co.in/launch-services answers HTTP 200 with PSLV/LVM3/SSLV all present but no price figures in the static HTML; /price-list and /pricing guess paths answer 404 - stays registered_not_pulled.","launch_vehicles.csv LVM3, PSLV-XL and SSLV prices and payloads"
04_launch_economics,cas_space_2026_kinetica2_price_per_kg,T4,"CAS Space Kinetica-2 launch price of 30,000 yuan/kg (announced after the Mar 2026 maiden flight)","CAS Space statement, reported by SCMP and SatNews",2026,https://satnews.com/2026/04/02/cas-space-successfully-launches-kinetica-2-aiming-for-global-cost-leadership/,CAS Space,"verified_live_not_pulled — R74 (2026-09-27): registered from the upstream citation; full text not sought, nothing extracted. Landing page answered HTTP 200 from this machine. Cited upstream: spacecost@e831245 spacecost/vehicles.py Kinetica-2 row; CITATIONS.md section 1. R124 (2026-10-05): SatNews article of 2026-04-02 read live from this machine - verbatim ""The goal is to achieve a price-per-kilogram that is competitive with the global commercial standard, which currently sits at approximately $7,000 to $11,000 per kilogram for medium-lift vehicles."" Context-only (R124, 2026-10-05): source verified live and read in full this round; no number extracted into an extracted-data CSV yet - extraction is the follow-up step.","launch_vehicles.csv Kinetica-2 price, the only published Chinese per-kg rate"
04_launch_economics,esa_ariane6_overview,T3,Ariane 6 overview,European Space Agency (agency web page),2024-2026,https://www.esa.int/Enabling_Support/Space_Transportation/Launch_vehicles/Ariane_6_overview,ESA,"verified_live_not_pulled — R74 (2026-09-27): registered from the upstream citation; full text not sought, nothing extracted. Landing page answered HTTP 200 from this machine. Cited upstream: spacecost@e831245 spacecost/vehicles.py Ariane 6 (A62) and (A64) rows. R117 (2026-10-05): full HTML pulled live and read in its entirety (36,901 B, sha256=6d6a27aec71f958d49c76d6ccdaacfe06c5ec5b2d154c2c3b6500be2701a162b). NOT hostable: esa.int Terms_and_conditions - “All material published on the ESA website is protected by copyright and owned or controlled by ESA...” with no reproduction, derivative works or distribution without prior written authorisation (R113 precedent; hash-recorded only). KEY FINDING (rc-080): the page states payload capacities (“Ariane 62 can launch payloads of approximately 4.5 tonnes into geostationary transfer orbit or 10.3 tonnes into low Earth orbit”; A64 “approximately 11.5 tonnes ... GTO and 21.6 tonnes ... LEO”, both matching upstream's cells) but contains ZERO price figures (raw-HTML euro/USD/million-euros token scans all return 0), so the “Source: ESA Ariane 6 overview; price €100M / €115M” attribution in upstream notes does not hold.",launch_vehicles.csv Ariane 6 A62 and A64 prices
04_launch_economics,jaxa_h3_launch_vehicle,T3,H3 Launch Vehicle project page,JAXA (agency web page),2024-2026,https://global.jaxa.jp/projects/rockets/h3/,JAXA,"registered_not_pulled — R74 (2026-09-27): registered from the upstream citation; full text not sought, nothing extracted. Landing page answered HTTP 200 from this machine. Cited upstream: spacecost@e831245 spacecost/vehicles.py H3 (24L) and H3 (30) rows. R117 (2026-10-05) re-check: still unreachable from this machine - global.jaxa.jp/projects/rockets/h3/ answers HTTP 403 to urllib and curl under two browser UAs over both http and https; web.archive.org is DNS-blocked locally so no snapshot route either (the wayback availability API confirms a 2026-08-22 snapshot exists but it cannot be fetched). The ¥5B H3-30 target upstream cites therefore remains unverified from this machine.",launch_vehicles.csv H3 price target and payloads
04_launch_economics,firefly_alpha_published_price,T4,Firefly Aerospace Alpha published price,Firefly Aerospace (manufacturer web page),2026,https://fireflyspace.com/alpha/,Firefly Aerospace,"registered_not_pulled — R74 (2026-09-27): registered from the upstream citation; full text not sought, nothing extracted. Landing page answered HTTP 200 from this machine. Cited upstream: spacecost@e831245 spacecost/vehicles.py Alpha and Eclipse (MLV) rows. R124 (2026-10-05) retry: fireflyspace.com/alpha/ answers HTTP 200 from this machine but zero $ figures appear anywhere in the fetched HTML (~2.5 MB, JS-rendered pricing if any) - stays registered_not_pulled.",launch_vehicles.csv Alpha price
04_launch_economics,isar_aerospace_spectrum_price_target,T4,"Isar Aerospace Spectrum price target (EUR 10,000/kg)",Isar Aerospace (manufacturer web page),2026,https://www.isaraerospace.com/,Isar Aerospace,"registered_not_pulled — R74 (2026-09-27): registered from the upstream citation; full text not sought, nothing extracted. Landing page answered HTTP 200 from this machine (redirected to https://isaraerospace.com/). Cited upstream: spacecost@e831245 spacecost/vehicles.py Spectrum row.",launch_vehicles.csv Spectrum price
04_launch_economics,wikipedia_launch_vehicle_articles,T4,"Wikipedia ""Comparison of orbital launch systems"" and the per-vehicle articles (accessed Sep 2026)",Wikipedia,2026,https://en.wikipedia.org/wiki/Comparison_of_orbital_launch_systems,Wikipedia contributors,"verified_live_not_pulled — R74 (2026-09-27): registered from the upstream citation; full text not sought, nothing extracted. Landing page answered HTTP 200 from this machine. Cited upstream: spacecost@e831245 spacecost/vehicles.py (most rows name ""Wikipedia"" for payloads and many for prices); CITATIONS.md section 1. R124 (2026-10-05): comparison table renders server-side from this machine with payload figures readable verbatim (e.g. Falcon 9 reusable row 'Partially reusable (drone ship) 22,800' kg LEO); the table carries NO price/cost column header - upstream's 'many for prices' attribution is therefore weaker than it reads; noted for d04. Context-only (R124, 2026-10-05): source verified live and read this round; no number extracted into an extracted-data CSV yet.","launch_vehicles.csv payload masses by configuration and orbit, and the price of every row whose notes say ""Source: Wikipedia"""
04_launch_economics,spacenews_launch_reporting_2024_2026,T4,"SpaceNews launch, pricing and programme reporting 2024-2026 (articles not named upstream)",SpaceNews (trade press),2024-2026,https://spacenews.com/,SpaceNews,"registered_not_pulled — R74 (2026-09-27): registered from the upstream citation; full text not sought, nothing extracted. Landing page answered HTTP 200 from this machine. Cited upstream: spacecost@e831245 spacecost/vehicles.py Atlas V, SLS and Chinese-vehicle rows; CITATIONS.md section 1. R127 (2026-10-06) retry: the specific article behind the Atlas V mission-assurance adder was located - spacenews.com/ula-debuts-online-pricing-tool-for-atlas-launches ('ULA debuts online pricing tool for Atlas launches', ULA RocketBuilder launch, Nov 30). Verbatim via search index (direct fetch answers 'Checking your browser' HTTP 403 from this machine): government missions 'cost between $30 and $80 million more because of additional mission assurance services'; same article: baseline Atlas V $109M vs '$184 million' a few years earlier, default added-value estimate $65M. Stays registered_not_pulled pending a browser pass.","launch_vehicles.csv Atlas V mission-assurance adder, Artemis restructuring, and 2025-2026 flight outcomes"
04_launch_economics,spaceflight_now_launch_reporting_2025_2026,T4,Spaceflight Now launch reporting 2025-2026 (articles not named upstream),Spaceflight Now (trade press),2025-2026,https://spaceflightnow.com/,Spaceflight Now,"registered_not_pulled — R74 (2026-09-27): registered from the upstream citation; full text not sought, nothing extracted. Landing page answered HTTP 200 from this machine. Cited upstream: spacecost@e831245 spacecost/vehicles.py New Glenn, Neutron and flight-record notes; CITATIONS.md section 1. R127 (2026-10-06) retry: one of the row's claims is now corroborated by multiple outlets - Pallas-1 maiden flight succeeded 2026-09-01 from Jiuquan (Galactic Energy, two-stage RP-1/LOX, ~52 m / 283 t liftoff, ~7 t LEO; no first-flight recovery attempt), as reported by SpaceNews pre-launch and Chinese state media (Xinhua, China Daily). The specific spaceflightnow.com article URL for the New Glenn flight record / Neutron schedule claims is still not located - stays registered_not_pulled.","launch_vehicles.csv New Glenn flight record, Neutron schedule and price, 2025-2026 flight outcomes"
04_launch_economics,nasaspaceflight_launch_reporting_2025_2026,T4,NASASpaceFlight.com launch reporting 2025-2026 (articles not named upstream),NASASpaceFlight.com (trade press),2025-2026,https://www.nasaspaceflight.com/,NASASpaceFlight.com,"registered_not_pulled — R74 (2026-09-27): registered from the upstream citation; full text not sought, nothing extracted. Landing page answered HTTP 200 from this machine. Cited upstream: spacecost@e831245 CITATIONS.md section 1. R127 (2026-10-06) retry: one of the row's five vehicle outcomes is now corroborated by multiple outlets - Pallas-1 first flight success 2026-09-01 Jiuquan (see spaceflight_now_launch_reporting_2025_2026 note); Zhuque-3, Long March 10B, Tianlong-3 and Soyuz-5 outcomes still not individually located - stays registered_not_pulled.","launch_vehicles.csv Zhuque-3, Long March 10B, Tianlong-3, Pallas-1 and Soyuz-5 flight outcomes"
04_launch_economics,satnews_2026_artemis_restructuring,T4,SatNews reporting of NASA's Feb 2026 Artemis restructuring (SLS Block 1B and EUS cancelled),SatNews (trade press),2026,https://satnews.com/,SatNews,"verified_live_not_pulled — R74 (2026-09-27): registered from the upstream citation; full text not sought, nothing extracted. Landing page answered HTTP 200 from this machine. Cited upstream: spacecost@e831245 CITATIONS.md section 1 (with SpaceNews). R127 (2026-10-06): the specific article was located and read live this round - satnews.com/2026-02-27/nasa-overhauls-artemis-program-scraps-sls-upgrades-adds-2027-leo-test-mission (SatNews, HTTP 200 from this machine; article dated February 27, 2026). Verbatim (whitespace-normalized): 'The agency will cancel the planned Block 1B upgrade of the Space Launch System (SLS)' and 'the cancellation of the Exploration Upper Stage (EUS) and the associated SLS Block 1B configuration ... NASA will instead standardize the SLS around the existing Block 1 architecture used for Artemis I and II'; Artemis III redefined as a mid-2027 LEO docking/systems-validation flight, landings pushed to two potential missions in 2028; ~$1 billion mobile launcher platform written off. No copyright statement on the page -> NOT hostable under any licence token; hash-recorded + URL'd. Context-only (R127, 2026-10-06): source verified live and read in full this round to back spacecost v0.5.x launch_vehicles.csv SLS Block 1/Block 1B status cells; no number extracted into an extracted-data CSV yet - extraction is the follow-up step.",launch_vehicles.csv SLS Block 1 and Block 1B (Cargo) status
04_launch_economics,the_week_2026_isro_pslv_reporting,T4,The Week (India) Jan 2026 reporting on ISRO pricing and the PSLV-C61/C62 failures,The Week (news magazine),2026,https://www.theweek.in/,The Week,"registered_not_pulled — R74 (2026-09-27): registered from the upstream citation; full text not sought, nothing extracted. Landing page answered HTTP 200 from this machine. Cited upstream: spacecost@e831245 CITATIONS.md section 1. R127 (2026-10-06) retry: the specific articles were located via search-index excerpts but every theweek.in URL answers Akamai 'Access Denied' (BOOMR fingerprint page, HTTP 5 KB shell) from this machine - direct read impossible. Located URLs: magazine special /magazine/theweek/specials/2026-01-17/isros-crisis-whats-behind-pslv-back-to-back-launch-failures.html (Jan 25, 2026 issue) + news explainers /news/sci-tech/2026-01-12/pslv-failure-explainer-isro.html and .../2026-01-13/explainer-failure-of-pslv-c62-mission.html. Verbatim via search index: PSLV-C62 failed 2026-01-12 (second identical third-stage failure after C-61 on 2025-05-18); 'losses estimated between $200 million and $250 million'; 'PSLV's lifetime success rate has dipped to 93.7 per cent'; 'insurance premiums for future Indian launches are expected to jump 20-30 per cent' (analyst Girish Linganna). Stays registered_not_pulled pending a browser pass.","launch_vehicles.csv PSLV, LVM3, GSLV and SSLV pricing and PSLV failure record"
04_launch_economics,casc_long_march_9_10_disclosures,T4,CASC crewed-lunar-programme disclosures and roadmap presentations (Long March 9 and 10; no document named upstream),China Aerospace Science and Technology Corporation (public statements),2023-2026,http://www.spacechina.com/,CASC,"registered_not_pulled — R74 (2026-09-27): registered from the upstream citation; full text not sought, nothing extracted. Landing page answered HTTP 200 from this machine (redirected to https://www.spacechina.com/). Cited upstream: spacecost@e831245 spacecost/vehicles.py Long March 10 and Long March 9 rows.",launch_vehicles.csv Long March 10 and Long March 9 payload targets
04_launch_economics,pearson_1979_anchored_lunar_satellites,T1,Anchored lunar satellites for cislunar transportation and communication,Journal of the Astronautical Sciences 27(1):39-62,1979,https://ui.adsabs.harvard.edu/abs/1979JAnSc..27...39P/abstract,"Pearson, J.","registered_not_pulled — R74 (2026-09-27): registered from the upstream citation; full text not sought, nothing extracted. The ADS record answered HTTP 405 to curl; the citation (J. Astronaut. Sci. XXVII(1):39-62, Jan-Mar 1979; no DOI) matches that record as a web search indexes it. Cited upstream: spacecost@e831245 spacecost/vehicles.py Lunar space elevator row notes; economicspace@1f470d4 README.md. R122 (2026-10-05) retry: Crossref holds no JAS vol-27 (1978/1980 window) record for this paper and the ADS abstract page is bot-walled from this machine; stays registered.","launch_vehicles.csv ""Lunar space elevator"" concept row: required specific strength within existing fibres"
04_launch_economics,eubanks_radley_2016_lunar_elevator_scientific_return,T1,Scientific return of a lunar elevator,Space Policy 37:97-102,2016,https://doi.org/10.1016/j.spacepol.2016.08.005,"Eubanks, T.M.; Radley, C.F.","verified_live_not_pulled - R74 (2026-09-27): registered from the upstream citation; full text not sought, nothing extracted. Metadata checked against Crossref for 10.1016/j.spacepol.2016.08.005 (Space Policy 37:97-102). R120 (2026-10-05): OpenAlex located the green-OA copy at arXiv:1609.00709; pulled live via export.arxiv.org/pdf/1609.00709v1 and read in full from this machine but NOT hostable - default non-exclusive distribution licence only (no CC link on the abs page); hash recorded: 281,229 B sha256=e552fed53701ee70bc62d896017673ed2a46b0a5bdc1662d83a9d90fe0ae95fc (no file committed). Verbatim: ""A Lunar Space Elevator (LSE), however, can be built with current technology using commercially available tether polymers."". Context for launch_vehicles.csv's lunar space elevator concept row. Context-only (R120, 2026-10-05): source verified live and read in full this round; no number extracted into an extracted-data CSV yet - extraction is the follow-up step.","launch_vehicles.csv ""Lunar space elevator"" concept row"
04_launch_economics,atlas_v_launch_services_users_guide_rev11_mar2010,T4,Atlas V Launch Services User's Guide Rev 11 (Mar 2010),ULA / Lockheed Martin Commercial Launch Services (manufacturer document),2010,https://www.ulalaunch.com/docs/default-source/rockets/atlasvusersguide2010.pdf,ULA,"full_text_hosted — R99 (2026-10-02): 28,226,765 B PDF pulled live from ulalaunch.com this machine; p2 verbatim: 'The information included in this document has been cleared for public release under OSR approval 10-S-0689, date: 16 February 2010 and has been placed in the public domain.' Fig 6-4 (5-m Short static payload envelope) verified present. Cited upstream: spacecost@77c6e11 fairings.py Context-only (R99, 2026-10-02): source verified live and its fairing figure/caption read this round to back spacecost v0.5.0's launch_vehicles.csv fairing cells; no number extracted into an extracted-data CSV yet - extraction is the follow-up step.","launch_vehicles.csv 'Atlas V 551' row: fairing_volume_m3 cell (basis 'guide') — Fig 6-4, 5-m Short static payload envelope; s2.5.2.2 performance context"
04_launch_economics,vulcan_launch_systems_users_guide_oct2023,T4,Vulcan Launch Systems User's Guide (Oct 2023),ULA (manufacturer document),2023,https://www.ulalaunch.com/docs/default-source/rockets/2023_vulcan_user_guide.pdf?sfvrsn=e9cc773f_4,ULA,"verified_live_not_pulled — R99 (2026-10-02): PDF fetched and read from this machine; 5,570,189 B from ulalaunch.com (sha aefd3e7e…). Not committed: manufacturer copyright, DOPSR public-release clearance printed but ULA copyright, no redistribution licence. Cited upstream: spacecost@77c6e11 fairings.py Context-only (R99, 2026-10-02): source verified live and its fairing figure/caption read this round to back spacecost v0.5.0's launch_vehicles.csv fairing cells; no number extracted into an extracted-data CSV yet - extraction is the follow-up step.","launch_vehicles.csv Vulcan VC2/VC4/VC6 rows: fairing_volume_m3 cells (basis 'guide') — Fig 4.3.1-1, static payload envelope of the 15.5-m PLF; s4.3"
04_launch_economics,ariane6_users_manual_issue2_rev0_feb2021,T4,Ariane 6 User's Manual Issue 2 Rev 0 (Feb 2021),Arianespace / ArianeGroup (manufacturer document),2021,https://www.arianespace.com/app/uploads/sites/4/2024/10/Mua-6_Issue-2_Revision-0_March-2021.pdf,Arianespace,"verified_live_not_pulled — R99 (2026-10-02): PDF fetched and read from this machine; 8,881,879 B from arianespace.com (sha 94f3d509…); internal stamp 'FEBRUARY 2021' p1 matches upstream's '(Feb 2021)' although the filename says March-2021. Not committed: manufacturer copyright. Cited upstream: spacecost@77c6e11 fairings.py Context-only (R99, 2026-10-02): source verified live and its fairing figure/caption read this round to back spacecost v0.5.0's launch_vehicles.csv fairing cells; no number extracted into an extracted-data CSV yet - extraction is the follow-up step.",launch_vehicles.csv 'Ariane 6 (A62)' and 'Ariane 6 (A64)' rows: fairing_volume_m3 cells (basis 'guide') — Fig 5.3.1a short / Fig 5.3.1b long usable volume
04_launch_economics,vega_c_users_manual_issue0_rev0_may2018,T4,Vega C User's Manual Issue 0 Rev 0 (May 2018),Arianespace / Avio (manufacturer document),2018,https://ariane.group/app/uploads/sites/4/2024/10/Vega-C-users-manual-Issue-0-Revision-0.pdf,Arianespace,"verified_live_not_pulled — R99 (2026-10-02): PDF fetched and read from this machine; 18,867,744 B from ariane.group (sha 57de020b…); internal stamp 'MAY 2018' p1. Not committed: manufacturer copyright. Cited upstream: spacecost@77c6e11 fairings.py Context-only (R99, 2026-10-02): source verified live and its fairing figure/caption read this round to back spacecost v0.5.0's launch_vehicles.csv fairing cells; no number extracted into an extracted-data CSV yet - extraction is the follow-up step.","launch_vehicles.csv 'Vega C' row: fairing_volume_m3 cell (basis 'guide') — Fig 5.3.1.a, usable volume with the VAMPIRE 937 adapter"
04_launch_economics,minotaur_iv_v_vi_user_guide_release_2p5_nov2025,T4,Minotaur IV/V/VI User's Guide Release 2.5 (Nov 2025),Northrop Grumman Space Systems (manufacturer document),2025,https://cdn.northropgrumman.com/-/media/Project/Northrop-Grumman/ngc/what-we-do/space/launch-vehicles/minotaur/Minotaur-IV-V-VI-User-Guide.pdf,Northrop Grumman,"verified_live_not_pulled — R99 (2026-10-02): PDF fetched and read from this machine; 13,076,040 B from cdn.northropgrumman.com (sha cc564fa5…); 'Release 2.5' + 'November 2025' stamps pp2-9 match upstream's '(Nov 2025)'. Not committed: manufacturer copyright. Cited upstream: spacecost@77c6e11 fairings.py Context-only (R99, 2026-10-02): source verified live and its fairing figure/caption read this round to back spacecost v0.5.0's launch_vehicles.csv fairing cells; no number extracted into an extracted-data CSV yet - extraction is the follow-up step.","launch_vehicles.csv 'Minotaur IV' row: fairing_volume_m3 cell (basis 'guide') — Fig 5.1.1.1-1, dynamic envelope of the standard 92-in fairing with the 38-in PAF"
04_launch_economics,pegasus_user_guide_release_8p2_sep2020,T4,Pegasus User's Guide Release 8.2 (Sep 2020),Northrop Grumman Space Systems (manufacturer document),2020,https://cdn.northropgrumman.com/-/media/wp-content/uploads/Pegasus-User-Guide-1.pdf?v=1.0.0,Northrop Grumman,"verified_live_not_pulled — R99 (2026-10-02): PDF fetched and read from this machine; 5,164,998 B from cdn.northropgrumman.com (sha 493232cf…); 'Release 8.2' + 'September 2020' stamps pp3-9 match upstream's '(Sep 2020)'. Not committed: manufacturer copyright. Cited upstream: spacecost@77c6e11 fairings.py Context-only (R99, 2026-10-02): source verified live and its fairing figure/caption read this round to back spacecost v0.5.0's launch_vehicles.csv fairing cells; no number extracted into an extracted-data CSV yet - extraction is the follow-up step.","launch_vehicles.csv 'Pegasus XL' row: fairing_volume_m3 cell (basis 'guide') — Fig 5-2, payload fairing dynamic envelope with the 38-in separation system"
04_launch_economics,mhi_hii_users_manual_yet04001_ver4_feb2015,T4,H-IIA User's Manual YET04001 Ver. 4.0 (Feb 2015),Mitsubishi Heavy Industries / JAXA (manufacturer document),2015,https://www.mhi.com/jp/products/pdf/manual.pdf,MHI,"verified_live_not_pulled — R99 (2026-10-02): PDF fetched and read from this machine; 2,910,645 B from mhi.com (sha 83f4d68e…); cover stamp 'YET04001 Ver. 4.0 February 2015' p1 matches upstream's citation exactly. Not committed: manufacturer copyright. Cited upstream: spacecost@77c6e11 fairings.py Context-only (R99, 2026-10-02): source verified live and its fairing figure/caption read this round to back spacecost v0.5.0's launch_vehicles.csv fairing cells; no number extracted into an extracted-data CSV yet - extraction is the follow-up step.","launch_vehicles.csv 'H-IIA 204' row: fairing_volume_m3 cell (basis 'guide') — Fig 4.5-2, usable volume of the Model 4S fairing; Table 2.1-1 performance context"
04_launch_economics,soyuz_csg_users_manual_issue2_rev0_mar2012,T4,Soyuz CSG User's Manual Issue 2 Rev 0 (Mar 2012),Arianespace / RSC Energia (manufacturer document),2012,http://www.georing.biz/usefull/Soyuz-Users-Manual-March-2012.pdf,Arianespace,"verified_live_not_pulled — R99 (2026-10-02): PDF fetched and read from this machine; 5,598,310 B from third-party mirror georing.biz (sha 2d557df5…). Not committed: manufacturer copyright, original arianespace.com URL dead (404/410 on both migrated and legacy paths), mirror used — the original is no longer served by Arianespace. Cited upstream: spacecost@77c6e11 fairings.py Context-only (R99, 2026-10-02): source verified live and its fairing figure/caption read this round to back spacecost v0.5.0's launch_vehicles.csv fairing cells; no number extracted into an extracted-data CSV yet - extraction is the follow-up step.","launch_vehicles.csv Soyuz-2.1a / Soyuz-2.1b rows: fairing_volume_m3 cells (basis 'guide') — Fig 5.3.1a, ST fairing volume; the nose 'specific volume allocation' is excluded per upstream"
04_launch_economics,boeing_delta_iv_technical_summary_payload_fairing_envelopes,T4,Delta IV Technical Summary — 'Delta IV Payload Fairing Envelopes',Boeing Launch Services (manufacturer document),n.d.,http://matthewwturner.com/uah/IPT2009_spring/EELV/Delta-IV.pdf,Boeing,"verified_live_not_pulled — R99 (2026-10-02): PDF fetched and read from this machine; 1,301,793 B from third-party mirror matthewwturner.com (sha 0324fe74…). Not committed: manufacturer copyright, Boeing removed it from boeing.com, mirror used — the original is no longer served by Boeing. Cited upstream: spacecost@77c6e11 fairings.py Context-only (R99, 2026-10-02): source verified live and its fairing figure/caption read this round to back spacecost v0.5.0's launch_vehicles.csv fairing cells; no number extracted into an extracted-data CSV yet - extraction is the follow-up step.","launch_vehicles.csv 'SLS Block 1' and 'Delta IV Heavy' rows: fairing_volume_m3 cells — the ESD 30000 s6.2.1 reference configuration (5-m class composite PLF, never flown on SLS) is drawn from this figure; upstream's profile = Heavy 5-m envelope"
04_launch_economics,starship_users_guide_rev1p0_mar2020,T4,Starship Users Guide Rev 1.0 (Mar 2020),SpaceX (manufacturer document),2020,https://spacex.com.pl/files/2020-04/starship-users-guide-v1.pdf,SpaceX,"verified_live_not_pulled — R99 (2026-10-02): PDF fetched and read from this machine; 2,101,672 B from third-party mirror spacex.com.pl (sha 60c8a28d…); 'March 2020' stamp p1. Not committed: manufacturer copyright, spacex.com/assets/files/ URL dead, mirror used — the original is no longer served by SpaceX. Cited upstream: spacecost@77c6e11 fairings.py Context-only (R99, 2026-10-02): source verified live and its fairing figure/caption read this round to back spacecost v0.5.0's launch_vehicles.csv fairing cells; no number extracted into an extracted-data CSV yet - extraction is the follow-up step.","launch_vehicles.csv 'Starship (projected)' row: fairing_volume_m3 cell (basis 'guide') — Fig 4, payload dynamic envelope with radii printed at 1 m stations"
04_launch_economics,new_glenn_payload_users_guide_rev_c_oct2018,T4,New Glenn Payload User's Guide Rev C (Oct 2018),Blue Origin (manufacturer document),2018,https://yellowdragonblogdotcom.files.wordpress.com/2019/01/new_glenn_payload_users_guide_rev_c.pdf,Blue Origin,"verified_live_not_pulled — R99 (2026-10-02): PDF fetched and read from this machine; 6,665,101 B from third-party mirror yellowdragonblog (sha 441e9182…); 'OCTOBER 2018' stamps throughout. Not committed: manufacturer copyright, blueorigin.com answers HTTP 429 to this machine; official page blueorigin.com/new-glenn/new-glenn-payload-users-guide confirmed live in search results but not fetched — the original getmedia URL rate-limits this machine. Cited upstream: spacecost@77c6e11 fairings.py Context-only (R99, 2026-10-02): source verified live and its fairing figure/caption read this round to back spacecost v0.5.0's launch_vehicles.csv fairing cells; no number extracted into an extracted-data CSV yet - extraction is the follow-up step.","launch_vehicles.csv 'New Glenn' row: fairing_volume_m3 cell (basis 'guide') — Fig 5-2, standard capacity standard payload volume; upstream records the guide's stated total as 458 m3 while the body text floor is 450 m3"
04_launch_economics,electron_payload_users_guide,T4,Electron Payload User's Guide (v7.0 Jun 2022 cited upstream; live copy v8.0 Sep 2025),Rocket Lab (manufacturer document),2022/2025,https://rocketlabcorp.com/assets/Rocket-Lab-Electron-Payload-User-Guide-8.0.pdf,Rocket Lab,"verified_live_not_pulled — R99 (2026-10-02): PDF fetched and read from this machine; 6,193,479 B v8.0 from rocketlabcorp.com (sha a212a499…); the v8.0 version-history table lists 'Jun 2022 7.0 Updated Release' confirming upstream's cited edition. Not committed: manufacturer copyright, the v7.0 file itself no longer sits at rocketlabcorp.com/assets/ (404); only v8.0 served. Cited upstream: spacecost@77c6e11 fairings.py Context-only (R99, 2026-10-02): source verified live and its fairing figure/caption read this round to back spacecost v0.5.0's launch_vehicles.csv fairing cells; no number extracted into an extracted-data CSV yet - extraction is the follow-up step.","launch_vehicles.csv 'Electron' row: fairing_volume_m3 cell (basis 'guide') — 'Standard Fairing' envelope; upstream cites v7.0 p26, verified against the identical v8.0 figure"
04_launch_economics,neutron_payload_users_guide_v1p0_jan2025,T4,Neutron Payload User's Guide v1.0 (Jan 2025),Rocket Lab USA (manufacturer document; marked proprietary — not redistributable),2025,https://rocketlabcorp.com/assets/Uploads/Rocket-Lab-Neutron-PUG-reduced-final.pdf,Rocket Lab,"verified_live_not_pulled — R99 (2026-10-02): PDF fetched and read from this machine; 5,187,710 B from rocketlabcorp.com (sha f45b0f17…); 'Version 1.0 | Jan 2025' stamp p1. Not committed: manufacturer copyright, document is marked 'Proprietary and Confidential ... should not be disseminated further' — verified from the official URL but must never be committed. Cited upstream: spacecost@77c6e11 fairings.py Context-only (R99, 2026-10-02): source verified live and its fairing figure/caption read this round to back spacecost v0.5.0's launch_vehicles.csv fairing cells; no number extracted into an extracted-data CSV yet - extraction is the follow-up step.","launch_vehicles.csv 'Neutron' row: fairing_volume_m3 cell (basis 'guide') — Fig 13, payload accommodation; upstream takes the nose along its chords"
04_launch_economics,alpha_payload_users_guide_v2p0_aug2019,T4,Alpha Payload User's Guide v2.0 (Aug 2019),Firefly Aerospace (manufacturer document),2019,https://sky-brokers.com/wp-content/uploads/2025/05/Alpha-Payload-User-Guide.pdf,Firefly,"verified_live_not_pulled — R99 (2026-10-02): PDF fetched and read from this machine; 2,964,352 B from third-party mirror sky-brokers (sha fbe9e0a8…); revision history p3 verbatim: 'March 2018 1.0 First Release / August 2019 2.0 Updated Release'. Not committed: manufacturer copyright, fireflyspace.com wp-content path dead, mirror used — the original is no longer served by Firefly. Cited upstream: spacecost@77c6e11 fairings.py Context-only (R99, 2026-10-02): source verified live and its fairing figure/caption read this round to back spacecost v0.5.0's launch_vehicles.csv fairing cells; no number extracted into an extracted-data CSV yet - extraction is the follow-up step.","launch_vehicles.csv 'Alpha' row: fairing_volume_m3 cell (basis 'guide') — Fig 8: 1.6 m rising to 2.0 m over 0.38 m, then an ogive of R 2.0 m for 1.6 m"
04_launch_economics,ariane5_users_manual_issue5_rev1_jul2011,T4,Ariane 5 User's Manual Issue 5 Rev 1 (Jul 2011),Arianespace / ESA (manufacturer document),2011,http://www.georing.biz/usefull/Ariane5_users_manual_Issue5.1.pdf,Arianespace,"verified_live_not_pulled — R99 (2026-10-02): PDF fetched and read from this machine; 14,321,274 B from third-party mirror georing.biz (sha eb0d5bab…); 'Issue 5 Revision 1' + July 2011 stamps pp1-3; Annex 5 referenced in body p84 ('The payload usable volume is shown in annex 5'). Not committed: manufacturer copyright, arianespace.com paths dead (404 on migrated guesses), mirror used — the original is no longer served by Arianespace. Cited upstream: spacecost@77c6e11 fairings.py Context-only (R99, 2026-10-02): source verified live and its fairing figure/caption read this round to back spacecost v0.5.0's launch_vehicles.csv fairing cells; no number extracted into an extracted-data CSV yet - extraction is the follow-up step.","launch_vehicles.csv 'Ariane 5 ECA' row: fairing_volume_m3 cell (basis 'guide') — Annex 5, Fig A5.1, usable volume beneath the fairing in single launch"
04_launch_economics,vega_users_manual_issue4_apr2014,T4,Vega User's Manual Issue 4 (Apr 2014),Arianespace / Avio (manufacturer document),2014,https://www.arianespace.com/wp-content/uploads/2018/05/Vega-Users-Manual_Issue-04_April-2014.pdf,Arianespace,"verified_live_not_pulled — R130 (2026-10-06): original URL still HTTP 410 Gone and the post-migration ariane.group path 404s, but the full manual was fetched live from an independent mirror (georing.biz) - 11,553,595 B, sha 7b49d9f5…, 222 pp, internal stamp ""Vega User's Manual Issue 4 / Arianespace©, April 2014"" p.II. Read in full on this machine: fairing Ø 2.600 m + stage/AVUM data (Fig 1.5.1a) and the reference polar-orbit payload of 1430 kg extracted to extracted_data/r130_vega_um_key_numbers.csv; Fig 5.3.2a usable-volume figure is image-only (no text layer) and the vision backend was down this round, so its dimension labels are deferred - re-read when vision recovers. Not committed: Arianespace © manufacturer copyright (R99 Vega C precedent).","launch_vehicles.csv 'Vega' row: fairing_volume_m3 cell (basis 'guide') — Fig 5.3.2a, usable volume inside the Vega fairing; re-class when a live copy is located"
04_launch_economics,nasa_nsts_21492_space_shuttle_payload_bay_users_guide,T2,Space Shuttle Program Payload Bay Payload User's Guide (NSTS 21492),NASA (institutional program document; basic issue Dec 2000),n.d.,https://spacecraft.ssl.umd.edu/design_lib/STS21492.PL_users_guide.pdf,NASA,"full_text_hosted — R132 (2026-10-07): full text located and pulled live this round - 255 pp, basic issue of Dec 4 2000 (front matter: ""NSTS 21492 ... Space Shuttle Program Payload Bay Payload User's Guide BASIC DECEMBER, 2000""). The canonical UMD SSL mirror URL above timed out at TCP level from this machine, so the hosted bytes come from an independent mirror copy (16streets.com); identity verified against that canonical copy's indexed text and the s4.0 passage below - 3,677,782 B; sha256=f3275281… committed to full_texts/. Whole-document scan: no copyright / all-rights-reserved statement (US government work) -> public-domain hosting. Read in full on this machine: the s4.0 fairing sentence is verbatim ""The maximum payload dimensions by design are 720 inches (18.46 m) long by 180 inches (4.6 m) in diameter, or a volume of 10,600 cubic feet (306.6 m3).…"" - unit-consistency math in extracted_data/r132_sts21492_fairing_key_numbers.csv (the guide's metric values are internally self-consistent but wrong against its own inches; upstream correctly uses the inches).","launch_vehicles.csv ""Space Shuttle"" row: fairing_volume_m3 cell - s4.0 maximum payload dimensions 720 in x 180 in, ""a volume of 10,600 cubic feet""; R132 verification: inches -> cylinder ~300 m3 and 10,600 ft3 = 300.2 m3 both bracket upstream's 300.0; the printed ""306.6 m3"" is self-consistent with its own (wrong) metric pair only - EXACT basis confirmed, no re-pin"
04_launch_economics,douglas_sm47274_saturn_v_payload_planners_guide_nov1965,T4,"Saturn V Payload Planner's Guide (SM-47274, Nov 1965)",Douglas Aircraft Company (contractor document for NASA),1965,https://archive.org/details/SaturnVPayloadPlannersGuide (item page; file fetch DNS-failed from this machine in R99 probes),Douglas,"registered_not_pulled — R99 (2026-10-02): registered from the upstream citation; full text not sought: no NTRS record found (the one 'Saturn V payload planner' hit is an unrelated Space '92 proceedings abstract); the archive.org item's files could not be fetched — ia801604.us.archive.org DNS resolution failed from this machine in three R99 attempts. Cited upstream: spacecost@77c6e11 fairings.py Context-only (R99, 2026-10-02): source verified live and its fairing figure/caption read this round to back spacecost v0.5.0's launch_vehicles.csv fairing cells; no number extracted into an extracted-data CSV yet - extraction is the follow-up step. R122 (2026-10-05) retry: item page + metadata live (2 PDFs listed, main 62,769,084 B on storage host ia601604.us.archive.org) but every archive.org file/storage host is DNS-blocked from this machine (getaddrinfo failed). R136 (2026-10-08) retry: archive.org item page resolves again intermittently from this machine and lists the main PDF (Saturn-V-Payload-Planners-Guide.pdf, plus _text.pdf + djvu), but every CDN mirror behind the download redirect (dn760107.eu.archive.org et al.) fails DNS locally; 24-attempt HEAD/GET loop over ~4 min returned only dead-host redirects. Stays queued.","launch_vehicles.csv 'Saturn V' row: fairing_volume_m3 cell (basis 'published') — prime payload configuration A, the spacecraft/LEM adapter volume that flew, 'about 3,230 cubic feet' when the LEM is not carried (= 91.46 m3)"
04_launch_economics,isro_vssc_gslv_mkiii_vehicle_specifications_plf_volume,T4,GSLV MkIII vehicle specifications (PLF usable volume),ISRO / VSSC (manufacturer specification page),n.d.,https://www.isro.gov.in/ (Launch Vehicles section; exact path not resolvable from this machine in R99 — isro.gov.in answers 403/timeouts to automated requests),VSSC,"registered_not_pulled — R99 (2026-10-02): registered from the upstream citation; full text not sought: isro.gov.in blocked or timed out for every Launch-Vehicles path variant tried from this machine (R99); upstream cites the page as 'published' with the verbatim spec line. Cited upstream: spacecost@77c6e11 fairings.py Context-only (R99, 2026-10-02): source verified live and its fairing figure/caption read this round to back spacecost v0.5.0's launch_vehicles.csv fairing cells; no number extracted into an extracted-data CSV yet - extraction is the follow-up step.","launch_vehicles.csv 'LVM3 (GSLV Mk III)' row: fairing_volume_m3 cell (basis 'published') — 'Heat Shield (Payload Fairing) Diameter 5.0 m, PLF Usable Volume 110m3'"
04_launch_economics,orienspace_gravity1_fairing_100m3_tencent_news_2023,T4,"Gravity-1 fairing: '100 cubic metres of payload space' (via Tencent News, 2023-11-22)",News reporting on an Orienspace statement,2023,https://news.qq.com/ (Tencent News report dated 2023-11-22; upstream citation does not carry a stable URL),"Orienspace, via Tencent News","registered_not_pulled — R99 (2026-10-02): registered from the upstream citation; full text not sought: no stable direct URL in the upstream citation and no Orienspace English-language document found from this machine. Cited upstream: spacecost@77c6e11 fairings.py Context-only (R99, 2026-10-02): source verified live and its fairing figure/caption read this round to back spacecost v0.5.0's launch_vehicles.csv fairing cells; no number extracted into an extracted-data CSV yet - extraction is the follow-up step. R126 (2026-10-06) retry: the original Tencent News article URL still cannot be located from this machine, but the '100 cubic metres' figure is corroborated by a third-party quote of it ('The 4.2-meter-diameter fairing has a load space of 100 cubic meters') and Xinhuanet's first-flight report (xinhuanet.com/tech/20240112, live) states the fairing as diameter 4.2 m x height 9.3 m - stays registered_not_pulled pending a stable URL for the cited article itself.","launch_vehicles.csv 'Gravity-1' row: fairing_volume_m3 cell (basis 'published') — the 4.2 m fairing's stated 100 m3; upstream flags it as ~1.6x the median guide envelope for a fairing of that size, i.e. an interior-volume reading rather than a keep-in envelope"
04_launch_economics,russianspaceweb_angara_a5_14s746_fairing_zak,T4,Angara-5: 14S746 fairing first flight (A. Zak reporting),RussianSpaceWeb (encyclopedic/news source),2025,https://russianspaceweb.com/ (site live from this machine; the specific Angara-5 article was not located via its search endpoint in R99),"Anatoly Zak, RussianSpaceWeb","verified_live_not_pulled — R99 (2026-10-02): registered from the upstream citation; full text not sought: the site answers but its ?s= search page returned no Angara-fairing article link in R99 probes. Cited upstream: spacecost@77c6e11 fairings.py Context-only (R99, 2026-10-02): source verified live and its fairing figure/caption read this round to back spacecost v0.5.0's launch_vehicles.csv fairing cells; no number extracted into an extracted-data CSV yet - extraction is the follow-up step. R126 (2026-10-06): the specific article was located and read live this round - russianspaceweb.com/angara5-flight5.html 'Angara-5 carries its first payloads' (A. Zak, HTTP 200 from this machine). Verbatim: 'To accommodate the spacecraft, Angara-5 was equipped with a longer 14S746 payload fairing for the first time, which had a length of 17.705 meters, a diameter of 4.35 meters and a mass of 2.28 tons' (fifth flight, 2025-06-19). The page carries 'All rights reserved' - NOT hostable under any licence token; hash-recorded + URL'd. Context-only (R126, 2026-10-06): source verified live and the cited fairing sentence read in full this round to back spacecost v0.5.0's launch_vehicles.csv Angara row; no number extracted into an extracted-data CSV yet - extraction is the follow-up step.","launch_vehicles.csv 'Angara A5' row: fairing outer dimensions only (basis 'outer') — the 14S746 fairing first flown 2025-09-19, 17.705 m long x 4.35 m diameter; no usable envelope is published"
04_launch_economics,khi_h3_payload_fairings_page,T4,H3 Payload Fairings for Launch Vehicle (product page),Kawasaki Heavy Industries (manufacturer web page),n.d.,https://global.kawasaki.com/en/mobility/air/space/h_3.html,KHI,"verified_live_not_pulled — R99 (2026-10-02): PDF fetched and read from this machine; page fetched and read from this machine. Not committed: manufacturer copyright. Cited upstream: spacecost@77c6e11 fairings.py Context-only (R99, 2026-10-02): source verified live and its fairing figure/caption read this round to back spacecost v0.5.0's launch_vehicles.csv fairing cells; no number extracted into an extracted-data CSV yet - extraction is the follow-up step.",launch_vehicles.csv 'H3 (24L)' and 'H3 (30)' rows: fairing outer dimensions only (basis 'outer') — type L 16.4 x 5.2 m; type S 10.4 x 5.2 m; no usable envelope is published
04_launch_economics,mhi_technical_review_vol58_no4_h3_development_status_dec2021,T4,"Development Status and Future Prospects of H3 Japanese Flagship Launch Vehicle (MHI Technical Review Vol. 58 No. 4, Dec 2021)","Mitsubishi Heavy Industries Technical Review (institutional corporate journal; Nara, Onga, Niitsu et al.)",2021,https://www.mhi.com/technology/review/sites/g/files/jwhtju2326/files/tr/pdf/e584/e584040.pdf,MHI (Nara et al.),"verified_live_not_pulled — R99 (2026-10-02): PDF fetched and read from this machine; 2,291,332 B PDF fetched and read from this machine. Not committed: manufacturer copyright. Cited upstream: spacecost@77c6e11 fairings.py Context-only (R99, 2026-10-02): source verified live and its fairing figure/caption read this round to back spacecost v0.5.0's launch_vehicles.csv fairing cells; no number extracted into an extracted-data CSV yet - extraction is the follow-up step.",launch_vehicles.csv H3 rows (corroboration): confirms type-L fairing length ~16.4 m and documents the 5.4 m-diameter 'W' fairing that upstream's OUTER_ONLY table does not carry; no usable envelope published in either source
04_launch_economics,calt_lm2c_users_manual_issue_1999,T4,"LM-2C User's Manual (Issue 1999), ch. 4, Fig 4-2a",China Academy of Launch Vehicle Technology (manufacturer document),1999,https://www.caltaerospace.com/ (host unreachable from this machine in R99; no open copy located),CALT,"registered_not_pulled — R99 (2026-10-02): registered from the upstream citation; full text not sought: caltaerospace.com DNS/connection failure from this machine and no mirror of the Chinese-language manual found. Cited upstream: spacecost@77c6e11 fairings.py Context-only (R99, 2026-10-02): source verified live and its fairing figure/caption read this round to back spacecost v0.5.0's launch_vehicles.csv fairing cells; no number extracted into an extracted-data CSV yet - extraction is the follow-up step.","launch_vehicles.csv 'Long March 2C' row: fairing_volume_m3 cell (basis 'guide') — ch. 4, Fig 4-2a, two-stage fairing static envelope with the 1194A interface; also a _CALIBRATION fill-ratio row"
04_launch_economics,cgwic_lm3a_series_launch_vehicle_users_manual_issue_2011,T4,"LM-3A Series Launch Vehicle User's Manual (Issue 2011), Fig 4-5b",China Great Wall Industry Corporation (manufacturer document),2011,(no open URL located from this machine in R99; CGWIC publishes the manual to customers only),CGWIC,"registered_not_pulled — R99 (2026-10-02): registered from the upstream citation; full text not sought: customer-only Chinese-language manual; no open copy found. Cited upstream: spacecost@77c6e11 fairings.py Context-only (R99, 2026-10-02): source verified live and its fairing figure/caption read this round to back spacecost v0.5.0's launch_vehicles.csv fairing cells; no number extracted into an extracted-data CSV yet - extraction is the follow-up step.","launch_vehicles.csv 'Long March 3B/E' row: fairing_volume_m3 cell (basis 'guide') — Fig 4-5b, 4000F fairing static envelope (the LM-3BE's 5,500 kg GTO is quoted with it, s3.5.2.1); also a _CALIBRATION fill-ratio row"
04_launch_economics,galactic_energy_ceres1_launch_vehicle_user_manual_2023,T4,"Ceres-1 (谷神星一号) Launch Vehicle User's Manual (2023), s05 fairing figure",Galactic Energy / CAS Space (manufacturer document),2023,https://www.galactic-energy.com/ (site live from this machine; no manual/PDF link on the homepage in R99 — manuals are distributed to customers),Galactic Energy,"registered_not_pulled — R99 (2026-10-02): registered from the upstream citation; full text not sought: company site reachable but serves no public download of the Chinese-language user's manual. Cited upstream: spacecost@77c6e11 fairings.py Context-only (R99, 2026-10-02): source verified live and its fairing figure/caption read this round to back spacecost v0.5.0's launch_vehicles.csv fairing cells; no number extracted into an extracted-data CSV yet - extraction is the follow-up step.",launch_vehicles.csv 'Ceres-1' row: fairing_volume_m3 cell (basis 'guide') — s05 fairing and payload envelope figure; also a _CALIBRATION fill-ratio row ('about 5 m')
04_launch_economics,galactic_energy_pallas1_user_manual_2023,T4,"Pallas-1 (智神星一号) User's Manual (2023), Fig 6(b)",Galactic Energy / CAS Space (manufacturer document),2023,https://www.galactic-energy.com/ (site live from this machine; no manual/PDF link on the homepage in R99 — manuals are distributed to customers),Galactic Energy,"registered_not_pulled — R99 (2026-10-02): registered from the upstream citation; full text not sought: company site reachable but serves no public download of the Chinese-language user's manual. Cited upstream: spacecost@77c6e11 fairings.py Context-only (R99, 2026-10-02): source verified live and its fairing figure/caption read this round to back spacecost v0.5.0's launch_vehicles.csv fairing cells; no number extracted into an extracted-data CSV yet - extraction is the follow-up step.","launch_vehicles.csv 'Pallas-1' row: fairing_volume_m3 cell (basis 'guide') — Fig 6(b), payload envelope under the 4,200 mm fairing; the von Karman nose is taken along its chord per upstream"
04_launch_economics,cgwic_lm2d_technical_data_fairing_dimensions,T4,LM-2D technical data (fairing diameter/length),China Great Wall Industry Corporation (manufacturer publication),n.d.,(no open URL located from this machine in R99; CGWIC publishes to customers only),CGWIC,"registered_not_pulled — R99 (2026-10-02): registered from the upstream citation; full text not sought: customer-only Chinese-language technical data; no open copy found. Cited upstream: spacecost@77c6e11 fairings.py Context-only (R99, 2026-10-02): source verified live and its fairing figure/caption read this round to back spacecost v0.5.0's launch_vehicles.csv fairing cells; no number extracted into an extracted-data CSV yet - extraction is the follow-up step.","launch_vehicles.csv 'Long March 2D' row: fairing outer dimensions only (basis 'outer') — diameter 3.35 m, length 6.983 m"
04_launch_economics,sohu_lm5_standard_fairing_calt_design_office_2024,T4,"LM-5 standard fairing quoted from CALT's design office (Sohu report, 2024-05-06)",News reporting quoting the manufacturer's design office,2024,https://www.sohu.com/ (report dated 2024-05-06; upstream citation does not carry a stable URL),"CALT, via Sohu","registered_not_pulled — R99 (2026-10-02): registered from the upstream citation; full text not sought: no stable direct URL in the upstream citation and no open copy located from this machine. Cited upstream: spacecost@77c6e11 fairings.py Context-only (R99, 2026-10-02): source verified live and its fairing figure/caption read this round to back spacecost v0.5.0's launch_vehicles.csv fairing cells; no number extracted into an extracted-data CSV yet - extraction is the follow-up step.",launch_vehicles.csv 'Long March 5' row: fairing outer dimensions only (basis 'outer') — standard fairing 5.2 m x 12.267 m; the 18.5 m and 20.5 m (5B) fairings are optional
04_launch_economics,tencent_news_lm10b_short_fairing_jul2026,T4,"LM-10B short fairing carried over from LM-5 (Tencent News, 2026-07-13)",News reporting on a manufacturer statement,2026,https://news.qq.com/ (report dated 2026-07-13; upstream citation does not carry a stable URL),"CASC, via Tencent News","registered_not_pulled — R99 (2026-10-02): registered from the upstream citation; full text not sought: no stable direct URL in the upstream citation and no open copy located from this machine. Cited upstream: spacecost@77c6e11 fairings.py Context-only (R99, 2026-10-02): source verified live and its fairing figure/caption read this round to back spacecost v0.5.0's launch_vehicles.csv fairing cells; no number extracted into an extracted-data CSV yet - extraction is the follow-up step.",launch_vehicles.csv 'Long March 10B' row: fairing outer dimensions only (basis 'outer') — short fairing 5.2 m x 12.5 m carried over from the LM-5; an 18.5 m fairing is optional
04_launch_economics,reaction_engines_skylon_users_manual_rev1,T4,"SKYLON Users' Manual Rev 1, Fig 13 payload envelope",Reaction Engines Ltd (manufacturer document),n.d.,https://www.reactionengines.co.uk/ (connection refused from this machine in R99 — the site is not answering automated requests at all),Reaction Engines,"registered_not_pulled — R99 (2026-10-02): registered from the upstream citation; full text not sought: reactionengines.co.uk actively refused connections from this machine (WinError 10061) on every attempt. Cited upstream: spacecost@77c6e11 fairings.py Context-only (R99, 2026-10-02): source verified live and its fairing figure/caption read this round to back spacecost v0.5.0's launch_vehicles.csv fairing cells; no number extracted into an extracted-data CSV yet - extraction is the follow-up step.","launch_vehicles.csv 'Skylon / SABRE' row: fairing_volume_m3 cell (basis 'guide') — Fig 13, payload envelope: 2,350 mm maximum radius, 13,000 mm long with 799 mm end clearances; the polygonal section is approximated by that circle per upstream"
04_launch_economics,nasa_oig_2026_ig-26-004_hls_contracts,T2,NASA's Management of the Human Landing System Contracts (IG-26-004),"NASA Office of Inspector General audit report IG-26-004, 10 March 2026",2026,https://oig.nasa.gov/wp-content/uploads/2026/03/final-report-ig-26-004-nasas-management-of-the-human-landing-system-contracts.pdf,NASA Office of Inspector General (Office of Audits),"verified_live_not_pulled - R114 (2026-10-04): 50-page PDF read live from oig.nasa.gov; a US-government work, so hostable, but not committed in this round. Found as the primary behind a news article on the owner's list; key figures extracted to extracted_data/r114_gr_links_key_numbers.csv","Artemis / lunar-lander cost context for the launch-economics rows that rest on the other NASA OIG audits: $6.9B obligated since 2019 and an estimate of $18.3B through fiscal 2030; SpaceX Appendix H potential value about $4.3B (+6% growth) and Blue Origin Appendix P about $3.1B (growth under 1%). Firm-fixed-price contract values, not a launch price; no revision candidate"
04_launch_economics,arianespace_ariane6_vehicle_page,T3,Ariane 6 vehicle page,Arianespace (launch service provider web page),2024-2026,https://www.arianespace.com/our-launchers/ariane-6/,Arianespace,"verified_live_not_pulled — R117 (2026-10-05): full HTML pulled live and read in its entirety (97,543 B, sha256=d697d578baaf3ccdad6452e91e78d469320a3a5936e5bca8754cdb3f6d55e879). No price figures published anywhere on the page - marketing copy only (“Ariane 6 is a competitive launch solution, designed to meet the economic requirements of today’s space market”); list prices are contract-negotiated. Not hostable without a licence statement -> hash-recorded only (R113 precedent). Registered as rc-080 evidence that the Ariane 6 operator publishes no public list price.",launch_vehicles.csv Ariane 6 A62/A64 rows - operator page carries no list price (rc-080 evidence)
04_launch_economics,voyager_technologies_424b4_prospectus_starlab_commitments,T4,"Voyager Technologies final prospectus (Form 424B4, filed Jun 11 2025): Starlab commitment for ONE SpaceX Starship launch at $90.0 million - the actual source of upstream's ""$90M"" figure",U.S. SEC filing (IPO registration statement / final prospectus),2025,https://www.sec.gov/Archives/edgar/data/1788060/000162828025030832/voyager-424b4finalprospect.htm (accession 0001628280-25-030832),"Voyager Technologies, Inc.","verified_live_not_pulled — R128 (2026-10-06): full text pulled live from sec.gov Archives via curl + declared contact User-Agent and read in its entirety: voyager-424b4finalprospect.htm 3,960,304 B sha256=be63800f2e618370e1aa0469674ee998fe0d98d09ba2187ab44e6ff15cf8b586. Verbatim: ""The Company has a commitment for launch services for the Starlab program. As of March 31, 2025 and December 31, 2024, the Company has a commitment for one launch at a future estimated launch date for $90.0 million."" + convenience-termination clause (cancellation would owe ""$13.5 million to the launch provider""). The figure is disclosed in Jun-2025 and dated as of Mar-2025/Dec-2024 - it is NOT a ""2026 contract"" -> rc-082 re-sources upstream's citation. Not hostable: company filing; hash-recorded + URL'd per R113 precedent.",launch_vehicles.csv Starship (projected) price low end - the document that actually carries the $90M figure
04_launch_economics,spacex_spcx_ipo_registration_statement,T4,"SpaceX IPO registration statement S-1 / preliminary prospectus: first-party audited Space-segment financials, Starship R&D spend, Falcon flight counts, per-kg cost statements (CIK 0001181412, ticker SPCX)",U.S. SEC filing (registration statement under the Securities Act of 1933),2026,https://www.sec.gov/Archives/edgar/data/1181412/000162828026036936/spaceexplorationtechnologi.htm (accession 0001628280-26-036936),Space Exploration Technologies Corp.,"verified_live_not_pulled — R128 (2026-10-06): full text pulled live from sec.gov Archives via curl + declared contact User-Agent and read in its entirety: spaceexplorationtechnologi.htm 11,847,984 B sha256=d0f551df235373fac17f8935990d1dcbf2bc6312685249ee83b0e5abe82ca512. Verbatim cover: ""This is the initial public offering of shares of Class A common stock ... We have applied to list our Class A common stock on The Nasdaq Stock Market LLC (""Nasdaq"") and Nasdaq Texas, Inc. under the symbol ""SPCX."""" Key anchors extracted to r128_sec_filings_key_numbers.csv: Space segment revenue FY2025 $4,086M / EBITDA $653M; Starship R&D expense FY2025 $3,004M + Q1-2026 $930M; ""total Falcon launches increased by 31 from 134 in 2024 to 165 in 2025""; F9 first version (2010) ~$2,700/kg vs historical average $18,500/kg (-85%); FH first version (2018) ~$1,400/kg (-92%). No ""Voyager"" mention in the document. Not hostable: company filing; hash-recorded + URL'd per R113 precedent.","d04 launch-economics FIRST-PARTY anchors: Space-segment revenue/EBITDA series, Starship development cost run-rate, Falcon cadence, $/kg historical-cost statements"
04_launch_economics,spacex_spcx_10q_q2_fy2026,T4,SpaceX Form 10-Q for the quarter ended Jun 30 2026 (H1 FY2026): launch-count table and H1 revenue (CIK 0001181412),U.S. SEC filing (company quarterly report),2026,https://www.sec.gov/Archives/edgar/data/1181412/000162828026052535/spcx-20260630.htm (accession 0001628280-26-052535),Space Exploration Technologies Corp.,"verified_live_not_pulled — R128 (2026-10-06): full text pulled live from sec.gov Archives via curl + declared contact User-Agent and read in its entirety: spcx-20260630.htm 2,272,031 B sha256=a9c9ff26942cad5fb98d3c5889e02933cf987883c5edfdcb27217664f9ca70b2. Six months ended Jun 30, 2026 vs 2025: total revenue $12,508M vs $8,138M; Falcon launches 77 (customer 17 / internal 60) vs 81 (21/60); Starship launches 1 vs 3. Not hostable: company filing; hash-recorded + URL'd per R113 precedent.",d04 launch-cadence anchors: Falcon and Starship flight counts H1-2026 vs H1-2025; total revenue run-rate
05_inspace_operations,lac_bac_2024,T1,Local vs broad area cooling for LH2 boil-off reduction (arXiv),"Cryogenics 148:104065 (2025), DOI 10.1016/j.cryogenics.2025.104065 / arXiv:2412.11720",2024,https://arxiv.org/abs/2412.11720,"Blakseth, S.S.; Aasen, A.; Massing, A.; Nekså, P.","verified_live_not_pulled — full text read on this machine and hosted here until 2026-09-26, when it was un-hosted because its licence does not permit redistribution (arxiv-nonexclusive (arXiv:2412.11720 abs page: arxiv.org/licenses/nonexclusive-distrib/1.0; checked 2026-09-26)). Removed copy: 2084796 bytes, sha256 8193ca8eee5292b0…, for checking a re-pull. Numbers the repo uses: extracted_data/storage_isru_key_numbers.csv, extracted_data/unhosted_sources_key_numbers.csv. R71 (2026-09-27): full extraction from the copy restored from git 5dd58d5 (sha256 matched): extracted_data/r71_lac_bac_2024_*.csv.",hydrolox 0.05%/day anchored at top of peer-reviewed range (0.04-0.24); MLI-spread visibility; reliquefaction 5 kWh/kg for ZBO economics
05_inspace_operations,zero_bo_off_2025,T2,Zero boil-off LH2 transfer strategies: export terminal case study (arXiv),arXiv:2512.04609 preprint (Dec 2025); no journal version on Crossref as of 2026-09-26 — not peer-reviewed,2025,https://arxiv.org/abs/2512.04609,"Krog, H.A.; Berstad, D.",full_text_hosted,in-space transfer loss row: preprint (not peer-reviewed) lower bound 0-1 wt% vs our 3%; range_low should move toward ~1 with space-hardware caveat
05_inspace_operations,kleinhenz_2016,T2,Regolith Volatile Recovery at Simulated Lunar Environments,"NASA Glenn / Honeybee, NTRS 20160010281 (public domain)",2016,https://ntrs.nasa.gov/api/citations/20160010281/downloads/20160010281.pdf,"Kleinhenz, J.; Paulsen, G.; Zacny, K. et al.",full_text_hosted (NTRS API + PDF verified live),"anchors 'Volatile cargo containment' row: 88% of sample water LOST through coring/auger capture in controlled lunar-sim hardware — the sealed/shaded hold is measured volatility demand, not margin; also a verifiable NTRS handle for the named-but-unlinked 'Zacny et al.' excavation citation"
05_inspace_operations,kleinhenz_2018,T2,Volatiles Loss from Water Bearing Regolith Simulant at Lunar Environments,"NASA Glenn/KSC/Ames, NTRS 20180005235 (public domain)",2018,https://ntrs.nasa.gov/api/citations/20180005235/downloads/20180005235.pdf,"Kleinhenz, J.; Smith, J.; Roush, T. et al.",full_text_hosted (NTRS API + PDF verified live),mechanism citation for 'Water liberation energy' row: bound/regolith volatiles escape to vacuum unless heated extraction + cold trapping — validates the dehydroxylation-heating model in our notes field
05_inspace_operations,carlson_2024,T2,In-Situ Resource Utilization Modeling of a Lunar Water Processing System (SIMA),"NASA JSC, NTRS 20240007647 (public domain)",2024,https://ntrs.nasa.gov/api/citations/20240007647/downloads/20240007647.pdf,"Carlson, A.; Andersen, N.; Collins, J.","full_text_hosted (NTRS API + PDF verified live); no specific-energy figures printed in the deck (verified by full-text search); R70 (2026-09-27) chart-read the subsystem power, volume and mass shares into r70_carlson_2024.csv",validates our operational_costs.csv decomposition: NASA's own plant breakdown (excavation -> collection/transfer -> extraction dryer+cold trap -> electrolysis) mirrors our cost lines; headline finding = H2 liquefaction/storage dominates ISRU energy/mass
05_inspace_operations,nextc_ppu_2020,T2,"The NEXT-C Power Processing Unit: Lessons Learned from the Design, Build, and Test of the NEXT-C PPU for APL's DART Mission","NASA Glenn / ZIN Technologies, NTRS 20205004248 (NTRS copyright determination: may include copyright material)",2020,https://ntrs.nasa.gov/api/citations/20205004248/downloads/20205004248.pdf,"Bontempo, J.J.; Brigeman, A.N.; Fain, H.B. et al.","verified_live_not_pulled — full text read on this machine and hosted here until 2026-09-26, when it was un-hosted because its licence does not permit redistribution (ntrs-may-include-copyright (NTRS 20205004248 copyright.determinationType=MAY_INCLUDE_COPYRIGHT_MATERIAL; checked 2026-09-26)). Removed copy: 7393690 bytes, sha256 450c737c6c340735…, for checking a re-pull. Numbers the repo uses: extracted_data/nextc_ppu_performance_key_numbers.csv, extracted_data/unhosted_sources_key_numbers.csv. Earlier record: NTRS API + PDF verified live from this machine R71 (2026-09-27): full extraction from the copy restored from git 5dd58d5 (sha256 matched): extracted_data/r71_nextc_ppu_2020_*.csv.","EXACT ANCHOR for 'Power processing unit specific mass' row: 34.5 kg PPU at 0.5-7 kW output = our 4.7 kg/kW to the digit; system efficiency 94.8% (prototype) / 93.9% (flight, DART) bounds the PPU half of our total-eta=0.60 row"
05_inspace_operations,ambrosi_2019,T1,"Ambrosi et al., ""European Radioisotope Thermoelectric Generators (RTGs) and Radioisotope Heater Units (RHUs) for Space Science and Exploration"" — Space Sci Rev 215:55","peer-reviewed journal review; CC-BY-4.0 OA, DOI 10.1007/s11214-019-0623-9",2019,https://link.springer.com/content/pdf/10.1007/s11214-019-0623-9.pdf (direct PDF verified live from this machine),"Ambrosi, Williams, Watkinson et al. (ESA + UK partners; full list in paper)",full_text_hosted (Springer direct OA PDF downloaded and license-verified: CC-BY 4.0 statement on p.1),peer-reviewed confirmation of the RTG flight record behind our 'RTG specific power' row AND the Pu-238 supply constraint hard-coded in calc.py (~1.5 kg/yr US production target by 2025); also bounds the W/kg range across RTG classes (1.3-2.1 for small/stacked designs) and names next-gen thermoelectrics (skutterudite/zintl) as the efficiency-improvement path
05_inspace_operations,hoffman_2000,T2,"Hoffman, Kerslake, Hepp (NASA Glenn), Jacobs (SAIC) & Ponnusamy (Spectrum Astro), ""Thin-Film Photovoltaic Solar Array Parametric Assessment"" — NASA/TM--2000-210342 = AIAA-2000-2919",peer-reviewed conference paper + NASA technical memorandum; NTRS copy is public domain,2000,https://ntrs.nasa.gov/api/citations/20000081753/downloads/20000081753.pdf (NTRS API + PDF verified live from this machine),"Hoffman, D.J.; Kerslake, T.W.; Hepp, A.F.; Jacobs, M.K.; Ponnusamy, D.",full_text_hosted (public domain; 16 pp),"**the first peer-reviewed W/kg anchor for our deep-space PV rows**: parametric study of eight missions INCLUDING a Main Belt Asteroid Tour at 1.5 AU with SEP — our exact mission class: total array ~62 W/kg EOL (4-j GaAs, all ancillaries in) and ~$1880/W array-level (2000$); quantifies the blanket-vs-system specific-power divergence that justifies keeping 'Power system specific mass' as a SYSTEM row; gives the 12% thin-film efficiency breakpoint behind ROSA-class wings"
05_inspace_operations,ali_2023,T1,"Ali, Beltran, Lindsey & Pecht (CALCE/UMD), ""Assessment of the calendar aging of lithium-ion batteries for a long-term - Space missions"" — Frontiers in Energy Research 11:1108269","peer-reviewed journal; CC-BY OA, DOI 10.3389/fenrg.2023.1108269",2023,https://www.frontiersin.org/articles/10.3389/fenrg.2023.1108269/pdf (direct OA PDF verified live from this machine; CC-BY statement on p.1),"Ali, H.; Beltran, H.; Lindsey, N.J.; Pecht, M.",full_text_hosted (Frontiers direct OA PDF downloaded and license-verified: CC BY 4.0),"**the battery anchor for the `Energy storage usable specific energy` row**: peer-reviewed space Li-ion assessment citing NASA's own ~265 Wh/kg figure — mid-range of our 'cells reach 250-300 Wh/kg' claim; flight heritage on Perseverance / OSIRIS-Rex / Parker Solar Probe / THEMIS confirms the technology is flown, not speculative; also gives -40..+40 C operating envelope (asteroid-surface thermal caveat) and calendar-aging direction for any depot/hibernation assumption"
05_inspace_operations,metzger_zacny_2020,T1,"Metzger (UCF Florida Space Institute), Zacny & Morrison (Honeybee Robotics), ""Thermal Extraction of Volatiles from Lunar and Asteroid Regolith in Axisymmetric Crank-Nicolson Modeling"" — J. Aerospace Engineering 33(6):04020075, DOI 10.1061/(ASCE)AS.1943-5525.0001165",peer-reviewed journal; arXiv:2306.03776 is the authors' preprint (no redistribution license stated in the PDF -> NOT hosted),2020,https://doi.org/10.1061/(ASCE)AS.1943-5525.0001165 / arXiv:2306.03776 (full text verified live from this machine via export.arxiv.org; ASCE landing page + erratum record confirm the published version),"Metzger, P.T.; Zacny, K.; Morrison, P.","verified_live_not_pulled — the authors' preprint arXiv:2306.03776 (Eq.35 erratum incorporated) read in full in R71 (2026-09-27) from a copy the owner downloaded; no stated redistribution licence, so extract only. Numbers: extracted_data/r71_metzger_zacny_2020_*.csv and the earlier metzger_* rows.","**the peer-reviewed document behind our `Drilling / excavation energy` row's 'Zacny et al.' citation**: physics-based model of heat transfer in regolith during coring/drilling, built from empirical data for extraterrestrial soils (thermal conductivity vs temperature/porosity/pore pressure; hydrated-mineral volatile release curves incl. Orgueil + UCF-CI-1 asteroid simulant below 300 C). States explicitly that the modeling exists 'to determine energy requirements... to set requirements for the spacecraft power system and to determine whether solar energy is adequate or RHUs are needed' — i.e. it IS the source class our row's Wh/kg range (loose regolith ≲50, consolidated rock ≳500) derives from. Key operational finding: drilling creates so much heat that soil takes HOURS-TO-DAYS to cool back down — a real mission-timeline cost no per-kg figure captures"
05_inspace_operations,nugent_2022_rtb_cryocooler_test,T2,"Nugent, Grotenrath & Johnson (NASA Glenn), ""20 Watt 20 Kelvin Reverse Turbo-Brayton Cycle Cryocooler Testing and Applications"" — NASA STI, NTRS 20220009350",NASA technical report / conference paper; NTRS copy is public domain,2022,NTRS 20220009350 (full text hosted this round via ntrs.nasa.gov/api/),"Nugent, B.T.; Grotenrath, R.J.; Johnson, W.L.",full_text_hosted (PDF 604 KB sha256=1c4c20ce1f131e17… pulled live from ntrs.nasa.gov/api/citations/20220009350/downloads/MAN_8.3_Nugent_06-16-22.pdf; public domain),"**the first TESTED hardware data behind our `Zero-boil-off cryocooler (20 K)` and `Cryocooler specific mass (20 K)` rows** — both previously flagged 'engineering estimates from Carnot limits'. Table 1 (word-coordinate-verified): previous state-of-art = 1 W lift at 20K with **370 W/W** specific power, 18.7 kg/W; program threshold **80 W/W**; project goal 60 W/W; TESTED values **91.6 W/W** (at 285 K heat rejection) / projected **86.3 W/W** at 270 K reject; specific mass tested **5.5 kg/W** (flight-like projection), goal 4.4. Max lift demonstrated 22.46 W at Test Point 2. Our row median 80 W/W = NASA's own threshold exactly, and the tested unit sits inside our 50-150 range; specific-mass median 5.0 vs tested 5.5 — AGREE on both rows, now anchored by test data instead of Carnot arithmetic."
05_inspace_operations,hastings_2010_lht_zbo_demonstration,T2,"Hastings et al. (Alpha Tech / MSFC / NASA Glenn), ""Large-Scale Demonstration of Liquid Hydrogen Storage With Zero Boiloff for In-Space Applications"" — NASA/TP-2010-216453, NTRS 20110004377",NASA technical publication; public domain,2010,NTRS 20110004377 (full text hosted this round via ntrs.nasa.gov/api/),"Hastings, L.J.; Bryant, C.B.; Flachbart, R.H.; Holt, K.A.; Johnson, E.; Hedayat, A.; Hipp, B.; Plachta, D.W.",full_text_hosted (PDF 7.2 MB sha256=b0d37a9b91bbecd7… pulled live from ntrs.nasa.gov/api/citations/20110004377/downloads/; public domain),"the large-scale GROUND demonstration that ZBO of LH2 works: MHTB (Multipurpose Hydrogen Test Bed) tank with a commercial **Cryomech GB37 two-stage Gifford-McMahon** cooler, verbatim from p.16 (PDF layer): 'The cryocooler rated capacity is 30 W at 20 K and requires **350 W of power input per watt of cooling for a 4% Carnot cycle efficiency**. The first stage provides 50 W of cooling at 80 K.' That legacy-GM figure (350 W/W) is the baseline our RTB row's range brackets from below — and it proves the architecture (cryocooler + passive insulation + recirculation + pressure control) was demonstrated on a tank scale relevant to in-space storage, even though nothing has flown."
05_inspace_operations,plachta_2017_cryo_zbo_goals,T2,"Plachta, Stephens & Johnson (NASA), Zagarola & Deserranno (Creare LLC), ""NASA Cryocooler Technology Developments and Goals to Achieve Zero Boil-Off and to Liquefy Cryogenic Propellants for Space Exploration"" — NTRS 20180004709",NASA technical paper; NTRS copy is public domain,2017,NTRS 20180004709 (full text verified live this round via ntrs.nasa.gov/api/; note: NTRS also carries a duplicate record 20180004710 with the same paper under slightly different title wording — one registration only),"Plachta, D.; Stephens, J.; Johnson, W. (NASA); Zagarola, M.; Deserranno, D. (Creare LLC)",full_text_hosted (PDF 838 KB sha256=b7dadfd4961f8387… pulled live from ntrs.nasa.gov/api/citations/20180004709/downloads/; public domain),"program-context anchor for the `status=development` / TRL-5 claims on both cryocooler rows: verbatim — 'while there are many flight cryocoolers available at 20 and 90K (see Ref. 19), **the largest has less than 1W of cooling at 20K** and just 20W at 90K' → confirms 'nothing has flown on a propellant tank'; documents the RTB scaling path (over an order-of-magnitude lift increase required for LH2 ZBO) that nugent_2022's test data now extends; also records NASA's 8.4 m-diameter LH2 tank heat-leak estimate ('in the hundreds of watts' without a 90K shield)."
05_inspace_operations,space_com_pu238_rtg_cost_reporting,T4,Space.com reporting on Pu-238 supply and RTG fuel cost (article not named upstream),Space.com (news website),n.d.,https://www.space.com/,Space.com,"verified_live_not_pulled — R74 (2026-09-27): registered from the upstream citation; full text not sought, nothing extracted. Landing page answered HTTP 200 from this machine. Cited upstream: spacecost@e831245 spacecost/operations.py ""RTG (radioisotope power)"" row notes. R127 (2026-10-06): the specific article was located and read live this round - space.com/15184-plutonium238-spacecraft-fuel-production.html ('Plutonium Production May Avert Spacecraft Fuel Shortage', published 2012-04-06; HTTP 200 from this machine). Verbatim (whitespace-normalized): 'The goal is to eventually produce between 3.3 pounds and 4.4 pounds (1.5 to 2 kg) of plutonium-238 per year, which should be enough to support NASA's robotic planetary science missions' - this backs the SUPPLY side of upstream's RTG note ('NASA / DOE target 1.5 kg/yr production'); the ~$2.5M/kg historical Russian price in that same note is NOT from this article (it traces to the R97-registered NASA NIAC report, which carries first institutional per-kg figures). Page carries a copyright statement -> NOT hostable; hash-recorded + URL'd. Context-only (R127, 2026-10-06): source verified live and read in full this round to back the Pu-238 supply-constraint clause of operational_costs.csv's RTG row; no number extracted into an extracted-data CSV yet - extraction is the follow-up step.","operational_costs.csv ""RTG (radioisotope power)"" Pu-238 cost context"
05_inspace_operations,howe_et_al_niac_economical_production_pu238_phase_i_final_report,T2,"Howe, Crawford, Navarro, O'Brien & Katalenich (USRA CSNR) with Ring (Univ. of Utah), 'Economical Production of Pu-238' - NASA NIAC Phase I final report: Np-237 -> Pu-238 production in a reactor; the FIRST institutional per-kg price figures for Pu-238 ($1.6-$7.8 M/kg by reactor size and ROI target) plus a $6M/kg sale-price reference",NASA NIAC Phase I final report (grant NNX11AR30G); NTRS accession 20160010587,n.d. (no printed date; submitted to NTRS 2016-08-26),https://ntrs.nasa.gov/citations/20160010587,"Howe, Crawford, Navarro, O'Brien & Katalenich (USRA CSNR) with Ring (Univ. of Utah)",full_text_hosted - R97: NTRS copyright.determinationType=PUBLIC_USE_PERMITTED and no in-file copyright statement -> hosted under full_texts/ this round,"spacecost operational_costs.csv 'RTG (radioisotope power)' note ('Historical Russian Pu-238 ~$2.5M/kg'): the first T1-T3 anchor for that figure - 0%-ROI prices $3.5 M/kg (5 MW reactor) and $1.6 M/kg (10 MW); p37 sale-price reference $6,000,000/kg; upstream's ~$2.5M sits inside the institutional range -> consistency anchor, no re-pin"
06_commodity_market_pricing,worldbank_cmo_pink_sheet,T2,"World Bank Commodity Markets Group, 'Commodity Price Data (The Pink Sheet)' — monthly nominal-USD prices for 71 commodities, 1960M01 to present; institutional primary source behind the pipeline's commodity value side","World Bank Commodity Markets Outlook / CMO-Pink-Sheet (Sept 2026 edition); xlsx updated 2026-09-02, latest data month 2026M08",2026,https://www.worldbank.org/en/research/commodity-markets,World Bank Commodity Markets Group,full_text_hosted (CMO-Historical-Data-Monthly.xlsx + CMO-Pink-Sheet-September-2026.pdf committed; public-domain institutional data),"FIRST anchor for the pipeline's commodity VALUE side — domains 1-5 all cover physics/cost, none touch market pricing. mineral_value_catalog.csv prices every tradable element (driving all of profitability_catalog.csv) from a static ref_price_usd_per_kg column cited only to 'USGS/LME/mineralogy reference' with NO registered source; this is the institutional primary behind that fallback. Parsed live: 71 commodity columns, monthly nominal USD 1960M01-2026M08 (updated 2026-09-02). Covers gold/platinum/silver/copper/nickel/aluminum/zinc/iron-ore; does NOT carry the minor PGMs Rh/Ir/Os/Ru/Pd (those stay on yfinance+USGS path). AUDIT FINDING: our ref column is a MIXED-DATED snapshot despite its uniform 2026-05-29 stamp — gold & nickel are current (match Apr-Jul 2026), but silver ($950/kg) matches no month since Jan 2024, copper last matched ~Jan 2025, platinum ~Jul 2025 => staleness correction candidates recorded in FINDINGS + extracted_data/r39_commodity_price_verification.csv. USGS Mineral Commodity Summary (the named fallback source) is bot-blocked from this machine (pubs.usgs.gov 403/404), so it is NOT registered here — recorded as attempted-but-unreachable."
06_commodity_market_pricing,lbma_precious_metals_fixings,T3,"LBMA (London Bullion Market Association) precious-metals fixings — daily benchmark prices for gold/silver/platinum/palladium in USD per troy ounce, 1968 to present; the institutional price authority that our code's ""yfinance/LBMA path"" actually resolves to","LBMA official price data (prices.lbma.org.uk); JSON endpoints /json/{gold,silver,platinum,palladium}_am.json (+ _pm for Au/Pt/Pd), pulled live 2026-09-23; gold & silver series from 1968-01-02, Pt & Pd from 1990-04-02",2026,"https://prices.lbma.org.uk/ (JSON: /json/<metal>_am.json, <metal> in gold|silver|platinum|palladium)",LBMA (London Bullion Market Association),"open_service — JSON pulled live this round (4 series; Au/Pt/Pd ~9.2k daily AM fixings 1990->, Ag ~14.85k since 1968); key numbers extracted to r45_lbma_precious_metals_key_numbers.csv","SECOND anchor for the pipeline's commodity VALUE side — specifically the precious metals + minor PGMs that the worldbank_cmo_pink_sheet (R39) does NOT carry at daily resolution. This is the actual resolution of R39's open ""yfinance/LBMA path"": LBMA now registered and analyzable, not just cited. AUDIT vs our static ref_price_usd_per_kg (stamp 2026-05-29), compared at that SAME date (gap=0 trading days for all four): gold $150,000 ours vs LBMA $145,506 (+3.1%, fine); platinum $45,000 ours vs LBMA $61,472 (-26.8% LOW); palladium $48,000 ours vs LBMA $43,854 (+9.5%); silver $950 ours vs LBMA $2,436 (**-61% LOW**) => silver & platinum are stale-correction candidates (target repo is read-only so NOT applied here; recorded in FINDINGS + extracted_data). Basis: Au/Pt/Pd use the AM London fixing, Ag uses LBMA's single daily benchmark. Minor PGMs Rh/Ir/Os/Ru are still not carried by LBMA (stay on yfinance/USGS path)."
06_commodity_market_pricing,jm_pgm_market_report_2026,T2,"Johnson Matthey Plc, ""PGM market report May 2026"" — annual institutional review of platinum/palladium/rhodium/ruthenium/iridium markets: base-price narrative for all five PGMs + full supply & demand tables (primary production by region, secondary/recycling, industrial demand) in troy oz AND tonnes, 2021-2026","Johnson Matthey Plc annual PGM market report (published May each year; this edition May 2026); free public download from matthey.com (pulled live 2026-09-23, PDF 1.28 MB sha recorded below)",2026,https://matthey.com/products-and-markets/pgms-and-circularity/pgm-market-reports (direct: https://matthey.com/documents/161599/509428/pgm-market-report-26.pdf/a2d115af-bf7c-f589-29e9-6beacf8a4452),Johnson Matthey Plc (Alison Cowley et al.),"verified_live_not_pulled — full text pulled + analyzed live this round; NOT committed to full_texts/ because JM's terms state ""The Prices are the property of Johnson Matthey Plc"" and prohibit use without consent (report itself is free-public but redistribution rights not granted); all key numbers extracted verbatim into r46_price_audit_key_numbers.csv R71 (2026-09-27): full report re-read from a copy the owner downloaded; supply and demand tables for all five metals in extracted_data/r71_jm_pgm_2026_*.csv. The R46 rhodium supply figure (17.6 t) was the South Africa row; total primary supply is 21.8 t, so rc-038 is withdrawn.","Closes R39/R45's open minor-PGM gap for 4 of 5 metals: the ONLY institutional source with published reference prices AND production statistics for Rh/Ir/Ru (LBMA carries none; USGS MCS bot-blocked). AUDIT vs our static ref_price_usd_per_kg + annual-production estimates, at JM Q1-2026 quotes (report covers through March 2026): rhodium $9,000/oz end-Dec-25 (~$289k/kg) vs ours $320k (+10.6% high); iridium ATH $8,000/oz Q1-26 (~$257k/kg) vs ours $160k (**ours -37.8% LOW**); ruthenium ATH $1,750/oz Q1-26 (~$56k/kg) vs ours $16k (**ours -71.6% LOW**; even -61.0% vs the more conservative end-of-25 record of $1,275/oz ≈ $41k/kg); platinum end-March $1,908/oz (~$61.3k/kg) corroborates R45's LBMA finding (ours -27% low). PRODUCTION: our estimates ~23 t Rh / 7.5 t Ir / 30 t Ru vs JM primary supply 2025 = 17.6 / 7.1 / 30.2 t -> Ir & Ru AGREE, **Rh ours +30.7% high (revision candidate)**. Osmium: NO published reference price in LBMA or JM and no production table => our $13k/kg row stays unanchored (recorded gap)."
06_commodity_market_pricing,usgs_mineral_commodity_summaries_2026,T3,Mineral Commodity Summaries 2026,U.S. Geological Survey (annual),2026,https://doi.org/10.3133/mcs2026,U.S. Geological Survey,"full_text_hosted — R81 (2026-09-28): pubs.usgs.gov is reachable from this machine (the R74 bot-block no longer reproduces); full MCS 2026 report v1.3 (May-2026, 226 p., 17.6 MB) pulled live and committed under 06_commodity_market_pricing/full_texts/ with its manifest row; USGS public domain. R81 also hosted the four d25 chapters (nickel, platinum-group, iron-and-steel-scrap, cobalt). Metadata checked against the Crossref record for 10.3133/mcs2026: 'Mineral commodity summaries 2026', no container title (2026), no personal author on the record. Cited upstream: economicspace@1f470d4 modules/mineral_value.py curated fallback prices and ANNUAL_WORLD_PRODUCTION_KG; CITATIONS.md section 1.","mineral_value.py curated fallback prices for metals yfinance lacks, and every terrestrial market depth in ANNUAL_WORLD_PRODUCTION_KG"
06_commodity_market_pricing,lme_official_reference_prices,T3,"London Metal Exchange official and reference prices (nickel 3-month, cobalt cash)",London Metal Exchange (exchange data),2026,https://www.lme.com/,LME,"registered_not_pulled — R74 (2026-09-27): registered from the upstream citation; full text not sought, nothing extracted. Landing page answered HTTP 403 to this machine (bot or rate limit; not worked around). Cited upstream: economicspace@1f470d4 modules/mineral_value.py nickel and cobalt rows; CITATIONS.md section 1. R122 (2026-10-05) retry: lme.com/en/metals/non-ferrous answers HTTP 403 from this machine but carries NO price figures in the static HTML (bot protection); no usable value read.",mineral_value.py ref_price_usd_per_kg for nickel and cobalt (and the other LME base metals)
06_commodity_market_pricing,cme_comex_nymex_futures,T3,"CME Group COMEX and NYMEX front-month futures (GC, SI, HG, PL, PA; HO, NG, CL)",CME Group (exchange data),2026,https://www.cmegroup.com/,CME Group,"registered_not_pulled — R74 (2026-09-27): registered from the upstream citation; full text not sought, nothing extracted. Landing page answered HTTP 403 to this machine (bot or rate limit; not worked around). Cited upstream: economicspace@1f470d4 modules/mineral_value.py gold, silver, copper, platinum, palladium rows; spacecost@e831245 spacecost/prices.py and CITATIONS.md section 6 (HO=F, NG=F, CL=F). R122 (2026-10-05) retry: cmegroup.com still answers HTTP 403 from this machine (bot protection); no usable value read.",mineral_value.py live price basis for Au/Ag/Cu/Pt/Pd; spacecost live RP-1 and methane price proxies
06_commodity_market_pricing,yahoo_finance_yfinance,T4,Yahoo Finance quotes via the yfinance Python package,open-source software / market-data service (Yahoo terms apply),2026,https://pypi.org/project/yfinance/,"Aroussi, R. (yfinance); Yahoo Finance","registered_not_pulled — R74 (2026-09-27): registered from the upstream citation; full text not sought, nothing extracted. Landing page answered HTTP 200 from this machine. Cited upstream: economicspace@1f470d4 modules/mineral_value.py fetch path; spacecost@e831245 spacecost/prices.py; both CITATIONS.md. R124 (2026-10-05) retry: pypi.org/project/yfinance/ now serves a 'Client Challenge' bot page from this machine instead of the package page - the yfinance project page itself is unverifiable here; stays registered_not_pulled.",mineral_value.py live futures prices; spacecost optional live propellant price proxies
06_commodity_market_pricing,metals_dev_api,T4,metals.dev metals price API,commercial market-data API (optional; off by default upstream),2026,https://metals.dev/,metals.dev,"verified_live_not_pulled — R74 (2026-09-27): registered from the upstream citation; full text not sought, nothing extracted. Landing page answered HTTP 200 from this machine. Cited upstream: economicspace@1f470d4 modules/mineral_value.py optional fetcher; master.py; CITATIONS.md section 1. R124 (2026-10-05): metals.dev docs page read live from this machine - verbatim ""Live Feed of Gold, Silver, Platinum & Palladium Spot Prices. Real-time prices from leading Authorities & Markets like LBMA , LME , MCX"" and the free-tier line ""Get started for free. No credit card required."" with endpoint GET api.metals.dev/v1/latest shown on-page. Context-only (R124, 2026-10-05): source verified live this round - it is a third-party API service; no number extracted into an extracted-data CSV yet.",mineral_value.py optional live LME and precious-metal quotes
06_commodity_market_pricing,heraeus_2026_precious_metals_forecast,T4,Heraeus Precious Metals Forecast 2026,Heraeus Precious Metals (company market report),2026,https://www.heraeus-precious-metals.com/en/company/press-and-news/heraeus-precious-metals-forecast-2026/,Heraeus Precious Metals,"verified_live_not_pulled — R74 (2026-09-27): registered from the upstream citation; full text not sought, nothing extracted. Landing page answered HTTP 200 from this machine. Cited upstream: economicspace@1f470d4 modules/mineral_value.py platinum row; versions.md. R124 (2026-10-05): forecast page read live from this machine - verbatim table rows ""Platinum $1,300 – $1,800"", ""Gold $3,750 – $5,000"", ""Silver $43 – $62"", ""Palladium $950 – $1,500"", ""Rhodium $6,000 – $9,000"" (per ounce; Heraeus Precious Metals Forecast 2026 press page). Context-only (R124, 2026-10-05): source verified live and read in full this round - it is the first institutional per-ounce precious-metals forecast range for d06; no number extracted into an extracted-data CSV yet.",mineral_value.py platinum ref_price_usd_per_kg (midpoint of the 2026 forecast range)
06_commodity_market_pricing,reuters_2026_gold_analyst_consensus,T4,Reuters precious-metals analyst consensus (May 2026; article not named upstream),Reuters (news agency),2026,https://www.reuters.com/markets/commodities/,Reuters,"registered_not_pulled — R74 (2026-09-27): registered from the upstream citation; full text not sought, nothing extracted. Landing page answered HTTP 401 to this machine (bot or rate limit; not worked around). Cited upstream: economicspace@1f470d4 modules/mineral_value.py gold row notes.",mineral_value.py gold ref_price_usd_per_kg context
06_commodity_market_pricing,usgs_mineral_commodity_summaries_2025,T3,Mineral Commodity Summaries 2025,U.S. Geological Survey (annual),2025,https://doi.org/10.3133/mcs2025,U.S. Geological Survey,"full_text_hosted — R83 (2026-09-30): full MCS 2025 report v1.2 (March-2025, 216 p., 10.4 MB) pulled live from pubs.usgs.gov and committed under 06_commodity_market_pricing/full_texts/ with its manifest row; USGS public domain. World-production tables for the nine v1.11.0 commodities read by word coordinates (chromium p62, gallium p78, germanium pp83-84, molybdenum p126, nitrogen-fixed-ammonia pp131-132, phosphate rock p138, rhenium p150, sulfur p176, titanium p190, tungsten p194) and audited against economicspace@7d99662 ANNUAL_WORLD_PRODUCTION_KG — see extracted_data/r83_mcs2025_world_production_key_numbers.csv. Edition check: v1.0 and v1.1 carry identical values, so the three discrepancies are not edition drift. Metadata checked against the Crossref record for 10.3133/mcs2025: 'Mineral commodity summaries 2025', no container title (2025), no personal author on the record. Cited upstream: economicspace@7d99662 CITATIONS.md section 1.","mineral_value.py ANNUAL_WORLD_PRODUCTION_KG v1.11.0 rows (sulfur, chromium, titanium, gallium, germanium, rhenium, tungsten, molybdenum, ammonia) and the order of the 2024 prices behind them"
06_commodity_market_pricing,ipa_sfa_2026_osmium_pgm_factsheet,T2,"PGM Fact Sheet: Osmium (written by SFA (Oxford), 19 March 2026; IPA edition May 2026)",International Platinum Group Metals Association (IPA) PGM Factsheets 2026,2026,https://ipa-news.com/assets/pdfs/factsheets/2026-05-ipa-osmium-factsheet.pdf,SFA (Oxford) for the IPA,"verified_live_not_pulled - R114 (2026-10-04): 16-page PDF read live; page 2 says 'All rights are reserved' with no reuse without written permission, so it is not hosted. Price paragraph (p5) extracted to extracted_data/r114_gr_links_key_numbers.csv","closes the osmium gap recorded in this domain's FINDINGS (no price series at LBMA or JM, so the economicspace osmium row of $13,000/kg stood on nothing registered): p5 states there is no exchange-traded benchmark and no market transparency, that osmium is priced per transaction, and that prices have been 'fixed in the 300-400$/oz range since the 2000's' (about $9,600-12,900/kg); the upstream $13,000/kg is $404/oz, a hair above that band. Global output is 'hundreds of kilograms per year'. A consultancy factsheet for a trade association, not an exchange price; no revision candidate"
07_mission_program_costs,planetary_society_pebd_mission_costs,T3,"The Planetary Society ""Planetary Exploration Budget Dataset"" — NASA robotic-mission costs by development / launch / operations at fiscal-year resolution, updated through the FY2026 request (Casey Dreier)",The Planetary Society public dataset (planetary.org; Google Spreadsheet export),2026,"https://www.planetary.org/space-policy/planetary-exploration-budget-dataset (+ XLSX https://docs.google.com/spreadsheets/d/12frTU01gfT1CXGWFimN3whf4348F_r3XolTqBt02OyM/export?format=xlsx; R48 pull sha256=df737f5d3ea0..., R73 pull sha256=b04ec62563ba...)",Casey Dreier (The Planetary Society),"open_service — full XLSX re-pulled live 2026-09-27 (R73): 137 sheets, workbook Last Update 2025-11-13 (FY2026 request, final FY2024), 2,278,863 bytes, sha256 b04ec62563ba360eed8f721f5584f8caccee35d0cf77baf41640528294ac3ace; every data sheet extracted cell by cell to r73_pebd_* (about 15,800 cells, with Totals checks); the R48 pull of 2026-09-23 had 80 sheets and gave r48_pebd_mission_cost_key_numbers.csv; dataset terms require attribution to The Planetary Society","**first registered anchor for the three NRE rows in operational_costs.csv**: 'Spacecraft development (NRE)' note's $588.5M OSIRIS-REx dev figure = PEBD dev-excl-LV-through-launch FY2016 **EXACT (0.00%)**; its '$183.5M launch vehicle' = Launch Vehicle total exact; 'Autonomous mining control & AI (NRE)' note's '~$2.4B program' = Mars Perseverance dev+launch $2,462.6M (-2.5%, AGREE) — the autonomy-stack subset (~$150M) is NOT in PEBD (mission-level only); 'Sample recovery operations' note's '$283M/9yr ops envelope' vs final OSIRIS-REx ops obligations $232.2M (+21.9%, projection-vs-final). All deltas computed from the pulled XLSX."
07_mission_program_costs,nasa_oig_2020_ig-20-023_planetary_science_portfolio,T2,NASA's Planetary Science Portfolio (IG-20-023),NASA Office of Inspector General / oig.nasa.gov/docs/IG-20-023.pdf,2020,https://oig.nasa.gov/docs/IG-20-023.pdf,NASA OIG (Office of Audits),full_text_hosted,"""d7 mission-cost anchors - INDEPENDENT institutional cross-validation of PEBD: Table 2 p15 per-mission cap-basis + life-cycle costs — Mars 2020/Perseverance LCC $2,725.8M = EXACT match to PEBD Official LCC; OSIRIS-REx $622.0 (cap basis) / $1,121.4 (LCC) vs PEBD $1,057.3M (+6.1% vintage spread); MSL/Curiosity $2,476.3M; InSight 593.9/828.9, Lucy 505.7/981.1, Psyche 626.3/996.4 (all Discovery missions exceed the $500M dev cap); Dragonfly n/a / 1,800-2,200; Europa Clipper n/a / 4,250.0; verbatim cost-cap scope note: caps exclude launch vehicle + operations ('can add hundreds of millions') -> NRE rows compare to cap-basis column only"""
07_mission_program_costs,nasa_oig_2024_ig-24-008_mars_sample_return_audit,T2,Audit of the Mars Sample Return Program (IG-24-008),NASA Office of Inspector General / oig.nasa.gov/docs/IG-24-008.pdf,2024,https://oig.nasa.gov/docs/IG-24-008.pdf,NASA OIG (Office of Audits),full_text_hosted,"""d7 sample-return program economics - FIRST institutional source: MSR life-cycle cost trajectory verbatim p4 '$2.5 to $3 billion in July 2020, to $6.2 billion at KDP-B in September 2022, to an unofficial estimate of $7.4 billion as of June 2023' (+196.0% vs low end; report: 'nearly three times'); MCR Oct-2020 $3.6B intermediate step; +19.4% above KDP-B preliminary range top ($5.9-6.2B); Sept-2023 IRB alt architectures '$8 to $11 billion'; FY24 request $949.3M (+15.4%) vs Senate floor 'not less than $300,000,000 for MSR' with descope-or-cancel at the Decadal Survey's $5.3B profile; scope caveats verbatim: estimates EXCLUDE ESA investments + sample receiving facility (fn 33), Decadal figure INCLUDES it and assumed 2% inflation vs actual 5-9% (fn 19); '$180 million ... two Sample Recovery Helicopters' = MARS-side retrieval hardware, NOT Earth-recovery scope. No per-Earth-recovery figure -> row 33 $15M OOM estimate stands"""
07_mission_program_costs,nasa_fy2027_budget_estimates,T2,NASA FY 2027 Budget Estimates — Planetary Science program lines & Astromaterial Curation funding envelope,NASA HQ budget justification / nasa.gov,2026 (FY2027 request),https://www.nasa.gov/wp-content/uploads/2026/04/fiscal-year-2027-full-budget-request.pdf,NASA HQ,full_text_hosted,"d7 sample-recovery ops envelope anchor — FIRST institutional budget line whose stated scope includes recovery: p159 verbatim activity '(4) recovery and transport of returned materials' (Astromaterials Acquisition & Curation Office); Astro-material Curation FY2027 request $16.3M (FY2027-31: 16.3/17.2/17.1/17.1/17.6; section total 165.3) vs our row-33 centre $15M = -8.0% below the annual line, inside [5-30] band -> consistency anchor (line scope broader than a single event: whole curation office incl. labs/distribution); negative probe: 'APEX' count 0 across all 384 pp and OSIRIS- narrative-only — no APEX/OSIRIS-A line item exists in this document; R63 deepening — p60 Space Operations table extracted for d5 row-5 envelope anchor: ISS program line FY2027 $921.2M/yr (+ WFTC-ISS mandatory $250M/yr PL 119-21) = institutional upper bound on 'ISS visiting-vehicle berthing ops' (our centre $2M/op = ~0.2% of the annual line; no per-event figure published -> estimate stands); negative probe: 'depot' count==0 all 384 pp — commercial depots not yet funded; p160 verbatim: OSIRIS-REx mission ends in 2026"
07_mission_program_costs,drake_2008_mars_dra5_study_executive_summary,T2,"Drake, B.G., 'Mars Design Reference Architecture 5.0 Study: Executive Summary' (47-page deck; document date Dec 4 2008)",NASA Human Exploration Program / Mars Study Capability Team; NTRS 20090010571,2008,https://ntrs.nasa.gov/citations/20090010571,"Drake, Bret G. (NASA HEP)",full_text_hosted - R136 (2026-10-08): 47-page executive-summary deck pulled from NTRS 20090010571 and committed to full_texts/; copyright.determinationType=GOV_PUBLIC_USE_PERMITTED with zero in-file copyright statements -> ntrs-public-use per the R131 precedent. Slide-10 summary table read via word coordinates (page is rotated 90 deg); only unambiguous value pairings recorded. Distinct from dra5_2009_human_exploration_of_mars in domain 3 (the full SP-2009-566 report) - this is the study's executive-summary deck.,"d7 context anchor for human-Mars IMLEO + launch-campaign scale: slide 10 Total Initial MTV Mass in LEO (IMLEO)** Chemical option 1,252 t / NTR reference 825 t; Ares-V cargo launches 10-12 vs 7-9 on 30-day centers; EDL of large payloads (40 t) with dual-use shroud - numbers in r136_mission_cost_key_numbers.csv"
07_mission_program_costs,sparx_2026_sdt_report_lunar_sample_return_baseline_cost,T2,"South Pole-Aitken Basin Sample Return and Exploration (SPARX) Science Definition Team Report (420 pp; SDT meetings Jan-Dec 2025, draft to NASA ~Jan 2026)",JPL/Caltech under contract with NASA (80NM0018D0004); NTRS 20260009103,2026,https://ntrs.nasa.gov/citations/20260009103,"Jozwiak, L.M. (chair; APL) + SDT team","verified_live_not_pulled - R136 (2026-10-08): full 420-page report pulled from NTRS 20260009103 and read in full; determinationType=MAY_INCLUDE_COPYRIGHT_MATERIAL + JPL/Caltech contract disclaimer (p.iii) -> extraction-only per the R94 rule, not hosted (553 MB also far beyond repo norms).",d7 FIRST post-MSR institutional planetary-mission cost anchor: SPARX baseline $840M FY25$ (rover $543M + instruments $137M pass-through at flat $25M x 5 elements + ops $160M) vs TOR cap $1.5B; CLPS lander ~$200M each; JPL Team-X sample-return link + ERV/SRC/ops $716M FY25$ - numbers in r136_mission_cost_key_numbers.csv
07_mission_program_costs,kremic_hurford_mandell_arnold_2015_out_of_this_world_science_down_to_earth_prices,T2,"Kremic et al., 'Out of This World Science, Down to Earth Prices' (single-page conference poster)",NTRS 20150022117 (venue not stated in the record or on the image),2015,https://ntrs.nasa.gov/citations/20150022117,"Kremic, T.; Hurford, T.A.; Mandell, A.; Arnold, S.","full_text_hosted (context-only) - R136 (2026-10-08): single-page image-only scan pulled from NTRS 20150022117 and committed to full_texts/; determinationType=PUBLIC_USE_PERMITTED -> ntrs-public-use. NO text layer (one embedded raster, no OCR available on this machine) so contents are UNREAD - context-only marker until a vision/OCR pass.",context-only: planetary-science costing poster; unread pending OCR or the vision backend recovering
07_mission_program_costs,gao_2026_assessments_of_major_projects,T3,"GAO, ""NASA: Assessments of Major Projects"" (GAO-26-108556) - annual independent review of NASA's major projects (> $250M life-cycle cost): portfolio LCC floor +$70B across 36 projects, cumulative growth tracking, per-project cost/schedule status","U.S. Government Accountability Office, Report to Congressional Committees July 2026 (GAO-26-108556)",2026,https://www.gao.gov/assets/gao-26-108556.pdf (+ product page https://www.gao.gov/products/GAO-26-108556); no DOI,U.S. Government Accountability Office,"full_text_hosted - work of the U.S. government (no copyright protection in the United States; zero in-file licence statement, 119 pp scanned) pulled live from gao.gov on 2026-10-09 and committed under full_texts/; no DOI","**the portfolio-level institutional record for d07's NRE rows** - PEBD gives per-mission LCCs, this report adds GAO's independent annual view of the whole major-project portfolio (36 projects > $250M): ""at least $70 billion"" in estimated life-cycle costs; cumulative cost growth +$311M since last annual report ($4.4B -> $4.7B); per-project: Dragonfly within its $3.4B LCC (~$216M HQ-held funding agreed April 2028, July 2028 launch readiness date), Psyche +~$132M development cost after a one-year delay partly due to staffing shortages (launched Oct 2023). Context/bound class - no cell re-pin; the only registered source measuring growth between annual snapshots of NASA's major-portfolio cost base."
08_nea_accessibility_oracles,jpl_nhats_nea_dv_oracle,T3,NASA/JPL NHATS — Near-Earth Asteroid Targeting System: numerically optimised ROUND-TRIP delta-v + mission duration for every NEA with a viable crewed trajectory,JPL Solar System Dynamics (ssd-api.jpl.nasa.gov/nhats.api),2026,https://ssd-api.jpl.nasa.gov/nhats.api,NASA/JPL (SSD team),"open_service — full-table scan pulled live 2026-09-24 (R53, N=7092) and again 2026-09-27 (R73, N=7094; default constraints dv<=12 km/s, dur<=450 d, stay>=8 d, launch 2020-2045; 2,539,786 bytes, sha256 71a49fed...); per-body table in r73_jpl_nhats_per_body_table.csv, statistics in r53_nea_oracle_key_numbers.csv and r73_jpl_nhats_key_numbers.csv","EXTERNAL ORACLE for the NEA accessibility ladder: round-trip dv median 9.367 km/s reproduces economicspace probe_nhats.py F6 to 3dp; distribution anchors delta_v_segments.csv easy/average/hard-NEA rows (one-way legs — see FINDINGS scope note); this is JPL's own optimised trajectory, the ground truth our one-way estimator is measured against"
08_nea_accessibility_oracles,asterank_neo_service_shoemaker_helin,T3,Asterank NEO service (MIT) — live Shoemaker-Helin closed-form dv column over ~600k bodies + prior-art economic ranking of the same population,"www.asterank.com/api/asterank (public REST, MIT licence)",2026,http://www.asterank.com/api/asterank?query=%7B%22neo%22%3A%22Y%22%7D&limit=1000,Otto Matic (Asterank),open_service — live NEA-filtered sample of 1000 rows pulled 2026-09-24 from this machine; dv column parsed with stdlib json; economic columns confirmed degenerate through the public endpoint (use dv only); full population ~600k per Asterank docs,"CARRIES THE Shoemaker-Helin closed form already registered in d3 as shoemaker_helin_1978 — this is the live service, not the 1978 paper; S-H dv median 8.140 km/s reproduces SECOND-PASS.md F6 to 3dp; rank-agreement oracle (Spearman ~0.95 in repo probe) for whether our estimator is a well-behaved member of its own analytic family"
08_nea_accessibility_oracles,barbee_mink_adamo_2011_nhats_methodology,T2,Methodology and Results of the Near-Earth Object (NEO) Human Space Flight (HSF) Accessible Targets Study (NHATS),"NASA GSFC conference paper (AAS/AIAA), NTRS 20110010993",2011,https://ntrs.nasa.gov/citations/20110010993,"Barbee, Mink & Adamo","full_text_hosted - R113 (2026-10-04): 289,231-byte PDF (2-page extended paper) pulled live from ntrs.nasa.gov; NTRS copyright.determinationType=PUBLIC_USE_PERMITTED; no in-file copyright statement","Defines the filter behind jpl_nhats_nea_dv_oracle, d8's round-trip dv oracle: departure 2015-2040, round trip <=450 d, stay >=8 d, C3 <=60 km2/s2, total dv <=12 km/s from a 400 km parking orbit, entry speed <=12 km/s, size >=30 m (H <=26.5 at albedo 0.05). Phase II result: 765 of 7,665 SBDB NEAs passed the trajectory filter (79,157,604 solutions), 590 also passed the size cut. Numbers in extracted_data/r113_nhats_methodology_key_numbers.csv"
08_nea_accessibility_oracles,xie_bennett_dempster_2021_nea_mining_target_evaluation,T1,Target evaluation for near earth asteroid long-term mining missions,Acta Astronautica 181:249-270,2021,https://doi.org/10.1016/j.actaastro.2021.01.011,"Xie, Bennett & Dempster","registered_not_pulled - R113 (2026-10-04): DOI and bibliographic record verified against Crossref (Acta Astronautica 181:249-270, not vol. 178 as the owner's list had it); abstract read via the Semantic Scholar API; Elsevier paywall, full text not sought R137 (2026-10-09): OpenAlex (closed, no repository copy), Unpaywall and Semantic Scholar all confirm closed access with zero OA locations - stays registered_not_pulled; the d08 NHATS/Asterank oracle pair remains the only live accessibility source in the domain.","Context-only: a mining-specific counterpart to the NHATS oracle for economicspace's target ranking. Per its abstract: a trajectory database of 6,373 accessible NEA mining missions (<=6 yr, 2030-2065), ~55% of accessible NEAs allow >4 yr stay in a 6-yr mission, and retrievable mass per asteroid by resource (water, PGM, silicates) for C and non-C assumptions. No number extracted"
08_nea_accessibility_oracles,barbee_2015_accessible_near_earth_objects_nhats_sbag_deck,T2,"""Accessible Near-Earth Objects (NEOs)"" - SBAG-12 presentation: the institutional definition of an NHATS-compliant NEA + population counts + Mars-calibration table",12th NASA Small Bodies Assessment Group (SBAG) meeting; NTRS 20150000798,2015,https://ntrs.nasa.gov/citations/20150000798,"Barbee, B.W. (NASA GSFC)","full_text_hosted - R138 (2026-10-09): 34-slide deck pulled from ntrs.nasa.gov and read in full; copyright.determinationType=GOV_PUBLIC_USE_PERMITTED, zero in-file copyright statements -> hosted under ntrs-public-use. NOTE: the PDF's own text layer is garbled (custom font encoding) - all verbatim quotes below were taken from NTRS's machine-extracted fulltext endpoint (/api/citations/20150000798/downloads/20150000798.txt), cross-checked against slide renders.","jpl_nhats_nea_dv_oracle: the institutional statement of EXACTLY what the live NHATS oracle implements - departure window 2015-2040, C3 <= 60 km^2/s^2, total mission dv <= 12 km/s (four named maneuvers), round trip <= 450 d, stay >= 8 d, entry speed <= 12 km/s at 125 km; population as of 2014-12-06: 1317 compliant NEAs (49 below lunar-orbit dv, 556 below lunar-surface dv)."
08_nea_accessibility_oracles,barbee_abell_adamo_mazanek_johnson_yeomans_chodas_2015_nea_mission_accessibility_pdc,T2,"""The Mission Accessibility of Near-Earth Asteroids""","IAA Planetary Defense Conference PDC 2015 paper IAA-PDC-15-04-22 (Frascati, Apr 2015); NTRS 20150022451",2015,https://ntrs.nasa.gov/citations/20150022451,"Barbee, Abell, Adamo, Mazanek, Johnson, Yeomans, Chodas et al.","full_text_hosted - R143 (2026-10-09): 4-page PDF pulled live from NTRS (252,532 B; sha256 recorded in manifest); determinationType=PUBLIC_USE_PERMITTED with zero in-file copyright statements -> ntrs-public-use per the standing precedent.","Second dated population point for d8's NHATS ladder: 'When NHATS assessments began in September of 2010, just over 7,000 NEAs were known and 666 of those were identified as NHATS-compliant' - brackets R53/R73 live scans (N=7,094) and the SBAG-2015 deck's 1,317 @ 2014-12-06. Also carries the PHA-overlap statistics (1,034 compliant NEAs = 83% at MOID <=0.05 AU; only 9% are PHAs) and the lunar-DRO calibration reference (~4.5 km/s / 25 d). No upstream cell pinned - population-ladder context for probe_nhats.py's oracle output."
08_nea_accessibility_oracles,adamo_barbee_2011_atens_enhanced_accessibility_aas11_449,T2,"""Why Atens Enjoy Enhanced Accessibility for Human Space Flight""",AAS/AIAA Aerospace Sciences Meeting paper AAS 11-449 (peer-reviewed); NTRS 20110022601,2011,https://ntrs.nasa.gov/citations/20110022601,Adamo & Barbee,"full_text_hosted - R143 (2026-10-09): 20-page PDF pulled live from NTRS (1,186,128 B; sha256 recorded in manifest); determinationType=PUBLIC_USE_PERMITTED with zero in-file copyright statements -> ntrs-public-use per the standing precedent.","THE orbit-group composition source for d8's NHATS-compliant population: of 7,210 SBDB NEOs (Sep-2010 epoch) evaluated under NHATS ground rules, compliant bodies are 58.6% Apollos / 25.5% Atens / 15.9% Amors - while Atens are only 8.2% of the known population ('well under 10%') yet 'the most favorable known destinations are typically almost 50% Atens'. Defines the accessibility metric n (tally of compliant trajectory solutions per NEO) and ranks targets: #1 = 2000 SG344 at n=4,153,445. Context/bound class - explains WHERE in (a,e,i) space cheap NEAs live; no upstream cell pinned."
08_nea_accessibility_oracles,barbee_abell_adamo_johnson_landis_mazanek_2023_prospects_human_nea_missions_pdc,T2,"""Prospects for Future Human Space Flight Missions to Near-Earth Asteroids""","PDC 2023 abstract (Vienna), oral presentation; NTRS 20230001527",2023,https://ntrs.nasa.gov/citations/20230001527,"Barbee, Abell, Adamo, Johnson, Landis & Mazanek","full_text_hosted - R143 (2026-10-09): 2-page abstract pulled live from NTRS (179,919 B; sha256 recorded in manifest); determinationType=PUBLIC_USE_PERMITTED with zero in-file copyright statements -> ntrs-public-use per the standing precedent. Abstract-only document ('Oral presentation').","Third dated population point for d8's NHATS ladder: 'There are currently 4,658 NHATS NEAs' (footnote cites cneos.jpl.nasa.gov/nhats accessed 2022-12-22), with the institutional statement that many rival or exceed lunar orbit/surface accessibility - between the SBAG deck's 1,317 @ 2014 and our live scans at N=7,094. Also states NEO Surveyor's role in finding low-dv NEAs 'for robotic and human missions' (population-growth driver for the oracle). Context-only; no upstream cell pinned."
09_delivery_mass_fractions_edl_survival,edquist_2022_mars2020_aerothermal_entry_masses,T2,Mars 2020 Reconstructed Aerothermal Environments and Design Margins — Table 3 MSL vs Mars-2020 entry-interface masses (institutional anchor for the landed-mass fraction),AIAA SciTech 2022 (NASA/JPL; NTRS 20210024709),2022,https://ntrs.nasa.gov/api/citations/20210024709/downloads/SciTech_2022_Edquist_M2020_FINAL_112321_opt.pdf,"Edquist, K. et al. (NASA Langley)",full_text_hosted — 2 MB PDF pulled live from NTRS this machine R54 (sha256=dc21347266b62318...); copyright determinationType=PUBLIC_USE_PERMITTED; Table 3 entry-mass row extracted via pymupdf word-coordinate alignment on p14,"PRIMARY anchor for spacecost/delivery.py MARS_LANDED_MASS_FRACTION: Table 3 Entry mass (kg) = MSL BET 3153 / Mars-2020 TPS cases 3436 / BET 3369; combined with rover masses gives the institutional landed-fraction band [28.5, 30.5]% that our 0.30 sits inside"
09_delivery_mass_fractions_edl_survival,nasa_mars2020_flight_mech_edl_simulation,T2,"Assessment of the Mars 2020 Entry, Descent, and Landing Simulation — as-flown EDL event table + Perseverance rover mass (1,026 kg)",AIAA SciTech 2022 (NASA; NTRS 20210024480),2022,https://ntrs.nasa.gov/api/citations/20210024480/downloads/Mars2020_Flight_Mechanics_Simulation_Paper_v3.pdf,NASA (EDL GNC team),full_text_hosted — 18 MB PDF pulled live from NTRS this machine R54 (sha256=ec6a6d431aca1e5e...); copyright determinationType=GOV_PUBLIC_USE_PERMITTED; rover-mass sentence extracted verbatim from p1,SECOND anchor: At 1026 kg Perseverance is the largest most sophisticated rover ever delivered to another planet — supplies the landed (numerator) mass for the Mars-2020 landed-fraction = 30.45%
09_delivery_mass_fractions_edl_survival,jpl_msl_factsheet_curiosity_mass,T3,JPL Mars Science Laboratory fact sheet — Curiosity rover mass 899 kg (the MSL landed-mass numerator),NASA JPL / mars.nasa.gov (live reference page),2026,https://mars.nasa.gov/msl/factsheet/,NASA JPL,"open_service — live fact sheet pulled + parsed from this machine R54; 1,982 lbs (899 kg) in Earth gravity line located by regex",THIRD anchor: supplies the MSL Curiosity rover mass 899 kg that pairs with Edquist's MSL entry mass 3153 to give the lower landed-fraction edge 28.51%
09_delivery_mass_fractions_edl_survival,kennedy_2019_nasa_lunar_lander_reference_design,T2,NASA Lunar Lander Reference Design,"NASA Technical Publication (MSFC), NTRS 20190033128",2019,https://ntrs.nasa.gov/citations/20190033128,Kennedy (NASA MSFC lander team),"full_text_hosted - R113 (2026-10-04): 9,883,832-byte PDF (86 pp) pulled live from ntrs.nasa.gov; NTRS copyright.determinationType=GOV_PUBLIC_USE_PERMITTED; no in-file copyright statement","spacecost delivery.py `LANDER_DRY_MASS_FRAC` = 0.20 (dry / (dry + propellant), 'no table row', set from the Apollo LM descent stage's 0.21). This ~300 kg-payload robotic pallet lander (Figure 2, PDF p25): dry basic 1,053.77 kg + dry growth 234.26 + 8% dry margin 84.30 (+ 3% customer reserve 127.5) against 2,753.62 kg of solid + liquid propellant, so 0.333 without the reserve and 0.353 with it. A small robotic lander with a solid braking motor; it bounds the fraction for small landers from above, it does not contradict the Apollo-scale 0.20. Numbers in extracted_data/r113_lunar_lander_mass_breakdown.csv"
09_delivery_mass_fractions_edl_survival,way_et_al_2006_msl_entry_descent_landing_system_performance,T2,"""Mars Science Laboratory: Entry, Descent, and Landing System Performance"" - IEEE Aerospace Conference 2006 paper #1467 (Way/Powell/Chen/Steltzner/SanMartin/Burkhart/Mendeck): the MSL sky-crane EDL design-time mass budget","IEEE Aerospace Conference, Big Sky MT, March 3-10 2006; NTRS 20070016022",2006,https://ntrs.nasa.gov/citations/20070016022,"Way, D.W.; Powell, R.W.; Chen, A.; Steltzner, A.D.; SanMartin, A.M.; Burkhart, P.D. (NASA LaRC/JPL); Mendeck, G.F. (NASA JSC)","full_text_hosted - R139 (2026-10-09): 39-page paper pulled from ntrs.nasa.gov and read in full; copyright.determinationType=GOV_PUBLIC_USE_PERMITTED, zero in-file copyright statements -> hosted under ntrs-public-use.",spacecost delivery.py MARS_LANDED_MASS_FRACTION context: the DESIGN-time basis behind upstream's measured 28.5% (MSL as-flown 899/3153) - EDL designed to land an 850 kg rover to +1 km MOLA; descent-stage usable hydrazine load 390 kg with Table 9 MPC mean propellant use 298.2 kg (~26% margin); MER comparison point (173 kg at -1.44 km MOLA).
09_delivery_mass_fractions_edl_survival,dutta_et_al_2012_low_ballistic_coefficient_entry_sizing_trade_studies,T2,"""Mission Sizing and Trade Studies for Low Ballistic Coefficient Entry Systems to Venus"" - IEEE Aerospace Conference 2012 sizing/trade study for low-beta deployable entry vehicles",IEEE Aerospace Conference 2012 (ISBN 978-1-4577-0557-1); NTRS 20120006657,2012,https://ntrs.nasa.gov/citations/20120006657,"Dutta, S.; Smith, B. (Georgia Tech / NASA Ames); Prabhu, D. (ERC/NASA Ames); Venkatapathy, E. (NASA Ames)","verified_live_not_pulled - R139 (2026-10-09): 14-page paper pulled from ntrs.nasa.gov and read in full; p.1 states '©2012 IEEE' -> NOT hostable per the in-file licence rule despite copyright.determinationType=PUBLIC_USE_PERMITTED (R94 conservative reading). Removed copy: 1,424,354 bytes, sha256 2756cf84a6a24b8401f0d02b22fc4e4549fdf007d01abe2e1150b9dd78a55a34.",spacecost delivery.py EDL sizing context: low-ballistic-coefficient entry paradigm - lowest beta of any successful mission 188 kg/m^2; deployable aeroshell areal densities ~10 vs ~50 kg/m^2 for rigid at large diameter (structural/TPS mass scaling behind landed-mass fractions).
10_launch_vehicle_engine_hardware,baumeister_2015_rl10_atlas_to_shuttle_centaur,T2,RL10 Engine Ability to Transition from Atlas to Shuttle/Centaur Program — measured RL10A-3-3A vacuum performance (the institutional anchor for our hydrolox row's Isp claim),"NASA/TM—2015-218736 (NTRS 20150008246, NASA Glenn)",2015,https://ntrs.nasa.gov/api/citations/20150008246/downloads/20150008246.pdf,"Baumeister, J.F. (NASA Glenn Research Center)",full_text_hosted — 7.6 MB PDF pulled live from NTRS this machine R64 (sha256=2c9bc9077ae14778...); copyright determinationType=GOV_PUBLIC_USE_PERMITTED; p9 measured-performance sentence extracted verbatim (± encoded as U+F0B1 in the source text layer),"PRIMARY anchor for spacecost/reference/propellants.csv hydrolox row 'Vac Isp 452 s per RS-25 / RL-10 datasheets': MEASURED RL10A-3-3A = 444.4±2.5 sec @ O/F 5.0:1 (p9) -> our family-level value +1.7% high vs the Centaur engine's measurement; consistency anchor, no revision forced; rated thrust 16,500 lb vacuum (=73.4 kN computed); RL10A-3-3B qualification deltas p18 verbatim (context)"
10_launch_vehicle_engine_hardware,vetcha_2018_rs25_adaptation_hotfire_sls,T2,"Overview of RS-25 Adaptation Hot-Fire Test Series for SLS, Status and Lessons Learned — institutional confirmation of the RS-25/SLS mission profile + test campaign scale",Conference paper (NTRS 20180006338; NASA MSFC / Jacobs Technology),2018,https://ntrs.nasa.gov/api/citations/20180006338/downloads/20180006338.pdf,"Vetcha, N.; Strickland, M.B.; Philippart, K.D.; Giel, T.V. Jr.",full_text_hosted — 782 KB PDF pulled live from NTRS this machine R64 (sha256=273c1daa8e4a62ed...); copyright determinationType=PUBLIC_USE_PERMITTED; p2 profile/test-plan sentences extracted verbatim,"Supports launch_vehicles.csv SLS Block 1 row: RS-25 flew all 135 Shuttle flights; SLS profile = ~500 s burn at a primary thrust level of 512,000 lb (109% RPL), sea-level start / altitude shutdown; adaptation campaign plan min. 7 starts + 3,500 s on one development engine with almost 9,000 s total accumulated Jan-2015 to Oct-2017. NO RS-25 vacuum-Isp figure in this doc — honest gap recorded (the 'per RS-25' half of our hydrolox citation stays secondary-sourced)"
10_launch_vehicle_engine_hardware,ballard_2017_rs25_nextgen_sls,T2,Next-Generation RS-25 Engines for the NASA Space Launch System — certified service life (engine-level reusability basis),"Conference paper (NTRS 20170008958; ESA meeting, Cologne)",2017,https://ntrs.nasa.gov/api/citations/20170008958/downloads/20170008958.pdf,"Ballard, R.O. (NASA Marshall Space Flight Center)",full_text_hosted — 642 KB PDF pulled live from NTRS this machine R64 (sha256=2d0776c3aae786c6...); copyright determinationType=GOV_PUBLIC_USE_PERMITTED; p2 service-life sentence extracted verbatim,"Institutional basis for engine-level reusability: RS-25 'certified service life of 55 starts and 27,000 seconds' (p2) — launch_vehicles.csv lists SLS as an expendable VEHICLE; its ENGINES are reusable hardware. Fuel-rich staged-combustion cycle + independently controlled preburners for variable thrust/mixture ratio (context)."
10_launch_vehicle_engine_hardware,nerva_development_status_1968,T2,"NERVA Development Status (AEC/NASA program status paper, Jan 1968) — engine rating ~75,000 lb / 825 s; demonstrated performance to date 'about 800 sec' vacuum-corrected (p12): contradicts, rather than backs, the nuclear-thermal row's 'NRX/XE ran at 825 s in 1968' note (rc-042)","NTRS 19700004945 (Legacy CDMS; AEC/NASA, public domain)",1968,https://ntrs.nasa.gov/api/citations/19700004945/downloads/19700004945.pdf,NERVA Program (AEC/NASA; NTRS authors field empty for this legacy record),"full_text_hosted — 792 KB PDF pulled live from NTRS this machine R65 (sha256=4cbb6f8ebd1754b7...); distribution=PUBLIC, exportControl NO/NO; determinationType absent on legacy record -> public-domain government work","PRIMARY anchor for spacecost/reference/propellants.csv nuclear-thermal row note 'NERVA's NRX/XE ran on a test stand at 825 s in 1968': p4 verbatim engine spec — ~75,000 lb thrust at specific impulse of 825 sec/lbm (OCR: '825 1bf-sec/lbm'), reactor 1575 MW, LH2 flow ~91 lb/sec; p6 restart record = 25 starts across KIWI/NRX/Phoebus tests — the verbatim per-test breakdown reconciles EXACTLY with the stated total (OCR 'I' = one start on KIWI B4D + 2+2+3+1+10+2+2+2 = 25; 'Phoebus 18' is OCR for Phoebus 1B); p12 vacuum-corrected demonstration figure 'about 800 sec'. Our row's 900 s cell is the DRACO TARGET per its own note, not an institutional measurement -> no revision forced on the 900 s cell. The note's historical-test half is NOT backed: this document gives 825 s as the NERVA engine rating (p4) and says every performance demonstration to date was 'about 800 sec' when corrected for vacuum (p12), with XE-1/XE-2 engine tests still in the future (p11) — wording revision candidate rc-042. Designation caveat: neither doc names 'NRX-XE' in extractable text (OCR-garbled subject) — anchored as NERVA-program test-stand performance. [CORRECTED 2026-09-26: R65 read this as backing the note. It does not — see rc-042 and the domain-10 FINDINGS correction block.]"
10_launch_vehicle_engine_hardware,nerva_program_status_1968,T2,"NERVA program status (Apr 1968) — ~75,000 lb / ~825 s is the PLANNED upgraded (PFRT-path) engine rating, not a test result; XE-1/XE-2 engine tests still 'forthcoming' (p12)","NTRS 19680011933 (Legacy CDMS; AEC/NASA, public domain)",1968,https://ntrs.nasa.gov/api/citations/19680011933/downloads/19680011933.pdf,NERVA Program (AEC/NASA; NTRS authors field empty for this legacy record),"full_text_hosted — 17.9 MB PDF pulled live from NTRS this machine R65 (sha256=d9e5f908a2f9d43c...); distribution=PUBLIC, exportControl NO/NO; determinationType absent on legacy record -> public-domain government work","Corroborates the nuclear-thermal row anchor from a second 1968 document: p12 verbatim — upgraded model (PFRT path) 'will permit a vacuum thrust of 75,000 lbs. and a vacuum specific impulse of approximately 825 seconds' at 1560 MW / 4500 R chamber temperature; technology-type baseline = 1100 MW / 4090 R. The 825 s is a planned rating ('will permit'), and the same page calls the XE-1/XE-2 engine test series 'forthcoming' — so this document does not show a 1968 test-stand run at 825 s either. Same program office as the Development Status doc, so it corroborates the rating, not a measurement (rc-042). [CORRECTED 2026-09-26: R65 read this as backing the note. It does not — see rc-042 and the domain-10 FINDINGS correction block.]"
10_launch_vehicle_engine_hardware,ueda_et_al_2013_methane_fueled_engine_altitude_hot_fire_jpc,T2,"Ueda, Tomita, Onodera et al. (JAXA), 'Hot-Firing Test of Methane-Fueled Rocket Engine under High Altitude Condition' - hot-fire test campaign for a LOX/methane engine at altitude-simulated conditions; the nearest peer-reviewed methalox hot-fire record to our row",49th AIAA/ASME/SAE/ASEE Joint Propulsion Conference (JPC) proceedings,2013,https://doi.org/10.2514/6.2013-4056,"Ueda, Tomita, Onodera, Kano, Kubota & Munenaga","registered_not_pulled - R96 (2026-10-01): registered from Crossref bibliographic search; full text not sought (AIAA paywall). Metadata verified against the Crossref record for DOI 10.2514/6.2013-4056: title, venue and six authors as listed here. R121 (2026-10-05) retry: the NII institutional repository record id.nii.ac.jp/1696/00038623 (located via Semantic Scholar / Unpaywall as a green-OA copy) answers HTTP 406 from this machine on all routes (http + https, with browser headers); AIAA paywall unchanged - still registered_not_pulled. R123 (2026-10-05) retry: the NII institutional repository record id.nii.ac.jp/1696/00038623 again answers HTTP 406 from this machine on all routes - still registered_not_pulled. R137b (2026-10-09): the id.nii.ac.jp/1696/00038623 route (406 with Chrome UA; Safari UA works) redirects to jaxa.repo.nii.ac.jp/records/38629 - WEKO record page renders author/title but carries ZERO file markup and its OAI jpcoar_2.0 export answers 'Sorry! This Item has not been mappinged.' -> metadata-only repository item, stays registered_not_pulled.",spacecost propellants.csv methalox row ('Vac Isp 380 s per SpaceX Raptor public data'): context anchor - peer-reviewed LOX/methane hot-fire performance under altitude conditions (JAXA engine); NOT a Raptor/BE-4 report
10_launch_vehicle_engine_hardware,judd_et_al_2006_lox_methane_combustion_performance_stability_durability,T2,"Judd, Buccella, Alkema et al., 'Effect of Combustion Process on Performance, Stability, and Durability of a LOX/Methane Rocket Engine' - combustor-level test study: how the combustion process drives Isp/stability/durability in an oxidizer-rich staged-combustion methalox engine",44th AIAA Aerospace Sciences Meeting and Exhibit proceedings,2006,https://doi.org/10.2514/6.2006-1533,"Judd, Buccella, Alkema, Hewitt & Veith","registered_not_pulled - R96 (2026-10-01): registered from Crossref bibliographic search; full text not sought (AIAA paywall). Metadata verified against the Crossref record for DOI 10.2514/6.2006-1533: title, venue and five authors as listed here.",spacecost propellants.csv methalox row: context anchor - why oxidizer-rich staged combustion (the Raptor cycle) trades Isp against stability/durability; the physical basis for a family-level 380 s vacuum figure rather than an engine-specific pin
10_launch_vehicle_engine_hardware,engelen_souverein_twigt_deimos_methane_oxygen_engine_test_results_jbis,T1,"Engelen, Souverein & Twigt (TU Delft / DARE), 'DEIMOS Methane/Oxygen Rocket Engine Test Results' - first test campaign of the DEIMOS liquid CH4/LOX engine: measured thrust/chamber-pressure/mass-flow data, ignition reliability, combustion stability and a reusability assessment; predecessor conference version IAC-05-C4.3.09",Journal of the British Interplanetary Society (JBIS) 62:211-218 - peer-reviewed journal per BIS's own description,2009,BIS refcode 2009.62.211; predecessor https://doi.org/10.2514/6.iac-05-c4.3.09 (IAC 2005); JBIS not indexed in Crossref,"Engelen, Souverein & Twigt","registered_not_pulled - R96 (2026-10-01): metadata verified against the British Interplanetary Society's own product page (refcode 2009.62.211, JBIS vol 62 pp 211-218) and the IAF archive record for the predecessor conference paper; full text paywalled (~GBP 5 per copy at bis-space.com shop), not sought.",spacecost propellants.csv methalox row: context anchor - measured small-scale LOX/methane data (design point 1800 N / 287 s at 40 bar; provisional-test average thrust a mere 3.8% of design per the abstract) plus an explicit reusability assessment for a methane engine
10_launch_vehicle_engine_hardware,teasley_2025_nasa_rotating_detonation_rocket_engine_development,T2,NASA's Rotating Detonation Rocket Engine Development,"47th AAS Guidance, Navigation and Control Conference, Breckenridge CO, 2025 (NTRS 20250000643)",2025,https://ntrs.nasa.gov/citations/20250000643,"Teasley, T. (NASA MSFC)","verified_live_not_pulled - R114 (2026-10-04): 10-page PDF read live from NTRS; p1 says it is a work of the US Government not subject to copyright (NTRS determination GOV_PUBLIC_USE_PERMITTED), so hostable but not committed. Numbers extracted to extracted_data/r114_gr_links_key_numbers.csv","engine-level context for the methalox rows of `propellants.csv` and the launch-vehicle engine cells: the state of NASA's rotating detonation rocket engine (RDRE) work, with a methane/oxygen turbopump-fed 10,000 lbf thrust chamber as the next demonstration. It gives no Isp, so it cannot set a propellant row"
10_launch_vehicle_engine_hardware,teasley_2024_eci_rdre_final_report,T2,ECI Final Report: Closing of Critical Technology Gaps for Rotating Detonation Rocket Engines,"NASA MSFC Early Career Initiative final report (NTRS 20240013951), project 3 Oct 2022 - 31 Oct 2024",2024,https://ntrs.nasa.gov/citations/20240013951,"Teasley, T.; Burgin, J.; Fedotowsky, T.; Feist, K.; Petty, D.; Skinner, S.; Thacker, R.; Williams, B. (NASA MSFC, GRC; partner Venus Aerospace)","verified_live_not_pulled - R114 (2026-10-04): 69-page PDF read live from NTRS; 'a work of the U.S. Government' on its cover (NTRS GOV_PUBLIC_USE_PERMITTED), so hostable but not committed. Hot-fire results extracted to extracted_data/r114_gr_links_key_numbers.csv","a measured hot-fire result for an RDRE, the only measured Isp in this round's RDRE sources: about 5,300 lbf at a mean chamber pressure near 740 psia and an Isp of 246 s. Experimental-engine ground truth beside the registered flight-engine anchors (RL10, RS-25); it does not set the methalox row, whose Raptor basis stays secondary"
10_launch_vehicle_engine_hardware,meyer_2012_lox_lch4_reaction_control_thruster_altitude_combustion_stand,T2,Testing of a Liquid Oxygen/Liquid Methane Reaction Control Thruster in a New Altitude Rocket Engine Test Facility,"NASA Glenn conference paper, NTRS 20120009210 (Association Aeronautique et Astronautique de France meeting, Paris)",2012,https://ntrs.nasa.gov/citations/20120009210,"Meyer, M.L.; Arrington, L.A.; Kleinhenz, J.E.; Marshall, W.M. (NASA Glenn)","full_text_hosted - R114 (2026-10-04): NTRS record and abstract read through the NTRS API (determinationType GOV_PUBLIC_USE_PERMITTED). R119 (2026-10-05): full text pulled live from ntrs.nasa.gov/api/citations/20120009210/downloads/20120009210.pdf and committed to full_texts/meyer_arrington_kleinhenz_marshall_2012_lox_lch4_rcs_altitude_combustion_stand_ntrs20120009210.pdf (969,508 B sha256=56b0935abf051ac329d71687e8b9c09fbbd2021ff9ac5c961274aac8426b3925); NASA/TM-2012-217643, 14 pages, no in-file copyright statement. Content: the relocated Altitude Combustion Stand (ACS) activated at Glenn in 2009 tests up to a thrust level of 2000 lbf (8.9 kN); LOX/LCH4 RCS thruster programme fall 2009-fall 2010 with the facility able to deliver up to 24 hot fire tests in a single test day - context for d10's methalox RDT/RCS hardware rows.","Context-only: per its abstract, a LOX/LCH4 technology test programme (fall 2009 to fall 2010) in Glenn's relocated Altitude Combustion Stand, which handles up to 2,000 lbf (8.9 kN) with measured propellant conditions, flow, thrust and altitude, delivered up to 24 hot fires in one test day and 'validated the feasibility' of the propellant pair for deep-space use. Measured altitude Isp is what the methalox row lacks, but the abstract states none; unread beyond it"
10_launch_vehicle_engine_hardware,morehead_2017_icpta_oxygen_methane_thermal_vacuum_hotfire,T2,Vehicle-Level Oxygen/Methane Propulsion System Hot-Fire Testing at Thermal Vacuum Conditions,"AIAA paper, NASA JSC/KSC (NTRS 20170006927)",2017,https://ntrs.nasa.gov/citations/20170006927,"Morehead, R.L.; Melcher, J.C.; Atwell, M.J.; Hurlbert, E.A.; Desai, P.; Werlink, R.","verified_live_not_pulled - R114 (2026-10-04): 31-page PDF read live from NTRS (GOV_PUBLIC_USE_PERMITTED), not committed; hardware figures extracted to extracted_data/r114_gr_links_key_numbers.csv. A text probe for Isp found no engine Isp figure","engine-level context for the methalox row: a prototype integrated LOX/LCH4 propulsion system (ICPTA, rebuilt from Project Morpheus assets) hot-fired at simulated altitude and thermal conditions in the Plum Brook In-Space Propulsion Thermal Vacuum Chamber, with a 2,800 lbf main engine and four reaction-control engines. Characterises the facility and the integrated system; it states no engine Isp that could set a propellant row"
10_launch_vehicle_engine_hardware,hurlbert_2016_isecg_lox_methane_technology_gap_assessment,T2,International Space Exploration Coordination Group Assessment of Technology Gaps for LOx/Methane Propulsion Systems for the Global Exploration Roadmap,AIAA 2016-5280 (hosted by globalspaceexploration.org),2016,https://www.globalspaceexploration.org/wp-content/uploads/2023/06/AIAA-2016-5280-LOx-Methane-GAT.pdf,"Hurlbert, E.A.; Whitley, R.; Klem, M.D.; Johnson, W.; Alexander, L. (NASA); D'Aversa (ASI); Ruault (CNES); Manfletti, Sippel (DLR); Caruana (ESA); Ueno, Asakawa (JAXA)","verified_live_not_pulled - R114 (2026-10-04): 17-page PDF read live; an AIAA paper with no licence statement read, so not hosted. Figures extracted to extracted_data/r114_gr_links_key_numbers.csv","engine-level ground truth for the methalox row from a multi-agency review: ASI's MIRA demonstrator (a 100 kN, expander-cycle LOX/LCH4 engine for a Vega upper stage, built with Russian industry) tested at complete-engine level in May 2014 with 'more than 11 tests performed up to full operating condition and accumulating more than 600 s of firing' (p7), and an IHI/JAXA 30 kN-class engine whose Isp 'reached approximately 350 sec' (p11). A literature review of other agencies' tests, not a primary test report; no revision candidate"
10_launch_vehicle_engine_hardware,ukai_2019_eucass_jaxa_ihi_lox_methane_full_expander_component_tests,T2,Component tests of a LOX/methane full-expander cycle rocket engine: Injector and regeneratively cooled combustion chamber,"8th European Conference for Aeronautics and Space Sciences (EUCASS), 2019",2019,https://www.eucass.eu/component/docindexer/?task=download&id=5928,"Ukai, S.; Sakaki, K.; Ishikawa, Y.; Sakaguchi, H.; Ishihara, S. (JAXA, IHI, IHI Aerospace)","verified_live_not_pulled - R114 (2026-10-04): 9-page PDF read live; 'Copyright 2019 by First Author and Second Author. Published by the EUCASS association with permission', so not hosted. Figures extracted to extracted_data/r114_gr_links_key_numbers.csv","engine-level ground truth for the methalox row from component tests: the reference engine targets 30 kN vacuum thrust, Isp 370 s, mixture ratio 3.3 and Pc 4.7 MPa (full expander cycle, 50-100% throttling), and the injector firing tests reached a characteristic-velocity efficiency 'equivalent to Isp of 370 secs' at the reference operating point. Component tests, not a full-engine hot fire; it adds to the registered ueda_et_al_2013_methane_fueled_engine_altitude_hot_fire_jpc"
10_launch_vehicle_engine_hardware,smith_stanley_2021_experimental_investigation_rotating_detonation_rocket_engines,T1,Experimental Investigation of Rotating Detonation Rocket Engines for Space Propulsion,Journal of Propulsion and Power 37(3):463-473,2021,https://doi.org/10.2514/1.B37959,"Smith, R.; Stanley, S.","registered_not_pulled - R114 (2026-10-04): DOI and record verified on Crossref and abstract read from OpenAlex; arc.aiaa.org serves a bot check here, so the full text was not read R124 (2026-10-05) retry: Crossref's own `link` field registers direct PDF URLs on arc.aiaa.org but they answer HTTP 403 Cloudflare 'Just a moment' from this machine - still registered_not_pulled.","measured RDRE performance from the abstract: methane, ethane and ethylene with gaseous oxygen on a calibrated thrust stand at sea-level back pressure gave 68-85% of the ideal liquid-engine (deflagration) Isp from NASA CEA, with 5-8 observed waves at 60-72% of Chapman-Jouguet speed. Gaseous-fuel sea-level results, so not a methalox row input; the full text may hold the Isp values"
10_launch_vehicle_engine_hardware,hemming_2024_meta_analysis_experimental_rde_performance_trends,T2,Meta-Analysis of Experimental Rotating Detonation Engines for Performance Trends,AIAA SciTech 2024 Forum,2024,https://doi.org/10.2514/6.2024-2794,"Hemming, M.; Hill, R.; Hemming, N.; Xu, K.","registered_not_pulled - R114 (2026-10-04): DOI and record verified on Crossref and abstract read from OpenAlex; arc.aiaa.org serves a bot check here, so the full text was not read","Context-only: per its abstract, a data-driven analysis of open-source rotating-detonation-engine hot-fire data from around the world (RDE size, nozzle, injector, propellant), including a machine-learning model validated against the UAH WASP engine, that finds peak performance at a particular chamber length. A way to place any single RDRE result against the field; unread beyond the abstract"
10_launch_vehicle_engine_hardware,tan_2024_high_thrust_lox_methane_rocket_engine_technology_review,T1,Research progress in high thrust liquid oxygen methane rocket engine technology,Acta Aeronautica et Astronautica Sinica 45(11):529690,2024,https://doi.org/10.7527/S1000-6893.2024.29690,"Tan, Y. (as given in the SciOpen record)","verified_live_not_pulled - R114 (2026-10-04): 13-page Chinese-language PDF with an English abstract read live from sciopen.com (no licence statement read, so not hosted). The propellant comparison on its p2 was extracted; the list's description of it as a Scientific Reports article from Tsinghua Press was wrong","a published comparison of LOX/methane against LOX/kerosene and LOX/hydrogen for reusable first-stage engines, relevant to the methalox row's Isp choice: even though a LOX/LH2 engine runs at about twice the mixture ratio, its density Isp stays about 10% below LOX/methane, and a high-performance LOX/kerosene engine (RD-191 class) has a theoretical Isp about 3% below LOX/methane. Calculated, not measured; the review also covers six key technologies and Chinese development progress"
11_spacecraft_power_electric_propulsion,thomas_2025_advanced_next_iepc,T2,"Development Status and Performance Metrics of the Advanced NEXT Ion Propulsion System — AdvNEXT: +40% thrust over NEXT-C at 330 mN, F/P = 40 mN/kW, ~3,400 s Isp (est) @ 8.2 kW; PPU efficiency 92-95%; 'comparable mass and volume relative to the NEXT-C system'","IEPC-2025-133, 39th International Electric Propulsion Conference, London (NTRS 20250008559; NASA GRC / US Space Force / Voyager Technologies)",2025,https://ntrs.nasa.gov/api/citations/20250008559/downloads/IEPC2025133v2FINALpresentation.pdf,"Thomas, R.E.; Gonzalez, M.C.; Raju, R.S.; Bontempo, J.J.; Goodfellow, K.D.",full_text_hosted — 973 KB PDF pulled live from NTRS this machine R66 (sha256=703c98b7f7e4a9ff...); copyright determinationType=PUBLIC_USE_PERMITTED; companion records 20250008168 (paper processing) + 20250001749 (extended abstract) of the SAME paper registered once,Context anchor for operational_costs.csv electric rows at the high-power end: AdvNEXT 330 mN @ 8.2 kW = F/P 40 mN/kW extends every flown NEXT-C data point (nextc_protoflight_2021 caps at <=6.85 kW / 235 mN); 'comparable mass and volume relative to the NEXT-C system' (p15) institutionally supports keeping our 'Power processing unit specific mass' row value 4.7 kg/kW unchanged for the PPU half of the EP train
11_spacecraft_power_electric_propulsion,shastry_2024_aeps_hall_qualification_production,T2,"12-kW Advanced Electric Propulsion System Hall Current Thruster Qualification and Production Status — HCT 'total mass of 53kg' (p4); QM1 ATP table: 600 V/12 kW = 586 mN / 2736 s, uncertainty +/-5 mN / +/-25 s","IEPC-2024 paper, 38th International Electric Propulsion Conference, Toulouse (NTRS 20240006249; NASA GRC / Aerojet Rocketdyne)",2024,https://ntrs.nasa.gov/api/citations/20240006249/downloads/AEPS%20Status%20IEPC%202024%20v7.pdf,"Shastry, R.; Kamhawi, H.; Frieman, J.D.; Soulas, G.C.; Gray, T.G.",full_text_hosted — 1.5 MB PDF pulled live from NTRS this machine R66 (sha256=d734f0570b2fc5a8...); copyright determinationType=GOV_PERMITTED; p4 mass sentence + p7 QM1 ATP table extracted verbatim,"PRIMARY anchor for operational_costs.csv 'Electric thruster + PPU specific mass' row (value 8 kg/kW, band [5,15]): measured HCT-only mass 53 kg at the 12 kW point = 4.42 kg/kW for the THRUSTER HEAD ALONE — our combined-row value of 8 (head + PPU + feed system) sits comfortably above it, so the row is a consistency anchor, no revision forced. Also anchors 'Electric propulsion efficiency' note: AEPS is production hardware at ~600 mN / ~2800 s (p4)"
11_spacecraft_power_electric_propulsion,frieman_2021_aeps_etu2_extended_characterization,T2,"Extended Performance Characterization of the 12.5-kW AEPS ETU-2 Hall Thruster — RFC table: total efficiency spans 60.3% (6.25 kW) to 67.1%/69.4% PPE-char mean at 12.5 kW; PPE RFCs reach 67.5% @ 12 kW, down to 51.4% at 2.6 kW","AIAA Propulsion and Energy Forum (virtual), Aug 9-11 2021 (NTRS 20210017834; NASA GRC)",2021,"https://ntrs.nasa.gov/api/citations/20210017834/downloads/Frieman,_J._Pres_ _2021_JANNAF_ETU_2.pdf","Frieman, J.D.; Mackey, J.; Kamhawi, H.; Peterson, P.; Hofer, R.R.",full_text_hosted — 978 KB PDF pulled live from NTRS this machine R66 (sha256=64e30b9fb9169967...); copyright determinationType=PUBLIC_USE_PERMITTED; p6 RFC + p9 PPE-RFC tables extracted verbatim,"REVISION CANDIDATE (note-level, target repo read-only) for operational_costs.csv 'Electric propulsion efficiency' row: our note says 'Hall thrusters run 0.50-0.60' but MEASURED AEPS Hall total efficiency spans 51.4%-69.4% across the throttle range — the top of our stated Hall range is +15.7% below the measured 12.5 kW point (69.4% PPE-char mean). Row value 0.6 and band [0.45, 0.72] still contain every measurement -> no cell revision forced; note sub-range should read ~0.51-0.70 for modern high-power Hall"
11_spacecraft_power_electric_propulsion,schmitz_2023_rps_vs_solar_array_comparison,T2,"A Comparison of Radioisotope and Solar Array/Battery Power Systems in the Solar System — RPS table: BOL specific power MMRTG 2.7 / NextGen RTG Mod-1 4.4 / DRPS 3.7 W/kg; Lucy Ultra-Flex array: 415 W/m^2 + 184 W/kg @ 1 AU, 32% conversion","IEEE Aerospace Conference, Big Sky MT (NTRS 20230001487); companion NETS-2022 version NTRS 20220002310 carries the GPHS-RTG historical '5.3 W/kg BOL' figure",2023,https://ntrs.nasa.gov/api/citations/20230001487/downloads/IEEE%202023%20RPS_v_Solar%20final.pdf,"Schmitz, P. (Power Computing Solutions Inc.)",full_text_hosted — 2.0 MB PDF pulled live from NTRS this machine R66 (sha256=a316604e8110e168...); copyright determinationType=PUBLIC_USE_PERMITTED; p4 RPS table + p8 solar-array spec extracted verbatim,"PRIMARY anchor for operational_costs.csv 'RTG specific power' row (value 5.0 W/kg, band [2.4,5.5]): institutional BOL table gives MMRTG 2.7 / NextGen-M1 4.4 / DRPS 3.7 — our deep-space design point of 5.0 is +13.6% above the best PROJECTED current-gen unit (NextGen-M1) and matches GPHS-class hardware per the NETS companion record's historical 5.3 W/kg -> consistency anchor, no revision forced; note-level: our 'MMRTG 110 We at 45 kg = 2.4' computes 2.44 vs the institutional 2.7 (ours -9.5% low). Also anchors 'Power system specific mass' note: current-gen (Lucy) arrays reach 184 W/kg @ 1 AU, +22.7% above our cited ROSA ~150 demo figure — our wing-level citation is conservative"
11_spacecraft_power_electric_propulsion,nasa_oig_2017_ig-17-009_mars2020_project,T2,"NASA's Mars 2020 Project (IG-17-009, Jan 30 2017) — Table 3 MMRTG line item: $66M at Mission Concept Review / KDP-A -> $70M at KDP-C (real-year dollars)",NASA Office of Inspector General audit report IG-17-009,2017,https://oig.nasa.gov/wp-content/uploads/2024/02/IG-17-009.pdf,NASA OIG (Office of Audits),full_text_hosted — 2.6 MB PDF pulled live from oig.nasa.gov this machine R67 (sha256=95914ab68fe2734e...); public domain; p14 Table 3 MMRTG row extracted verbatim,"PRIMARY cost anchor for operational_costs.csv 'RTG (radioisotope power)' row (value $500k/W-electric, band [$200k,$1M]): institutional MMRTG project line item $66-70M at 110 We BODL = **$600-$636k per W** if the full line is one unit (unit count not distinguished in Table 3 — treat as envelope, not pin). Our centre sits 16.7%-21.4% below that single-unit reading and inside band [$200k,$1M] -> consistency anchor, no revision forced; first institutional $ figure for this cell (note's Pu-238 fuel-cost arithmetic stays secondary)"
11_spacecraft_power_electric_propulsion,nasa_oig_2023_ig-23-010_rps_program_management,T2,"NASA's Management of Its Radioisotope Power Systems Program (IG-23-010, Mar 20 2023) — Table 1 institutional RTG spec sheet: MMRTG 4.8 kg Pu-238 / 32 clads / 110 We BODL / **44 kg system mass**; NextGen Mod-1 9.6/64/245/56; DRPS 3.6/24/300-400/150-200",NASA Office of Inspector General audit report IG-23-010,2023,https://oig.nasa.gov/docs/IG-23-010.pdf,NASA OIG (Office of Audits),full_text_hosted — 10.6 MB PDF pulled live from oig.nasa.gov this machine R67 (sha256=0a2ad34af8826b72...); public domain; p13 Table 1 + p27 Pu-238 production paragraph extracted verbatim,"PRIMARY anchor for the 'RTG specific power' row's MMRTG note: institutional system mass **44 kg** at 110 We = 2.5 W/kg vs our note 'MMRTG ... 110 We at 45 kg = 2.4 W/kg' (ours +2.3% high on the mass -> implied SP -2.22% low; NOTE-level revision candidate, target repo read-only). Also anchors 'RTG (radioisotope power)' note verbatim: our '(NASA / DOE target 1.5 kg/yr production by 2026)' = p27 institutional sentence 'an annual CRP goal of 1.5 kg per year by 2026' — now backed; actuals context: 'produced only 0.77 kg—about half the projected amount' (2018-2021). Cross-check vs schmitz_2023 RPS table: MMRTG BODL 110 We AGREE exactly; NextGen-M1 4.4 W/kg in Schmitz vs Table-1 mass 56 kg @ 245 We = 4.38 W/kg (AGREE)"
11_spacecraft_power_electric_propulsion,nasa_oig_2020_ig-21-004_gateway_program_management,T2,"NASA's Management of the Gateway Program for Artemis Missions (IG-21-004, Nov 10 2020) - PPE contract history: May 2019 award to Maxar at potential value $375M; Table 3 p17 contract value **$453,573,559** as of Aug 3 2020 (obligated $223.5M = 49%); +$78.5M since award ($51M six NASA-driven technical changes / $24M task order / $3.5M co-manifest)",NASA Office of Inspector General audit report IG-21-004,2020,https://oig.nasa.gov/docs/IG-21-004.pdf,NASA OIG (Office of Audits),full_text_hosted - 2.3 MB PDF pulled live from oig.nasa.gov this machine R68 (sha256=0130231203e0fcdf...); public domain; p17 Table 3 + p18 award paragraph + p25 ROSA/60 kW quote + p26 GFE-thrusters quote extracted verbatim,"PRIMARY institutional context for operational_costs.csv 'Electric propulsion system recurring cost' row (value $1.500M/kW, band [$500.0k,$3000.0k]): the Gateway PPE is a 60 kW high-power Hall EP element - initial award potential **$375M** = $6250.00k per kW at ELEMENT level (solar arrays + comms + structure + power processing + propulsion train; NOT the EP train alone) -> our thruster+PPU-only centre sits far below even this AWARD envelope, consistent as a strict subset. p26 verbatim: NASA/Maxar split = 'Maxar providing the electrical power components **except for the government furnished electrical thrusters**' - institutional proof that flight EP thrusters are procured SEPARATELY from the spacecraft bus (same structure our row prices), and Aerojet's PPU development challenges were the stated cause. p25 verbatim: 'To gain 60 kilowatts, Maxar will use ... two solar arrays measuring approximately 8 by 20 meters with each array producing 32.5 kilowatts' (ROSA) - institutional design point for the Gateway power system; context only for our W-per-kg rows."
11_spacecraft_power_electric_propulsion,nasa_oig_2023_ig-24-003_artemis_supply_chain,T2,"NASA's Management of the Artemis Supply Chain (IG-24-003, Oct 19 2023) - p12 contract table: Gateway PPE final **Fixed-price $730.9 million** (values as-of Apr 18 2023; base + exercised options); HALO $1.5B context",NASA Office of Inspector General audit report IG-24-003,2023,https://oig.nasa.gov/wp-content/uploads/2023/10/ig-24-003.pdf,NASA OIG (Office of Audits),full_text_hosted - 3.9 MB PDF pulled live from oig.nasa.gov this machine R68 (sha256=8ffc9525c33331eb...); public domain; p12 contract table + p20 xenon supply paragraph extracted verbatim,"PRIMARY institutional anchor for the 'Electric propulsion system recurring cost' row's development-cost envelope: PPE 60 kW element final fixed-price **$730.9M** = $12181.67k per kW at ELEMENT level (base + exercised options, as-of Apr 18 2023) - growth vs IG-21-004 Table 3 ($453.57M Aug 2020): +61.14% over ~2.7 years; award->final +94.91%. Our EP-train-only row (centre $1.500M/kW) is a strict subset of the element -> consistency anchor, no revision forced; the growth record documents why development-phase EP hardware runs far above recurring production cost. p20 verbatim context for propellant supply risk: 'Russia and Ukraine are responsible for approximately 25 to 30 percent of the global supply of the noble gases xenon and krypton' + PPE 'has successfully mitigated the risk and procured the xenon needed for this system' (as-of Aug 2023)."
11_spacecraft_power_electric_propulsion,nasa_fy2025_budget_request_congressional_justification,T2,"NASA FY 2025 Full Budget Request (Congressional Justification, Apr 2024) - SEP project section: **$402.5M** LCC estimate (Jan 2024 MPAR), budget $18.5M -> $1.7M FY23-29; PPE first operational demo of the 12-kW AEPS Hall thruster + three flight models; NTP/NEP budget lines",NASA HQ budget justification / nasa.gov,2024 (FY2025 request),https://www.nasa.gov/wp-content/uploads/2024/04/fy-2025-full-budget-request-congressional-justification-update.pdf,NASA HQ,full_text_hosted - 30.0 MB PDF (807 pp) pulled live from nasa.gov this machine R69 (sha256=222271ccb7ef6030...); public domain; p4 BUD-3 SEP/SNP rows + p221 project purpose/LCC note/major-changes/goal + p223 ST-24 cost tables & PM commitments + milestones table + NTP section extracted verbatim,"d11 PRIMARY institutional context for 'Electric propulsion system recurring cost' row (value $1.500 M per kW, band [0.5-3.0] M per kW): SEP project = development/qualification program (LCC **$402.5M** BTC; budget declining 18.5 -> 1.7) - NOT a per-kW production price -> consistency anchor only. p221 verbatim 'the first operational demonstration of the SEP 12-kilowatt (kW) thruster will be on the Power and Propulsion Element (PPE)' + 'three flight models' = the SEP 12-kW thruster is the Aerojet Rocketdyne Advanced Electric Propulsion System (AEPS) Hall thruster (p222 milestone row, p224 contract table; same unit as shastry_2024), so this confirms three AEPS flight models for PPE. It says nothing about NEXT-C, the gridded-ion string our note prices at ~$10-15M [CORRECTED 2026-09-26: R69 misread this as three NEXT-C strings]. Per-string $ for either thruster is still absent from all registered sources - standing gap. Program-level context: LCC / 60 kW (R68 design point) = $6.710 M per kW development-phase, same order as R68 element envelope ($6.25M-$12.18M per kW). Cross-domain d10: NTP line 92.5M FY25 FY23-29 = first institutional budget series for nuclear thermal propulsion (DRACO era)."
11_spacecraft_power_electric_propulsion,nasa_fy2026_budget_request_technical_supplement,T2,"NASA FY 2026 Budget Technical Supplement (May 2025) - SEP section ST-8/ST-10: SEP is now a standalone Space Transportation project, BA $8.5M FY24 / request $7.7->$0 by FY30; dev-cost estimate $223.2M current-year JCL 70% (+9.8% vs the 2022 base of $203.2M); QSAR-1 Jun 2024 -> Feb 2026 (test-facility recertification), QSAR-2 Jun 2025 -> Jun 2027 (cathode welding); life qual test report Oct 2028 -> Jan 2029. Gateway IC EXP-24: 'This budget funds the orderly shutdown of the Gateway program' - $447.5M FY24 / request $267.3 + $212.9 (FY27), zero after; PPE = 12 kW + 6 kW SEP thrusters that 'leveraged STMD investments in advanced electric propulsion systems'. NTP/NEP: 'no funding ... The nuclear propulsion projects are terminated'; DRACO cancelled by its partner. RPS PS-54: $175.5M -> request $139.0M, Pu-238 production continues with DoE (MMRTG for Dragonfly to be completed), NextGen RTG industry sustainment terminated",NASA HQ budget justification / nasa.gov,2025 (FY2026 request),https://www.nasa.gov/wp-content/uploads/2025/05/fy-2026-budget-technical-supplement-002.pdf?emrc=6a9af1a9bbea5,NASA HQ,"full_text_hosted - 15.5 MB PDF (462 pp) pulled live from nasa.gov this machine R84; US government work, public domain","**closes the standing PPE line-item gap** (flagged since R70 as 'OIG Gateway follow-up audits / FY26 budget justification'): the FY 2026 request sunsets Gateway - PPE's host program - with close-out funded through FY 2027, while the 12-kW Hall thruster continues as a standalone SEP project. The $402.5M LCC of record (FY25 CJ) was for the combined PPE+AEPS effort; its successor numbers are here: SEP dev-cost $223.2M JCL-70% and Gateway IC shutdown lines. NTP/NEP termination is recorded context for d11's nuclear rows"
11_spacecraft_power_electric_propulsion,nasa_fy2026_spending_plan_pl11974,T3,"NASA FY 2026 Spending Plan for Appropriations Provided by PL 119-74 (Jul 2026) - enacted budget: SEP $7.2M vs the $7.7M request; Gateway $150.0M inside Moon To Mars Systems Development ($3,465.9M); Space Technology total $920.5M / Space Transportation (GO) $232.6M",NASA HQ appropriations plan / nasa.gov,2026 (FY2026 enacted),https://www.nasa.gov/wp-content/uploads/2026/07/nasa-fy2026-spending-plan-for-appropriations-provided-by-pl11974.pdf?emrc=6a5045346a11e,NASA HQ,"full_text_hosted - 102 KB PDF (6 pp) pulled live from nasa.gov this machine R84; US government work, public domain","Enacted-law confirmation of the FY 2026 request: SEP continues at $7.2M and Gateway's sunset is funded ($150.0M close-out line), so the PPE/SEP split recorded in the technical supplement stands as enacted, not merely requested"
11_spacecraft_power_electric_propulsion,polzin_et_al_2026_nep_technology_maturation_plan,T2,Technology Maturation Plan for High Power Nuclear Electric Propulsion (SNP-PLAN-0043 Rev 1.1),"NASA Technical Publication, NTRS 20260001499 (DOI 10.64631/IFOP7950)",2026,https://doi.org/10.64631/IFOP7950,"Polzin, Curran, Rao, Myers, Duchek, Presby, Dyson, Rodriguez, Palomares & Martin","full_text_hosted - R113 (2026-10-04): 19,872,257-byte PDF (351 pp, Revision 1.1 effective 16 Feb 2026) pulled live from ntrs.nasa.gov (the DOI resolves to NTRS 20260001499); NTRS copyright.determinationType=PUBLIC_USE_PERMITTED; no in-file copyright statement","spacecost propellants.csv row `Nuclear electric  (NEP, xenon)` (TRL 4, Isp 5000 s; gated out because Module 4 has no nuclear power model): Table 2.1 KPPs give the number such a model needs, a power-system specific mass of 24 kg/kWe threshold and 13 kg/kWe target (CTEs 1, 2, 3, 5) at 2-4 MWe of electric-propulsion power, with a crewed Mars mission closing for 13-24 kg/kWe at a nominal 2 MWe; the NESC finding that most key NEP technologies are at or below TRL 4 matches the row's TRL. Numbers in extracted_data/r113_nep_key_numbers.csv"
11_spacecraft_power_electric_propulsion,nasa_sr1_freedom_mission_page,T2,Space Reactor-1 Freedom (mission page),NASA mission web page (nasa.gov/mission/space-reactor-1-freedom),2026,https://www.nasa.gov/mission/space-reactor-1-freedom/,NASA (with DOE),"verified_live_not_pulled - R113 (2026-10-04): page fetched live (HTTP 200) and read; a NASA web page, not committed; figures copied into extracted_data","spacecost propellants.csv `Nuclear electric  (NEP, xenon)` row (TRL 4, 'MW-class flight units are TRL 3-4') and storage_systems.csv `Fission surface power (Kilopower class)`: the first planned fission-electric spacecraft, about 12,000 kg, a 20 kWe HALEU closed-Brayton reactor, a 48 kW Power and Propulsion Element bus and 12-kW AEPS Hall thrusters, launch late 2028 to Mars. 20 kWe over the whole 12 t vehicle is 1.67 We/kg (vehicle, not power system). Numbers in extracted_data/r113_nep_key_numbers.csv"
11_spacecraft_power_electric_propulsion,burns_2022_inl_subscale_maturation_ntp_reactor_testing,T2,Options for Subscale Maturation of Advanced Reactor Technologies Testing for Nuclear Thermal Propulsion (INL/RPT-22-65557),"Idaho National Laboratory report INL/RPT-22-65557, January 2022",2022,https://inldigitallibrary.inl.gov/content/uploads/50/2026/04/Sort_56012.pdf,"Burns, D.; Lenox, K.; O'Brien, R.; Rieco, I. (INL); Palomares, K.; Searight, W. (Analytical Mechanics Associates); Todosow, M. (Brookhaven)","verified_live_not_pulled - R114 (2026-10-04): 91-page PDF read live from the INL digital library; no licence statement read, so not hosted. The key-performance-parameter line (p13) extracted to extracted_data/r114_gr_links_key_numbers.csv","a federal-laboratory statement of the nuclear-thermal key performance parameters behind the `isp_vac_s = 900` cell of the nuclear-thermal row of `propellants.csv`: an exhaust exit temperature above 2,700 K, 10,000-15,000 lbf thrust, 900 s Isp and reactor mass below 3,500 kg, with more than 2 hours cumulative burn and more than 2 restarts. These are requirements for the Space Nuclear Propulsion programme, not a demonstrated result: the demonstrated figure is still the 1960s NERVA record already registered; no revision candidate"
12_destination_environments_physical_constants,kopp_lean_2011_total_solar_irradiance,T1,"A new, lower value of total solar irradiance: Evidence and climate significance",Geophysical Research Letters 38:L01706,2011,https://doi.org/10.1029/2010GL045777,"Kopp, G.; Lean, J.L.","registered_not_pulled — R74 (2026-09-27): registered from the upstream citation; full text not sought, nothing extracted. Metadata checked against the Crossref record for 10.1029/2010GL045777: 'A new, lower value of total solar irradiance: Evidence and climate significance', Geophysical Research Letters 38:n/a-n/a (2011), first author Kopp. Cited upstream: spacecost@e831245 spacecost/units.py solar-irradiance constant; CITATIONS.md section 5. R102 (2026-10-02) re-check: still registered_not_pulled - the AGU legacy PDF path answers HTTP 403 from this machine and Wiley pdfdirect is bot-blocked too, even though OpenAlex flags the paper as open access with that same pdfdirect URL; publisher challenge persists. R136 (2026-10-08): the paper itself is NOT on NTRS as its own record (exact-title sweep returns only companion records); rind_lean_jonas_2014_tsi_impact_on_climate_model_simulations [T1, verified_live_not_pulled] now provides an accessible anchor for the same absolute-TSI question - see domain 12 FINDINGS. R137 (2026-10-09): OpenAlex flags it bronze OA via Wiley pdfdirect (HTTP 403 from this machine); the accessible companion rind_lean_jonas_2014_tsi_impact_on_climate_model_simulations registered in R136 remains the working anchor for the same absolute-TSI question.",environments.csv solar_flux_w_per_m2 and solar_array_mass_factor for every row (1 AU total solar irradiance)
12_destination_environments_physical_constants,tiesinga_2021_codata_2018_constants,T1,CODATA recommended values of the fundamental physical constants: 2018,Reviews of Modern Physics 93:025010,2021,https://doi.org/10.1103/RevModPhys.93.025010,"Tiesinga, E.; Mohr, P.J.; Newell, D.B.; Taylor, B.N.","verified_live_not_pulled - R74 (2026-09-27): registered from the upstream citation; full text not sought, nothing extracted. Metadata checked against Crossref for 10.1103/RevModPhys.93.025010: 'CODATA recommended values of the fundamental physical constants: 2018', Reviews of Modern Physics 93 (2021), first author Tiesinga. Cited upstream: spacecost@e831245 spacecost/units.py gravitational constant (cited as ""CODATA 2018""); CITATIONS.md section 5. R102 (2026-10-02) re-check: still registered_not_pulled - APS paywall and NIST's CODATA value pages behind a Cloudflare JS challenge from this machine. R121 (2026-10-05): full text read in full from this machine via the PMC open-access copy (PMC9890581; article page + efetch XML, ~302k chars of body text) but NOT hostable - the PMC statement allows only 'text mining' and 'fair use under the copyright law', no redistribution licence is granted, and no stable PDF route exists from this machine (the /pdf/main.pdf endpoint answers with an HTML stub). Verbatim (Table I): ""Newtonian constant of gravitation G 6.674 30(15)""; relative std. uncertainty 2.2 x 10^-5 - confirms spacecost/units.py NEWTON_G_M3_PER_KG_S2 = 6.674_30e-11 exactly (consistency anchor; no re-pin). Context-only (R121, 2026-10-05): source verified live and read in full this round; no number extracted into an extracted-data CSV yet - extraction is the follow-up step.",environments.csv surface_gravity and escape_velocity (Newtonian constant of gravitation)
12_destination_environments_physical_constants,iau_2012_resolution_b2_astronomical_unit,T3,IAU 2012 Resolution B2 on the re-definition of the astronomical unit of length,"International Astronomical Union, XXVIII General Assembly",2012,https://syrte.obspm.fr/IAU_resolutions/Res_IAU2012_B2.pdf,IAU,"full_text_hosted — R102 (2026-10-02): full text pulled live from this machine and committed to full_texts/iau_2012_resolution_b2_astronomical_unit.pdf (107,641 B; sha256=3489ebb1e51f7c27…). IAU 2012 General Assembly resolution, official IAU publication (syrte.obspm.fr mirror), no rights statement in file. Read in full this round; the recommendation fixing the astronomical unit at exactly 149,597,870,700 m quoted verbatim into extracted_data/r102_key_constants.csv.",environments.csv one_way_light_time_min (AU as a defined length)
12_destination_environments_physical_constants,bipm_si_brochure_9th_edition,T3,"The International System of Units (SI Brochure, 9th edition): defined speed of light",Bureau International des Poids et Mesures,2019,https://www.bipm.org/en/publications/si-brochure,BIPM,"full_text_hosted — R102 (2026-10-02): full text pulled live from this machine and committed to full_texts/bipm_si_brochure_9th_edition.pdf (1,979,202 B; sha256=5442eea2c680caf7…). BIPM SI Brochure 9th edition (English), Creative Commons Attribution 4.0 statement on p.2 of the file - hostable per repo rules. Read in full this round; the defined value c = 299,792,458 m/s quoted verbatim from the text layer into extracted_data/r102_key_constants.csv.",environments.csv one_way_light_time_min (defined value of c)
12_destination_environments_physical_constants,nasa_nssdca_moon_fact_sheet,T3,Moon Fact Sheet,NASA Space Science Data Coordinated Archive (NSSDCA),2026,https://nssdc.gsfc.nasa.gov/planetary/factsheet/moonfact.html,"Williams, D.R. (NASA GSFC)","full_text_hosted — R102 (2026-10-02): full text pulled live from this machine and committed to full_texts/nasa_nssdca_moon_fact_sheet.html (8,980 B; sha256=a468979dfb4179e3…). NASA NSSDCA planetary fact sheet (US Government work, no rights restriction in page); HTML snapshot of the live page captured this round. Table values read into extracted_data/r102_key_constants.csv.","environments.csv lunar rows: mass, mean radius, synodic day"
12_destination_environments_physical_constants,nasa_nssdca_mars_fact_sheet,T3,Mars Fact Sheet,NASA Space Science Data Coordinated Archive (NSSDCA),2026,https://nssdc.gsfc.nasa.gov/planetary/factsheet/marsfact.html,"Williams, D.R. (NASA GSFC)","full_text_hosted — R102 (2026-10-02): full text pulled live from this machine and committed to full_texts/nasa_nssdca_mars_fact_sheet.html (13,261 B; sha256=366b0ce9b69cbee3…). NASA NSSDCA planetary fact sheet (US Government work, no rights restriction in page); HTML snapshot of the live page captured this round. Table values read into extracted_data/r102_key_constants.csv.","environments.csv Mars surface mass, radius and sol; Phobos row"
12_destination_environments_physical_constants,willner_2014_phobos_shape_topography,T1,Phobos' shape and topography models,Planetary and Space Science 102:51-59,2014,https://doi.org/10.1016/j.pss.2013.12.006,"Willner, K.; Shi, X.; Oberst, J.","verified_live_not_pulled - R74 (2026-09-27): registered from the upstream citation; full text not sought, nothing extracted. Metadata checked against Crossref for 10.1016/j.pss.2013.12.006: 'Phobos' shape and topography models', Planetary and Space Science 102:51-59 (2014), first author Willner. Cited upstream: spacecost@e831245 spacecost/environments.py Phobos row notes; CITATIONS.md section 5. R102 (2026-10-02) re-check: still registered_not_pulled - Elsevier/PSS, no open copy in the Crossref record's links. R121 (2026-10-05): an institutional repository copy IS available and was read in full from this machine - elib.dlr.de/92240/1/...pdf pulled live (Semantic Scholar location; 4,338,083 B sha256=585ee39427b404e6c4afb66c951347392f326082a1fbb03cc6fb9fb27ec5893f, no file committed) but NOT hostable: the in-file statement is '© 2013 Elsevier Ltd. All rights reserved' on both p1 and p9 - publisher copyright outranks repository availability per the R97 convention (the journal article itself remains paywalled). Verbatim: ""degree and order 45 are computed - the Phobos shape model behind environments.csv's Phobos mean radius row. Context-only (R121, 2026-10-05): source verified live and read in full this round; no number extracted into an extracted-data CSV yet - extraction is the follow-up step.",environments.csv Phobos mean radius
12_destination_environments_physical_constants,watanabe_2019_hayabusa2_ryugu_spinning_top,T1,Hayabusa2 arrives at the carbonaceous asteroid 162173 Ryugu - A spinning top-shaped rubble pile,Science 364:268-272,2019,https://doi.org/10.1126/science.aav8032,"Watanabe, S.; Hirabayashi, M.; Hirata, N.; et al.","registered_not_pulled — R74 (2026-09-27): registered from the upstream citation; full text not sought, nothing extracted. Metadata checked against the Crossref record for 10.1126/science.aav8032: 'Hayabusa2 arrives at the carbonaceous asteroid 162173 Ryugu—A spinning top–shaped rubble pile', Science 364:268-272 (2019), first author Watanabe. Cited upstream: spacecost@e831245 spacecost/environments.py 162173 Ryugu row notes; CITATIONS.md section 5. R102 (2026-10-02) re-check: still registered_not_pulled - science.org PDF answers HTTP 403 from this machine. R121 (2026-10-05) retry: the JAXA repository dspace item page (repository.exst.jaxa.jp/dspace/handle/a-is/928996, located via Semantic Scholar / Unpaywall as a green-OA copy) answers HTTP 406 from this machine on all routes; science.org still answers HTTP 403 - still registered_not_pulled. R123 (2026-10-05) retry: the JAXA repository dspace item page repository.exst.jaxa.jp/dspace/handle/a-is/928996 again answers HTTP 406 from this machine - still registered_not_pulled. R137b (2026-10-09): the JAXA DSpace handle (repository.exst.jaxa.jp/dspace/handle/a-is/928996; 406 with Chrome UA, Safari UA works) redirects to jaxa.repo.nii.ac.jp/records/30162 - WEKO record page renders author/title but carries ZERO file markup and its OAI jpcoar_2.0 export answers 'Sorry! This Item has not been mappinged.' -> metadata-only repository item (the paper's DOI 10.1126/science.aav8032 is the Science route, paywalled), stays registered_not_pulled.","environments.csv 162173 Ryugu mass, mean radius, rotation, orbit"
12_destination_environments_physical_constants,yeomans_2000_near_eros_radio_science,T1,Radio Science Results During the NEAR-Shoemaker Spacecraft Rendezvous with Eros,Science 289:2085-2088,2000,https://doi.org/10.1126/science.289.5487.2085,"Yeomans, D.K.; Antreasian, P.G.; Barriot, J.-P.; et al.","registered_not_pulled — R74 (2026-09-27): registered from the upstream citation; full text not sought, nothing extracted. Metadata checked against the Crossref record for 10.1126/science.289.5487.2085: 'Radio Science Results During the NEAR-Shoemaker Spacecraft Rendezvous with Eros', Science 289:2085-2088 (2000), first author Yeomans. Cited upstream: spacecost@e831245 spacecost/environments.py 433 Eros row notes; CITATIONS.md section 5. R102 (2026-10-02) re-check: still registered_not_pulled - science.org PDF answers HTTP 403 from this machine. R134 (2026-10-07): NTRS exact-title search found the record (id 20060031186, AAS Division of Dynamical Astronomy Houston; publication date 2001-04-22) but dissemination=METADATA_ONLY with no downloadable file -> stays registered_not_pulled.",environments.csv 433 Eros mass and mean radius
12_destination_environments_physical_constants,daly_2023_dart_kinetic_impact,T1,Successful kinetic impact into an asteroid for planetary defence,Nature 616:443-447,2023,https://doi.org/10.1038/s41586-023-05810-5,"Daly, R.T.; Ernst, C.M.; Barnouin, O.S.; et al.","full_text_hosted — R102 (2026-10-02): full text pulled live from this machine and committed to full_texts/daly_2023_dart_kinetic_impact.pdf (23,178,459 B; sha256=70076581e558d8f4…). Nature 616:443 (20 April 2023); in-file statement on p.5: 'Open Access This article is licensed under a Creative Commons Attribution 4.0 International License' - hostable per repo rules. Read in full this round; impact site and system albedo passages quoted verbatim into extracted_data/r102_key_constants.csv. NOTE: the measured orbital-period change is NOT in this paper - it is reported by its companion paper (thomas_2023_dimorphos_orbital_period_change, registered separately).","environments.csv 65803 Didymos mass, radius, rotation"
12_destination_environments_physical_constants,russell_2016_dawn_arrives_at_ceres,T1,"Dawn arrives at Ceres: Exploration of a small, volatile-rich world",Science 353:1008-1010,2016,https://doi.org/10.1126/science.aaf4219,"Russell, C.T.; Raymond, C.A.; Ammannito, E.; et al.","registered_not_pulled — R74 (2026-09-27): registered from the upstream citation; full text not sought, nothing extracted. Metadata checked against the Crossref record for 10.1126/science.aaf4219: 'Dawn arrives at Ceres: Exploration of a small, volatile-rich world', Science 353:1008-1010 (2016), first author Russell. Cited upstream: spacecost@e831245 spacecost/environments.py 1 Ceres row notes; CITATIONS.md section 5. R102 (2026-10-02) re-check: still registered_not_pulled - science.org PDF answers HTTP 403 from this machine. R134 (2026-10-07): NTRS exact-title search found the accepted manuscript (id 24111090230174, pub date 2016-01-09) but downloadsAvailable=false with no file -> stays registered_not_pulled.",environments.csv 1 Ceres mass and mean radius
12_destination_environments_physical_constants,nasa_iss_facts_and_figures,T3,International Space Station Facts and Figures,NASA (agency web page),2026,https://www.nasa.gov/international-space-station/space-station-facts-and-figures/,NASA,"full_text_hosted — R102 (2026-10-02): full text pulled live from this machine and committed to full_texts/nasa_iss_facts_and_figures.html (312,315 B; sha256=e301921b564e44d4…). NASA ISS facts-and-figures article (US Government work, no rights restriction in page); HTML snapshot of the live page at the exact URL upstream cites. Verbatim fact sentences read into extracted_data/r102_key_constants.csv.",environments.csv Low Earth orbit (400 km) period and eclipse fraction
12_destination_environments_physical_constants,itu_r_s1003_geostationary_orbit,T3,Recommendation ITU-R S.1003: Environmental protection of the geostationary-satellite orbit,"International Telecommunication Union, Radiocommunication Sector",2010,https://www.itu.int/rec/R-REC-S.1003/en,ITU-R,"verified_live_not_pulled — R74 (2026-09-27): registered from the upstream citation; full text not sought, nothing extracted. Landing page answered HTTP 200 from this machine. Cited upstream: spacecost@e831245 spacecost/environments.py Geostationary orbit row notes; CITATIONS.md section 5. R102 (2026-10-02) re-check: still registered_not_pulled - the ITU landing page answers HTTP 200 but every free-download endpoint pattern probed fails from this machine (rec XML path 404; dologin_pub.asp 500). R116 (2026-10-04): full text pulled live and read in all 6 pages - working route is https://www.itu.int/rec/recommendation.asp?lang=en&parent=R-REC-S.1003-2-201012-I -> /dms_pubrec/itu-r/rec/s/R-REC-S.1003-2-201012-I!!PDF-E.pdf (English PDF, 1,340,810 B, sha256=6e69d438c50fa3bf27aece8c9bdb59cfd1ff70a96bb8e358521266abb776df2e). NOT hostable: p2 “All rights reserved. No part of this publication may be reproduced, by any means whatsoever, without written permission of ITU.” KEY FINDING (rc-079): the document prescribes GSO debris mitigation / end-of-life disposal orbits and contains zero occurrences of “eclipse”, so it does not support upstream’s GEO eclipse-seasons citation.","environments.csv Geostationary orbit eclipse seasons (cited with ""standard GEO mission practice"")"
12_destination_environments_physical_constants,mazarico_2011_lunar_polar_illumination_lola,T1,Illumination conditions of the lunar polar regions using LOLA topography,Icarus 211:1066-1081,2011,https://doi.org/10.1016/j.icarus.2010.10.030,"Mazarico, E.; Neumann, G.A.; Smith, D.E.; Zuber, M.T.; Torrence, M.H.","registered_not_pulled — R74 (2026-09-27): registered from the upstream citation; full text not sought, nothing extracted. Metadata checked against the Crossref record for 10.1016/j.icarus.2010.10.030: 'Illumination conditions of the lunar polar regions using LOLA topography', Icarus 211:1066-1081 (2011), first author Mazarico. Cited upstream: spacecost@e831245 spacecost/environments.py Lunar surface (polar ridge) row notes; CITATIONS.md section 5. R102 (2026-10-02) re-check: still registered_not_pulled - Elsevier/Icarus, no open copy in the Crossref record's links and an arXiv title query returns zero results. R133 (2026-10-07): NTRS exact-title search returns no record for the Icarus paper; its Table values are quoted verbatim in Glaser et al. 2017, now registered as glaser_oberst_mazarico_et_al_2017_lunar_pole_illumination and hosted - its numbers are reachable through that document.",environments.csv Lunar surface (polar ridge) illumination fraction
12_destination_environments_physical_constants,appelbaum_flood_1989_tm102299_solar_radiation_mars,T2,Solar radiation on Mars (NASA TM-102299),NASA Technical Memorandum TM-102299,1989,https://ntrs.nasa.gov/citations/19890018252,"Appelbaum, J.; Flood, D.J.","full_text_hosted — R102 (2026-10-02): full text pulled live from this machine and committed to full_texts/appelbaum_flood_1989_tm102299_solar_radiation_mars.pdf (1,433,866 B; sha256=8657929f918b796c…). NTRS record 19890018252, determination GOV_PUBLIC_USE_PERMITTED. NASA TM-102299 (August 1989), Appelbaum & Flood, Lewis Research Center - 'Solar Radiation on Mars'; read in full this round; it is the direct institutional source for environments.csv solar_flux_w_per_m2 on the Mars rows (mean beam irradiance at the top of a clear Martian atmosphere = 590 W/m², Eq. (4), quoted verbatim into extracted_data/r102_key_constants.csv).",environments.csv Mars surface insolation and the dust caveat on that row
12_destination_environments_physical_constants,warner_harris_pravec_2009_asteroid_lightcurve_database,T1,The asteroid lightcurve database,Icarus 202:134-146,2009,https://doi.org/10.1016/j.icarus.2009.02.003,"Warner, B.D.; Harris, A.W.; Pravec, P.","registered_not_pulled — R74 (2026-09-27): registered from the upstream citation; full text not sought, nothing extracted. Metadata checked against the Crossref record for 10.1016/j.icarus.2009.02.003: 'The asteroid lightcurve database', Icarus 202:134-146 (2009), first author Warner. Cited upstream: spacecost@e831245 CITATIONS.md section 5 (generic asteroid rotation period). R102 (2026-10-02) re-check: still registered_not_pulled - Elsevier/Icarus, no open copy in the Crossref record's links.",environments.csv generic asteroid rows: population-median rotation period
12_destination_environments_physical_constants,thomas_2023_dimorphos_orbital_period_change,T1,"Orbital period change of Dimorphos due to the DART kinetic impact (Nature 616:448-457, 20 April 2023)",Nature,2023,https://doi.org/10.1038/s41586-023-05805-2,"Thomas, C.A.; Naidu, S.P.; Scheirich, P.; et al.","full_text_hosted — R102 (2026-10-02): registered AND pulled this round - the companion paper to daly_2023_dart_kinetic_impact that carries the MEASURED orbital-period change upstream's Didymos row points at. PDF from nature.com (Crossref-verified DOI); 11,488,628 B; sha256=43d2d528e9bea63d… committed to full_texts/. In-file statement p.4: 'Open Access This article is licensed under a Creative Commons Attribution 4.0 International License' - hostable per repo rules. Read in full this round; period change −33.0 ± 1.0 (3σ) min, pre-impact period 11.92148 h and both post-impact periods quoted verbatim into extracted_data/r102_key_constants.csv.","environments.csv 65803 Didymos mass, radius, rotation - the measured outcome of the kinetic impact (companion to daly_2023_dart_kinetic_impact)"
12_destination_environments_physical_constants,ecss_e_hb_31_01_part15a_existing_satellites,T3,"ECSS-E-HB-31-01 Part 15A (Rev A): Space engineering - Thermal design handbook, Part 15: Existing Satellites",European Cooperation for Space Standardization (ECSS) / ESA ESTEC Requirements & Standards Division,2011,https://ecss.nl/wp-content/uploads/handbooks/ecss-e-hb/ECSS-E-HB-31-01_Part15A.pdf,"ECSS Working Group (ECSS Secretariat, ESA-ESTEC)","verified_live_not_pulled — R116 (2026-10-04): PDF pulled live from ecss.nl and read in full (136 pp; 1781591 B, sha256=a070293c9134359bfecb0ff80382a63f4cbf01a23513656fa2e09548b69b98ff). No copyright or licence statement anywhere in the file -> not hostable under this repo’s rules (same class as cospar_2026_planetary_protection_policy, R113); hash-recorded only. Content: case studies of existing satellites incl. OTS (§5): GEO orbit over Gabon with “Maximum eclipse of 72 minutes” (p35) and equinox operational mode changes / pre-eclipse heater switching (p44, Bouchez & Gülpen data).",environments.csv Geostationary orbit row - the real source behind “up to 72 min a day” and “eclipses only near the equinoxes” that upstream attributes to ITU-R S.1003; see rc-079
12_destination_environments_physical_constants,glaser_oberst_mazarico_et_al_2017_lunar_pole_illumination,T1,Illumination conditions at the lunar poles: Implications for future exploration,Planetary and Space Science 162:170-178 (accepted manuscript),2017,https://doi.org/10.1016/j.pss.2017.07.006,"Glaser, P.; Oberst, J.; Neumann, G.A.; Mazarico, E.; Speyerer, E.J.; Robinson, M.S.","full_text_hosted — R133 (2026-10-07): NTRS 20170007365 accepted manuscript (stiType ACCEPTED_MANUSCRIPT; copyright.determinationType=PUBLIC_USE_PERMITTED) pulled from this machine and read in full; no in-file copyright statement (the 'Preprint submitted to PSS June 29, 2017' line is a pre-publication notice). Crossref-verified: Planetary and Space Science 162 (Nov 2018):170-178, DOI 10.1016/j.pss.2017.07.006. Table 1 quotes Mazarico et al. (2011) values verbatim - the source behind upstream's ~86% polar-ridge figure.",environments.csv Lunar surface (polar ridge) illumination fraction (~86% over a year; worst continuous darkness 'a few days') - Table 1 quotes the cited Mazarico et al. 2011 row verbatim
12_destination_environments_physical_constants,rind_lean_jonas_2014_tsi_impact_on_climate_model_simulations,T1,"Rind, D.H.; Lean, J.L.; Jonas, J., ""The Impact of Different Absolute Solar Irradiance Values on Current Climate Model Simulations""",Journal of Climate 27 (DOI 10.1175/JCLI-D-13-00136.1); NTRS copy 20150011099,2014,https://doi.org/10.1175/JCLI-D-13-00136.1,Rind (NASA GISS); Lean (NRL); Jonas (Columbia),"verified_live_not_pulled - R136 (2026-10-08): full 21-page paper pulled from NTRS 20150011099 and read in full; determinationType=PUBLIC_USE_PERMITTED but the file carries an in-file copyright ('(c) 2014 American Meteorological Society', J. Climate 27) -> extraction-only per the R94 rule (in-file rights statement outranks NTRS flag). Companion to kopp_lean_2011_total_solar_irradiance: quantifies the climate impact of the absolute-TSI difference.","d12 accessible anchor for the TSI question behind environments.csv solar_flux_w_per_m2: GISS GAM3 simulations with 1990s-radiometer vs SORCE irradiance differ by 'a global temperature change of 0.48C, comparable to the cooling estimated for the Maunder Minimum' (unadjusted) - numbers in r136_tsi_impact_key_numbers.csv"
13_astrodynamics_methods_ephemerides_software,izzo_2015_revisiting_lamberts_problem,T1,Revisiting Lambert's problem,Celestial Mechanics and Dynamical Astronomy 121:1-15,2015,https://doi.org/10.1007/s10569-014-9587-y,"Izzo, D.","full_text_hosted - R74 (2026-09-27): registered from the upstream citation; full text not sought, nothing extracted. Metadata checked against Crossref for 10.1007/s10569-014-9587-y: 'Revisiting Lambert’s problem', Celestial Mechanics and Dynamical Astronomy 121:1-15 (2014), first author Izzo; Crossref dates it 2014 (online first); the volume is 2015. Cited upstream: economicspace@1f470d4 research/starred-repos/orbital.py lambert_izzo; CITATIONS.md section 4; FINDINGS.md F4. R121 (2026-10-05): full text pulled live via export.arxiv.org/pdf/1403.2705v2 and committed to full_texts/izzo_2015_revisiting_lamberts_problem_celestial_mech_dynam_astron_arxiv1403.2705.pdf (859,375 B sha256=0db5671f894283789e27a42cfdb14dcb2922225b17261a45ee79a708b2a737b7); 17 pages; the arXiv abs page carries a CC0 public domain dedication ('Rights to this article' -> creativecommons.org/licenses/publicdomain/, re-checked this round) and no in-file copyright statement was found - hostable under the public-domain token. Verbatim (abstract): ""Building upon Lancaster and Blanchard approach""; also: 'The orbital boundary value problem, also known as Lambert Problem, is revisited.' ('Problem' hyphenated across a line break in the PDF text layer). The algorithm behind economicspace's lambert_izzo oracle. Context-only (R121, 2026-10-05): source verified live and read in full this round; no number extracted into an extracted-data CSV yet - extraction is the follow-up step.","economicspace Lambert oracle (probe_lambert.py, F4): the algorithm implemented from the paper"
13_astrodynamics_methods_ephemerides_software,vallado_fundamentals_astrodynamics_applications,T4,"Fundamentals of Astrodynamics and Applications (textbook), Example 7-5",Microcosm Press / Springer (edition not stated upstream),n.d. (upstream gives no edition),https://www.worldcat.org/search?q=Fundamentals+of+Astrodynamics+and+Applications+Vallado,"Vallado, D.A.","registered_not_pulled — R74 (2026-09-27): registered from the upstream citation; full text not sought, nothing extracted. Landing page answered HTTP 429 to this machine (bot or rate limit; not worked around). Cited upstream: economicspace@1f470d4 CITATIONS.md section 4; research/starred-repos/FINDINGS.md F4.",validation case for the Lambert oracle (published worked example)
13_astrodynamics_methods_ephemerides_software,mathar_2021_kepler_equation_first_estimates,T4,Improved First Estimates to the Solution of Kepler's Equation,arXiv preprint arXiv:2108.03215,2021,https://arxiv.org/abs/2108.03215,"Mathar, R.J.","verified_live_not_pulled — R74 (2026-09-27): registered from the upstream citation; landing page answered HTTP 200. Cited upstream: economicspace@1f470d4 research/starred-repos/orbital.py kepler_E; CITATIONS.md section 4. R119 (2026-10-05): full text pulled live via export.arxiv.org/pdf/2108.03215v3 (latest version, dated 30 Jun 2025) and read in full from this machine but NOT hostable - the arXiv abs page carries only the default non-exclusive distribution licence with no Creative Commons licence, so redistribution into GR is barred by the R70 audit lesson / R113 precedent; v3 hash recorded here: 403,121 B sha256=cd99051b11f04c489fd3c282bbcc4a0e38766f1f86ed71d8d604653d6cd2aae2 (no file committed). Confirms content = a novel starting guess for Kepler's equation E given e and M - the starter orbital.py kepler_E cites.",Context-only: Kepler-equation starter and quartic Newton step in orbital.py kepler_E (reached via skyfield)
13_astrodynamics_methods_ephemerides_software,jpl_horizons_api,T3,JPL Horizons ephemeris system API,NASA/JPL Solar System Dynamics (live service),2026,https://ssd.jpl.nasa.gov/api/horizons.api,JPL Solar System Dynamics Group,"open_service - live service re-verified from this machine 2026-10-03 (R109): Horizons API v1.3 at https://ssd.jpl.nasa.gov/api/horizons.api answered JSON for a Mars OBSERVER ephemeris and a Bennu VECTORS query; evidence snapshots + key numbers in extracted_data/r109_horizons_*.json / r109_jpl_astrodynamics_services_key_numbers.csv. v1.3 (2025 June) BREAKING CHANGE vs the pre-2025 docs: parameter EPH_TYPE renamed EPHEM_TYPE - old-style queries now fail with 400 'one or more query parameter was not recognized'. The dead URL recorded in rc-049 (economicspace CITATIONS.md, https://ssd-api.jpl.nasa.gov/horizons.api) re-checked 2026-10-03: still HTTP 404.",recommended oracle for bounding the two-body error in the F4 Lambert oracle; not yet used upstream
13_astrodynamics_methods_ephemerides_software,neodys_orbit_covariance_service,T3,NEODyS-2: Near Earth Objects Dynamic Site (orbital elements with 6x6 covariance),University of Pisa / SpaceDyS (live service),2026,https://newton.spacedys.com/neodys/,University of Pisa; SpaceDyS,"registered_not_pulled - R74 (2026-10-03 re-check): newton.spacedys.com/neodys/ now serves an anti-bot interstitial ('Making sure you're not a bot!', 3,629 B challenge page) from this machine instead of the JS app shell recorded in R74; no API surface reachable without solving it -> stays registered_not_pulled. Cited upstream: economicspace CITATIONS.md (astroquery pointed at the NEODyS covariance service).",recommended per-object orbit covariance source; not yet used upstream
13_astrodynamics_methods_ephemerides_software,jpl_de441_small_body_perturber_kernels,T3,"JPL DE441 small-body perturber SPK kernels (sb441-n16, sb441-n373) and the NAIF kernel archive",NASA/JPL Solar System Dynamics / NAIF (data files),2021,https://ssd.jpl.nasa.gov/ftp/eph/small_bodies/asteroids_de441/,JPL Solar System Dynamics Group; NAIF,"open_service - kernel directory https://ssd.jpl.nasa.gov/ftp/eph/small_bodies/asteroids_de441/ re-pulled live from this machine 2026-10-03 (R109): sb441-n16.bsp 615.8 MB, sb441-n373s.bsp 936.6 MB, sb441-n373.bsp 14.13 GB - all exceed the ~36 MB repo size cap so they are URL'd + size/date-recorded in extracted_data/, not committed; the I/O manual SB441_IOM392R-21-005 is registered as its own source row (jpl_sb441_iom_perturber_manual, full_text_hosted) and hosted under this domain's full_texts/.",recommended offline harness to bound the Lambert oracle two-body assumption; not yet used upstream
13_astrodynamics_methods_ephemerides_software,github_python_skyfield,T4,"skyfielders/python-skyfield (GitHub repository, MIT)",open-source software repository (MIT),2026,https://github.com/skyfielders/python-skyfield,skyfielders,"verified_live_not_pulled - R122 (2026-10-05): repository re-verified live from this machine via api.github.com/repos/skyfielders/python-skyfield — public, 1,780 stars, license MIT, last push 2026-09-29; nothing extracted. Context-only (R122, 2026-10-05): software repository verified live via GitHub API - it is a dependency reference; no numbers to extract into an extracted-data CSV.","economicspace repository audit: code adapted: kepler_E, true_anomaly and elements_to_state in research/starred-repos/orbital.py"
13_astrodynamics_methods_ephemerides_software,github_space_datasets,T4,"juliensimon/space-datasets (GitHub repository, MIT)",open-source software repository (MIT),2026,https://github.com/juliensimon/space-datasets,juliensimon,"verified_live_not_pulled - R122 (2026-10-05): repository re-verified live from this machine via api.github.com/repos/juliensimon/space-datasets — public, 13 stars, license NOASSERTION, last push 2026-10-06; nothing extracted. Context-only (R122, 2026-10-05): software repository verified live via GitHub API - it is a dependency reference; no numbers to extract into an extracted-data CSV.","economicspace repository audit: the PDS3 column layout for the SDSS taxonomy table, and the JPL NHATS endpoint used by probe_nhats.py"
13_astrodynamics_methods_ephemerides_software,github_astroquery,T4,"astropy/astroquery (GitHub repository, BSD-3-Clause)",open-source software repository (BSD-3-Clause),2026,https://github.com/astropy/astroquery,astropy,"verified_live_not_pulled - R122 (2026-10-05): repository re-verified live from this machine via api.github.com/repos/astropy/astroquery — public, 794 stars, license BSD-3-Clause, last push 2026-10-02; nothing extracted. Context-only (R122, 2026-10-05): software repository verified live via GitHub API - it is a dependency reference; no numbers to extract into an extracted-data CSV.",economicspace repository audit: nothing taken; showed the IRSA async-TAP approach and pointed to the NEODyS covariance service
13_astrodynamics_methods_ephemerides_software,github_space_map,T4,"julie-dujardin/space-map (GitHub repository, AGPL-3.0)",open-source software repository (AGPL-3.0),2026,https://github.com/julie-dujardin/space-map,julie-dujardin,"verified_live_not_pulled - R122 (2026-10-05): repository re-verified live from this machine via api.github.com/repos/julie-dujardin/space-map — public, 2 stars, license AGPL-3.0, last push 2026-10-05; nothing extracted. Context-only (R122, 2026-10-05): software repository verified live via GitHub API - it is a dependency reference; no numbers to extract into an extracted-data CSV.",economicspace repository audit: nothing taken; showed that SBDB publishes a field list (how condition_code was found missing)
13_astrodynamics_methods_ephemerides_software,github_z3,T4,"Z3Prover/z3 (GitHub repository, MIT)",open-source software repository (MIT),2026,https://github.com/Z3Prover/z3,Z3Prover,"verified_live_not_pulled - R122 (2026-10-05): repository re-verified live from this machine via api.github.com/repos/Z3Prover/z3 — public, 12,752 stars, license NOASSERTION, last push 2026-10-05; nothing extracted. Context-only (R122, 2026-10-05): software repository verified live via GitHub API - it is a dependency reference; no numbers to extract into an extracted-data CSV.",economicspace repository audit: nothing taken yet
13_astrodynamics_methods_ephemerides_software,github_pyomo,T4,"Pyomo/pyomo (GitHub repository, BSD-3-Clause)",open-source software repository (BSD-3-Clause),2026,https://github.com/Pyomo/pyomo,Pyomo,"verified_live_not_pulled - R122 (2026-10-05): repository re-verified live from this machine via api.github.com/repos/Pyomo/pyomo — public, 2,539 stars, license NOASSERTION, last push 2026-09-30; nothing extracted. Context-only (R122, 2026-10-05): software repository verified live via GitHub API - it is a dependency reference; no numbers to extract into an extracted-data CSV.",economicspace repository audit: nothing taken
13_astrodynamics_methods_ephemerides_software,github_pymc,T4,"pymc-devs/pymc (GitHub repository, Apache-2.0)",open-source software repository (Apache-2.0),2026,https://github.com/pymc-devs/pymc,pymc-devs,"verified_live_not_pulled - R122 (2026-10-05): repository re-verified live from this machine via api.github.com/repos/pymc-devs/pymc — public, 9,795 stars, license NOASSERTION, last push 2026-10-05; nothing extracted. Context-only (R122, 2026-10-05): software repository verified live via GitHub API - it is a dependency reference; no numbers to extract into an extracted-data CSV.",economicspace repository audit: nothing taken yet
13_astrodynamics_methods_ephemerides_software,github_mesa,T4,"projectmesa/mesa (GitHub repository, Apache-2.0)",open-source software repository (Apache-2.0),2026,https://github.com/projectmesa/mesa,projectmesa,"verified_live_not_pulled - R122 (2026-10-05): repository re-verified live from this machine via api.github.com/repos/projectmesa/mesa — public, 3,876 stars, license Apache-2.0, last push 2026-10-06; nothing extracted. Context-only (R122, 2026-10-05): software repository verified live via GitHub API - it is a dependency reference; no numbers to extract into an extracted-data CSV.",economicspace repository audit: nothing taken (listed upstream as mesa/mesa)
13_astrodynamics_methods_ephemerides_software,github_openscvx,T4,"OpenSCvx/OpenSCvx (GitHub repository, Apache-2.0)",open-source software repository (Apache-2.0),2026,https://github.com/OpenSCvx/OpenSCvx,OpenSCvx,"verified_live_not_pulled - R122 (2026-10-05): repository re-verified live from this machine via api.github.com/repos/OpenSCvx/OpenSCvx — public, 70 stars, license Apache-2.0, last push 2026-10-04; nothing extracted. Context-only (R122, 2026-10-05): software repository verified live via GitHub API - it is a dependency reference; no numbers to extract into an extracted-data CSV.",economicspace repository audit: nothing taken
13_astrodynamics_methods_ephemerides_software,github_pygmo2,T4,"esa/pygmo2 (GitHub repository, MPL-2.0)",open-source software repository (MPL-2.0),2026,https://github.com/esa/pygmo2,esa,"verified_live_not_pulled - R122 (2026-10-05): repository re-verified live from this machine via api.github.com/repos/esa/pygmo2 — public, 542 stars, license MPL-2.0, last push 2026-10-05; nothing extracted. Context-only (R122, 2026-10-05): software repository verified live via GitHub API - it is a dependency reference; no numbers to extract into an extracted-data CSV.",economicspace repository audit: nothing taken
13_astrodynamics_methods_ephemerides_software,github_polars,T4,"pola-rs/polars (GitHub repository, MIT)",open-source software repository (MIT),2026,https://github.com/pola-rs/polars,pola-rs,"verified_live_not_pulled - R122 (2026-10-05): repository re-verified live from this machine via api.github.com/repos/pola-rs/polars — public, 39,917 stars, license MIT, last push 2026-10-05; nothing extracted. Context-only (R122, 2026-10-05): software repository verified live via GitHub API - it is a dependency reference; no numbers to extract into an extracted-data CSV.",economicspace repository audit: nothing taken
13_astrodynamics_methods_ephemerides_software,github_spacekit,T4,"typpo/spacekit (GitHub repository, MIT)",open-source software repository (MIT),2026,https://github.com/typpo/spacekit,typpo,"verified_live_not_pulled - R122 (2026-10-05): repository re-verified live from this machine via api.github.com/repos/typpo/spacekit — public, 583 stars, license MIT, last push 2026-04-10; nothing extracted. Context-only (R122, 2026-10-05): software repository verified live via GitHub API - it is a dependency reference; no numbers to extract into an extracted-data CSV.",economicspace repository audit: nothing taken; its per-body Kepler solve is the technique behind the ui.py orbit diagram
13_astrodynamics_methods_ephemerides_software,github_brahe,T4,"duncaneddy/brahe (GitHub repository, MIT)",open-source software repository (MIT),2026,https://github.com/duncaneddy/brahe,duncaneddy,"verified_live_not_pulled - R122 (2026-10-05): repository re-verified live from this machine via api.github.com/repos/duncaneddy/brahe — public, 103 stars, license MIT, last push 2026-10-04; nothing extracted. Context-only (R122, 2026-10-05): software repository verified live via GitHub API - it is a dependency reference; no numbers to extract into an extracted-data CSV.",economicspace repository audit: nothing taken yet; recommended for its SPICE reader and Horizons SPK client
13_astrodynamics_methods_ephemerides_software,github_pds4_tools,T4,"Small-Bodies-Node/pds4_tools (GitHub repository, BSD-3-Clause)",open-source software repository (BSD-3-Clause),2026,https://github.com/Small-Bodies-Node/pds4_tools,Small-Bodies-Node,"verified_live_not_pulled - R122 (2026-10-05): repository re-verified live from this machine via api.github.com/repos/Small-Bodies-Node/pds4_tools — public, 26 stars, license not machine-detected, last push 2026-02-14; nothing extracted. Context-only (R122, 2026-10-05): software repository verified live via GitHub API - it is a dependency reference; no numbers to extract into an extracted-data CSV.",economicspace repository audit: nothing taken
13_astrodynamics_methods_ephemerides_software,github_nyx,T4,"nyx-space/nyx (GitHub repository, AGPL-3.0)",open-source software repository (AGPL-3.0),2026,https://github.com/nyx-space/nyx,nyx-space,"verified_live_not_pulled - R122 (2026-10-05): repository re-verified live from this machine via api.github.com/repos/nyx-space/nyx — public, 495 stars, license AGPL-3.0, last push 2026-10-02; nothing extracted. Context-only (R122, 2026-10-05): software repository verified live via GitHub API - it is a dependency reference; no numbers to extract into an extracted-data CSV.",economicspace repository audit: nothing taken (copyleft; Lambert deliberately implemented from the paper instead)
13_astrodynamics_methods_ephemerides_software,github_campyros,T4,"cuspaceflight/CamPyRoS (GitHub repository, GPL-3.0)",open-source software repository (GPL-3.0),2026,https://github.com/cuspaceflight/CamPyRoS,cuspaceflight,"verified_live_not_pulled - R122 (2026-10-05): repository re-verified live from this machine via api.github.com/repos/cuspaceflight/CamPyRoS — public, 36 stars, license GPL-3.0, last push 2025-07-27; nothing extracted. Context-only (R122, 2026-10-05): software repository verified live via GitHub API - it is a dependency reference; no numbers to extract into an extracted-data CSV.",economicspace repository audit: nothing taken
13_astrodynamics_methods_ephemerides_software,github_celestia,T4,"CelestiaProject/Celestia (GitHub repository, GPL-2.0)",open-source software repository (GPL-2.0),2026,https://github.com/CelestiaProject/Celestia,CelestiaProject,"verified_live_not_pulled - R122 (2026-10-05): repository re-verified live from this machine via api.github.com/repos/CelestiaProject/Celestia — public, 2,369 stars, license GPL-2.0, last push 2026-10-04; nothing extracted. Context-only (R122, 2026-10-05): software repository verified live via GitHub API - it is a dependency reference; no numbers to extract into an extracted-data CSV.",economicspace repository audit: nothing taken
13_astrodynamics_methods_ephemerides_software,jpl_sb441_iom_perturber_manual,T2,JPL interoffice memorandum SB441_IOM392R-21-005 (Farnocchia): Small-Body Perturber Files SB441-N16 and SB441-N373 - the I/O manual for the DE441 perturber kernels,JPL Interoffice Memorandum 392R,2021,https://ssd.jpl.nasa.gov/ftp/eph/small_bodies/asteroids_de441/SB441_IOM392R-21-005_perturbers.pdf,"Farnocchia (JPL, Caltech)","full_text_hosted - JPL I/O memorandum pulled live from ssd.jpl.nasa.gov this machine and committed under full_texts/ (993,300 B, sha256 124fe0fb48f8...); US government work published at nasa.gov with no in-file copyright statement -> public-domain. Context-only (R109, 2026-10-03): source verified live and read in full - kernel inventory + usage notes; no number extracted into an extracted-data CSV yet.",jpl_de441_small_body_perturber_kernels: the authoritative I/O documentation for those kernels (how to load sb441-n*/n373s with JPL planetary ephemerides)
14_propellant_consumable_prices,dla_energy_aerospace_standard_prices_fy2020,T3,"Aerospace Energy Standard Prices for DoD customers, FY2020 (hydrazine, MMH, N2O4)",Defense Logistics Agency Energy,2019,https://www.dla.mil/Portals/104/Documents/Energy/Standard%20Prices/Aerospace%20Prices/E_2019Oct1AerospaceStandardPrices_190920.pdf,DLA Energy,"registered_not_pulled — R74 (2026-09-27): registered from the upstream citation; full text not sought, nothing extracted. Landing page answered HTTP 403 to this machine (bot or rate limit; not worked around). Cited upstream: spacecost@e831245 spacecost/propellants.py MMH/NTO and hydrazine rows and component-price comment; CITATIONS.md section 2. R100 re-check (2026-10-02): FY20/FY24/FY25 PDF URLs and the landing page all still answer HTTP 403 from this machine (bot protection, not worked around); web.archive.org remains DNS-blocked here - stays in queue. R130 re-check (2026-10-06): the cited FY2019 file URL and the guessed FY2020 filename both answer HTTP 403 (Akamai) from this machine; the standard-prices landing page has moved to dla.mil/Energy/Business/Standard-Prices (live, current aerospace PDF effective Oct 1 2026 per search index), but its raw HTML is also Akamai-gated here and server-side extraction was quota-exhausted mid-round - stays in queue; the FY2019 file itself no longer appears in any search index. R131 re-check (2026-10-07): the current successor letter was located via search index and its full price list read live this round (see dla_energy_aerospace_standard_prices_fy2025 row) - MMH $225.40/LB, hydrazine HPH/H70-WATER $165.75/LB, NTO MON-3 $106.42/LB; the FY2019 file itself still appears in no search index and direct fetch is still Akamai-blocked - stays registered.","propellants.csv ref_cost for hydrazine, MMH and N2O4 (and every combined row built from them)"
14_propellant_consumable_prices,sets_space_2024_hall_propellant_prices,T4,"Xenon, Krypton, or Argon Propellants for Hall Thruster: Efficiency, Properties, Applications, and Cost",SETS (Space Electric Thruster Systems) company blog,2024,https://sets.space/xenon-krypton-or-argon-propellants-for-hall-thruster-efficiency-properties-applications-and-cost/,SETS,"verified_live_not_pulled — R74 (2026-09-27): registered from the upstream citation; landing page answered HTTP 200. Cited upstream: spacecost@e831245 spacecost/propellants.py Xenon and Argon rows and component-price comment; CITATIONS.md section 2. R100 (2026-10-02): full page fetched and read this round (~11,242 chars); the three price ranges extracted verbatim into extracted_data/r100_noble_gas_price_key_numbers.csv - re-classed from registered_not_pulled.",propellants.csv xenon and argon ref_cost
14_propellant_consumable_prices,mobius_2024_fueling_starships_methane,T4,Fueling Starships,Mobius Market Research (Mobius Risk Group newsletter),2024,https://research.mobiusriskgroup.com/p/fueling-starships,Mobius Risk Group,"registered_not_pulled — R74 (2026-09-27): registered from the upstream citation; full text not sought, nothing extracted. Landing page answered HTTP 200 from this machine. Cited upstream: spacecost@e831245 spacecost/propellants.py methalox row and LCH4 component-price comment (with ""Energy CG""); CITATIONS.md section 2. R100 re-check (2026-10-02): page still answers HTTP 200 but the article body is client-side rendered (Substack) - static HTML carries no $ figures; the ~$400/tonne LCH4 claim remains unverifiable from this machine.",propellants.csv LCH4 component price behind the methalox row
14_propellant_consumable_prices,haltermann_solutions_rp1,T4,Haltermann Solutions RP-1 bulk pricing,Haltermann Solutions (manufacturer),n.d.,https://www.haltermannsolutions.com/,Haltermann Solutions,"registered_not_pulled — R74 (2026-09-27): registered from the upstream citation; full text not sought, nothing extracted. Landing page answered HTTP 200 from this machine. Cited upstream: spacecost@e831245 spacecost/propellants.py RP-1 component-price comment. R100 re-check (2026-10-02): page answers HTTP 200 but static HTML is navigation/menu only - no $ price figure present; upstream's RP-1 bulk-price citation resolves to a quote-request site, not a published number.",propellants.csv RP-1 component price behind the kerolox row
14_propellant_consumable_prices,spaceinsider_rp1_price,T4,SpaceInsider reporting on RP-1 price (article not named upstream),SpaceInsider (trade press),n.d.,https://spaceinsider.tech/,SpaceInsider,"verified_live_not_pulled — R74 (2026-09-27): registered from the upstream citation; full text not sought, nothing extracted. Landing page answered HTTP 200 from this machine. Cited upstream: spacecost@e831245 spacecost/propellants.py RP-1 component-price comment. R100 re-check (2026-10-02): site answers HTTP 200 but the specific RP-1 article is still unnamed upstream and no $ figure was found in the fetched HTML; stays unresolvable until the article URL is identified. R127 (2026-10-06): the specific article was located and read live this round - spaceinsider.tech/2023-06-13/how-much-does-rocket-fuel-cost ('How Much Does Rocket Fuel Really Cost?', June 13, 2023; HTTP 200 from this machine). Verbatim (whitespace-normalized): 'RP-1 presents a cheaper option at $2.3/kg' against 'LH2 costs around $6.1 a kilogram', CH4 '$8.8/kg', LOX '$0.27/kg' - all attributed in the article to moving-average US defense prices with the Defense Working Capital Fund as the standard-price reference; worked example: Falcon 9 propellant (312,200 kg LOX + 186,006 kg RP-1) = ~$512,108 per launch. No copyright statement on the page -> NOT hostable under any licence token; hash-recorded + URL'd. Context-only (R127, 2026-10-06): source verified live and read in full this round - FIRST T4 anchor for d14's RP-1 component price behind the kerolox row ($2.3/kg defense moving-average); no number extracted into an extracted-data CSV yet - extraction is the follow-up step.",propellants.csv RP-1 component price behind the kerolox row
14_propellant_consumable_prices,efc_gases_xenon_krypton_space_propulsion,T4,Electronic Fluorocarbons (EFC) xenon and krypton for space propulsion (2023 xenon price reference),EFC Gases & Advanced Materials (supplier),2023,https://www.efcgases.com/applications/aerospace/,EFC Gases & Advanced Materials,"registered_not_pulled — R74 (2026-09-27): registered from the upstream citation; full text not sought, nothing extracted. Landing page answered HTTP 200 from this machine. Cited upstream: spacecost@e831245 spacecost/propellants.py Xenon row notes and component-price comment. R100 re-check (2026-10-02): page answers HTTP 200 but static HTML carries no $ price figure (quote-request form only); upstream's '$10k/kg 2023 EFC reference' is not verifiable from the live page.","propellants.csv xenon ref_cost ($10k/kg ""2023 EFC reference"")"
14_propellant_consumable_prices,aqua_calc_lox_bulk_price,T4,aqua-calc liquid-oxygen bulk price figure,aqua-calc.com (web calculator site),n.d.,https://www.aqua-calc.com/,aqua-calc,"registered_not_pulled — R74 (2026-09-27): registered from the upstream citation; full text not sought, nothing extracted. Landing page answered HTTP 403 to this machine (bot or rate limit; not worked around). Cited upstream: spacecost@e831245 spacecost/propellants.py LOX component-price comment (with Astronautix). R100 re-check (2026-10-02): still answers HTTP 403 from this machine; stays in queue.",propellants.csv LOX component price behind every LOX bipropellant row
14_propellant_consumable_prices,inl_rpt_23_75203_krypton_xenon_recovery_cost_benefit,T2,Cost-Benefit Assessment of Krypton and Xenon Recovery from Aqueous Reprocessing (INL/RPT-23-75203),Idaho National Laboratory / PNNL for DOE Systems Analysis & Integration,2023,https://www.osti.gov/biblio/2377416,Bryan; McDowell; Welty; Kropp; Fujimoto; Hansen (INL); Riley; Thallapally (PNNL),"full_text_hosted — R100 (2026-10-02): full PDF pulled from inldigitallibrary.inl.gov (574,435 B; sha256=d0600687…) and committed to 14_propellant_consumable_prices/full_texts/ (OSTI record osti.gov/biblio/2377416); p.2 carries the standard U.S.-government-work disclaimer ('This information was prepared as an account of work sponsored by an agency of the U.S. Government') - public domain, hostable per access rule 1. Read in full this round: market assessment (Kr ~$1/L, Xe ~$60/L, Q1-2023) and Table 3 per-unit capture costs extracted into extracted_data/r100_noble_gas_price_key_numbers.csv.","propellants.csv Krypton and Xenon ref_cost ($300 / $10,000 per kg) + rc-059 evidence"
14_propellant_consumable_prices,iea_global_hydrogen_review_2024,T3,Global Hydrogen Review 2024 (published 02 October 2024),International Energy Agency (Clean Energy Ministerial Hydrogen Initiative),2024,https://www.iea.org/reports/global-hydrogen-review-2024,IEA,"full_text_hosted — R100 (2026-10-02): full PDF pulled from iea.blob.core.windows.net via the official landing page https://www.iea.org/reports/global-hydrogen-review-2024 ('Published 02 October 2024, Licence CC BY 4.0'; 'IEA. CC BY 4.0.' on every page) and committed to full_texts/ (10,904,359 B; sha256=eb97ab8e…). Context-only (R100, 2026-10-02): source verified live and its hydrogen production-cost section read this round to back spacecost's LH2 rows ($1.60 hydrolox / $10 NTP); the cost figures sit in vector charts whose text layer carries only axis labels (USD/kg H2), so no number was extracted into an extracted-data CSV yet - extraction is the follow-up step.",propellants.csv LH2 rows: hydrolox ref_cost $1.60/kg and the $10/kg NTP / NEP / solar-thermal cells
14_propellant_consumable_prices,nasa_cr_73226_study_cost_system_analysis_lh2_production,T2,"Study, Cost, and System Analysis of Liquid Hydrogen Production (NASA CR 73226), Final Report (June 1968)",Air Products & Chemicals Inc. for NASA Ames Research Center,1968,https://ntrs.nasa.gov/api/citations/19680018755/downloads/19680018755.pdf,"Hallett, N. C.","full_text_hosted — R101 (2026-10-02): full PDF pulled from NTRS (ntrs.nasa.gov/api/citations/19680018755/downloads; 13,998,476 B; sha256=8bd6d312…) and committed to full_texts/. NTRS copyright determination GOV_PUBLIC_USE_PERMITTED (record 19680018755). NASA CR 73226, June 1968: N. C. Hallett, Air Products & Chemicals Inc., for the Mission Analysis Division of NASA Ames Research Center (Contract NAS2-3894) - 'Study, Cost, and System Analysis of Liquid Hydrogen Production'. Read in full this round; abstract ('estimated average product cost of 7.7 to 8.8 cents per pound' for large-scale HST LH2 systems), Table 5-2 unit costs by process (11.8 / 11.6 / 19.9 / 18.4 cents/lb LH2) and the storage-analysis 'liquid hydrogen value of 10 cents/lb' assumption extracted into extracted_data/r101_lh2_production_cost_key_numbers.csv.",propellants.csv LH2 rows: hydrolox ref_cost note ($3-6/kg NASA-contracts band) and the $10/kg NTP / NEP / solar-thermal cells
14_propellant_consumable_prices,nasa_cr_159163_economics_hydrogen_production_liquefaction_updated_1980,T2,"Economics of Hydrogen Production and Liquefaction, Updated to 1980 (NASA CR 159163) (November 1979)",Linde Division / Union Carbide Corporation for NASA Langley Research Center,1979,https://ntrs.nasa.gov/api/citations/19800002991/downloads/19800002991.pdf,"Baker, C. R.","full_text_hosted — R101 (2026-10-02): full PDF pulled from NTRS (ntrs.nasa.gov/api/citations/19800002991/downloads; 1,194,286 B; sha256=5d619990…) and committed to full_texts/. NTRS copyright determination GOV_PUBLIC_USE_PERMITTED (record 19800002991). NASA CR 159163, November 1979: C. R. Baker, Linde Division of Union Carbide Corporation, for NASA Langley Research Center (Contract NAS1-14698) - 'Economics of Hydrogen Production and Liquefaction Updated to 1980'. Updates three predecessor contractor reports (CR-132631 / CR-145077 / CR-145282) to mid-1980 dollars; the unit values (LH2 product $1.10/kg = $0.499/lb; gaseous H2 feedstock $0.586/kg = $0.266/lb at 3¢/kWh electricity + fuel gas $2.84/GJ) and the fixed '$0.50 per lb' LH2 loss-of-product price extracted into extracted_data/r101_lh2_production_cost_key_numbers.csv.",propellants.csv hydrolox ref_cost note ($3-6/kg NASA-contracts band) + NTP row $10/kg effective-cost context
14_propellant_consumable_prices,nasa_hydrogen_peroxide_propulsion_perspective_ungers_draft,T2,"NASA Hydrogen Peroxide Propulsion Perspective (DRAFT) - Unger, MSFC On-Orbit Propulsion Systems / 2nd Gen RLV Program Office: status of NASA's peroxide program incl. the NRA8-19/NRA8-21 procurement vehicles and the draft rocket-grade HTP specification",NASA presentation deck (NTRS),1997,https://ntrs.nasa.gov/citations/20020092187 (PDF: /api/citations/20020092187/downloads/20020092187.pdf),"Unger, R.J. (NASA MSFC)","full_text_hosted - NTRS 20020092187 re-fetched live from this machine and committed under full_texts/ (567,878 B, sha256 503146247461...; determinationType GOV_PUBLIC_USE_PERMITTED; no in-file copyright statement). Undated DRAFT deck - references the 1997 time frame as starting point (NTRS distributionDate 2019-07-12, no publicationDate). Context-only (R110, 2026-10-03): source verified live and read in full; documents NASA's institutional peroxide procurement route but carries NO $/kg HTP price - no number extracted into an extracted-data CSV yet.",propellants.csv HTP rows: institutional context for the dead Evonik citation (rc-061)
14_propellant_consumable_prices,anderson_et_al_1999_peroxide_propulsion_turn_of_the_century,T2,"Peroxide Propulsion at The Turn of the Century - Anderson/MSFC, Butler/Rocketdyne, Crocket & Lewis/Orbital Sciences: joint NASA+USAF peroxide program status (AR2-3 + new pressure-fed upper stage)",NASA MSFC / Boeing Rocketdyne / Orbital Sciences presentation deck (NTRS),1999,https://ntrs.nasa.gov/citations/20000033615 (PDF: /api/citations/20000033615/downloads/20000033615.pdf),"Anderson, W.E.; Butler, K.; Crocket, D.; Lewis, T.; McNeal, C.I.","full_text_hosted - NTRS 20000033615 re-fetched live from this machine and committed under full_texts/ (3,698,448 B, sha256 6b863aaa6bef...; determinationType GOV_PUBLIC_USE_PERMITTED; no in-file copyright statement - the two p.26/p.48 'copyright' hits are OCR noise from chart glyphs). In-file dates Aug-Oct 1999 (NTRS distributionDate 2019-07-12, no publicationDate); cites AIAA Paper No. 99-2877/99-2740 (JPC '99) as companion material. Context-only (R110, 2026-10-03): source verified live and read in full; program context for the HTP rows but carries NO $/kg HTP price - no number extracted into an extracted-data CSV yet.",propellants.csv HTP rows: institutional context for the dead Evonik citation (rc-061)
14_propellant_consumable_prices,mcneal_anderson_1999_the_peroxide_pathway,T2,"The Peroxide Pathway - McNeal & Anderson, NASA MSFC roadmap deck dated February 17 1999: peroxide propulsion development path + the >$50M decade investment commitment by NASA/USAF/industry",NASA presentation deck (NTRS),1999,https://ntrs.nasa.gov/citations/20000002829 (PDF: /api/citations/20000002829/downloads/20000002829.pdf),"McNeal, C.I. Jr.; Anderson, W.E. (NASA MSFC)","full_text_hosted - NTRS 20000002829 re-fetched live from this machine and committed under full_texts/ (507,395 B, sha256 30369b84046f...; determinationType GOV_PUBLIC_USE_PERMITTED; no in-file copyright statement). In-file date February 17 1999 (NTRS distributionDate 2019-07-12, no publicationDate). Context-only (R110, 2026-10-03): source verified live and read in full; roadmap + investment context for the HTP rows but carries NO $/kg HTP price - no number extracted into an extracted-data CSV yet.",propellants.csv HTP rows: institutional context for the dead Evonik citation (rc-061)
14_propellant_consumable_prices,fazio_2019_mission_cost_gridded_ion_engines_alternative_propellants,T2,"Mission cost for gridded ion engines using alternative propellants (GIESEPP project report, Univ. Southampton)",University of Southampton ePrints 434549 (report A831),2019,https://eprints.soton.ac.uk/434549/1/A831_Mission_Cost_for_Gridded_Ion_Engines_using_Alternative_Propellants.pdf,"Fazio, N.; Gabriel, S.B.; Golosnoy, I.O.; Wollenhaupt, B.","open_not_pulled - R114 (2026-10-04): the eprints PDF is behind an Anubis proof-of-work challenge from this machine, so the full text was not read; the record and abstract were read through OpenAlex","Context-only: per its abstract, the modern successor to edwards_gabriel_1993: it compares operating a gridded ion engine on xenon, krypton or a 1:4 Xe/Kr mixture on payload fraction, propellant mass, thrusting time, propellant cost and propellant-related mission cost over delta-v of 1-5 km/s. It is the kind of source the krypton row of `propellants.csv` (rc-059, no source in the notes) needs, but the abstract gives no price; unread beyond it"
14_propellant_consumable_prices,edwards_gabriel_1993_propellant_selection_uk25_ion_thruster_missions,T2,The effect of propellant selection on the performance of space missions using the UK-25 inert gas ion thruster (IEPC-93-239),International Electric Propulsion Conference paper IEPC-93-239 (electricrocket.org IEPC archive),1993,https://electricrocket.org/IEPC/IEPC1993-239.pdf,"Edwards, C.H.; Gabriel, S.B. (University of Southampton)","verified_live_not_pulled - R114 (2026-10-04): 8-page PDF read live; no licence statement, so not hosted. Propellant-price assumptions (p3) extracted to extracted_data/r114_gr_links_key_numbers.csv","the only registered source that puts a number on krypton against xenon for a mission-cost comparison, for the krypton row of `propellants.csv` ($300/kg, 'no source cited', rc-059) and the xenon row ($10,000/kg): the paper assumed $2,400/kg xenon, $450/kg krypton and $840/kg for a 1:4 mixture (p3, from its ref. 15), against a $6,800/kg Ariane IV launch from 1990 data. These are early-1990s planning assumptions, not market prices: they put Kr/Xe at 0.19 where the registered INL figures give about 0.02-0.03 ($1/L vs $60/L). No revision candidate; the krypton row still lacks a current market citation"
14_propellant_consumable_prices,dla_energy_aerospace_standard_prices_fy2025,T3,"Aerospace Energy Standard Prices for DoD customers, FY2025 (effective Oct 1 2024) - MMH $225.40/LB, hydrazine HPH/H70-WATER $165.75/LB, NTO MON-3 $106.42/LB",Defense Logistics Agency Energy (DWCF standard-price letter E_2024Oct1AerospaceStandardPrices),2024,https://www.dla.mil/Portals/104/Documents/Energy/Standard%20Prices/Aerospace%20Prices/E_2024Oct1AerospaceStandardPrices_240926_3.pdf?ver=OSsdixOy2Fc4ESxz1aqCDQ%3D%3D,"DLA Energy (R. Sninsky, Comptroller)","verified_live_not_pulled — R131 (2026-10-07): the current successor to the FY2019 letter registered in the row above; found via search index this round and its full price list read live via server-side extraction (direct fetch still Akamai-blocked from this machine, so the bytes could not be committed despite US-government-work status). Propellant rows extracted verbatim to r131_dla_fy2025_aerospace_prices.csv. A further successor letter effective Oct 1 2025 (E_2025Oct1AerospaceStandardPrices) is live at the same path pattern - its propellant table was not read this round (server-side quota).","propellants.csv ref_cost for MMH, hydrazine and N2O4 (+ rc-083 evidence: upstream's 'DOD FY20' component prices sit ~5x below current DLA standard prices)"
15_inspace_demand_market_absorption,lynch_2024_iss_logistics_mass_and_crew_time,T2,"Lynch et al., 'A Historical Review of Logistics Mass and Crew Time Demands for ISS Operations' (NASA LaRC / Binera)","53rd International Conference on Environmental Systems, ICES-2024-132, Louisville KY, Jul 21-25 2024; NTRS accession 20240005648",2024,https://doi.org/10.32865/2346/98838 (Crossref-checked R80),"Lynch, C.S.; Owens, A.C.; Piontek, N.E.; Cirillo, W.M.; Stromgren, C.; Vega, J.; Kulikowski, J.; Drake, A.","full_text_hosted — 623 KB PDF pulled live from ntrs.nasa.gov this machine R80 (sha256=dc69db5c…); copyright determinationType=PUBLIC_USE_PERMITTED; Table A-1 parsed by word coordinates, Figures read via page renders","The LEO ceiling and class-share source: 'roughly 134 metric tons of logistics were delivered to the ISS' between Oct 2017 and Dec 2023 (~21.5 t/yr) in six SAO categories (consumables, maintenance, spares, outfitting, utilization, packaging); Table A-1 lists all 79 launches with launch/docking dates; per-delivery category splits are quoted for SpX-24 and Progress 80 / NG-17. Figure 2's category percentages are raster-only — vision timed out on this machine R80, recorded as a limitation."
15_inspace_demand_market_absorption,tiffin_friz_2022_space_superhighway_systems_analysis,T2,"Tiffin & Friz, 'The Space Superhighway: Systems Analysis of an In-Space Logistics Delivery Network' (NASA LaRC)","AIAA ASCEND Conference 2022, Las Vegas NV; doi 10.2514/6.2022-4203 (Crossref-checked R80); NTRS accession 20220013397",2022,https://doi.org/10.2514/6.2022-4203,"Tiffin, D.J.; Friz, P.D.","full_text_hosted — 1.0 MB PDF pulled live from ntrs.nasa.gov this machine R80 (sha256=e576a993…); copyright determinationType=GOV_PUBLIC_USE_PERMITTED; p1-4 read verbatim, key numbers by word coordinates",First registered source for the cislunar logistics-network architecture: LEO→LDHEO/NRHO tug + depot concept with Edelbaum low-thrust design points ('A fairly conservative 9.2 km/s total ΔV to reach a 200 km circular LEO'; 'the ΔV to return from NRHO to LEO is over 7 km/s'); reusable Hall tugs ~10-yr life ≈ 2–3 missions each; the companion cost paper ($/kg) is registered separately as tiffin_friz_rosenthal_2022_space_superhighway_cost_analysis.
15_inspace_demand_market_absorption,chu_2006_goes_r_stationkeeping_momentum_management,T2,"Chu et al., 'GOES-R Stationkeeping and Momentum Management' (NASA GSFC / Swales Aerospace)","AAS 06-046, 29th Annual AAS Guidance and Control Conference, Breckenridge CO, Feb 4-8 2006; NTRS accession 20060012315",2006,https://ntrs.nasa.gov/citations/20060012315 (no DOI on the record),"Chu, D.; Chen, S.; Early, D.; Freesland, D.; Krimchansky, A.; Naasz, B.; Reth, A.; Tadikonda, K. et al.",full_text_hosted — 2.2 MB PDF pulled live from ntrs.nasa.gov this machine R80 (sha256=db4bd6f0…); copyright determinationType=PUBLIC_USE_PERMITTED; p3 Δv budget read verbatim + unit cross-check via page render,"The GEO station-keeping basis: 'north-south maneuvers require about 50 d s velocity change (Δv) each year and east-west maneuvers require about 1.3 d s Δv each year' — OCR garbles the units ('d s'); arithmetic against the daily figures (~13 cm/s and ~0.35 cm/s per day) confirms m/s annual; momentum dumps ~25 N·m·s/day ≈ 1 cm/s for a 1-m moment arm (implies their ~2,500 kg model mass). Supports upstream's geo row of ~70 kg/yr station-keeping propellant per satellite in order of magnitude but states no propellant mass directly."
15_inspace_demand_market_absorption,lynch_et_al_2023_logistics_rates_beyond_leo,T2,"Lynch et al., 'Logistics Rates and Assumptions for Future Human Spaceflight Missions Beyond LEO' (NASA LaRC/JSC / Binera)","AIAA ASCEND Conference 2023, Las Vegas NV; AIAA 2023-4617; doi 10.2514/6.2023-4617 (Crossref-checked R80); NTRS accession 20230012635",2023,https://doi.org/10.2514/6.2023-4617,"Lynch, C.S.; Goodliff, K.E.; Stromgren, C.; Vega, J.; Ewert, M.K.","full_text_hosted — 500 KB PDF pulled live from ntrs.nasa.gov this machine R80 (sha256=a8ca296b…); copyright determinationType=PUBLIC_USE_PERMITTED; Tables 1-21 read verbatim by word coordinates; second NTRS record 20230013896 is the presentation version of the same paper, registered once","The consumables-rate source for lunar/Mars ceilings: kg/(crew·day) rates with in-space and surface variants (Tables 1-15), three crew-size cases; worked example = '436.7 kg' total delivered mass for a 2-crew × 14-day lunar-surface mission (Tables 16-21, non-regenerative ECLSS) — the first registered number for what an outpost actually imports by category."
15_inspace_demand_market_absorption,tiffin_friz_rosenthal_2022_space_superhighway_cost_analysis,T2,"Friz, Tiffin & Rosenthal, 'The Space Superhighway: A Cost Analysis of an In-Space Logistics Resupply Network' (NASA LaRC)",AIAA ASCEND Conference 2022; doi 10.2514/6.2022-4254 (Crossref-checked R80); NTRS records 20220012942 / 20220013103,2022,https://doi.org/10.2514/6.2022-4254,"Friz, P.D.; Tiffin, D.J.; Rosenthal, E.","verified_live_not_pulled — R134 (2026-10-07): full text pulled and read in full on this machine from NTRS record 20220012942 (“Cislunar Superhighway Cost ASCEND paper-final-V2.pdf”, 18 pp, AIAA ASCEND 2022); both NTRS copies (20220012942 PDF / 20220013103 PPTX) carry copyright determinationType=MAY_INCLUDE_COPYRIGHT_MATERIAL so it is NOT hosted per the R94 licence rule — note for an owner opt-in: the sibling PPTX copy’s title slide declares “This material is declared a work of the U.S. Government and is not subject to copyright protection in the United States” (published by AIAA with permission) and the PDF text layer contains zero copyright/license statements; arc.aiaa.org still returns HTTP 403 from this machine. Key numbers extracted verbatim: FINDINGS R134 section + r134_superhighway_cost_key_numbers.csv",The cost-analysis companion to the systems paper above: $/kg delivery costs for LEO/GEO/LDHEO/NRHO — the price side of d15's utility factors. Full text not yet obtained (see access_status); re-class when it IS pulled.
15_inspace_demand_market_absorption,kornuta_2019_commercial_lunar_propellant_architecture,T1,"Kornuta et al. (ULA, NASA HQ, Offworld, UCF and 24 other organisations), 'Commercial Lunar Propellant Architecture: A Collaborative Study of Lunar Propellant Production' - REACH Out: Reviews in Human Space Exploration 13:100026; near-term annual demand of lunar-derived propellant **450 MT/yr** = 2,450 MT processed water -> $2.4B revenue/yr (exec summary); early need on the lunar surface ~**1,640 MT/yr** from customer input; seven customer scenarios with per-scenario demand and price ($7,500/kg Moon-only down to $1,482/kg average all-customers); electrolysis 4.41 kWh/kg propellant from water; NPV at a 10% discount rate positive in every multi-customer scenario; ~$4B initial investment (launch to the lunar surface at $35,000/kg)",REACH Out: Reviews in Human Space Exploration,2019,https://doi.org/10.1016/j.reach.2019.100026 (Crossref-checked R84; Crossref licence = TDM-only),"Kornuta, D.; Abbud-Madrid, A.; Atkinson, J.; Barr, J.; Barnhard, G.; Bienhoff, D.; et al. (30 authors incl. Metzger, Zacny, Ho)","verified_live_not_pulled - publisher copy is TDM-only and ScienceDirect bot-blocks this machine (403); the full 189-page text was read live R84 from the co-authors' own hosted copy at publish.illinois.edu/kokiholab/files/2018/11/Commercial-Lunar-Propellant-Architecture.pdf (Koki Ho lab, UIUC) - no redistribution licence on that copy either, so extract only","**first peer-reviewed demand forecast for this domain** and the direct anchor for the IN_SPACE_ANNUAL_DEMAND_KG JUDGEMENT cells: near-term 450 MT/yr is ~4.5x upstream's cislunar row (1e5 kg) and its customer-input early need of 1,640 MT/yr brackets every scenario; lunar-surface-only demand starts at 100 MT/yr in the Moon-only scenario vs upstream's 5e4 kg row. Scenario table + key numbers extracted to r84_cislunar_demand_forecasts_key_numbers.csv; rc-056 (note) opened"
15_inspace_demand_market_absorption,birch_2026_roxy_pilot_plant_economics,T1,"Birch, Seidel, Johnson, Pohle & Pal (ETH Zurich / Airbus D&S / Colorado School of Mines / Fraunhofer IFAM), 'Economic Analysis of a ROXY Pilot Plant Supporting Early Lunar Mission Architectures' - Aerospace 13(1):86; molten-salt-electrolysis pilot plant producing >1 t O2/yr from regolith: IRR up to **+47.4%** in near-term scenarios with higher transportation costs when both oxygen and metals are sold, positive-IRR break-even times computed per scenario; facility mass (robotics subsystem) is the primary cost driver",Aerospace (MDPI),2026,https://doi.org/10.3390/aerospace13010086 (Crossref-checked R84),"Birch, T.F.; Seidel, A.; Johnson, J.E.; Pohle, G.; Pal, U.",full_text_hosted - 1.7 MB PDF pulled live from mdpi-res.com this machine R84; CC BY licence stated on p.1,"Lunar-surface market-absorption evidence: an ISRU pilot plant is viable at ~1 t O2/yr BEFORE propellant-scale demand exists (life-support oxygen + metals as the early revenue), which supports upstream's lunar_surface utility profile where water 0.60 and iron-class 0.45 carry the value; IRR sensitivity to transportation cost is a direct input for d17-style break-even reasoning"
15_inspace_demand_market_absorption,steinert_2024_lunar_depot_flight_cost_location,T1,"Steinert, Zabel & Quantius (TUM / DLR), 'Location-dependent flight cost difference from the lunar surface to an orbital fuel depot and its influence in ISRU location selection' - Frontiers in Space Technologies 5:352213; a global map of location-dependent mass costs for exporting ilmenite-reduction O2 from the lunar surface to a specific NRHO (9:2 synodic) depot: delta-v **2,414.35-2,985.65 m/s** across sites, base configuration 23.9 t O2/yr, Argonaut reference launcher, ilmenite abundance from WAC TiO2 data",Frontiers in Space Technologies (MDPI),2024,https://doi.org/10.3389/frspt.2024.1352213 (Crossref-checked R84; issued 2024-05-29),"Steinert, S.J.; Zabel, P.; Quantius, D.",full_text_hosted - 3.8 MB PDF pulled live from elib.dlr.de this machine R84; CC BY licence stated in the copyright block,"**first per-kg flight-cost anchor for cislunar/lunar transport** (the standing d15 gap): mass cost of an ISRU product to a NRHO depot as a function of production site, with the delta-v band and launcher named - usable to bound what 'delivered kilogram' means at lunar_surface/cislunar destinations"
15_inspace_demand_market_absorption,northrop_grumman_2024_luna10_lunar_rail_network,T4,"Northrop Grumman (Floyd & Levin), 'DARPA 10-Year Lunar Architecture (LunA-10) Capability Study: Lunar Rail Network Infrastructure Study' NG24-0751, Apr 2024 - demand projections under a Starship price assumption ($300-$600/kg to LEO -> ~$1,400-$2,600/kg to GEO -> ~$2,000-$3,800/kg to the Moon): fuel for deep space 100 MT/trip; refueling in GEO **>300 MT/yr**; projected construction ~100 MTs; projected annual market value $1.6B-$8B = **500-2,500 MT/yr** of propellant transport; large mass transport 'may be key to $2B to $13B of annual economic activity by 2035'",DARPA LunA-10 study (company report),2024,https://cdn-uat.northropgrumman.com/-/media/Project/Northrop-Grumman/ngc/space/lunar-railroad/Lunar-Rail-Network-Infrastructure-Study.pdf?rev=3eea91a6c2d94c9b985a70092bbdb569,Northrop Grumman Systems Corporation (for DARPA),"full_text_hosted - 2.3 MB PDF pulled live from the Northrop Grumman CDN this machine R84; p.1 Distribution Statement A 'Approved for Public Release, Distribution Unlimited' NG24-0751","Grey-source demand forecast (T4) that brackets d15's JUDGEMENT cells from above: 500-2,500 MT/yr cislunar propellant transport vs upstream's 1e5 kg row; its per-kg price ladder under Starship assumptions is the only registered source tying a demand forecast to an explicit launch-price scenario. Replacement by T1-T3 remains the usual next step"
15_inspace_demand_market_absorption,rawlin_majcher_1991_nssk_mass_comparisons_ep_systems,T2,"Rawlin & Majcher, 'Mass Comparisons of Electric Propulsion Systems for NSSK of Geosynchronous Spacecraft'","NASA-TM-105153 / AIAA 91-2347, 27th Joint Propulsion Conference (Sacramento CA), Jun 24-27 1991; NTRS accession 19910021898",1991,https://ntrs.nasa.gov/citations/19910021898 (no DOI on the record),"Rawlin, V.K. (NASA Lewis Research Center); Majcher, G.A. (Cleveland State University)",full_text_hosted - 2.3 MB PDF pulled live from ntrs.nasa.gov this machine R92 (sha256=5c6ba3ce...); copyright determinationType=GOV_PUBLIC_USE_PERMITTED; Tables I and VIII read verbatim + Tsiolkovsky cross-check on the chemical case,"First direct per-satellite N/S station-keeping PROPELLANT MASS anchor for upstream's geo row (chu_2006 brackets it in delta-v only, 'states no propellant mass directly'): chemical case 459.3043 kg over a 15-yr mission at 46 m/s/yr (= 30.62 kg/yr) and ion-EP case 69.28853 kg (= 4.62 kg/yr), both for N/S stationkeeping alone - below upstream's ~70 kg/sat/yr total-station-keeping figure as expected (N/S is one component of N/S + E/W + margin)."
15_inspace_demand_market_absorption,ksc_pd_ed_1253_arcjet_thruster_design,T2,"NASA KSC (Lewis Research Center), 'Arcjet Thruster Design Considerations for Satellites' - Preferred Reliability Practice PD-ED-1253","KSC Preferred Reliability Practices, practice no. PD-ED-1253, April 1996; extapps.ksc.nasa.gov/reliability/Documents/Preferred_Practices/1253.pdf",1996,https://extapps.ksc.nasa.gov/reliability/Documents/Preferred_Practices/1253.pdf (no DOI),NASA Lewis Research Center (institutional document; no individual authors listed),full_text_hosted - 50 KB PDF pulled live from extapps.ksc.nasa.gov this machine R92 (sha256=d3e32b68...); re-pull byte-identical; no licence statement anywhere in the file = US government work,"Institutional per-thruster N/S propellant-mass comparison for a 12-yr, 1700 kg dry-mass satellite (Table 2): hydrazine monoprop 532 / biprop MMH-N2H4 373 / resistojet 373 / arcjet 207 kg total = 44.3/31.1/31.1/17.3 kg/sat/yr - brackets upstream's ~70 kg/sat/yr from below (N/S only; the upstream figure also includes E/W + margin) and confirms the ~49 m/s/yr N/S delta-v basis verbatim."
15_inspace_demand_market_absorption,mc_dowell_2025_space_activities_gcat,T3,"McDowell, 'Space Activities in 2025' - General Catalog of Artificial Space Objects annual report (Rev 1.2)","GCAT Rev 1.2 (revision log notes events through Dec 2025), planet4589.org/space/papers/; no DOI - authoritative satellite-catalog publication",2026,https://planet4589.org/space/papers/space25.1.2.pdf (no DOI),"McDowell, J. (employee of the Smithsonian Institution; work performed independently per p.68 acknowledgements)","verified_live_not_pulled - full 70-page report read live this machine R92 from planet4589.org (1,410,252 bytes, sha256 38c1481f...); no licence statement anywhere in the PDF so it cannot be hosted; Table 22 GEO population and Table 23 retirements read verbatim","Anchors the FLEET-COUNT half of upstream's geo row ('~550 active geostationary satellites'): GCAT as of Jan 2026 counts 613 active payloads in GPZ+/-100 km (the in-orbit operational band) and 638 total active including below-GPZ + graveyard - the ~550 figure is now low by +11 to +16%. Combined with rawlin_majcher_1991 / ksc_pd_ed_1253 per-satellite masses, rc-057 proposes a re-pin of the row."
15_inspace_demand_market_absorption,sanders_kleinhenz_2024_isru_space_mining_unoosa,T2,In Situ Resource Utilization (ISRU)/Space Mining: From Concept to Reality - Taking the First Steps,"NASA JSC presentation, UNOOSA/COPUOS policy symposium (Portugal), NTRS 20240002713",2024,https://ntrs.nasa.gov/citations/20240002713,Sanders & Kleinhenz,"verified_live_not_pulled - R113 (2026-10-04): 2,561,560-byte PDF (26 pp) pulled live from ntrs.nasa.gov and read; NTRS copyright.determinationType=MAY_INCLUDE_COPYRIGHT_MATERIAL ('Pictures have designations'), so not hosted; figures copied into extracted_data","economicspace mineral_value.py `IN_SPACE_ANNUAL_DEMAND_KG` (cislunar 100,000; lunar_surface 50,000; mars_orbit 60,000; mars_surface 20,000 kg/yr, all labelled JUDGEMENT): NASA's stated production scale (p3) is 30-60 t per lander mission, 100s-1000s t/yr for cislunar space, 100s t/yr for human Mars transport, and 10s of t/yr of commodities as the initial commercial goal. The cislunar 100 t/yr sits at the bottom of NASA's band; lunar_surface 50 t/yr matches '10s of t/yr'. A vision statement, not a market forecast. Numbers in extracted_data/r113_isru_production_targets.csv"
15_inspace_demand_market_absorption,araghi_2022_nasa_lunar_isru_technology_overview,T2,NASA Lunar In-Situ Resource Utilization Technology Overview,"NASA JSC presentation, KIGAM ISRU Workshop, NTRS 20220006072",2022,https://ntrs.nasa.gov/citations/20220006072,Araghi,"full_text_hosted - R113 (2026-10-04): 4,688,194-byte PDF (25 pp, Rev B) pulled live from ntrs.nasa.gov; NTRS copyright.determinationType=GOV_PUBLIC_USE_PERMITTED; no in-file copyright statement","economicspace `IN_SPACE_ANNUAL_DEMAND_KG` lunar_surface (50,000 kg/yr) and cislunar rows: NASA's capability-gap targets for a first lunar plant (p19) are a minimum of 10 t O2/yr from regolith, 15,000 kg/yr of icy-regolith processing, 10,000 kg/yr of oxygen clean-up and industrial-scale electrolysis of 10s of t/yr, each for 3 years. Plant-scale targets, so they bound what one plant supplies, not what the market absorbs. Numbers in extracted_data/r113_isru_production_targets.csv"
15_inspace_demand_market_absorption,sovey_pidgeon_1990_advanced_propulsion_leo_geo_platforms,T2,"Advanced propulsion for LEO and GEO platforms (NASA TM-103228, AIAA-90-2551)","NASA Technical Memorandum 103228; 21st International Electric Propulsion Conference, Orlando FL (NTRS 19900018469)",1990,https://ntrs.nasa.gov/citations/19900018469,"Sovey, J.S. (NASA Lewis); Pidgeon, D.J. (George Washington University)","verified_live_not_pulled - R114 (2026-10-04): 28-page PDF read live from NTRS (GOV_PUBLIC_USE_PERMITTED), not committed. Figures extracted to extracted_data/r114_gr_links_key_numbers.csv. The owner's list says '~51% of GEO platform mass is propellant'; the paper says 51% is the arcjet system's propellant as a fraction of the hydrazine baseline's","the GEO row of `IN_SPACE_ANNUAL_DEMAND_KG` (about 550 GEO satellites at ~70 kg/yr of station-keeping propellant, no source): for an 8,000 kg-class platform with 10-year north/south stationkeeping, arcjet and ion propellant are 51% and 25% of the baseline hydrazine, a mass saving of 15-18% of beginning-of-life platform mass; each of four arcjets handles about 176 kg of hydrazine, which implies about 138 kg/yr of chemical stationkeeping propellant for a 1990 large platform (computed here). That is above 70 kg/yr, but for a platform far larger than a typical GEO satellite today"
15_inspace_demand_market_absorption,lamorte_2020_geostationary_satellite_electric_propulsion_master_thesis,T4,Evaluation of performance and space operations of a geostationary satellite with electrical propulsion (master's thesis),"Universita degli Studi di Roma Tor Vergata, Master universitario di II livello in Ingegneria e Diritto Internazionale dello Spazio (AFCEA Roma copy)",2020,https://www.afcearoma.it/images/master/Tesi-Lamorte-MS20_finale_AFCEA.pdf,"Lamorte, V.; supervisors Cianca, E.; Scognamiglio, G.","verified_live_not_pulled - R114 (2026-10-04): 38-page PDF read live; a student thesis with no licence statement, so not hosted. Table 14 extracted to extracted_data/r114_gr_links_key_numbers.csv","the GEO row of `IN_SPACE_ANNUAL_DEMAND_KG` (~70 kg/yr station-keeping propellant per satellite, no source): a one-year simulation gives 65.3 kg/yr for chemical bi-propellant stationkeeping against 11.1 kg/yr for Hall-effect thrusters. The chemical figure is 7% below upstream's 70, so it supports the row if the fleet is chemical, and the electric figure shows how far the demand falls if it is not. A thesis simulation for one satellite, not fleet data (T4)"
15_inspace_demand_market_absorption,oleson_1995_advanced_propulsion_geo_insertion_nssk,T2,"Advanced Propulsion for Geostationary Orbit Insertion and North-South Station Keeping (NASA TM-107018, AIAA-95-2513)","NASA Technical Memorandum 107018; 31st AIAA Joint Propulsion Conference, San Diego CA (NTRS 19950026496)",1995,https://ntrs.nasa.gov/citations/19950026496,"Oleson, S.R.; Myers, R.M.; Kluever, C.A.; Riehl, J.P.; Curran, F.M.","verified_live_not_pulled - R114 (2026-10-04): 22-page PDF read live from NTRS (GOV_PUBLIC_USE_PERMITTED), not committed. Assumptions extracted to extracted_data/r114_gr_links_key_numbers.csv","the GEO row of `IN_SPACE_ANNUAL_DEMAND_KG` and the electric-propulsion rows: a 15-year north/south stationkeeping model of arcjets, Hall and ion thrusters (assumed Isp 600 s advanced arcjet, 650 s advanced+ arcjet, 1,600 s Hall, 3,160 s ion; tankage fractions 0.07 for arcjets and 0.15 for Hall and ion; thruster specific masses in kg/kW). Design assumptions of a study, not fleet propellant use; the text reaches about 1,598 kg net mass for its baseline case"
15_inspace_demand_market_absorption,snyder_2001_iepc_172_dual_mode_spt_geosynchronous_satellites,T2,Systems-Level Trade Studies of a Dual-Mode SPT for Geosynchronous Communications Satellites (IEPC-01-172),"27th International Electric Propulsion Conference, Pasadena CA (electricrocket.org IEPC archive)",2001,https://electricrocket.org/IEPC/172_1.pdf,"Snyder, J.S.; Randolph, T.; Oh, D.; Sauer, B.; Fischer, G. (Space Systems/Loral)","verified_live_not_pulled - R114 (2026-10-04): 9-page PDF read live; no licence statement, so not hosted. Mission figures extracted to extracted_data/r114_gr_links_key_numbers.csv","the GEO row of `IN_SPACE_ANNUAL_DEMAND_KG` (~70 kg/yr station-keeping propellant): an industry trade study for a 15-year GEO mission with 3,500 kg dry mass and an average yearly north/south delta-v of 48.5 m/s, in which the baseline SPT-140 subsystem needs 244 kg of xenon for stationkeeping, about 16 kg/yr (computed here), one-fifth of the Lamorte chemical figure and a quarter of upstream's 70 kg/yr"
15_inspace_demand_market_absorption,zhang_2016_xips_station_keeping_failure_mode_eclipse_constraints,T1,Optimal Station Keeping for XIPS Thrusters in Failure Mode under Eclipse Constraints,Journal of Aerospace Engineering 29(6):04016041,2016,https://doi.org/10.1061/(ASCE)AS.1943-5525.0000638,"Zhang, J.; Zhao, S.; Zhou, Z.; Li, X.","registered_not_pulled - R114 (2026-10-04): DOI and record verified on Crossref and abstract read there; ascelibrary.org serves a bot check here, so the full text was not read","Context-only: per its abstract, minimises the fuel needed for GEO station keeping by xenon-ion (XIPS) thrusters in a failure mode where only one diagonal thruster pair fires, under eclipse constraints. A fuel-optimisation method for the GEO station-keeping propellant row, with no stated fleet-level kg/yr; unread beyond the abstract"
15_inspace_demand_market_absorption,bogmans_2024_power_of_prices_commodity_supply_demand_elasticities,T2,The Power of Prices: How Fast Do Commodity Markets Adjust to Shocks? (IMF Working Paper 2024/077),IMF Working Papers 2024/077,2024,https://www.elibrary.imf.org/view/journals/001/2024/077/article-A001-en.xml (doi 10.5089/9798400271953.001.A001),"Bogmans, C.; Pescatori, A.; Petrella, I.; Prifti, E.; Stuermer, M. (IMF)","verified_live_not_pulled - R114 (2026-10-04): the IMF eLibrary abstract page and its text (72,616 characters of page text) read live; the 562.9 KB PDF was not downloaded. Statements extracted to extracted_data/r114_gr_links_key_numbers.csv","`calc.py` `demand_elasticity` (0.5, 'inelastic, which is right for precious metals: doubling world supply quarters the price', no source): the first registered institutional estimate of commodity elasticities. It finds mineral commodities 'particularly inelastic' in demand and supply, copper and zinc demand elasticities 'close to zero' and crude oil and coal below 0.2, with elasticities rising at longer horizons. It covers bulk metals and energy, not platinum-group metals. Upstream's 0.5 already gives P/P0 = 0.25 when a delivery equals the whole market (computed here), and elasticities near zero would imply a still larger price fall, so the direction is consistent with the paper but the gap cannot be sized for PGMs. No revision candidate: PGMs are not in its set"
15_inspace_demand_market_absorption,sanders_2010_iac_lunar_isru_isecg_reference_architecture,T2,Lunar In-Situ Resource Utilization in the ISECG Human Lunar Exploration Reference Architecture (IAC-10.A5.1.7),"61st International Astronautical Congress, Prague (globalspaceexploration.org copy)",2010,https://www.globalspaceexploration.org/wordpress/wp-content/uploads/IAC61/IAC-10.A5.1.7-Lunar-ISRU.pdf,"Sanders, G.B. (NASA JSC); Carey, W.C. (ESA); Piedboeuf, J.-C. (CSA); Lorenzoni, A. (ASI)","verified_live_not_pulled - R114 (2026-10-04): 17-page PDF read live; 'Copyright 2010 by the International Astronautical Federation. All rights reserved', so not hosted. One sizing figure extracted to extracted_data/r114_gr_links_key_numbers.csv","ISRU context beside sanders_kleinhenz_2024_isru_space_mining_unoosa and araghi_2022_nasa_lunar_isru_technology_overview, for the in-space demand cells: the 2010 international architecture sized a small ISRU demonstration unit to 'produce and store approximately 250 kg of oxygen per year' (p9). A demonstration-scale figure, so it says nothing about market absorption; no revision candidate"
15_inspace_demand_market_absorption,esa_2019_space_resources_strategy,T2,ESA Space Resources Strategy,"ESA strategy document, 'ESA UNCLASSIFIED - Releasable to the Public' (sci.esa.int)",n.d. (cites the 2018 Global Exploration Roadmap; the PDF text carries no date),https://sci.esa.int/documents/34161/35992/1567260390250-ESA_Space_Resources_Strategy.pdf,European Space Agency,"verified_live_not_pulled - R114 (2026-10-04): 18-page PDF read live; an ESA document marked releasable to the public with no licence statement read, so not hosted. The economics paragraph (p5) extracted to extracted_data/r114_gr_links_key_numbers.csv","context for the top-down demand cells (`IN_SPACE_ANNUAL_DEMAND_KG`, `_DEMAND_SHARE_BY_CLASS`), which upstream calls judgement: the strategy cites a Luxembourg-government study ('Opportunities for space utilisation: future markets and value chains', 2018) that expects market revenues of EUR 73-170B from space resources over 2018-2045, exploration cost savings to end-users of EUR 54-135B and technology spill-overs of about EUR 2.5B over 50 years; that is EUR 2.7-6.3B a year on average (computed here). The strategy says the study does not count oxygen or metal powder as propellant sources or PGMs from asteroid impacts, so it is a forecast for a different mix, not a check on upstream's kilogram figures; no revision candidate"
15_inspace_demand_market_absorption,vertier_2025_banque_de_france_eco_notepad_419_price_elasticity_critical_mineral_supply,T2,Estimating the price elasticity of critical mineral supply (Banque de France Eco Notepad 419),"Banque de France Eco Notepad 419, 19 November 2025 (summarises Vertier et al. 2025)",2025,https://www.banque-france.fr/system/files/2025-11/Billet_419_EN.pdf (landing page: https://www.banque-france.fr/en/publications-and-statistics/publications/estimating-price-elasticity-critical-mineral-supply),"Vertier, P.; Jacolin, L.; Mien, E.; Leon, F. (Banque de France)","verified_live_not_pulled - R114 (2026-10-04): 5-page PDF read live; the owner's list gave a banque-france.fr URL that now returns 404, and a web search found this PDF. A central-bank note with no licence statement read, so not hosted. Figures extracted to extracted_data/r114_gr_links_key_numbers.csv","`calc.py` `demand_elasticity` (0.5, 'inelastic, which is right for precious metals', no source) and the in-space price-response cells: a central-bank estimate, from 318 mines in 43 countries over 2000-19, that for eight critical minerals including platinum-group metals a 1% price rise caused by a mineral-specific demand shock raises mine-level production by about 0.5% over the following five years (range 0.2-1% across the horizon), strongest for silver, copper and nickel. It measures the supply response of output, not the demand elasticity upstream's formula reads, and the PGM-specific value is in a chart the text layer does not give, so the match with 0.5 is in magnitude only. No revision candidate"
16_reliability_learning_service_life,mil_hdbk_189c_reliability_growth_management,T3,MIL-HDBK-189C: Reliability Growth Management,U.S. Department of Defense handbook,2011,https://quicksearch.dla.mil/qsDocDetails.aspx?ident_number=35776 (ASSIST record; single-file routes WAF-blocked from this machine - see access_status for the route that worked),U.S. DoD,"full_text_hosted — R132 (2026-10-07): full 149-pp handbook pulled live this round and merged byte-for-byte into one PDF from the reliabilityanalytics.com per-page library (all 149 page files, each %PDF-verified; DOT&E's single-file URL answers HTTP 403 Akamai here and quicksearch.dla.mil/ds_doc.aspx rejects with ""Request Rejected""). Merged file 33,567,638 B; sha256=26c4f294… committed to full_texts/ - page count 149, section order spot-checked monotonic (3.6->3.7->3.8->3.9->4.5->4.6->5.2.6), last page = CONCLUDING MATERIAL custodian block. p.i: ""Approved for public release; distribution is unlimited""; whole-document scan: no copyright / all-rights-reserved statement (US government work) -> public-domain hosting. Read in full on this machine - the load-bearing 3.9 Growth Rate definition is verbatim ""A growth rate is the negative of the slope of the graph of the cumulative failure rate versus the cumulative test duration for an individual system plotted on log-log scale. This quantity is a metric that reflects the rate at which the syst…"" and NO alpha band of 0.3-0.6 or 0.1-0.2 appears anywhere (probe list in extracted_data/r132_mil_hdbk_189c_growth_rate_key_numbers.csv) -> rc-084 opened.","operational_costs.csv ""Mining reliability growth exponent"" row: HDBK-189C confirms the Duane/AMSAA log-log framework and that a growth rate in (0,1) means improvement - but NOT the specific 0.3-0.6 active / 0.1-0.2 passive band upstream's note attributes to it (rc-084: re-source or soften the citation; value cell itself untouched)"
16_reliability_learning_service_life,duane_1964_learning_curve_reliability_monitoring,T1,Learning Curve Approach to Reliability Monitoring,IEEE Transactions on Aerospace 2(2):563-566,1964,https://doi.org/10.1109/TA.1964.4319640,"Duane, J.T.","registered_not_pulled — R74 (2026-09-27): registered from the upstream citation; full text not sought, nothing extracted. Metadata checked against the Crossref record for 10.1109/TA.1964.4319640: 'Learning Curve Approach to Reliability Monitoring', IEEE Transactions on Aerospace 2:563-566 (1964), first author Duane. Cited upstream: spacecost@e831245 spacecost/operations.py ""Mining reliability growth exponent"" row notes (names ""the Duane model"").","operational_costs.csv ""Mining reliability growth exponent"" (the model it parameterises)"
16_reliability_learning_service_life,cross_vesely_2018_lv_first_flight_failure_probability,T2,Synthesizing a New Launch Vehicle Failure Probability Based on Historical Flight Data (Cross & Vesely) - empirical first-flight failure probability from all US+foreign launches 1980-2017,"Probabilistic Safety Assessment and Management Conference (PSAM), Sept 16-21 2018, Aeronautics and Aerospace Session II; NTRS 20180006947 (JSC)",2018,https://ntrs.nasa.gov/api/citations/20180006947/downloads/20180006947.pdf,"Bob Cross (NASA JSC), William Vesely (NASA HQ, retired)","full_text_hosted - R86: NTRS 20180006947 copyright.determinationType=PUBLIC_USE_PERMITTED (checked live 2026-09-30); PDF pulled from ntrs.nasa.gov this machine and committed under full_texts/; conference presentation, no DOI","**the first empirical anchor for operational_costs.csv 'Launch vehicle reliability'** - upstream's own note says a first-flight or low-cadence vehicle sits near 0.90: the paper computes an assumed new-vehicle design from every failure on the FIRST TWO FLIGHTS of each model in its database (all US+foreign launches 1980-2017) -> **first-flight failure probability = 0.134, i.e. success ~0.866** (p5/p8), and with assurance-program credit for heritage elements (equivalent of 5 flights on solid propulsion, upper-stage engines, TVC) the total falls to **0.0898 (~success 0.910**, 'reduced by 1/3', p10). Upstream's ~0.90 first-flight statement sits between the two; its fleet-representative value 0.97 (band low 0.9) is consistent with - though not directly computed from - this paper, whose per-model series (p4 bar chart image) separates new vs mature vehicles explicitly: 'new launch vehicles have historically had a significantly higher average failure probability than mature launch vehicles, and PRA analyses do not adequately assess their failure probability' (p11). Element rates (per element-launch): upper-stage liquid engines 2.03E-02 highest; avionics 1.32E-02; stage separation 1.36E-02; TVC 1.95E-03 lowest."
16_reliability_learning_service_life,al_hassan_novack_2015_bayesian_reliability_data_applicability,T2,Data Applicability of Heritage and New Hardware for Launch Vehicle Reliability Models (Al Hassan & Novack) - Bayesian prior + applicability heuristic for mixing heritage and new hardware failure data,"Huntsville Society of Reliability Engineers RAM VIII Training Summit, Nov 3-4 2015; NTRS 20150022338 (MSFC)",2015,https://ntrs.nasa.gov/api/citations/20150022338/downloads/20150022338.pdf,"Mohammad Al Hassan, Steven Novack (Bastion Technologies, Inc.)","full_text_hosted - R86: NTRS 20150022338 copyright.determinationType=PUBLIC_USE_PERMITTED (checked live 2026-09-30); PDF pulled from ntrs.nasa.gov this machine and committed under full_texts/; conference presentation, no DOI","**method source for the 'Launch vehicle reliability' row's small-sample problem** - a new launch vehicle comprises heritage AND new hardware (p5), so its failure rate must be estimated by mixing generic database data (NPRD/EPRD/NUCLARR component databases, MIL-HDBK-217F piece-part-count) with little or no system-specific flight data: the paper's process assigns lognormal priors to each reliability block's failure rate with an error factor per unique block, weights blocks by a subjective DATA-APPLICABILITY heuristic (how credible/relevant each source is for the target parameter), correlates blocks and runs Monte Carlo uncertainty analysis (p11); 'higher data applicability improves certainty of estimates' / 'highly applicable data in the model ensures lower uncertainty' (p16). This is exactly the machinery upstream's 0.9-0.99 band needs when a vehicle has few flights - no numeric re-pin proposed, it supplies the method not a value."
16_reliability_learning_service_life,jacklin_2019_small_satellite_mission_failure_rates,T2,"Small-Satellite Mission Failure Rates (Jacklin) - failure-rate analysis of all small-satellite missions launched 2000-2016: total/partial/launch-failure split, causes, per-year success rates; NASA/TM—2018–220034",NASA Technical Memorandum (NASA Ames Research Center); NTRS 20190002705; March 2019,2019,"https://ntrs.nasa.gov/api/citations/20190002705/downloads/20190002705.pdf (pulled live R90: 1,166,240 bytes %PDF-1.5, 46 pp)",Stephen A. Jacklin (NASA Ames Research Center),full_text_hosted - NTRS 20190002705 copyright.determinationType=GOV_PUBLIC_USE_PERMITTED (checked live R90); PDF pulled from ntrs.nasa.gov this machine and committed under full_texts/; no DOI,"**the first empirical failure-rate dataset in d16 for the 'Spacecraft mean time between failures' brief bullet ('on-orbit failure or survival analyses of spacecraft that fit a lifetime distribution').** Headline (p17 Conclusion): **between 2000 and 2016, 41.3% of all small satellites launched experienced total or partial mission failure - 6.1% launch vehicle failures, 11% partial mission failures, 24.2% total mission failures.** Per-year success rate fell from ~71% (2000-2008) to ~57% (2009-2016), with a high degree of scatter (~95% in 2006, just over 40% in 2009 and 2012; p15). Table 2 gives launch-vehicle failures for all space vehicles launched 1957-2017 (p10) - an independent count that brackets cross_vesely_2018's first-flight analysis. Caveat recorded in the paper itself: small-satellite mission failure 'can be kept more private' than launch failures, so rates are lower bounds (p12). This is a SMALL-craft population - not directly our deep-space spacecraft MTBF row (whose 30-yr value rests on Voyager/NH/Dawn survival), but it is the only published fleet-level failure-rate analysis we can host, and its launch-failure share (6.1%) plus per-year success trend are exactly the kind of small-sample-explicit statistic d16's brief asked for."
16_reliability_learning_service_life,chen_mclennan_2004_learning_curve_impact_three_identical_spacecraft,T2,"A Study of Learning Curve Impact on Three Identical Small Spacecraft (Chen & McLennan) - measured learning-curve effect on the recurring cost of building three identical ST-5 spacecraft, whole craft + primary subsystems; exponential improvement model fitted to real production data",NASA conference paper / New Millennium Program ST-5 project documentation (Goddard); NTRS 20040035806; ~2004 (LRD Dec 2005 context),2004,"https://ntrs.nasa.gov/api/citations/20040035806/downloads/20040035806.pdf (pulled live R90: 6,322,023 bytes %PDF-1.5, 10 pp)",Guangming Chen (Morgan State University); Douglas D. McLennan (GSFC ST-5 Project Manager),full_text_hosted - NTRS 20040035806 copyright.determinationType=GOV_PUBLIC_USE_PERMITTED (checked live R90); PDF pulled from ntrs.nasa.gov this machine and committed under full_texts/; no DOI,"**the first MEASURED learning-curve anchor in d16 for the 'Mining rig maximum trips' / calc.py `learning_curve_rate` brief bullet ('measured learning-curve slopes for spacecraft ... production runs').** The paper fits an exponential improvement model (d(Ct-C0)/dt = -k(Ct-C0), i.e. constant PERCENTAGE reduction per unit, converging to a floor C0) to the actual recurring-cost data of three identical 20-kg-class ST-5 spacecraft built at Goddard (Figures 4/5: nonrecurring vs recurring cost for Flight Units 1-3; p7-p9), and derives the standard Wright-style conclusions empirically: resources per unit decrease with repetition, the rate of improvement diminishes as more units are produced ('net reduction in learning resources for 2nd unit from the first should be larger than ... for 3rd'), and a constant floor C0 exists once skills reach sufficient level (p8). This is what our `learning_curve_rate` = 0.85 per doubling assumes - here demonstrated on real spacecraft serial production rather than asserted as 'standard'. No re-pin: the paper's model is percentage-per-unit, not a Wright slope, and its n=3 sample is too small to pin 0.85; it confirms the FORM of our learning-curve term with flight-project data."
16_reliability_learning_service_life,navard_1993_modelling_early_failures_space_station_freedom,T2,"Navard, 'Modelling Early Failures on Space Station Freedom' - NASA/ASEE Summer Faculty Fellowship final report (JSC)","NASA/ASEE Summer Faculty Fellowship Program 1993, Johnson Space Center; NTRS accession 19940020890",1993,https://ntrs.nasa.gov/citations/19940020890 (no DOI),"Navard, Sharon E. (Virginia Commonwealth University); JSC colleague R.P. Heydorn; submitted Aug 6 1993",full_text_hosted - 415 KB PDF pulled live from ntrs.nasa.gov this machine R93 (sha256=fbe08db9...); copyright determinationType=GOV_PUBLIC_USE_PERMITTED; full text read verbatim incl. the model-fit conclusion,"First source that FITS a lifetime distribution to real spacecraft field data and tests it: Heydorn et al.'s mixture-of-exponentials model (component failure rate k ~ gamma posterior under uniform prior; Poisson failures per component) fitted for best fit to Kaplan-Meier empirical survival functions of electronic assemblies from 28 satellites launched since 1976 (PRC/Bloomquist et al. dataset). CONCLUSION verbatim: 'a mixture of exponential distributions does not adequately explain electronic failures seen in previously flown satellites. In particular, it does not model the early failures very well' - i.e. the pure-exponential survival P=exp(-T/MTBF) form upstream's 30-yr MTBF cell assumes is NOT supported for the failure population that matters (early-life electronics); operating-time sample: 165 observations / only 14 failures, 82 largest times truncated."
16_reliability_learning_service_life,vitali_lutomski_2004_derivation_failure_rates_probability_failures_iss_pra,T2,"Vitali & Lutomski, 'Derivation of Failure Rates and Probability of Failures for the ISS Probabilistic Risk Assessment Study'","International Conference on Probabilistic Safety Assessment and Management (PAM), Berlin Jun 14-18 2004; NTRS accession 20060024007",2004,https://ntrs.nasa.gov/citations/20060024007 (no DOI),"Vitali, R. (Futron Corporation); Lutomski, M.G. (NASA Johnson Space Center)",full_text_hosted - 2 MB PDF pulled live from ntrs.nasa.gov this machine R93 (sha256=7e05f3fe...); copyright determinationType=PUBLIC_USE_PERMITTED; Table 2 read off a page render (text layer garbled the values) and cross-checked against the text-layer fragments,"Institutional Bayesian derivation of component-level failure rates for the ISS PRA: two-phase updating with Poisson likelihood over MADS + RAC NPRD/EPRD evidence, lognormal posterior distributions; Table 2 = prior probability-of-failure per ORU category (6-month operation) - Electronics mean 6.10E-03 / Electrical 7.00E-03 / Electro-Mechanical 2.50E-02 / Mechanical 2.80E-02 with 5th/95th percentiles; Phase II updates with actual ISS on-orbit failures (PRACA OOF database). Method precedent for d16's 'treat small samples explicitly' requirement and a per-category failure-rate reference for mechanism-class cells."
16_reliability_learning_service_life,fox_salazar_habib_agahi_dubos_2013_satellite_mortality_study,T2,"Fox, Salazar, Habib-Agahi & Dubos, 'A Satellite Mortality Study to Support Space Systems Lifetime Prediction'",2013 IEEE Aerospace Conference; DOI 10.1109/aero.2013.6497352 (Crossref-verified live R93); NTRS accession 20150008736,2013,https://doi.org/10.1109/aero.2013.6497352 ; https://ntrs.nasa.gov/citations/20150008736,"Fox, G.; Salazar, R.; Habib-Agahi, H.; Dubos, G.",open_not_pulled - DOI Crossref-verified live this machine R93 (venue: 2013 IEEE Aerospace Conference); NTRS record exists but carries NO downloadable file (downloads=[]; copyright determinationType=OTHER) and the IEEE publisher copy is not accessible from this machine; abstract recorded verbatim below in FINDINGS,"THE direct source for d16's MTBF cell ('exponential survival P = exp(-T/MTBF); no failure dataset'): Weibull-vs-exponential lifetime analysis on the ratio of mission operating lifetime to design life across a large public satellite dataset, Kaplan-Meier survivor function estimated from operating lifetimes, bootstrap resampling for uncertainty - i.e. exactly the fit d16's brief asks for ('fit a lifetime distribution, test both the exponential form and the 30-year scale'). Fitted values require full-text access; re-class when pulled."
16_reliability_learning_service_life,sukumaran_et_al_2024_ti_hbn_wear_neutron_shielding_sct,T1,"Sukumaran et al., 'Wear and neutron shielding resilience of titanium-hexagonal boron nitride coatings against extreme lunar radiation and thermal cycles' - sliding wear rates with JSC-1A third-body abrasion; exposed Ti-hBN coatings show 90-95% lower wear rate than uncoated Ti CM substrate",Surface & Coatings Technology 492 (2024) 131185,2024,https://doi.org/10.1016/j.surfcoat.2024.131185 (Crossref-verified live R94); NTRS accession 20240011143,"Sukumaran, Orikasa, Rengifo et al.",verified_live_not_pulled - R94: full 16-page paper pulled live via NTRS from this machine and read in full; IN-FILE 'copyright 2024 Elsevier B.V. All rights are reserved' (the file's own statement outranks the NTRS GOV_PERMITTED determination per AGENTS.md licence rule) -> extraction-only; every number in extracted_data/r94_regolith_wear_resale_key_numbers.csv,"spacecost operational_costs.csv 'Mining rig service life' + 'Mining rig maximum trips': first measured third-body abrasion wear rates for regolith-contact sliding pairs (JSC-1A, 900 HV simulant); component-level mitigation evidence only - no absolute hours-to-failure -> context anchor, no re-pin"
16_reliability_learning_service_life,kunneparambil_et_al_2026_radiation_conditioned_ti_hbn_space_mechanisms,T2,"Kunneparambil Sukumaran et al., 'Radiation-Conditioned Ti-hBN Coatings for Space Mechanisms: Bridging Tribology and Irradiation Effects from Laboratory to Low-Earth Orbit' - rod-slot / ball-socket / hinge joint mechanisms abraded in JSC-1A under vacuum; coated joints show >80% lower wear depth than uncoated","48th Aerospace Mechanisms Symposium (AMS), May 2026; NTRS accession 20260002141",2026,https://ntrs.nasa.gov/citations/20260002141,"Kunneparambil Sukumaran, Thompson, Jimenez et al.",full_text_hosted - R94: NTRS copyright.determinationType=GOV_PERMITTED and NO in-file copyright statement (FIU + NASA MSFC/JSC authors) -> hosted under full_texts/ this round,"spacecost operational_costs.csv 'Mining rig service life' + 'Mining rig maximum trips': the brief's exact component class - joint mechanisms (seals/bearings/cutting surfaces) working in abrasive regolith; >80% wear-depth reduction with VPS Ti-2vol% hBN under JSC-1A vacuum abrasion -> context anchor for the upper bound of service life, no re-pin"
16_reliability_learning_service_life,stein_et_al_2025_icacc_abrasive_effects_of_lunar_regolith_on_material_wear,T2,"Stein et al., 'Abrasive Effects of Lunar Regolith on Material Wear for Long-Term Lunar Applications' - Taber abrasion (ASTM D4060-19) with LMS-1 regolith wheels vs standard CS-17: wear indices for bare Al6061-T6 and APS alumina / 8YSZ coatings","49th Int. Conf. & Expo on Advanced Ceramics & Composites (ICACC), Jan 2025, paper ICACC-GYIF-016-2025; NTRS accession 20250000687",2025,https://ntrs.nasa.gov/citations/20250000687,"Stein, Tirado-Pujols, Wohl et al.",verified_live_not_pulled - R94: full 15-page deck pulled live via NTRS from this machine and read in full; NTRS determinationType=MAY_INCLUDE_COPYRIGHT_MATERIAL + no in-file licence statement -> extraction-only per AGENTS.md's conservative reading,"spacecost operational_costs.csv 'Mining rig service life' + 'Mining rig maximum trips': quantifies the TEST-MEDIA effect - LMS-1 regolith wheels wear bare Al6061-T6 at 3.64 vs 3.29 mg/1000 cycles (CS-17), and APS alumina coatings out-wear 8YSZ ~2:1 -> context anchor for which materials survive regolith contact, no re-pin"
16_reliability_learning_service_life,mas_2007_nber13138_labor_unrest_equipment_resale_market,T2,"Mas, 'Labor Unrest and the Quality of Production: Evidence from the Construction Equipment Resale Market' - NBER WP w13138; resale prices + condition ratings for >48,000 used construction machines sold at auction 1994-2002 (Equipment Watch data)",NBER Working Paper No. 13138,2007,https://doi.org/10.3386/w13138 (Crossref-verified live R94); https://www.nber.org/papers/w13138,"Mas, Alexandre",verified_live_not_pulled - R94: full 50-page working paper pulled live from nber.org on this machine and read in full; IN-FILE 'copyright 2007 by Alexandre Mas. All rights reserved' (short quotes <=2 paragraphs permitted) -> extraction-only; no journal version found on Crossref,"spacecost operational_costs.csv 'Rig salvage fraction' (0.5 of remaining book value): the brief's terrestrial analogue - first empirical source for used heavy-equipment resale market structure (condition-indexed auction pricing, age effects); context anchor only - it prices US construction equipment in a liquid market, not an illiquid location-locked rig"
16_reliability_learning_service_life,shapiro_murray_howarth_fusaro_1995_space_mechanisms_lessons_learned_vol1_summary,T2,"Shapiro, Murray & Howarth (MTI) with Fusaro (Lewis), 'Space Mechanisms Lessons Learned Study. Volume I - Summary' - NASA-TM-107046; fleet study of what worked and failed in space mechanisms: ~400 satellites 1958-1983, failure cause breakdown, test-sample-size statistics",NASA Technical Memorandum 107046 (Lewis Research Center),1995,https://ntrs.nasa.gov/citations/19960000954,"Shapiro, Murray, Howarth & Fusaro",full_text_hosted - R95: NTRS copyright.determinationType=PUBLIC_USE_PERMITTED and no in-file copyright statement (NASA TM) -> hosted under full_texts/ this round (27.6 MB),"spacecost operational_costs.csv 'Mining system first-of-kind success probability' + 'Mining system mature success probability': the fleet-level mechanism-reliability study - ~10% of successfully launched satellites had a deployment anomaly (majority mechanical); failure causes: 42% lack of understanding, design/misapplication next; context anchor for both cells"
16_reliability_learning_service_life,shapiro_murray_howarth_fusaro_1995_space_mechanisms_lessons_learned_vol2_literature_review,T2,"Shapiro et al., 'Space Mechanisms Lessons Learned Study. Volume II - Literature Review' - NASA-TM-107047; the same study organised BY MECHANISM TYPE: Deployable Appendages / Rotating Systems / Oscillating Systems, incl. JPL lessons-learned files and ESTL European review",NASA Technical Memorandum 107047 (Lewis Research Center),1995,https://ntrs.nasa.gov/citations/19960011385,"Shapiro, Murray, Howarth & Fusaro",full_text_hosted - R95: NTRS copyright.determinationType=PUBLIC_USE_PERMITTED and no in-file copyright statement (NASA TM) -> hosted under full_texts/ this round (24.8 MB),"spacecost operational_costs.csv 'Mining system first-of-kind success probability' + 'Mining reliability growth exponent': THE source organised by mechanism type exactly as d16's brief asks ('deployments, sampling, drilling'); per-type design-practice lessons from AMS proceedings, JPL files and contractor reports; context anchor - no single published success-rate number per type"
16_reliability_learning_service_life,fusaro_nasa_space_mechanisms_handbook_lessons_learned_documented,T2,"Fusaro (Lewis), 'NASA Space Mechanisms Handbook: Lessons Learned Documented' - short NASA paper with the SUMMARY OF SPACECRAFT MECHANISM FAILURES table, ~30 deployment/mechanism failures 1964-1977 by program, date, problem and cause",NASA Lewis Research Center technical report; NTRS accession 20050192114,"n.d. (no printed date; cites Shapiro TM-107046/107047 of 1995; table runs through GOES 10, 1997)",https://ntrs.nasa.gov/citations/20050192114,"Fusaro, Robert L.",full_text_hosted - R95: NTRS copyright.determinationType=GOV_PUBLIC_USE_PERMITTED and no in-file copyright statement -> hosted under full_texts/ this round (3 pages),"spacecost operational_costs.csv 'Mining system mature success probability' (~97-99% deployments): the failure table is the raw material for a deployment-failure tally - solar arrays, booms and antennas dominate; recurring causes: microswitches, cold welding, lubricant failure, thermal binding, wire-harness/blanket interference"
16_reliability_learning_service_life,kinnett_green_klein_lin_2022_drill_feed_msl_in_flight_failure_ams,T2,"Kinnett, Green, Klein & Lin (JPL), 'Remote Diagnosis and Operational Response to an In-Flight Failure of the Drill Feed Mechanism Onboard the Mars Science Laboratory Rover' - the drilling case study: Curiosity drill-feed stall sol 1536 (Nov 2016), degradation through June 2017, feed-extended workaround, first sample sol 2057","Aerospace Materials & Structures (AMS) proceedings 2022; NTRS accession 20230005798 (preprint record, no file)",2022,https://ntrs.nasa.gov/citations/20230005798 ; open copy https://esmats.eu/amspapers/pastpapers/pdfs/2022/kinnett.pdf,"Kinnett, Green, Klein & Lin",verified_live_not_pulled - R95: full 14-page paper pulled live from esmats.eu on this machine and read in full; IN-FILE 'copyright 2022. California Institute of Technology' -> extraction-only per AGENTS.md's licence rule (NTRS record is a preprint with no downloadable file),"spacecost operational_costs.csv 'Mining system first-of-kind success probability' (drilling tally): the single most detailed public post-mortem of an in-flight regolith-contact drilling mechanism - brake/encoder diagnosis, high-drag state root cause, and how operations recovered without the feed; context anchor for the drill component of the tally"
16_reliability_learning_service_life,nasa_oig_2014_ig-14-031_iss_operational_life_extension,T2,Extending the Operational Life of the International Space Station Until 2024 (IG-14-031),"NASA Office of Inspector General audit report IG-14-031, 18 Sep 2014",2014,https://oig.nasa.gov/docs/IG-14-031.pdf,NASA Office of Inspector General (Office of Audits),"verified_live_not_pulled - R114 (2026-10-04): 66-page PDF read live; a US-government work, so hostable, but not committed in this round. Figures extracted to extracted_data/r114_gr_links_key_numbers.csv","the rig service-life rows (a 15-year design life for long-lived orbital hardware) and the ORU (spares) context: the ISS was 'originally designed and tested for a 15-year life span' and may now operate 26 years; the US has invested almost $75B and NASA spends $3-4B a year to operate it. A programme audit, so it supports the order of magnitude of the life row, not a mining rig's MTBF"
16_reliability_learning_service_life,rivera_stewart_2021_study_of_spacecraft_deployables_failures,T2,Study of Spacecraft Deployables Failures (ESMATS 2021),"19th European Space Mechanisms and Tribology Symposium (ESMATS), online, 20 Sep 2021 (NTRS 20210020397)",2021,https://ntrs.nasa.gov/citations/20210020397,"Rivera, A. (KBR / NASA GSFC); Stewart, A. (NASA GSFC)","verified_live_not_pulled - R114 (2026-10-04): 11-page PDF read live from NTRS (PUBLIC_USE_PERMITTED), not committed. Figures extracted to extracted_data/r114_gr_links_key_numbers.csv. The owner's list gives '97-99% success, $800M claims in 23 years'; neither figure was found in the text probed","the first-of-kind and mining-rig reliability rows: a count of spacecraft deployment failures and anomalies since 1961 ('an average of approximately one SC deployment failure or anomaly per year thru 2020', about one every two years over the past 20), the finding that releasing stuck deployments could recover 50-100% of revenue at risk, and an insurance claim of $146M on a $245M policy (59.6%) after a communications satellite's antenna failed to deploy. Mostly US data, by the authors' own caveat"
16_reliability_learning_service_life,nakamura_2025_sample_return_missions_rosetta_stones_small_bodies,T1,Sample Return Missions: Rosetta Stones Returned from the First Small Bodies in the Solar System,Space Science Reviews 221(4):44,2025,https://doi.org/10.1007/s11214-025-01168-4,"Nakamura, T.; Engrand, C.; Zolensky, M.; Hamilton, V.; Fraeman, A.; et al.","full_text_hosted - R114 (2026-10-04): DOI and record verified on Crossref (licence CC BY 4.0) and abstract read there; link.springer.com served a client challenge then. R120 (2026-10-05): the same Springer content PDF now pulls live via link.springer.com/content/pdf/10.1007/s11214-025-01168-4.pdf and is committed to full_texts/nakamura_et_al_2025_sample_return_missions_rossetta_stones_small_bodies_ssr22144_ccby.pdf (6,075,837 B sha256=6af19ac31c26ab551f9451d49fbf01bbf2998a570cc0b690ef447d0597cd0e57); Space Science Reviews 221:44 (39 pages), in-file '© The Author(s) 2025' + Open Access CC statement. Verbatim: ""It is now possible to bring back samples from planetary bodies of the Solar System"" - the review behind d16's sample-return context rows.","Context-only: per its abstract, a review of what the Hayabusa, Hayabusa2 and OSIRIS-REx returns found about S-, C- and B-type asteroids, with the next Martian-moon return (MMX). The owner's list cites it for a tally of regolith-contact missions with success and failure outcomes (adding Stardust), which the abstract does not give; whether the text does is unread. It would back the first-of-kind mining-system success probability only through that tally"
16_reliability_learning_service_life,nasa_cr_3349_1980_sps_salvage_and_disposal_alternatives,T2,Satellite Power System Salvage and Disposal Alternatives (NASA CR-3349),"NASA Contractor Report 3349, contract NAS8-33783, November 1980 (nss.org copy)",1980,https://nss.org/wp-content/uploads/NASA-CR3349-Salvage-And-Disposal.pdf,NASA contractor report (author names not read from the text probed),"verified_live_not_pulled - R114 (2026-10-04): 89-page PDF read live from the National Space Society copy; a NASA contractor report with no licence statement read, so not hosted. Figures extracted to extracted_data/r114_gr_links_key_numbers.csv","the rig salvage-fraction row (5-10% of capital cost, no source in the owner's note): the report's summary finds 'the average salvage value of an SPS satellite appears to be in the range of 5 to 10 percent of the satellite capital cost or about $500 million to $1 billion' (p20), a demonstration satellite's salvage value 60-90% of its on-orbit cost (p43), and disposal options costing from $66M (supra-GEO, 1.75 km/s) to $179M (Earth reentry, 8.03 km/s) in its Table 1.3. A 1980 study of a gigawatt-class power satellite, so an analogue for a mining rig, not a measurement"
16_reliability_learning_service_life,katzberg_garrison_1995_selv_based_in_space_operations_workshop,T2,"Prospects for commercialization of SELV-based in-space operations (workshop proceedings, Oct 1993)",NASA Langley workshop proceedings (NTRS 19960002340),1995,https://ntrs.nasa.gov/citations/19960002340,"Katzberg, S.J.; Garrison, J.L., Jr. (NASA Langley)","verified_live_not_pulled - R114 (2026-10-04): 476-page PDF read live from NTRS (GOV_PUBLIC_USE_PERMITTED), not committed. Figures extracted to extracted_data/r114_gr_links_key_numbers.csv. Found on the owner's list only through an exa.ai index page","the rig salvage and repair rows: an insurance-industry and KPMG view of satellite repair economics from the October 1993 workshop: replace success rate 85% (historical) and repair success 80% (an estimate), a $150M replacement against $100M/yr revenue at a 7% discount rate (replace option NPV $356M, break-even repair mission $140M), about 2.3 failures a year worldwide, and median spacecraft cost $31.6M for commercially insured, $160M for uninsured and $150-200M for civil and DoD satellites. 1993 market data"
16_reliability_learning_service_life,hirschmann_1964_profit_from_the_learning_curve,T4,"Profit from the Learning Curve (Harvard Business Review, January 1964)","Harvard Business Review, January 1964",1964,https://hbr.org/1964/01/profit-from-the-learning-curve,"Hirschmann, W.B.","registered_not_pulled - R114 (2026-10-04): the HBR page was read live, but it shows only the article's opening paragraph and the byline (paywalled), so the text was not read","Context-only: the owner's list cites it as the foundational article for the aircraft-manufacturing learning curve behind `calc.py` `learning_curve_rate` (85% per doubling for aerospace serial production). The visible opening says only that 'the pattern of improvement can be sufficiently regular to be predictive'; the 80% figure the list attributes to it was not seen. A magazine article, not peer-reviewed (T4)"
17_cost_of_capital_contingency_insurance,damodaran_cost_of_capital_by_industry,T3,"Damodaran, ""Cost of Capital by Industry Sector"" — 96-industry WACC table, updated January 2026 (NYU Stern public data hub)",NYU Stern / Aswath Damodaran public datasets (stern.nyu.edu),2026,"https://www.stern.nyu.edu/~adamodar/New_Home_Page/datafile/wacc.html (+ XLS twin https://www.stern.nyu.edu/~adamodar/pc/datasets/wacc.xls, sha256 d38b149c731bba68...)",Aswath Damodaran (NYU Stern),"open_service — HTML table + XLS dataset pulled live from this machine 2026-09-23 (html sha256=04a4dd2188cbc9..., xls sha256=d38b149c731bbb...; both XLS hosts byte-identical); key rows extracted to extracted_data/r47_damodaran_cost_of_capital_key_numbers.csv","**first registered anchor for `operational_costs.csv` row 'Cost of capital (WACC)'** (value 0.10, range 0.075–0.15; its note cites 'Damodaran NYU Stern industry tables' — now live-verified): Aerospace/Defense CoC = **7.60%** and Metals & Mining CoC = **8.20%** bracket the industrial floor our row's lower bound claims (range_low 0.075 within −10 bps of the aerospace anchor); our value 0.10 sits +240 bps above it, consistent with the stated startup risk premium; all 96 rows internally consistent (CoC = wE·CoE + wD·AT-CoD to ±5 bps). Domain-6 context: **Precious Metals sector CoC = 7.47%** — a defensible discount rate for PGM holdings."
17_cost_of_capital_contingency_insurance,valueinvesting_io_2026_boeing_howmet_wacc,T4,"ValueInvesting.io WACC estimates for Boeing (BA) and Howmet (HWM), 2026",ValueInvesting.io (financial data website),2026,https://valueinvesting.io/BA/valuation/wacc,ValueInvesting.io,"verified_live_not_pulled — R74 (2026-09-27): registered from the upstream citation; full text not sought, nothing extracted. Landing page answered HTTP 200 from this machine. Cited upstream: spacecost@e831245 spacecost/operations.py ""Cost of capital (WACC)"" row notes. R124 (2026-10-05): Boeing (BA) WACC page read live from this machine - the valuation tables are embedded server-side in JSON: verbatim ""(/) WACC"", ""10.2%"", ""6.6%"" (low/high scenario), summary table ""WACC / Discount Rate"", range ""6.3% - 8.6%"", selected ""7.5%""; long-term growth rate band ""2.0% - 4.0%"" with 3.0% selected. Context-only (R124, 2026-10-05): source verified live and read this round; no number extracted into an extracted-data CSV yet.","operational_costs.csv ""Cost of capital (WACC)"" industrial floor"
17_cost_of_capital_contingency_insurance,gallagher_plane_talking_space_market_updates,T3,"Gallagher Specialty ""Plane Talking"" Space Market Update series — the cited source behind our launch-insurance row",quarterly insurance market update (specialty.ajg.com/plane-talking/),2024,https://specialty.ajg.com/plane-talking/space-market-update-q1-2024 (+ Q4-2023; R57 added Q4-2024/Q1-2025/Q2-2025/Q1-2026/Q2-2026 — full series run now covered through Jul 2026; index at /plane-talking/Plane%20Talking),Gallagher Specialty Space team,"open_service — quarterly issue pages fetched live from specialty.ajg.com this round (HTML, no auth); extraction-only: proprietary publication with no redistribution licence -> NOT hosted in full_texts/, every figure lives in extracted_data/","**the cited-but-unregistered source behind operational_costs.csv 'Launch insurance'** (value 10% of launch+payload value; note cites Plane Talking Q1 2024, premiums '~6% early-2023 -> ~10% post-Intelsat 33e loss'). Q1-2024 issue (the cited document) confirms direction+magnitude: 2023 underwriting result **loss ~USD900mn vs premium income ~USD550mn** (+further USD230mn Dec-2022), 3yr/5yr avg loss ratios 100-110%, insurers state 'premium rating needs to increase significantly' -> our ~10% is DIRECTIONALLY corroborated, NOT numerically pinned (no explicit launch-premium-% figure in any issue pulled). Q4-2023: H2-2023 claims ~USD826m; >85% of 2023 losses from post-separation spacecraft issues — Viasat-3 + Inmarsat 6-F2 'rather than launch failures'. **FACTUAL ERROR FOUND in our note**: the Dec-2023-era rating reset is attributed by Plane Talking itself to those two in-orbit losses; IS-33e broke up IN GEO on Oct 19 2024 (US Space Forces/SpaceTrack alert via Newsweek — Boeing-built, launched Aug 2016), i.e. AFTER the Q1-2024 issue and not a launch loss at all."
17_cost_of_capital_contingency_insurance,faa_2017_report_to_congress_updated_mpl_method,T3,Report to Congress: FAA's Development of an Updated Maximum Probable Loss Method (CSLCA Public Law 114-90 Sec. 102) - the primary source behind d17's 'Third-party liability insurance' row: how per-license MPL values are actually computed,"FAA Office of Commercial Space Transportation, Report to Congress April 21 2017 (21 pp)",2017,"https://www.faa.gov/sites/faa.gov/files/2021-11/Report-to-Congress-on-Maximum-Probable-Loss-4.21.17.pdf (pulled live R89: 1,438,843 bytes %PDF-1.5)",Federal Aviation Administration,full_text_hosted - work of the U.S. government (no copyright protection in the United States); PDF pulled live from faa.gov this machine and committed under full_texts/; no DOI,"**the primary source for how our 'Third-party liability insurance' row's per-license MPL amount is determined.** The report documents FAA's risk profile method (adopted April 2015, replacing the early-1990s overlay method): probability thresholds of 1 in 10,000,000 that third-party claims exceed MPL and 1 in 100,000 for government property ('10-7 / 10-5', p20); the three-element calculation = casualty count x cost-of-casualty + property damage; **cost of a casualty fixed at $3 million since the first issued license in 1988** (p14, p17) - FAA contracted STPI in fall 2015 to reassess it and 'STPI's research suggested that the FAA should adjust its cost of casualty value upward, to approximately double its current value. The FAA is currently reviewing the study' (p17); historical property-damage estimate = casualties x 0.5 with a secondary-casualty factor of 1.5 in the launch area (p14). This is what GAO-18-57 (the companion row) evaluates: FAA never re-examined its probability thresholds and had not updated the $3M figure as of Jan 2018 - so per-license MPL values are computed from a casualty value that an independent study recommended doubling. No re-pin proposed for our rows (statutory caps unchanged; this is methodology context, and it explains why actual per-launch premiums track vehicle-specific risk profiles rather than the $500M cap)."
17_cost_of_capital_contingency_insurance,gao_2018_commercial_space_launch_insurance_mpl_methodology,T3,Commercial Space Launch Insurance: FAA Needs to Fully Address Mandated Requirements (GAO-18-57) - independent assessment of FAA's MPL methodology; confirms probability thresholds 1-in-10M / 1-in-100k and the $3M cost-of-casualty figure,"U.S. Government Accountability Office, Report to Congressional Committees January 2018 (GAO-18-57)",2018,https://www.gao.gov/assets/gao-18-57.pdf (+ accessible version https://www.gao.gov/assets/690/689526.pdf; product page https://www.gao.gov/products/gao-18-57),U.S. Government Accountability Office,"full_text_hosted - work of the U.S. government (no copyright protection in the United States; zero in-file licence statement, 24 pp) pulled live from gao.gov on 2026-10-09 and committed under full_texts/; no DOI. R89/R122/R130/R131 recorded gao.gov as Akamai-blocked (HTTP 403); the block cleared by R144 so this row is re-classified from registered_not_pulled - all five key numbers R89 extracted from GAO's product-page summary verified verbatim against the full text ($3M casualty p.9; factor change 50%->25% p.9; both regulatory threshold definitions p.11, where the government-side definition reads ""government property or personnel"" - broader than the R89 paraphrase; understatement warning summary p.2; $3.1B-2017/$1.5B-1988 indemnification cap p.6). r89_mpl_methodology_key_numbers.csv stands as recorded apart from that wording note.","**the independent check on our 'Third-party liability insurance' row's methodology.** Confirms (from GAO's own product page, Jan 16 2018): third-party MPL threshold = losses with no less than a **1 in 10 million** chance of occurring; government-property MPL threshold = **no less than 1 in 100,000**; FAA uses **$3 million per casualty** (unchanged since the GAO-17-366 recommendation to update it - 'not doing so could understate the amount of insurance launch companies are required to purchase, exposing the federal government to excess risk'); property-damage factor recently changed from 50% to **25%** of casualty cost; total MPL = casualties + property damage. Federal indemnification cap above MPL estimated at **$3.1 billion in 2017** (= the $1.5B-in-1988 figure CRS R48582 cites, now with its provenance). Four recommendations to FAA (re-examine probability thresholds; analyze direct cost impact incl. insurance premiums and indemnification liability; consult industry + insurers on an updated cost-of-casualty; set a completion date for per-scenario MPL guidance) - DOT concurred. No re-pin proposed: statutory caps in our rows are unchanged by this source."
17_cost_of_capital_contingency_insurance,whitley_shinn_2012_economics_nasa_mission_cost_reserves,T2,"Whitley & Shinn, ""The Economics of NASA Mission Cost Reserves"" - first empirical study of reserve consumption vs cost growth on the NASA CADRe data set (GSFC.CPR.5622.2011; 2012 IEEE Aerospace Conference)",IEEE Aerospace Applications / GSFC,2012,https://ntrs.nasa.gov/citations/20120002314,"Whitley (JHU APL), Shinn (NASA Goddard)","full_text_hosted - NTRS 20120002314; PDF pulled live from ntrs.nasa.gov this machine and committed under full_texts/; copyright determination PUBLIC_USE_PERMITTED + no in-file licence statement -> hostable. Context-only (R108, 2026-10-03): source verified live and read in full - the reserve-consumption findings were quoted verbatim into FINDINGS.md's R108 block; no number extracted into an extracted-data CSV yet.","spacecost reference/operational_costs.csv 'Contingency reserve' row + economicspace modules/calc.py contingency_fraction: institutional backing for the flat 20% [15,50] fixed-percentage reserve practice and its measured failure mode (CADRe: all 13 missions had reserves at PDR; 12 of 13 spent as much or more than their reserves); consistency anchor - no re-pin"
17_cost_of_capital_contingency_insurance,scottoline_coleman_1999_loan_guarantees_tax_incentives_launch_ventures,T2,"Scottoline & Coleman, ""Effectiveness of Loan Guarantees versus Tax Incentives for Space Launch Ventures"" - institutional study of launch-venture financing: hurdle rates, debt costs with/without USG loan guarantees (AIAA Space Technology conference)",AIAA Space Technology Conference,1999,https://ntrs.nasa.gov/citations/19990101869,"Scottoline & Coleman (GPS Solutions, Inc.)","full_text_hosted - NTRS 19990101869; PDF pulled live from ntrs.nasa.gov this machine and committed under full_texts/; copyright determination GOV_PUBLIC_USE_PERMITTED + no in-file licence statement -> hostable. Context-only (R108, 2026-10-03): source verified live and read in full - the financing-rate findings were quoted verbatim into FINDINGS.md's R108 block; no number extracted into an extracted-data CSV yet.",spacecost reference/operational_costs.csv 'Cost of capital (WACC)' row: institutional bracket for the startup risk premium above the industrial WACC floor (venture debt without guarantees >= 14% vs ~7% with; hurdle rates reduced by roughly a quarter); consistency anchor - no re-pin
17_cost_of_capital_contingency_insurance,mckeown_2024_hurdle_rate_commercial_space_resource_projects,T1,What is an appropriate investment hurdle rate for commercial space resource development projects?,Space Policy 70:101630,2024,https://doi.org/10.1016/j.spacepol.2024.101630,"McKeown, B.; Coulton, J.; Saydam, S.; Dempster, A.","registered_not_pulled - R114 (2026-10-04): DOI and record verified on Crossref and abstract read in full through OpenAlex; ScienceDirect serves a block page here, so the full text was not read. Abstract figures extracted to extracted_data/r114_gr_links_key_numbers.csv R125 (2026-10-06): CC BY 4.0 re-confirmed via Crossref licence field; no arXiv copy (S2 externalIds + exact-title arXiv search, both empty). UNSW BusinessThink newsroom page verified live and corroborates the headline figure verbatim: 'hurdle rates in the range of 25% could be appropriate for potential commercial space resource development projects'. No full-text route reachable from this machine (ScienceDirect Cloudflare; no institutional PDF found) - stays registered_not_pulled. R137b (2026-10-09): OpenAlex flags it hybrid OA (Space Policy); the linkinghub.elsevier.com retrieve URL is a JS 'Redirecting' stub that bounces to ScienceDirect, which answers HTTP 403 from this machine - stays registered_not_pulled.","`operational_costs.csv` `Cost of capital (WACC)` (0.10, range 0.075-0.15, anchored so far to Damodaran's industry tables at 7.6-8.2%): the first registered paper on the discount rate for space-resource projects specifically. Reviewing hurdle rates in mining, oil and gas, aerospace and venture capital, and building a Risk Build Up Method, it finds hurdle rates 'in the range of 25%' could be appropriate, and proposes a 'standard' industry discount rate of 10% for comparing projects. Its 25% is a hurdle rate for a project, not a WACC; its 10% matches upstream's value. Read from the abstract only"
17_cost_of_capital_contingency_insurance,nrc_2010_controlling_cost_growth_nasa_earth_and_space_science_missions,T2,Controlling Cost Growth of NASA Earth and Space Science Missions,"National Research Council, National Academies Press (doi 10.17226/12946)",2010,https://www.nationalacademies.org/read/12946/chapter/2,National Research Council (committee report),"verified_live_not_pulled - R114 (2026-10-04): the NAP 'Summary' chapter read live (29,529 characters of page text); the rest of the book was not read; NAP copyright, so not hosted. Findings extracted to extracted_data/r114_gr_links_key_numbers.csv","`calc.py` `contingency_fraction` and the 20% contingency standard (the owner's list: 'NASA mission cost growth study; 20% contingency standard'): the committee's summary finds prior studies' average cost growth ranged from 23 percent to 77 percent, that 'most cost growth occurs after critical design review' so reserves must stay substantial late in development, and that 92 percent of the total cost growth in one set of 40 missions came from a small number of missions. It does not state a 20% standard in the passages read"
17_cost_of_capital_contingency_insurance,parkinson_1999_hidden_costs_of_reliability_and_failure_in_launch_systems,T1,The hidden costs of reliability and failure in launch systems,Acta Astronautica 44:419-424,1999,https://doi.org/10.1016/s0094-5765(99)00093-4,"Parkinson, R.C.","registered_not_pulled - R114 (2026-10-04): DOI and record verified on Crossref (the owner's list gave only the ScienceDirect PII S0094576599000934); no abstract is available from Crossref or OpenAlex and ScienceDirect serves a block page here, so neither abstract nor text was read","Context-only: by its title, the cost of launch failure and reliability, which bears on the launch-insurance row of `operational_costs.csv` (10% of launch and payload value, from the Gallagher series). The owner's list describes it as stating that launch insurance can reach 20% of a satellite launch's cost; that is the owner's note and was not checked against the paper. 1999 vintage and unread"
18_licensing_planetary_protection_space_law,faa_14_cfr_part_450_launch_reentry_licensing,T3,14 CFR Part 450 - Launch and Reentry License Requirements,"Code of Federal Regulations (eCFR), Federal Aviation Administration",2026,https://www.ecfr.gov/current/title-14/chapter-I/subchapter-F/part-450,FAA,"full_text_hosted — R107 (2026-10-03): eCFR current text pulled live from this machine (HTTP 200; the R74 URL 'https://www.ecfr.gov/current/title-14/chapter-III/subchapter-C/part-450' redirected to a bot 'unblock' page - corrected path recorded above); 140,412 B cleaned plain-text snapshot committed under full_texts/ (sha256=b505248da7c7d213…; US government work -> public-domain). Full part verified complete through Appendix A (Collision Analysis Worksheet), §§ 450.1-450.219. Context-only (2026-10-03): read in full for the licensing rows - decisive negative finding: ZERO occurrences of 'fee' anywhere in Part 450's body, so CRS R48582's 'no application fee' premise is confirmed by the rule text itself; no number extracted into an extracted-data CSV yet.","operational_costs.csv ""FAA Part 450 licensing compliance"", ""(launch only)"" and ""Third-party liability insurance"" rows"
18_licensing_planetary_protection_space_law,crs_r48582_commercial_launch_reentry_regulations,T3,Commercial Space Launch and Reentry Regulations: Overview and Select Issues (CRS R48582),Congressional Research Service report,2025,https://www.congress.gov/crs_external_products/R/PDF/R48582/R48582.3.pdf,"Lindbergh, R.",full_text_hosted - R87: PDF pulled live from congress.gov (R48582.3 edition of Jun 23 2025) and committed under full_texts/; CRS report freely reproducible per its own p.1 note ('Any CRS Report may be reproduced and distributed in its entirety without permission from CRS'). R74 had registered it as not-pulled with landing page HTTP 200.,"operational_costs.csv ""FAA Part 450 licensing compliance"" row"
18_licensing_planetary_protection_space_law,seasly_2022_nasa_revised_planetary_protection_policy,T2,"NASA's Revised Planetary Protection Policy and Implementation (Seasly) - COSPAR 44th Scientific Assembly presentation on NPD 8020.7G / NPR 8715.24, incl. Earth-return V(r)/V(u) categorization",Presentation to the 44th COSPAR Scientific Assembly (Jul 21 2022); NTRS 20220010648; NASA Office of Safety and Mission Assurance / Office of Planetary Protection,2022,https://ntrs.nasa.gov/api/citations/20220010648/downloads/COSPAR%202022%20-NASA%20PP%20Policy-%20Seasly.pdf,Dr. Elaine Seasly (NASA Deputy Planetary Protection Officer),"full_text_hosted - R87: NTRS 20220010648 copyright.determinationType=GOV_PUBLIC_USE_PERMITTED (checked live 2026-09-30); PDF pulled from ntrs.nasa.gov this machine and committed under full_texts/; conference presentation, no DOI","**the source for d18's second regulatory premise - planetary protection on Earth return.** Upstream's sample-return mission (asteroid -> Earth) is an inbound / backward-PP case: NPD 8020.7G + NPR 8715.24 implement the COSPAR Categories I-V, and for Earth return the deck gives Robotic restricted V(r) vs unrestricted V(u) categorization with PPO concurrence (p9 table), plus contamination avoidance prior to / during Earth entry, during Earth containment, and a sample safety assessment (p15). The abstract states the policy update was driven in part by 'the private sector's emerging capability to plan missions to [Earth's] Moon and Mars' (pp17-18) - commercial small-body sample return sits inside exactly this framework. No numeric cell: per d18's brief it is context-only unless it changes a costed row (it does not; recovery operations stay in domain 7)."
18_licensing_planetary_protection_space_law,faa_14_cfr_part_440_liability_insurance_requirements,T3,14 CFR Part 440 - Liability and Insurance Requirements for Licensed Launch and Reentry Activities (incl. Appendix A: MPL determination information requirements),"Code of Federal Regulations (eCFR), Federal Aviation Administration",2026,https://www.ecfr.gov/current/title-14/chapter-I/subchapter-F/part-440,FAA,"full_text_hosted — R107 (2026-10-03): eCFR current text pulled live from this machine (HTTP 200); 59,237 B cleaned plain-text snapshot committed under full_texts/ (sha256=06619b2827f642cb…; US government work -> public-domain). Full part verified complete through Appendix A, §§ 440.1-440.19. § 440.9(c)/(e) carry the MPL caps and § 440.19 the federal indemnification base (verbatim quotes in FINDINGS R107 block). Context-only (R107, 2026-10-03): source verified live and read in full; the §§ 440.9(c)/(e) cap language and § 440.19 indemnification base were quoted verbatim into FINDINGS.md's R107 block - no number extracted into an extracted-data CSV yet.",operational_costs.csv 'Third-party liability insurance' row: the PRIMARY regulatory source of its MPL caps ($500M third party / $100M USG property) and the federal indemnification base; also backs d18's licensing rows (Part 450 § 450.31(a)(6) requires applicants to provide Part 440 Appendix A information for the FAA's MPL analysis)
18_licensing_planetary_protection_space_law,cospar_2026_planetary_protection_policy,T2,"COSPAR Policy on Planetary Protection, 2026 version (with editorial), Space Research Today 224","COSPAR, Space Research Today no. 224 (January 2026), pp15-39",2026,https://cosparhq.cnes.fr/assets/uploads/2026/01/SRT_224_Editorial_PPP-Nov-2025.pdf,COSPAR Panel on Planetary Protection,"verified_live_not_pulled - R113 (2026-10-04): 518,681-byte PDF (25 pp) pulled live from cosparhq.cnes.fr and read; it carries no licence statement, so it is not hosted. It supersedes the 2020, 2021 and 2024 versions (its editorial says so); the owner's list described this file as a Nature Astronomy icy-worlds paper, but it is the full 2026 policy","d18's open cell 'planetary-protection category of an asteroid Earth return' (not modelled upstream; it sets the handling behind domain 7's sample-recovery envelope): the category table puts undifferentiated, metamorphosed asteroids in Category I and carbonaceous-chondrite asteroids in Category II for outbound missions; sample return from small Solar System bodies is Category V, 'Unrestricted' unless the six questions of section 6.5.2 are all answered 'no' or 'uncertain', which makes it 'Restricted' (containment). Mining returns from S, M and C bodies would therefore normally be Unrestricted Earth return. Numbers in extracted_data/r113_space_law_and_planetary_protection.csv"
18_licensing_planetary_protection_space_law,usc_title51_chapter513_space_resource_utilization,T3,51 U.S.C. chapter 513 - Space Resource Commercial Exploration and Utilization (sections 51301-51303),"United States Code, 2023 edition (govinfo USCODE-2023-title51)",2023,https://uscode.house.gov/view.xhtml?path=/prelim@title51/subtitle5/chapter513&edition=prelim,"U.S. Congress (added by Pub. L. 114-90, title IV, sec. 402)","full_text_hosted - R113 (2026-10-04): the uscode.house.gov page returns HTTP 403 to this machine, so the official 2023 edition of the chapter was pulled live from govinfo.gov (USCODE-2023-title51-subtitleV-chap513.pdf, 136,265 bytes); US government work, public domain","d18's open cell 'legal basis to own and sell extracted material' (assumed upstream; the premise under every revenue line): sec. 51303 entitles a US citizen engaged in commercial recovery of an asteroid or space resource to possess, own, transport, use and sell it, in accordance with applicable law including US international obligations. US law only; it does not bind other states. Numbers in extracted_data/r113_space_law_and_planetary_protection.csv"
18_licensing_planetary_protection_space_law,pl_114_90_hr2262_enrolled_space_act,T3,"U.S. Commercial Space Launch Competitiveness Act, Pub. L. 114-90 (H.R. 2262, enrolled bill)","U.S. Congress, 114th Congress, Public Law 114-90 (enacted Nov. 25, 2015)",2015,https://www.congress.gov/114/bills/hr2262/BILLS-114hr2262enr.pdf,U.S. Congress,"full_text_hosted - R113 (2026-10-04): 145,141-byte enrolled-bill PDF (19 pp) pulled live from congress.gov; US government work, public domain","Two things the codified chapter does not carry. (1) Sec. 403, 'Disclaimer of extraterritorial sovereignty': the sense of Congress that the Act does not assert sovereignty, exclusive rights, jurisdiction or ownership over any celestial body. Read with 51 U.S.C. 51303 (usc_title51_chapter513_space_resource_utilization, whose sections 51301-51303 match sec. 402 of this Act word for word), the right that backs d18's 'own and sell' premise attaches to extracted resources, not to the asteroid. (2) Title I sec. 102(d) moved the 51 U.S.C. 50915(f) launch-liability indemnification date to September 30, 2025, part of the federal payment above MPL behind `Third-party liability insurance`; whether later law extended it was not checked here. Numbers in extracted_data/r113_space_law_and_planetary_protection.csv"
18_licensing_planetary_protection_space_law,faa_2026_launch_reentry_licensing_user_fees_policy_statement,T3,"Space Launch and Reentry Licensing and Permitting User Fees (FAA policy statement, 91 FR 21591, 22 Apr 2026; FR Doc 2026-07789)","Federal Register, vol. 91, no. 77",2026,https://www.govinfo.gov/content/pkg/FR-2026-04-22/html/2026-07789.htm (public-inspection copy: https://public-inspection.federalregister.gov/2026-07789.pdf),"Nguyen, M.A. (FAA Office of Commercial Space Transportation)","verified_live_not_pulled - R114 (2026-10-04): the public-inspection PDF (3 pages) read live; the govinfo HTML on the owner's list is the same document. A US-government work, so hostable, not committed. FAA Order 8800.4 on the owner's list answered 403 (Akamai) and was not read","the licensing rows of `operational_costs.csv` (`FAA Part 450 licensing compliance`, $2.5M, and `FAA Part 450 licensing (launch only)`, $1.2M, whose note says 'FAA does not charge an application fee'): the FAA announces that the user fee Congress created in Pub. L. 119-21 (51 U.S.C. 50924) applies from 2026 to each launch or reentry under a licence or permit, set at the lesser of a per-pound payload schedule and a maximum fee schedule. The notice states the structure but no rate: the owner's list quotes $0.25 per pound with a $30,000 cap for 2026, from a secondary article, and those figures are in the statute, which this round did not read. A per-launch charge this small leaves the licensing rows' order of magnitude intact; the note's no-application-fee wording stays true. No revision candidate"
18_licensing_planetary_protection_space_law,crs_r48144_2024_space_resource_extraction_overview_and_issues_for_congress,T3,"Space Resource Extraction: Overview and Issues for Congress (CRS R48144, 29 July 2024)",Congressional Research Service report R48144,2024,https://www.congress.gov/crs_external_products/R/PDF/R48144/R48144.1.pdf (landing page: https://www.congress.gov/crs-product/R48144),Congressional Research Service,verified_live_not_pulled - R114 (2026-10-04): 24-page PDF read live from the congress.gov external-products route (the landing page serves a Cloudflare check); CRS reports are public. Not committed,"Context-only: the right-to-sell and legal-status premises of the space-resource rows (this domain's 'Earth-return and right-to-sell premises'): an overview of space resource extraction for Congress covering the Outer Space Treaty (over 100 signatories, with interpretations that extraction is, or is not, national appropriation), the 2015 US act, the Artemis Accords and the Moon Agreement. It separates extraction to sell on Earth (its example is asteroid platinum and rhodium) from in-situ use. A legal overview with no cost or rate"
18_licensing_planetary_protection_space_law,sinibaldi_haldemann_2026_planetary_protection_is_expensive_esa_perspective,T1,"Testing the hypothesis, 'planetary protection is expensive' from the European Space Agency perspective",Philosophical Transactions of the Royal Society A 384(2314):20240431,2026,https://doi.org/10.1098/rsta.2024.0431,"Sinibaldi, S.; Haldemann, A.","registered_not_pulled - R114 (2026-10-04): DOI and record verified on Crossref (licence CC BY 4.0) and abstract read in full through OpenAlex; royalsocietypublishing.org serves a bot check here, so the full text was not read. Abstract figures extracted to extracted_data/r114_gr_links_key_numbers.csv R124 (2026-10-05) retry: Crossref's own `link` field registers a direct PDF URL on royalsocietypublishing.org but it answers HTTP 403 Cloudflare 'Just a moment' from this machine - still registered_not_pulled. R125 (2026-10-06): institutional record located at Open University ORA oro.open.ac.uk/108579 and verified live via web_extract fetcher (title/authors/journal match: Phil. Trans. R. Soc. A 384(2314), article no. 20240431); the theme issue is open access per astrobiology.com's announcement page. Royal Society PDF routes AND ORA bitstreams both serve Cloudflare 'Just a moment' to direct fetches from this machine - stays registered_not_pulled; retry = future browser pass on royalsocietypublishing.org/doi/pdf/10.1098/rsta.2024.0431. R137 (2026-10-09): OpenAlex flags it hybrid OA; the royalsocietypublishing.org/rsta/article-pdf route answers HTTP 403 from this machine (consistent with R120's Royal Society finding) - stays registered_not_pulled.","the planetary-protection cost share in this domain's licensing rows (the owner's list: 'orbiters <1%, Mars landers ~5%, Earth return integral'): from an evaluation of ESA missions since 1985, forward planetary protection needs no extra budget for category I-II missions, costs under 1% of mission cost for category III orbiters, and up to about 5% for category IV Mars landers; for restricted Earth return (category V) 'by some measure the whole mission is a PP endeavour', so it is not an additional cost. Read from the abstract; none of it prices an asteroid return, which COSPAR sets by case"
19_asteroid_excavation_beneficiation,just_2019,T1,"Just, Smith, Joy & Roy (UCL / U Manchester), ""Parametric review of existing regolith excavation techniques for lunar In Situ Resource Utilisation (ISRU) and recommendations for future excavation experiments"" — Planetary and Space Science, DOI 10.1016/j.pss.2019.104746",peer-reviewed journal; CC-BY per OpenAlex but ScienceDirect bot-blocks this machine (verified 403 on the direct PDF route),2019,https://doi.org/10.1016/j.pss.2019.104746 (CC-BY OA; pullable from a normal browser — same block class as taylor2018/harris_dabramo_2021),"Just, G.H.; Smith, K.; Joy, K.H.; Roy, M.J.","open_not_pulled (Elsevier/ScienceDirect Cloudflare challenge on the direct PDF route; abstract recorded via OpenAlex in full below) | R73 (2026-09-27): ScienceDirect Cloudflare challenge; Manchester Pure record has no file | R85 (2026-09-30): retried three routes - OpenAlex best_oa_location (= the ScienceDirect PDF route itself; Cloudflare challenge still blocks this machine), UoM Research Explorer publication record (page 404 / no file behind it) and a USRA Lunar ISRU workshop proceedings copy of the conference version (1-page abstract only, not the full text and without the specific-energy tables rc-027 needs). Status unchanged; rc-027 remains blocked. | R116 (2026-10-04): retried the remaining plausible routes - Elsevier TDM API api.elsevier.com/content/article/PII:S003206331930162X?httpAccept=text/plain&view=fulltext -> HTTP 401 AUTHENTICATION_ERROR (a registered API key is required; none available on this machine); UCL Discovery - intermittent: one search query returned a results page but no just_2019 record, and all subsequent queries now get an HTTP 403 Cloudflare challenge while its EPrints REST endpoint /cgi/rest answers 404 (the eprint route is dead from this machine); Manchester Pure publication URL still HTTP 404. Status unchanged: open_not_pulled; rc-027 remains blocked.","**the parametric anchor our `Drilling / excavation energy` row was missing**: 13 regolith excavation processes grouped into discrete vs continuous excavators, each with a defined set of representative performance parameters compared side-by-side — exactly the kind of per-technique specific-energy table that would let us replace the current '≲50 loose / ≳500 consolidated' two-point range with technique-resolved values. Pairs with metzger_zacny_2020 (the physics model) as method + data for the same row"
19_asteroid_excavation_beneficiation,zeng_2007,T2,"Zeng, Burnoski, Agui & Wilkinson (Case Western Reserve / NASA Glenn), ""Calculation of Excavation Force for ISRU on Lunar Surface"" — 45th AIAA Aerospace Sciences Meeting Exhibit, Reno NV",peer-reviewed conference paper; NTRS copy is public domain,2007,NTRS 20070018151 (full text hosted this round via ntrs.nasa.gov/api/ — see access_status),"Zeng, X.W. (David); Burnoski, L.; Agui, J.H.; Wilkinson, A.",full_text_hosted (PDF 233 KB sha256=40815c3294b8… pulled live from ntrs.nasa.gov/api/citations/20070018151/downloads/; public domain),"**the soil-mechanics force model behind our `Drilling / excavation energy` row (operational_costs.csv, 200 Wh/kg median)**: analytical drawbar-force model for digging lunar regolith from standard soil-strength parameters — the physics that converts loose-vs-consolidated into a force/energy split. JSC-1a simulant measured in-paper: density **1680 kg/m3**, cohesion **c=170 N/m2** (low, as expected for lunar surface soil), internal friction angle **phi=35 deg**, specific gravity 2.85; tool params w=1 m, d up to 1 m, v=0.1-1.63 m/s, g_moon. Key finding: required force is STRONGLY cohesion-dependent (lowest for cohesionless soil, highest for very cohesive) — the model basis for our row's 'loose regolith ≲50 Wh/kg / consolidated rock ≳500' split; pairs with metzger_zacny_2020 (thermal side of drilling) and just_2019 (measured specific-energy table, still open_not_pulled)."
19_asteroid_excavation_beneficiation,proctor_apex_2019,T2,"Proctor et al. (NASA Glenn / LMT), ""Experimental Facility to Measure Power and Forces to Excavate Lunar Regolith Simulants"" — 10th Joint Space Resources Roundtable & Planetary Mining Sciences Symposium, Colorado School of Mines",peer-reviewed conference presentation; NTRS copy is public domain,2019,NTRS 20190027268 (full text verified live this round via ntrs.nasa.gov/api/),"Proctor, M.P. et al. (NASA Glenn ISRU excavation team; LMT technical lead)","verified_live_not_pulled (PDF 2.7 MB pulled + parsed live from ntrs.nasa.gov/api/citations/20190027268/downloads/ — image-heavy slide deck, text layer sparse but complete for the instrumentation section) Re-read in full in R71 (2026-09-27) from a copy the owner downloaded: extracted_data/r71_proctor_apex_2019_key_numbers.csv.","the NASA Glenn APEX (Advanced Planetary Excavator) test facility: electrically-driven linear-actuator digger on 325 VDC/100 A bus; bucket 21.6 cm wide x 15,600 cm3 volume, 30 deg blade angle; load cell **1300 N (Fx,Fy) / 3900 N (Fz)**, torque ±203 N-m, uncertainty ≤2%; platform scale to 2224 N; GRC-3B soil bin (1587 kg fill). Method: measure power+forces in air AND simulant with identical motion profile, subtract tare → net excavation power. This is the measurement chain that produces per-test Wh/kg values for loose regolith — the institutional basis our 200 Wh/kg median row assumes."
19_asteroid_excavation_beneficiation,zeitlin_asteroid_excavation_project,T2,"Zeitlin et al. (NASA KSC IRAD / SMD), ""Asteroid Icy Regolith Excavation and Volatile Capture Project"" — Center Independent Research & Development, active 2015-2016",NASA technology-project record; NTRS copy is public domain,2015,NTRS 20150016080 (full text verified live this round via ntrs.nasa.gov/api/),"Zeitlin, N. et al. (KSC IRAD; simulant development with Univ. of Central Florida)",verified_live_not_pulled (PDF 396 KB pulled + parsed live from ntrs.nasa.gov/api/citations/20150016080/downloads/) Re-read in full in R71 (2026-09-27) from a copy the owner downloaded: extracted_data/r71_zeitlin_asteroid_excavation_project_key_numbers.csv.,"the ONLY registered excavation source targeting ASTEROID (not lunar) regolith: C-type meteorite minerals incl. hydrated minerals, ice content varied as the independent variable; penetration/excavation/sample-capture devices characterize mechanical strength vs ice fraction under vacuum + cryogenic conditions — directly our pipeline's target environment (C-type bodies like Bennu). TRL 3→5. Confirms excavation-force characterization for icy asteroid regolith was an active NASA program, i.e. the physics behind our row exists and is being measured; no Wh/kg figure in the record itself."
19_asteroid_excavation_beneficiation,ssap_2021,T1,Silicate-Sulfuric Acid Process for ISRU (arXiv),"Acta Astronautica 188:57-63 (2021), DOI 10.1016/j.actaastro.2021.07.016 / arXiv:2107.05872",2021,https://arxiv.org/abs/2107.05872,"Anderson, S.; Sansom, E.; Shober, P.; Hartig, B.; Devillepoix, H.; Towner, M.","verified_live_not_pulled — full text read on this machine and hosted here until 2026-09-26, when it was un-hosted because its licence does not permit redistribution (arxiv-nonexclusive (arXiv:2107.05872 abs page: arxiv.org/licenses/nonexclusive-distrib/1.0; checked 2026-09-26)). Removed copy: 317152 bytes, sha256 b0ae503c9a59d10f…, for checking a re-pull. Numbers the repo uses: extracted_data/ssap_2021_table3_theoretical_yields.csv, 05_inspace_operations/extracted_data/storage_isru_key_numbers.csv. R71 (2026-09-27): full extraction from the copy restored from git 5dd58d5 (sha256 matched): extracted_data/r71_ssap_2021_*.csv.",first per-asteroid-type beneficiation yield table (Table 3): external check on Module 2 commodity split; within-type spread argues for subtyping; ~950C processing temperature anchor
19_asteroid_excavation_beneficiation,tang_et_al_2023_asteroid_rock_mechanical_properties,T1,The rock-forming minerals and macroscale mechanical properties of asteroid rocks,Engineering Geology 321:107154,2023,https://doi.org/10.1016/j.enggeo.2023.107154,"Tang, Xu, Zhang, Zhao, Paluszny, Wan & Wang","registered_not_pulled - R113 (2026-10-04): DOI and bibliographic record verified against Crossref (the owner's list gave only the ScienceDirect PII); Elsevier paywall and the ScienceDirect page serves a CAPTCHA here, so neither abstract nor full text was read","Context-only: by its title, mechanical strength of asteroid rock at the scale excavation works on, which the d19 `Drilling / excavation energy` row (200 Wh/kg, its cited NIAC source unidentifiable since R74) and `calc.py` `mining_rate_kg_per_day_per_kg_rig` lack. Unread, so what it supplies is not yet known. No number extracted"
19_asteroid_excavation_beneficiation,liu_et_al_2026_asteroid_laser_mining_cryogenic_vacuum,T1,Asteroid laser mining under cryogenic vacuum conditions: Particle ejection and Fe-Ni enrichment from asteroid simulants,Chemical Engineering Research and Design 233:150-161,2026,https://doi.org/10.1016/j.cherd.2026.08.007,"Liu, Wu, Pan, Dong, Duan, Wang, Li & Dong","registered_not_pulled - R113 (2026-10-04): DOI and bibliographic record verified against Crossref (the owner's list had this PII as unverified and doubted its relevance; the title shows it is asteroid laser mining); Elsevier paywall and the ScienceDirect page serves a CAPTCHA here, so neither abstract nor full text was read","Context-only: by its title, Fe-Ni enrichment of asteroid simulant by laser processing in cryogenic vacuum, the in-space concentration step behind `calc.py` `beneficiation_recovery` (0.90) and `max_concentration_ratio` (50:1), both unsourced. Unread. No number extracted"
19_asteroid_excavation_beneficiation,sowers_2020_niac_phase1_thermal_mining_of_ices,T2,Thermal Mining of Ices on Cold Solar System Bodies: NIAC Phase I Final Report,"NASA Innovative Advanced Concepts Phase I final report, Colorado School of Mines, grant 80NSSC19K0964, February 2020",2020,https://space.mines.edu/wp-content/uploads/sites/134/2020/03/Thermal-Mining-NIAC-Phase-I-final-report.pdf,"Sowers, G. (Colorado School of Mines)","verified_live_not_pulled - R114 (2026-10-04): 135-page PDF (10,436,681 bytes, sha256 c4f182c8e21be267...) read live from the Colorado School of Mines Space Resources Program. The owner's list gives a copy on an unrelated domain (glycanspacexr-agency.com, 10,405,776 bytes, sha256 5fb4d8b5188b3cf5...) whose title page reads 'February 2019' where the CSM copy reads 'February 2020'; the CSM copy was used. No licence statement read, so not hosted. Figures extracted to extracted_data/r114_gr_links_key_numbers.csv","the `Drilling / excavation energy` row (200 Wh/kg, whose cited NIAC source has been unidentifiable since R74; this may be it, but the report was not matched to the row's wording) and the mining-rate and rig-mass fields of `calc.py`: a thermal-mining design that avoids excavation, with a point design collecting 126 kg/h of ice (three haulers, 81 h of hauler time) and a plant efficiency of 42.0 kg of annual propellant per kg of plant mass against 2.3 for the Langley excavation-based plant it compares with (20.9 t plant, 49.4 t/yr; jones_klovstad_komar_judd_2018_cost_breakeven_cislunar_isru), plus the specific powers it uses (5.8 kg/kW reflected sunlight, 18 kg/kW and 75 kg/kW nuclear). Lunar-polar ice, not asteroid rock; no revision candidate"
19_asteroid_excavation_beneficiation,techport_33509_optical_mining_asteroid_excavation_sbir,T2,Demonstration of 'Optical Mining' for Excavation of Asteroids and Production of Mission Consumables (NASA TechPort project 33509),"NASA SBIR Phase I project record, ICS Associates, 17 Jun - 17 Dec 2015",2015,https://techport.nasa.gov/projects/33509,"Integrated Concurrent System Associates, Inc. (lead organisation)","verified_live_not_pulled - R114 (2026-10-04): the TechPort page is a script-rendered shell, so the project record was read from the TechPort API (techport.nasa.gov/api/projects/33509): description and benefits text. A public NASA project record, not committed","the mining-rate and rig-mass fields of `calc.py` for volatile-rich bodies: the project record for the optical-mining concept (concentrated sunlight ablating a carbonaceous-chondrite surface and driving water into an enclosing bag), with a mission-system claim that the Apis concept 'can extract up to 100MT of water from an accessible near Earth asteroid and deliver it to Lunar Distant Retrograde Orbit' on one Falcon 9 launch. A Phase I proposal-stage claim, not a test result (the results are in broslav_2025_optical_mining_carbonaceous_chondrite_simulants)"
19_asteroid_excavation_beneficiation,broslav_2025_optical_mining_carbonaceous_chondrite_simulants,T1,Optical mining of carbonaceous chondrite simulants: Testing and lessons learned in asteroid mining research,Acta Astronautica 235:1-16,2025,https://doi.org/10.1016/j.actaastro.2025.04.033,"Broslav, T.; Dreyer, C.B.; Sercel, J.C.","registered_not_pulled - R114 (2026-10-04): DOI and record verified on Crossref and abstract read in full through OpenAlex; ScienceDirect serves a block page here, so the full text was not read R125 (2026-10-06): CC BY 4.0 re-confirmed via Crossref licence field; ScienceDirect TOC marks the article 'Open access'. Author's PhD thesis ('Shining light on optical mining', Broslav, Colorado School of Mines 2024) located at repository.mines.edu item uuid abed9ab3-8bf3-4cac-aafa-b81d379ee4d2 - DSpace 7 REST verified live anonymously (item metadata + bundles TEXT/THUMBNAIL/ORIGINAL/LICENSE all listed) but bitstream listing returns HTTP 401 from this machine, so the PDF was not pulled. Stays registered_not_pulled; retry = authenticated Mines session or a future browser pass. R137b (2026-10-09): OpenAlex flags it hybrid OA (Acta Astronautica); the linkinghub.elsevier.com retrieve URL is a JS 'Redirecting' stub that bounces to ScienceDirect, which answers HTTP 403 from this machine - stays registered_not_pulled.","Context-only: per its abstract, vacuum testing (TRL 5) at the Colorado School of Mines of optical mining, concentrated sunlight that thermally spalls a carbonaceous-chondrite simulant ('Nectar') and releases its water, with 'excavation rates / water production rates as functions of beam irradiance' and an optimal irradiance for maximum excavation. It is the measured excavation rate that `calc.py` `mining_rate_kg_per_day_per_kg_rig` ('an engineering assumption, not a measurement') lacks, but the abstract gives no value; unread beyond it"
19_asteroid_excavation_beneficiation,sercel_2018_time_dependent_outgassing_model_bulk_heating,T2,Time dependent finite difference modeling of outgassing of asteroids via bulk heating,"2018 IEEE Aerospace Conference, 1-14",2018,https://doi.org/10.1109/AERO.2018.8396701,"Sercel, J.; Crawford, M.; Dreyer, C.; Unobe, E.; Jedicke, R.; Britt, D.; Gertsch, L.","registered_not_pulled - R114 (2026-10-04): DOI and record verified on Crossref and abstract read in full through OpenAlex; the IEEE page was not opened R137b (2026-10-09): UCF Stars item page loads (HTTP 200, bePress) but the PDF is injected client-side; direct bitstream viewcontent.cgi?article=7589&context=scopus2015 answers Cloudflare 'Just a moment...' interstitial HTTP 403 - stays registered_not_pulled.","the mining-rate and size-limit fields of `calc.py`: per its abstract, a model of thermal mining validated on 200-700 g samples (serpentine, CI simulants, a CM meteorite) to within 10% on total water yield, whose full-scale runs 'found that water extraction by simple heating is too slow a process to have direct industrial value' and that there is an upper size limit for practical volatile production from one body. It argues for faster methods (optical mining); it states no rate in the abstract"
19_asteroid_excavation_beneficiation,giel_2025_modular_bucket_drum_excavator_moonbot_lunar_isru,T2,Design and Development of a Modular Bucket Drum Excavator for Lunar ISRU (arXiv:2511.00492),"arXiv preprint 2511.00492 (CC BY 4.0), 1 Nov 2025",2025,https://arxiv.org/abs/2511.00492,"Giel, S.; Hurrell, J.; Santra, S.; Mishra, A.; Uno, K.; Yoshida, K.","full_text_hosted - R114 (2026-10-04): arXiv abs page read live, abstract read in full (licence CC BY 4.0). R119 (2026-10-05): PDF pulled live via export.arxiv.org/pdf/2511.00492v1 and committed to full_texts/giel_et_al_2025_bucket_drum_excavator_moonbot_arxiv2511.00492.pdf (495,736 B sha256=6093a7e0b692f49f0d58cd3c1c227eebc106c0c7fef109b51648cbb2afa3e96a); 6 pages, no in-file copyright statement so the abs-page CC BY 4.0 governs (checked live). Verbatim: ""The resulting tool weighs 4.8 kg and has a volume of 14.06 L."" and ""It is capable of continuous excavation at a rate of 777.54 kg/h, with a normal-ized energy consumption of 0.022 Wh/kg. (the word normalized is split across a line break in the PDF text layer); batch operation at 172.02 kg/h / 0.86 Wh/kg.","the `Drilling / excavation energy` row (200 Wh/kg) and the rig-mass-versus-throughput fields: a measured excavation specific energy for a lightweight tool, a 4.8 kg, 14.06 L PLA bucket drum for the MoonBot platform in sandbox tests, 777.54 kg/h at 0.022 Wh/kg in continuous operation and 172.02 kg/h at 0.86 Wh/kg in batch operation. Loose sandbox regolith on a prototype, orders of magnitude below 200 Wh/kg, which is a hard-rock figure; no revision candidate opened because the regimes differ"
19_asteroid_excavation_beneficiation,kafi_2026_spiral_cavity_wheel_excavator_lunar_isru,T2,Designing an Efficient Excavator Bucket for Lunar ISRU: A Comparative Study with Vision-Based Fill and Displacement Analysis (arXiv:2609.25724),"arXiv preprint 2609.25724, 22 Sep 2026",2026,https://arxiv.org/abs/2609.25724,"Kafi, A.H.; Koshi, T.; Casir, J.; Nagaoka, K.","verified_live_not_pulled - R114 (2026-10-04): arXiv abs page read live and abstract read in full (default arXiv licence, so no hosting); the PDF was not opened. R120 (2026-10-05): PDF pulled live via export.arxiv.org/pdf/2609.25724 and read in full from this machine but NOT hostable - default non-exclusive distribution licence only; hash recorded: 10,103,383 B sha256=3a8ed7620d7e8f381a3b1108b43944985a7000f17ea8f03c1d4c15da81fa0e42 (no file committed). Verbatim: ""delivering 2.2–3.0 times higher excavation rate while reducing specific energy by 29% relative to a bucket-drum baseline"". Benchtop spiral-cavity wheel data behind d19's excavation-energy row. Context-only (R120, 2026-10-05): source verified live and read in full this round; no number extracted into an extracted-data CSV yet - extraction is the follow-up step.","the `Drilling / excavation energy` row: a spiral-cavity wheel that, in benchtop tests at 5, 10 and 15 RPM against two literature baselines, delivered 2.2-3.0 times the excavation rate of a bucket-drum baseline while cutting specific energy by 29%, with a way to estimate specific energy from actuator logs. A relative result for a benchtop wheel; the abstract gives no Wh/kg value. Unreviewed preprint"
19_asteroid_excavation_beneficiation,jayathilake_2022_geotechnical_parameters_lunar_regolith_excavations,T1,Assessment of significant geotechnical parameters for lunar regolith excavations,Acta Astronautica 196:107-122,2022,https://doi.org/10.1016/j.actaastro.2022.04.008,"Jayathilake, B.A.C.S.; Ilankoon, I.M.S.K.; Dushyantha, M.N.P.","registered_not_pulled - R114 (2026-10-04): DOI and record verified on Crossref; Crossref, OpenAlex and Semantic Scholar carry no abstract and ScienceDirect serves a block page here, so neither abstract nor text was read","Context-only: by its title, the geotechnical parameters that govern lunar regolith excavation, which set excavation force and energy for the `Drilling / excavation energy` row alongside zeng_2007 and just_2019. Unread, so what it supplies is not yet known"
19_asteroid_excavation_beneficiation,schuler_2022_isru_pilot_excavator_bucket_drum_scaling,T2,ISRU Pilot Excavator: Bucket Drum Scaling Experimental Results,"ASCE Earth & Space 2022 conference paper, NASA KSC (nasa.gov copy)",2022,https://www.nasa.gov/wp-content/uploads/2024/07/asce-es-2022-isru-pilot-excavator-bd-scaling.pdf,"Schuler, J.; Nick, A.; Leucht, K.; Langton, A.; Smith, D. (NASA KSC Exploration Systems and Development Office)","verified_live_not_pulled - R114 (2026-10-04): 15-page PDF read live from nasa.gov; no licence statement read, so not hosted. Mass figures extracted to extracted_data/r114_gr_links_key_numbers.csv","the rig-mass fields of `calc.py` (`mining_hardware_kg`, `mining_rate_kg_per_day_per_kg_rig`): NASA's ISRU Pilot Excavator (IPEx) is a 30 kg-class robotic excavator meant to excavate and move 10,000 kg of lunar regolith, scaled from the 65 kg RASSOR 2.0 by 50-70% in volume; the paper measures forces, torques and fill times of the scaled bucket drums, which fix how much a light rig can dig. The abstract and introduction give the mass and throughput target, not a measured kg/h; no revision candidate"
19_asteroid_excavation_beneficiation,ricardo_2026_trafficability_excavatability_icy_lunar_regolith_cone_penetration,T1,Trafficability and excavatability of icy lunar regolith simulants quantified using cone penetration,Space and Planetary Resources 2(1):9,2026,https://doi.org/10.1007/s44461-026-00015-w,"Ricardo, D.; Hodgkinson, J.; Rhamdhani, M.; Brooks, G.","full_text_hosted - R114 (2026-10-04): DOI and record verified on Crossref (licence CC BY 4.0) and abstract read in full through Semantic Scholar; link.springer.com served a client challenge then. R120 (2026-10-05): the Springer journal version now pulls live but its IN-FILE licence is 'Creative Commons Attribution-NonCommercial-NoDerivatives 4.0' (Crossref's cc-by tag does not match the file - discrepancy flagged), so we host the explicitly CC BY 4.0 Research Square preprint instead: pulled from researchsquare.com/article/rs-9421896/latest.pdf and committed to full_texts/ricardo_hodgkinson_rhamdhani_et_al_2026_trafficability_excavatability_icy_lunar_regolith_research_square_rs-9421896_ccby.pdf (7,430,744 B sha256=b3b407473d3f43c3ba1c59e5d511d37b29a342ca79d98d7bd4990d2b446a1b97); 53 pages, in-file 'This work is licensed under a Creative Commons Attribution 4.0 International License'. Verbatim title: ""Trafficability and excavatability of icy lunar regolith simulants quantified using cone penetration"". Cone-penetration data on icy regolith simulants behind d19's excavation-energy row (already cited by r114_gr_links_key_numbers.csv).","the `Drilling / excavation energy` row for icy regolith: cone-penetration tests on unsintered, pressure-sintered, ice-cemented and vapour-deposited icy lunar regolith simulants at 0.1-30 wt.% ice and 1.5-1.8 g/cm3, with sample temperature held at -180 +/- 5 C, to relate ice microstructure to trafficability and excavation. It reports a cone-index gradient, not an energy per kilogram, in the part the abstract shows; lunar-polar ice, not asteroid material"
19_asteroid_excavation_beneficiation,liddell_adams_2012_kell_hydrometallurgical_process_pgm_base_metals,T1,Kell hydrometallurgical process for extraction of platinum group metals and base metals from flotation concentrates,"Journal of the Southern African Institute of Mining and Metallurgy 112(1), January 2012",2012,https://scielo.org.za/scielo.php?pid=S2225-62532012000100009&script=sci_arttext,"Liddell, K.S.; Adams, M.D.","verified_live_not_pulled - R114 (2026-10-04): the SciELO HTML full text (36,409 characters) read live; a SAIMM journal paper with no licence statement read, so not hosted. Figures extracted to extracted_data/r114_gr_links_key_numbers.csv","`calc.py` `beneficiation_recovery` (0.90) and the 85-95% range in the owner's list: a terrestrial hydrometallurgical route for PGM flotation concentrates that reports overall PGM recoveries above 95%, about 98% nickel and 80% copper in earlier pilot work, and a final concentrate of 80-85% total PGMs plus gold. Terrestrial PGM-ore concentrates, an analogue for in-space refining at best; no revision candidate"
19_asteroid_excavation_beneficiation,liddell_2019_kell_hydrometallurgical_extraction_piloting_engineering_implementation,T1,"Kell hydrometallurgical extraction of precious and base metals from flotation concentrates - Piloting, engineering, and implementation advances",Journal of the Southern African Institute of Mining and Metallurgy 119(6) (doi 10.17159/2411-9717/602/2019),2019,https://scielo.org.za/scielo.php?pid=S2225-62532019000600011&script=sci_arttext,"Liddell, K.S.; Adams, M.D.; Smith, L.; Muller, A.","verified_live_not_pulled - R114 (2026-10-04): the SciELO HTML full text (55,693 characters) read live; a SAIMM journal paper with no licence statement read, so not hosted. Figures extracted to extracted_data/r114_gr_links_key_numbers.csv","`calc.py` `beneficiation_recovery` (0.90) and `max_concentration_ratio` (50:1): the same process after piloting, with extraction above 95% for the value metals (Pt, Pd, Rh, Au, Ag, Ni, Cu, Co) and a comparison with smelter-refining in which Kell needs 18-33% of the capital, 51-66% of the operating cost and 13-46% of the electricity. Terrestrial analogue; the cost ratios are the authors' own comparative studies"
19_asteroid_excavation_beneficiation,hay_2010_optimising_ug2_flotation_part2_modelling_pgm_recovery_cr2o3_rejection,T1,A case study of optimising UG2 flotation performance part 2: Modelling improved PGM recovery and Cr2O3 rejection at Northam's UG2 concentrator,Minerals Engineering 23(11-13):868-876,2010,https://doi.org/10.1016/j.mineng.2010.05.015,"Hay, M.","registered_not_pulled - R114 (2026-10-04): DOI and record verified on Crossref; no abstract is available from Crossref or OpenAlex and ScienceDirect serves a block page here, so neither abstract nor text was read","Context-only: by its title, modelling of PGM recovery and chromite rejection in a working UG2 flotation circuit, a terrestrial analogue for the `beneficiation_recovery` and concentration-ratio fields of `calc.py`. The owner's list gives '81% PGM recovery with a column cell'; that is the owner's note and was not checked against the paper. Unread"
19_asteroid_excavation_beneficiation,kabemba_2025_geometallurgical_framework_flotation_kinetics_platreef_pgm,T1,A Predictive Geometallurgical Framework for Flotation Kinetics in Complex Platinum Group Metal Orebodies: Mode of Occurrence-Based Modification of the Kelsall Model Using Particle Swarm Optimization,Minerals 15(7):701,2025,https://doi.org/10.3390/min15070701,"Kabemba, Mutombo & Waters","full_text_hosted - R122 (2026-10-05): full 28-page PDF pulled live from mdpi-res.com (the www.mdpi.com route still answers HTTP 403 to this machine) and read in full; IN-FILE 'This article is an open access article distributed under the terms and conditions of the creative commons attribution (cc by) license' + 'Copyright: © 2025 by the authors'. Verbatim confirming the pipeline_mapping figures: 'P-FPX3 = 83.25%' ... 'peak recovery (94.37%)'. Committed to full_texts/ as kabemba_mutombo_waters_2025_geometallurgical_framework_flotation_kinetics_platreef_pgm_minerals_15_701_mdpi_ccby.pdf (3,460,221 B, sha256=c9134eda1333bcd6f441854b74ecad9b4693b0118736fc20f885351536e49bcb)","`calc.py` `beneficiation_recovery` (0.90): batch flotation of eight Platreef samples with cumulative PGM recoveries from 83.25% (P-FPX3) to 94.37% (P-FPX1, the best), FPX4 90.35%, fast-floating lithologies stabilising above 85% at 20 minutes, and PGMs locked in silicates floating slowly. Terrestrial ore; the 90.6% in the owner's description is the share of PGMs in liberated or sulfide-associated form, not a recovery"
19_asteroid_excavation_beneficiation,mueller_sibille_sanders_jones_2014_arrm_concepts_of_operations_isru_ladder,T2,Concepts of Operations for Asteroid Rendezvous Missions Focused on Resources Utilization (ARRM/EMC campaign study; 10 pp),NASA KSC/JSC/Langley conference paper (venue not stated in-document); NTRS 20140017854,2014,https://ntrs.nasa.gov/citations/20140017854,"Mueller, R.P.; Sibille, L.; Sanders, G.B.; Jones, C.A.","full_text_hosted (context-only) - R137 (2026-10-09): 10-page paper pulled from ntrs.nasa.gov and read in full; copyright.determinationType=PUBLIC_USE_PERMITTED, zero in-file copyright statements -> hosted under ntrs-public-use. Year 2014 assigned from the NTRS publicationDate context (no date printed in-document - R135 precedent). Qualitative: the ISRU development ladder prospecting -> mining/extraction feasibility & product assessment -> pilot operations -> full ISRU, framed inside the Evolvable Mars Campaign; no cost or dv figures anywhere in the text.",Context-only (R137): institutional NASA statement of how asteroid resource extraction is staged operationally - backs the excavation/beneficiation PROCESS structure upstream assumes but carries no numbers to pin any cell.
20_mission_operations_communications,jpl_dsn_services_catalog_820_100,T2,JPL DSN Services Catalog 820-100 Rev H — the authoritative source behind our Deep Space Network time row,"NASA/JPL institutional document (DSN No. 820-100, Rev. H)",2022,https://www.nasa.gov/wp-content/uploads/2023/09/dsn-services-catalog.pdf ; live official fee calculator https://dse.jpl.nasa.gov/ext/,"Jet Propulsion Laboratory (DSN Project Office; approved by DSN Chief Engineer, Jun 6 2022)","verified_live_not_pulled — full text read on this machine and hosted here until 2026-09-26, when it was un-hosted because its licence does not permit redistribution (copyright (PDF p1: 'Copyright 2022 California Institute of Technology. Government sponsorship acknowledged' - a JPL document, not public domain; checked 2026-09-26)). Removed copy: 1543820 bytes, sha256 48bdf613fb4bbf42…, for checking a re-pull. Numbers the repo uses: 05_inspace_operations/extracted_data/unhosted_sources_key_numbers.csv. Earlier record: PDF 1.54 MB sha256=48bdf613fb4bbf42 pulled live from nasa.gov this round — public JPL document, copyright California Institute of Technology — re-checked 2026-09-26, see full_texts_manifest.csv); companion calculator at dse.jpl.nasa.gov/ext/ is a client-side JS app whose rate engine is server-side (apertureFeeTool/cost/) — rates are NOT exposed via any API, so the catalog PDF + BLS CPI-U actuals are the verifiable route R71 (2026-09-27): full extraction from the copy restored from git 5dd58d5 (sha256 matched): extracted_data/r71_jpl_dsn_820_100_*.csv.","**the named-but-unregistered source behind operational_costs.csv 'Deep Space Network time'** (value $1,530/hr single 34-m dish; note cites MOCS FY09 $1,057/hr CPI-adjusted and names dse.jpl.nasa.gov/ext/). Rev H p66: official hourly rate base **RB = $1,792** 'at the time of publication' (Jun-2022); fee algorithm eq 6-1 AF=RB*AW*MW with AW=1.0 single 34-m / 2.0 two-station array+DDOR / 3.0 three-array OR any combo incl a 70-m / 4.0 four-array; MW downlink-only 0.5. CPI-adjusting RB to latest BLS actual (Aug-2026, x1.1617 vs H1-2022 basis): **34-m ~$2,082/hr -> our $1,530 is -26.5% LOW** and the 70-m '~$4k/hr' note figure is ~$6,245 computed (**-36.0% LOW**) — both recorded as revision candidates (target repo read-only). Our value IS internally consistent with its own stated method: FY09 $1,057 x WB-inflation chain 2009..2024 = $1,540 (-0.65%), but that rests on the superseded MOCS FY09 rate; Rev H's official RB supersedes it."
20_mission_operations_communications,nasa_oig_2023_ig-23-016_dsn_audit,T2,"Audit of NASA's Deep Space Network (IG-23-016) - DAEP cost growth, schedule delay and DSN oversubscription","NASA Office of Inspector General audit report IG-23-016 (A-22-01-00-MSD), July 12 2023",2023,https://oig.nasa.gov/wp-content/uploads/2023/12/ig-23-016.pdf,NASA Office of Inspector General (Office of Audits),"full_text_hosted - 2.7 MB PDF pulled live from oig.nasa.gov R85 (2026-09-30); US government work, public domain; key numbers with page locations in extracted_data/r85_dsn_oig_audits_key_numbers.csv","**DSN capacity/cost context for operational_costs.csv 'Deep Space Network time'** - demand exceeds supply by as much as 40 percent (p3/p7) while the DSN supports nearly 60 NASA and international missions (p3); DAEP life-cycle cost $419M at project start in 2010 -> **$706M by end FY2022 (+$287M / +68 percent**, p4) on scope changes incl. a dish-pedestal rebuild and deferrals; committed $363.2M FY2010-FY2022 = $184M DSN-budget wedge + $179.2M Construction of Facilities (p14); Phase 1 planned $173.2M for Sep-2018 completion vs actual partial completion at $120.8M as of FY2022 (Table 2, p21). No per-hour aperture fee anywhere in the audit -> rc-030's route stays the 820-100 Rev H rate base + CPI chain."
20_mission_operations_communications,nasa_oig_2015_ig-15-013_dsn_management,T2,"NASA's Management of the Deep Space Network (IG-15-013) - DSN operating budget, FY2013 cut and DAEP history","NASA Office of Inspector General audit report IG-15-013 (A-14-012-00), March 26 2015",2015,https://oig.nasa.gov/wp-content/uploads/2024/02/IG-15-013.pdf,NASA Office of Inspector General (Office of Audits),"full_text_hosted - 4.6 MB PDF pulled live from oig.nasa.gov R85 (2026-09-30); US government work, public domain; key numbers with page locations in extracted_data/r85_dsn_oig_audits_key_numbers.csv","**annual operating-cost anchor for 'Mission operations' and DSN context** - FY2014 DSN budget = **$210M** covering operations, maintenance and upgrades, executed by the JPL Project Office (p8); CSIRO's Canberra-site operating budget FY2014 = $19M (~100 staff, p9); SCaN cut of -$101.3M for FYs 2013-2019 forced DAEP delays and antenna closures/replanning (p3/p16), met by a $91.7M offset plan (Table 4, p18) plus $18.6M inflation exposure; updated DAEP life-cycle cost through FY2025 = **$393.1M** (+$30.7M vs the 2009 estimate, p21) - the first data point of the growth that IG-23-016 later reports as $419M -> $706M; 'NASA missions do not pay for use of the Network unless a unique technology must be added' (p12) - context for why DSN time is a chargeable line at all."
20_mission_operations_communications,aws_ground_station_price_list,T4,AWS Ground Station on-demand antenna pricing (AWS Price List API offer AWSGroundStation),Amazon Web Services price list (pricing.us-east-1.amazonaws.com),2026,https://aws.amazon.com/ground-station/pricing/,Amazon Web Services,"open_service - R113 (2026-10-04): the pricing page loads its figures by script, so the public AWS Price List API offer file was pulled live (offers/v1.0/aws/AWSGroundStation/current/index.json, 81,240 bytes, publicationDate 2026-09-11T12:45:56Z, 47 products) and the on-demand contact-minute rates extracted","spacecost operational_costs.csv `Communications relay & data downlink` ($50 per Mbit [10, 200], no source): a current commercial antenna price, $10/min narrowband and $22/min wideband on demand at most sites ($15 and $25 at Dubbo). AWS serves LEO/MEO missions, not deep space, so it prices only near-Earth phases (delivery to LEO/GEO); converting to $/Mbit needs a link rate the price list does not state. Numbers in extracted_data/r113_aws_ground_station_prices.csv"
20_mission_operations_communications,nasa_mocs_2014_dsn_aperture_fee_algorithm,T2,NASA's Mission Operations and Communications Services (1 October 2014): DSN aperture fee and costing,NASA / JPL DSN project document (deepspace.jpl.nasa.gov/files/6_NASA_MOCS_2014_10_01_14.pdf),2014,https://deepspace.jpl.nasa.gov/files/6_NASA_MOCS_2014_10_01_14.pdf,NASA (JPL Deep Space Network),"verified_live_not_pulled - R114 (2026-10-04): 32-page PDF read live; no licence statement read, so not hosted. Section 2.1 (pp 16-17) extracted to extracted_data/r114_gr_links_key_numbers.csv","the named upstream source behind `Deep Space Network time` (rc-030: $1,530/hr, whose note cites 'MOCS FY09 $1,057/hr CPI-adjusted'): the MOCS document itself, with the fee algorithm AF = RB x [AW x (0.9 + FC/10)] (Eq. 2-1), contact-dependent rate RB '$1057/hr. for FY09' (so the FY09 figure upstream's note cites is MOCS's), aperture weights 0.80 (34 m high-speed beam waveguide), 1.00 (other 34 m), 2-4.00 for 34 m arrays and 4.00 for the 70 m. At one station contact a week (FC = 1) AF = RB x AW, so a standard 34 m hour was $1,057 in FY09. The later 820-100 Rev H rate base ($1,792) is registered as jpl_dsn_services_catalog_820_100; this document supplies the history, and rc-030 is unchanged"
20_mission_operations_communications,nasa_2021_uranus_orbiter_and_probe_decadal_mission_concept_study,T2,Uranus Orbiter and Probe: Planetary Mission Concept Study for the 2023-2032 Decadal Survey (7 June 2021),"NASA mission concept study, Johns Hopkins APL (science.nasa.gov copy dated 2023/10)",2021,https://science.nasa.gov/wp-content/uploads/2023/10/uranus-orbiter-and-probe.pdf,"Simon, A.; Nimmo, F. (science co-leads); NASA / Johns Hopkins APL study team","verified_live_not_pulled - R114 (2026-10-04): 59-page PDF read live; a NASA study report, so hostable, but not committed. DSN lines extracted to extracted_data/r114_gr_links_key_numbers.csv","a cross-check for `Deep Space Network time` (rc-030): a flagship concept costed with the 'JPL DSN Aperture Fee tool', carrying Phase E DSN charges of $21.3M in its WBS 7 (Mission Operations) line, single 34 m DSN supports in all phases, weekly 2-hour beacon tracks while in hibernation and 8-hour daily contacts for two weeks each March and September. The schedule is described in prose, so no dollar-per-hour rate can be backed out; it only shows the order of magnitude of a deep-space tracking bill. The concept is $2.15B (FY25, Phase A-D, including launch vehicle)"
20_mission_operations_communications,clark_2023_compass_jupiter_heliophysics_mission_concept_study,T2,"Comprehensive Observations of Magnetospheric Particle Acceleration, Sources, and Sinks (COMPASS): A Mission Concept to Jupiter's Extreme Magnetosphere","Heliophysics mission concept study, Johns Hopkins APL; ESSOAr preprint, 27 Feb 2023 (doi 10.22541/essoar.167751608.84818747/v1)",2023,https://pdfs.semanticscholar.org/2d47/91da44239079b997e96816023a1322f633c9.pdf (preprint doi https://doi.org/10.22541/essoar.167751608.84818747/v1),"Clark, G.; Kinnison, J.; Kelly, D.; Kollmann, P.; Li, W.; Jaynes, A.; Blum, L.; Marshall, R.; Turner, D.; Cohen, I.; et al.","verified_live_not_pulled - R114 (2026-10-04): 79-page PDF read live from the Semantic Scholar copy; the first page says the copyright holder is the author/funder, all rights reserved, no reuse without permission, and that it is a preprint not peer reviewed, so not hosted. DSN lines extracted to extracted_data/r114_gr_links_key_numbers.csv","a second cross-check for `Deep Space Network time` (rc-030): a Jupiter heliophysics concept whose DSN charges are 'estimated at $28.5M using the Jet Propulsion Laboratory (JPL) DSN Aperture Fee tool' (excluded from the mission budget in its cost tables) for a 5.5-year cruise with three 8-hour X-band passes a week on 34 m antennas plus a 514-day, 15-orbit science phase. A mission-level total with the pass pattern in prose; no per-hour rate can be backed out, and a preprint"
20_mission_operations_communications,remer_1992_modeling_dsn_costs_future_space_missions_major_cost_drivers,T1,Modeling the deep space network costs for future space missions by using major cost drivers,International Journal of Production Economics 28(2):193-202,1992,https://doi.org/10.1016/0925-5273(92)90031-2,"Remer, D.S.; Sherif, J.S.; Buchanan, H.R.","registered_not_pulled - R114 (2026-10-04): DOI and record verified on Crossref (the owner's list gave only the ScienceDirect PII 0925527392900312); no abstract is available from Crossref or OpenAlex and ScienceDirect blocks this machine, so neither abstract nor text was read R134 (2026-10-07): NTRS exact-title search found the journal reprint (id 19930068625, Remer/Sherif/Buchanan) but METADATA_ONLY with no file -> stays registered_not_pulled. R137 (2026-10-09): NTRS search confirmed the record is METADATA_ONLY with no downloadable file; its SISTER SpaceOps-1992 paper (DSN modification/enhancement preparation costs, same authors) IS on NTRS and was pulled+hosted this round as remer_sherif_buchanan_1992_dsn_modification_costs_model_spaceops - see domain 20 FINDINGS.","Context-only: by its title, a cost model of the Deep Space Network's support of future missions from major cost drivers; a companion paper by the same authors (1993) fits a model of DSN modification costs to Voyager (Uranus, Neptune) and Magellan data, so this one is probably a capital-cost model, not an hourly tracking fee. 1992 vintage, so it is history for `Deep Space Network time`, not a rate. Unread"
20_mission_operations_communications,remer_sherif_buchanan_1992_dsn_modification_costs_model_spaceops,T2,Estimating the Deep Space Network modification costs to prepare for future space missions by using major cost drivers (SpaceOps 1992 conference paper; JPL),SpaceOps 1992: Proceedings of the Second International Symposium on Ground Data Systems for Space Mission Operations; NTRS 19940019495,1992,https://ntrs.nasa.gov/citations/19940019495,"Remer, D.S.; Sherif, J.S.; Buchanan, H.R. (JPL)","full_text_hosted - R137 (2026-10-09): 6-page SpaceOps-1992 conference paper pulled from ntrs.nasa.gov and read in full; copyright.determinationType=GOV_PUBLIC_USE_PERMITTED, zero in-file copyright statements -> hosted under ntrs-public-use. Sister paper to the queued remer_1992 row (NTRS 19930068625 is METADATA_ONLY with no file): this one models DSN MODIFICATION/ENHANCEMENT preparation costs from eight mission cost drivers, back-tested on Voyager(U)/Voyager(N)/Magellan and externally checked against MJS and Viking.","operations.py / operational_costs.csv DSN rows (per-mission ground-support prep costs) - Table 6 actuals: Voyager(U) $35.9M / Voyager(N) $36.0M / Magellan $32.5M per mission; independent checks MJS $97.5M over 10 yr, Viking $49.7M over 5 yr (all 1987$). Ceiling-anchor class: model predictions bracket actuals within ~+/-23%; recurring service pricing is out of scope here."
20_mission_operations_communications,nasa_oig_2018_ig-18-016_commercial_resupply_services_audit,T2,"""Audit of Commercial Resupply Services to the International Space Station""","NASA Office of Inspector General Report IG-18-016 (April 26, 2018)",2018,https://oig.nasa.gov/docs/IG-18-016.pdf,NASA OIG Office of Audits,"full_text_hosted - R142 (2026-10-09): 55-page PDF pulled live from oig.nasa.gov (3,610,457 B; sha256 90aa7424...), zero in-file copyright statements -> public-domain per the standing OIG-audit precedent (R85 IG-23-016/IG-15-013).","FIRST institutional source for d20's 'Depot berthing & handover operations' cell ($2M/delivery, upstream marks it ESTIMATE scaled from ISS visiting-vehicle ops): per-mission actuals for the whole cargo-delivery mission - CRS-1 31 missions $5.9B = avg $191.3M/mission; SpaceX 20 @ $152.1M avg / Orbital ATK 11 @ $262.6M avg (CRS-2, max total value $14B); Sierra Nevada rides Atlas V list price $175M/launch; cadence revision could cut the average to $71,800->? per kg ($71,800 -> $68,800). Ceiling-anchor class: brackets the handover component inside a ~$150-260M delivery budget - does NOT pin the cell. r142_crss_berthing_key_numbers.csv (9 rows, all quotes count==1 verified)."
20_mission_operations_communications,nasa_2026_isam_state_of_play,T2,"""In-Space Servicing, Assembly, and Manufacturing (ISAM) State of Play 2026 Edition""",NASA Langley Research Center (Mulvaney/Arney et al.); NTRS 20260008638,2026,https://ntrs.nasa.gov/citations/20260008638,NASA LaRC + Analytical Mechanics Associates,"full_text_hosted - R142 (2026-10-09): 454-page PDF pulled live from NTRS (5,845,784 B; sha256 recorded in manifest); determinationType=PUBLIC_USE_PERMITTED with zero in-file copyright statements -> ntrs-public-use per the standing precedent.","Institutional capability+program catalog for d20's berthing/handover and autonomy-staffing brief items: every RPOD/servicing program entry carries developer, country, contact vs non-contact mode, status and (where stated) budget - e.g. Astroscale K Program $77M/5yr on-orbit chemical refueling + GEO EP-refuel services; Lockheed CDM $89.7M cryogenic fluid management Tipping Point; Flight Works PUMA AFRL contract $5.7M. Context-only class: program budgets for the CAPABILITY side of in-space handover, not per-delivery ops prices - no cell pinned."
21_mass_cost_estimating_relationships,aerospace_corp_small_satellite_cost_model,T2,Small Satellite Cost Model (SSCM),The Aerospace Corporation (parametric cost model),2019,https://aerospace.org/sscm,The Aerospace Corporation,"registered_not_pulled — R74 (2026-09-27): registered from the upstream citation; full text not sought, nothing extracted. Landing page answered HTTP 403 to this machine (bot or rate limit; not worked around). Cited upstream: spacecost@e831245 spacecost/operations.py ""Mining payload recurring cost"" and ""Berthing adapter recurring cost"" row notes.; R106 (2026-10-03) re-check: model scope + versions documented by foreman_lemoine_deweck_2016_cer_survey_distributed_spacecraft_missions (its p.6 table lists SSCM as public, Aerospace Corporation, mass < 1000 kg, post-1990 dataset); landing page still HTTP 403 to this machine - stays registered_not_pulled.","operational_costs.csv recurring deep-space hardware $/kg bracket (mining payload, berthing adapter)"
21_mass_cost_estimating_relationships,nasa_instrument_cost_model_nicm,T2,NASA Instrument Cost Model (NICM),NASA / JPL (parametric cost model),2026,https://www.jpl.nasa.gov/go/nasa-instrument-cost-model/,NASA HQ OCFO / JPL,"registered_not_pulled — R74 (2026-09-27): registered from the upstream citation; full text not sought, nothing extracted. Landing page answered HTTP 200 from this machine. Cited upstream: spacecost@e831245 spacecost/operations.py ""Mining payload recurring cost"" and ""Berthing adapter recurring cost"" row notes.; R106 (2026-10-03) re-check: NTRS holds NICM VI (20160008251), NICM-E (20150007881) and NICM 8.5 (20210012565) but all three carry determination OTHER with no public download files -> access-restricted via the NASA ONCE portal; JPL landing page still HTTP 200 while the OCFO URL in this row now returns HTTP 404 - stays registered_not_pulled. R122 (2026-10-05) retry: JPL NICM page HTTP 200 with 0 PDF links on the page (model docs remain NTRS-only; R106 records already registered). R134 (2026-10-07): re-check: all three NTRS records (VI 20160008251, NICM-E 20150007881, cost-time trends 20190026811) still METADATA_ONLY with no public download files -> stays registered_not_pulled.","operational_costs.csv recurring deep-space hardware $/kg bracket (mining payload, berthing adapter)"
21_mass_cost_estimating_relationships,musk_2018_falcon9_upper_stage_cost_statement,T4,Elon Musk public statement (2018): Falcon 9 upper stage costs ~$10M to build,public statement (no link given upstream),2018,no link given upstream,"Musk, E.","registered_not_pulled — R74 (2026-09-27): registered from the upstream citation; full text not sought, nothing extracted. Upstream gives no link, so there was nothing to check; registered so the dependency is visible. Cited upstream: spacecost@e831245 spacecost/operations.py ""Expendable upper stage recurring cost"" row notes.","operational_costs.csv ""Expendable upper stage recurring cost"" low end"
21_mass_cost_estimating_relationships,stackpoole_2013_pica_pica_x_postflight_eval,T2,Post-Flight Evaluation of PICA and PICA-X - Comparisons of the Stardust SRC and Space-X Dragon 1 Forebody Heatshield Materials,International Planetary Probe Workshop (Jun 2013); NASA ARC-E-DAA-TN9994; NTRS 20140005558,2013,https://ntrs.nasa.gov/citations/20140005558,"Stackpoole, Kao, Qu & Gonzales (NASA Ames / ERC Inc.)","full_text_hosted - 386 KB PDF pulled live from NTRS R56 (sha256=43f0a80b21942f3ec7b448ddf9bfa3c552404d61c76e1be16a0a29bc8d56c59d); determination PUBLIC_USE_PERMITTED; caveat: NTRS hosts only the title/summary slide of this presentation, not the full deck","backs operational_costs.csv ""Heat shield / TPS for Earth return"" ($50k/kg): flight heritage + post-flight material performance (PICA Stardust 2006 / PICA-X Dragon COTS Demo Flight 1 2010; MSL & OSIRIS-REx baseline forebody TPS); no per-kg cost data anywhere reachable -> value remains an engineering estimate Flight-heritage evidence for the TPS row; the paper has no per-kg cost figure (recorded as context-only 2026-09-26). R70 (2026-09-27) extracted the summary slide's peak heat flux/load and salt-contamination figures into r70_stackpoole_2013_pica_pica_x_postflight_eval.csv."
21_mass_cost_estimating_relationships,foreman_lemoine_deweck_2016_cer_survey_distributed_spacecraft_missions,T2,"A Survey of Cost Estimating Methodologies for Distributed Spacecraft Missions (NTRS 20160012751, catalog 2016-09-13)",AIAA conference paper; NASA Technical Reports Server (NTRS) 20160012751,2016,https://ntrs.nasa.gov/api/citations/20160012751/downloads/20160012751.pdf,"Foreman, V. L.; Le Moigne, J.; de Weck, O. L.","full_text_hosted — R106 (2026-10-03): 792,734 B PDF pulled from NTRS (determination GOV_PUBLIC_USE_PERMITTED; sha256=6103c2acc773a8e6…; 17 pages) and read live on this machine. Context-only (R106, 2026-10-03): the model table on p.6 documents both parametric models upstream cites for its recurring $/kg brackets - SSCM (Aerospace Corporation; 'Earth orbiting or near planetary spacecraft with mass < 1000 kg'; dataset restricted to post-1990 missions; public) and NICM / NICM-E (NASA Cost Analysis Division + JPL; CERs per instrument type, low fidelity for Explorer-class; access through the NASA ONCE portal); no number extracted into an extracted-data CSV yet - extraction is the follow-up step.",operational_costs.csv recurring $/kg cells + calc.py sizing fields (see FINDINGS.md R106 block)
21_mass_cost_estimating_relationships,koenig_stewart_2019_orion_tps_manufacturability_em1,T2,"Orion Heat Shield Manufacturing Producibility Improvements for the EM-1 Flight Test Program (NTRS 20190001310, catalog 2019-03-02)",NASA Kennedy Space Center technical report; NASA Technical Reports Server (NTRS) 20190001310,2019,https://ntrs.nasa.gov/api/citations/20190001310/downloads/20190001310.pdf,"Koenig, W. J.; Stewart, M. C.","full_text_hosted — R106 (2026-10-03): 744,038 B PDF pulled from NTRS (determination GOV_PUBLIC_USE_PERMITTED; sha256=973f8524c92067ed…; 8 pages) and read live on this machine. Context-only (R106, 2026-10-03): flight-test + producibility record for the TPS row - EM-1 Avcoat blocks bonded to a carbon skin / titanium skeleton; 'producibility improvements will provide cost and schedule savings and a reduction in overall heat shield weight' (p.3); no per-kg cost figure anywhere reachable, so the $50k/kg value stays an engineering estimate.",operational_costs.csv recurring $/kg cells + calc.py sizing fields (see FINDINGS.md R106 block)
21_mass_cost_estimating_relationships,clark_pensado_jones_grande_judd_2021_lander_function_allocation_propellant,T2,"How the Allocation of Lander Functions Impacts Human Lunar Exploration Architecture Propellant Demands (NTRS 20205010330, catalog 2021-01-29)",In-Situ Resource Utilization (ISRU) workshop paper; NASA Technical Reports Server (NTRS) 20205010330,2021,https://ntrs.nasa.gov/api/citations/20205010330/downloads/ISRU-Paper4A-20201119.pdf,"Clark, M. A.; Pensado, A. R.; Jones, C. A.; Grande, M. L.; Judd, E. L.","full_text_hosted — R106 (2026-10-03): 3,060,088 B PDF pulled from NTRS (determination GOV_PUBLIC_USE_PERMITTED; sha256=983d4056216ce711…; 17 pages) and read live on this machine. Context-only (R106, 2026-10-03): institutional sizing inputs for lander-class hardware - inert mass fraction (IMF) baselines SSL/AE 0.25 / DE 0.20 / RTE 0.10 at Isp 450 s with sensitivity ranges 0.20-0.30 / 0.15-0.25 / 0.05-0.15 (Tables 7/9, p.8-11); the first institutional mass-fraction numbers for lunar transport vehicles behind the surface-lander row and calc.py sizing fields.",operational_costs.csv recurring $/kg cells + calc.py sizing fields (see FINDINGS.md R106 block)
21_mass_cost_estimating_relationships,borner_venkatapathy_2024_low_cost_tps_materials,T2,"Recent Developments of Thermal Protection Materials to Enable Lower Cost Space Missions (NTRS 20240006803, catalog 2024-06-14)",International Planetary Probe Workshop (IPPW) Jun 2024; NASA Technical Reports Server (NTRS) 20240006803,2024,https://ntrs.nasa.gov/api/citations/20240006803/downloads/IPPW_2024_Borner.pdf,"Borner, A.; Venkatapathy, E.","verified_live_not_pulled — R106 (2026-10-03): 4,047,347 B PDF pulled from NTRS and read in full on this machine but NOT hosted: determination MAY_INCLUDE_COPYRIGHT_MATERIAL with no in-file redistribution licence -> extraction-only per the repo licence rule (sha256=8305f15d3bc07a8f…; 18 pages). Read in full: PICA-class ablator cost trends across Discovery / SIMPLEx / CLPS program caps ($150M FY92 cap -> $500M today; SIMPLEx $55M excl. LV); backs the 'lower-cost TPS materials' direction of the heat-shield row but carries no per-kg figure. Context-only (R106, 2026-10-03): source verified live and read in full; ablator cost-trend content backs the heat-shield row context - no number extracted into an extracted-data CSV yet.",operational_costs.csv recurring $/kg cells + calc.py sizing fields (see FINDINGS.md R106 block)
21_mass_cost_estimating_relationships,nanostar_systems_engineering_mass_budget_subsystem_percentages,T4,"NANOSTAR Project 'Systems Engineering' page: Table 15, typical subsystem percentages in a mass budget (after Wertz & Larson 1999)","NANOSTAR Project documentation, 1.0rc2 (gitlab.io)",n.d. (cites Wertz & Larson 1999),https://nanostar-project.gitlab.io/main/source/preliminary-design/systems.html,NANOSTAR Project (open student-satellite handbook),"verified_live_not_pulled - R114 (2026-10-04): the HTML page (7,956 characters) read live; its Table 15 says it was 'extracted from [WL99]' (SMAD), so the original source is a textbook this repo does not hold. A project handbook page, not hosted. Table extracted to extracted_data/r114_gr_links_key_numbers.csv","the sizing fractions of `calc.py` (`return_structure_frac_of_payload`, `heat_shield_frac_of_payload`, `return_vehicle_dry_kg`) and the structure and propulsion share of dry mass: a table of typical subsystem shares of dry mass for four spacecraft types (no-propulsion, LEO with propulsion, high Earth orbit, planetary), where structure and mechanism is 20-27% and propulsion 0-13% of dry mass, and propellant is 27%, 72% and 110% of dry mass for the three propelled types. A secondary copy of SMAD heritage data (T4); the primary is not open"
21_mass_cost_estimating_relationships,spadoni_1982_cost_estimation_model_advanced_planetary_programs_fourth_edition,T2,Cost Estimation Model for Advanced Planetary Programs - Fourth Edition (SAI Report 1-120-768-C9),"Science Applications, Inc. report for NASA HQ Earth and Planetary Exploration Division, contract NASW-3035, April 1982 (NTRS 19840014522)",1982,https://ntrs.nasa.gov/citations/19840014522,"Spadoni, D.J. (Science Applications, Inc.)","verified_live_not_pulled - R114 (2026-10-04): 109-page PDF read live from NTRS (GOV_PUBLIC_USE_PERMITTED), not committed; only its front matter and parameter list were read, not the cost-estimating relationships themselves. Found on the owner's list through an exa.ai index page","Context-only: the owner's list cites it for subsystem masses as the primary cost-estimating inputs. Its parameter list does include subsystem mass M (kg), number of flight-qualified units N, direct, non-recurring and recurring labour hours, mission and encounter duration and imaging resolution, in a model 'derived from historical data'. A 1982 planetary-mission model priced in 1982 dollars, so a method precedent for the recurring $/kg rows, not a rate; the relationships were not read"
21_mass_cost_estimating_relationships,ehresmann_2021_automated_system_analysis_and_design_tool_for_spacecrafts,T1,An automated system analysis and design tool for spacecrafts,CEAS Space Journal 14(2):327-354,2021,https://doi.org/10.1007/s12567-021-00383-3,"Ehresmann, M.; Herdrich, G.; Fasoulas, S.","full_text_hosted - R114 (2026-10-04): DOI and record verified on Crossref and abstract read in full through OpenAlex; link.springer.com served a client challenge then. R120 (2026-10-05): the same Springer content PDF now pulls live via link.springer.com/content/pdf/10.1007/s12567-021-00383-3.pdf and is committed to full_texts/ehresmann_herdrich_fasoulas_2021_automated_system_analysis_design_tool_ceas_space_journal_ccby.pdf (4,442,544 B sha256=c26fb1fa9bc4b800c12f0712285f89c5841afa907400bd45d5c74dca53ab8d36); CEAS Space Journal 14:327-354 (28 pages), in-file Open Access Creative Commons Attribution statement. Verbatim: ""An automated system analysis and design tool for spacecrafts"" - a generic full-system estimation software applied to actual flight missions; context for d21's estimating-tool rows.","Context-only: per its abstract, a full-system estimation tool applied to a data set of actual flight missions 'to derive a heuristic for system composition for mass and power ratios' of the subsystems, which is the kind of subsystem mass-fraction table the `calc.py` return-structure and heat-shield fractions lack. The owner's list says it draws on SMAD heritage data for four orbit classes; the abstract does not say that. Unread beyond the abstract"
21_mass_cost_estimating_relationships,hayhurst_2016_historical_mass_power_schedule_cost_growth_nasa_spacecraft,T2,"Historical Mass, Power, Schedule, and Cost Growth for NASA Spacecraft",IEEE Aerospace Conference paper (NTRS 20160003121; the owner's list says ICEAA),2016,https://ntrs.nasa.gov/citations/20160003121,"Hayhurst, M.R.; Bitten, R.E.; Shinn, S.A.; Judnick, D.C.; Hallgrimson, I.E.; Youngs, M.A.","registered_not_pulled - R114 (2026-10-04): NTRS record and abstract read through the NTRS API (determinationType OTHER, no downloadable file); the paper itself was not read R119 (2026-10-05): citation API re-checked live - still determinationType OTHER with no downloads[] entries (IEEE Aerospace Conference copy paywalled); stays in the queue. R138 (2026-10-09): NTRS 20160003121 re-checked live - copyright.determinationType=OTHER, belongsToUsGov=False and ZERO downloads (metadata-only); the IEEE Aerospace Conference copy (DOI 10.1109/aero.2016.7500553) is closed in OpenAlex with no repository location -> stays registered_not_pulled; d21's hosted R106 NTRS pair remains the working mass/cost-growth anchor.","Context-only: per its abstract, mass, power, cost and schedule growth for multiple NASA spacecraft of the last twenty years, measured from project start, PDR and CDR to launch and at subsystem level, compared with industry reserve guidelines. It bears on the mass margins behind `calc.py` `return_vehicle_dry_kg` and the contingency fraction; the abstract gives no growth percentage. Unread beyond it"
21_mass_cost_estimating_relationships,peterson_haas_1971_shuttle_tps_refurbishment_cost_study_nasa_cr-iii_30,T2,"Refurbishment cost study of the thermal protection system of a space shuttle vehicle, Final report (NASA CR-III_30; Contract NAS1-IQ-94)",Lockheed Missiles & Space Company for NASA Langley Research Center Materials Division; NTRS 19710008613,1971,https://ntrs.nasa.gov/api/citations/19710008613 (NTRS record); no DOI,"Peterson, R. J. (Lockheed Missiles & Space Company)","full_text_hosted - NTRS determinationType=GOV_PUBLIC_USE_PERMITTED; zero in-file copyright statements across all 325 pages (scanned this round). Hosted as full_texts/peterson_haas_1971_shuttle_tps_refurbishment_cost_study_nasa_cr-iii_30.pdf (11,820,549 B, sha256 c1ac29d79335...). Microfilm-era OCR text layer: cost figures verified at word level on pp.58/60","FIRST institutional dollar figure for d21's 'Heat shield / TPS for Earth return' cell (upstream: '$50k/kg [20k,150k] ... NASA/SpaceX have not published a per-kg PICA-X cost; engineering estimate'): p.58 'the operational cost per square foot of TPS material applied to a delta body orbiter is presented', ablators highest at '~$50,000' (nose cone $85,000) over a 10-year life; p.60 '$1300 to $2800 per square foot for metallic and non-metallic TPS system'. These are MAINTENANCE/operational costs per unit AREA, not material manufacturing price per kg - context/bound class: brackets the cell's cost family but pins no value (no re-pin). 325 pp; NASA CR-III_30."
21_mass_cost_estimating_relationships,mcguire_covington_goldstein_arnold_beck_2013_msl_aft_heatshield_trade_studies_ippw10,T2,"Enabling a Better Aft Heat Shield Solution for Future Mars Science Laboratory Class Vehicles (IPPW-10, June 17-21 2013)",NASA Ames Research Center; NTRS 20130014700,2013,https://ntrs.nasa.gov/api/citations/20130014700 (NTRS record); no DOI,"McGuire, K.; Covington, A.; Goldstein, H.; Arnold, J. O.; Beck, R.","full_text_hosted - NTRS determinationType=PUBLIC_USE_PERMITTED; zero in-file copyright statements (scanned this round). Hosted as full_texts/mcguire_covington_goldstein_arnold_beck_2013_msl_aft_heatshield_trade_studies_ippw10.pdf (96,307 B, sha256 97cb6a0f4189...). Single-page abstract record: quotes verified against the hosted PDF's text layer","MSL-class aft heat-shield trade study behind d21's TPS cell context: 'system studies ... compare masses and estimated manufacturing costs of options for the as-flown MSL aft body' SLA-561V; optimizing SLA thickness could cut aft shield mass ~40%; AFRSI (Shuttle lee-side heritage, 'relatively inexpensive manufacturing') would be 60% lighter than as-flown SLA. Manufacturing-cost comparison class - no per-kg figure printed in the abstract record -> context/bound, pins no value."
22_prior_art_techno_economic_benchmarks,hein2020,T1,A Techno-Economic Analysis of Asteroid Mining (arXiv v11 = Acta 2020),Acta Astronautica 174:59-71 / arXiv:1810.03836,2020,https://doi.org/10.1016/j.actaastro.2019.05.009,Hein A.M.; Matheson R.; Fries D.,"verified_live_not_pulled — full text read on this machine and hosted here until 2026-09-26, when it was un-hosted because its licence does not permit redistribution (arxiv-nonexclusive (arXiv:1810.03836 abs page: arxiv.org/licenses/nonexclusive-distrib/1.0; checked 2026-09-26)). Removed copy: 430126 bytes, sha256 ed8d373c3384f49d…, for checking a re-pull. Numbers the repo uses: 02_composition_value/extracted_data/composition_value_key_numbers.csv, 02_composition_value/extracted_data/unhosted_sources_key_numbers.csv. Earlier record: arXiv preprint; journal version paywalled R71 (2026-09-27): full extraction from the copy restored from git 5dd58d5 (sha256 matched): extracted_data/r71_hein2020_*.csv.","end-to-end TEA calibration: Pt demand curve, water-vs-Pt market split, beneficiation cost structure; R61 deepening — Tables 1+2 full parameter sets extracted (water breakeven throughput 2.3e-4 kg/s/kg ~ +7158% vs our plant-row centre = DISCREPANCY recorded: his value is a BREAKEVEN requirement exceeding even the top of our band; Pt breakeven 0.35 kg/s/kg ~ 110,000x ours = viability threshold at 1e-5 grade); in-space water price assumption $20k/kg vs our $2.5k proxy recorded as value-side calibration point"
22_prior_art_techno_economic_benchmarks,metzger_2023,T1,"Metzger (UCF Florida Space Institute), 'Economics of In-Space Industry and Competitiveness of Lunar-Derived Rocket Propellant' — Acta Astronautica 211:458-479, DOI 10.1016/j.actaastro.2023.03.014 | arXiv:2303.09011 preprint read live; NO redistribution license on the preprint and Elsevier bot-blocks => recorded only",Acta Astronautica,2023,https://doi.org/10.1016/j.actaastro.2023.03.014,Metzger,"verified_live_not_pulled — arXiv:2303.09011 read in full in R71 (2026-09-27) from a copy the owner downloaded; no redistribution licence (arXiv default) and the Elsevier route bot-blocks, so extract only. Numbers: extracted_data/r71_metzger_2023_*.csv (Tables 1-3 and A1 plus key numbers).","Theoretical anchor for ISRU economics: 'gear ratio on cost' G and production mass-ratio phi are the two factors that decide whether lunar propellant beats Earth-launched; prior TEAs erred by choosing high-G architectures or ignoring phi. Tent-sublimation technology has phi an order of magnitude better than the viability threshold => conclusion: lunar propellant WILL be commercially viable and should lower the cost of everything else in space. Same author as metzger_zacny_2020 (drilling) — his UCF line is now our standing reference for both ISRU physics and its economics. Context-only (2026-09-26): framework (gear ratio G, production mass ratio phi); no specific figure is used."
22_prior_art_techno_economic_benchmarks,stenis_hogland_2017_interplanetary_resource_economy_optimisation,T2,"Optimisation of the resource economy of metals, minerals and energy in an interplanetary perspective (Stenis & Hogland) - a cost-structure model for asteroid/Mars resource exploitation with residual-value optimisation; case study: USA exploits an asteroid + Mars",Linnaeus Eco-Tech '14 proceedings / Linnaeus University open-access journal series (ISSN 2002-8008); DOI via Crossref 10.15626/eco-tech.2014.030 (verified live R88: title/authors/year match),2017,"https://doi.org/10.15626/eco-tech.2014.030  (PDF at https://open.lnu.se/index.php/eco-tech/article/download/511/451, pulled live R88: 290,020 bytes %PDF-1.6, 24 pp)","Jan Stenis; William Hogland (Linnaeus University, Sweden)",verified_live_not_pulled — - institutional OA article page (open.lnu.se OJS) carries a Copyright notice and NO redistribution licence (checked live R88: no Creative-Commons statement on the PDF or its landing page); Crossref license field empty. Full text read in full this round from the author-repository copy; every figure lives in extracted_data/r88_stenis_hogland_2017_key_numbers.csv - NOT hosted under full_texts/ (no licence to redistribute),"**d22's third prior-art model and its only one with a bottom-up per-mission cost anchor.** The paper proposes an explicit cost structure for interplanetary commodity exploitation: C_commodity_total = $50B annual global (USA share $25B), derived from 5% of US industrial GDP (~$2T) as 'a reasonable amount to initially allocate to cosmic industry costs' (p14); **the case study's total estimated cost for a mission to mine an asteroid = $5 billion, stated by the authors themselves as 'almost certainly low'** (p14) - order-of-magnitude context for our per-mission spend rows; residual-value chain: tellurium residuals A=$1B / B=$1T production value / C=$10B (pp14-15); shadow costs R_commodity = $100M global, allocated to the USA at $50M via eq.(39)-(40) (p15). Value-side context: space economy ~$251B in 2007 with >60% commercial (p2); a 30-m asteroid holds $25-50B of platinum, an 80-m one >$100B of materials, a 200-m metallic body ~$30B 'at today's prices', and a high-PGM 500-m body the equivalent of all PGMs ever mined on Earth (p3). No re-pin proposed: figures are 2017 order-of-magnitude estimates for model calibration, not measurements - they bracket rather than contradict our rows. Fills d22's brief bullet 'published TEAs ... with inputs mappable to ours' at the macro level."
22_prior_art_techno_economic_benchmarks,paulson_balchanos_mavris_2026_isru_economic_environmental_tradeoffs,T2,Analyzing the Economic and Environmental Trade-offs of In-Situ Resource Utilization (ISRU),"AIAA SciTech 2026 Forum, AIAA 2026-2788",2026,https://doi.org/10.2514/6.2026-2788,"Paulson, Balchanos & Mavris",registered_not_pulled - R113 (2026-10-04): DOI and bibliographic record verified against Crossref; abstract read live on arc.aiaa.org (the paper itself is 'No Access'); full text not sought,"Context-only: a whole-model lunar ISRU TEA for d22 (session 'Advanced Space Logistics Infrastructures: Spaceport, ISRU, and Asteroid Mining'). Per its abstract, for a 4-person lunar crew over 3 years: Earth resupply reaches $500M by year 3; ISRU needs an $800M setup and $10,000/day maintenance and returns its investment only after 30 years; a 15% carbon tax or 30% maintenance subsidy does not change that. Abstract-level inputs only; no number extracted"
22_prior_art_techno_economic_benchmarks,jones_klovstad_komar_judd_2018_cost_breakeven_cislunar_isru,T2,Cost Breakeven Analysis of Cis-lunar ISRU for Propellant,NASA Langley Research Center paper (undated PDF; costs in FY2018 dollars; hosted by the NIA Big Idea Challenge),n.d. (FY2018 dollars),http://bigidea.nianet.org/wp-content/uploads/2019/10/Cost_Breakeven_Analysis_of_Cis-Lunar_ISRU-FINAL.pdf,"Jones, C.A.; Klovstad, J.J.; Komar, D.R.; Judd, E.L. (NASA Langley Research Center)","verified_live_not_pulled - R114 (2026-10-04): 13-page PDF read live; no licence statement read, so not hosted. Results extracted to extracted_data/r114_gr_links_key_numbers.csv","an independent techno-economic benchmark for domain 22 (as domain 8 is for delta-v): a parametric Langley model of six cis-lunar propellant architectures that asks whether lunar-ice propellant beats Earth-launched propellant for the Evolvable Mars Campaign (59 t/yr of hydrogen/oxygen for 14 years). It finds the cheapest architecture is commercial delivery from Earth at $40,000/kg of propellant in cis-lunar space (SLS delivery $46,000/kg), lunar ISRU does not reach cost breakeven within the baseline 14 years, and breakeven takes 35 years. It is the plant that sowers_2020_niac_phase1_thermal_mining_of_ices rates at 2.3 kg/yr per kg and an architecture-level answer for propellant, not for metals; no revision candidate"
22_prior_art_techno_economic_benchmarks,miyajima_2022_cost_analysis_in_situ_space_resources_moon_mars_habitation,T2,A Cost Analysis of the Use of In Situ Space Resources for Sustainable Habitation on the Moon and Mars (ICES-2022-170),"51st International Conference on Environmental Systems, St. Paul MN, 10-14 July 2022",2022,https://ttu-ir.tdl.org/server/api/core/bitstreams/f320edbc-fb3f-41f8-b3ba-32b1997ec60a/content,"Miyajima, H. (International University of Health and Welfare, Japan)","verified_live_not_pulled - R114 (2026-10-04): 14-page PDF read live from the Texas Tech repository ('Copyright 2022 Hiroyuki Miyajima'), so not hosted. Figures extracted to extracted_data/r114_gr_links_key_numbers.csv","a prior-art cost benchmark for ISRU propellant: with $1/kg of propellant from Earth moved to LEO, EML1 and the Moon, propellant costs $4,000, $12,000 and $36,000/kg; if Moon-produced propellant costs under $500/kg, propellant sent from the Moon to LEO ($3,000/kg) is 25% cheaper than Earth's $4,000/kg. Its large-scale model (one hundred 100-person flights every two years for 50 years) finds per-person cost falls with flights but depends on a fixed ISRU cost and depot transport. Assumption-driven scenarios, not measurements"
22_prior_art_techno_economic_benchmarks,nachtrieb_smith_2026_will_astroforge_collapse_the_pgm_market,T2,Will AstroForge Collapse the PGM Market? (arXiv:2607.06806),"arXiv preprint 2607.06806 (CC BY 4.0), 7 July 2026",2026,https://arxiv.org/abs/2607.06806,"Nachtrieb, R.T.; Smith, S.J.","verified_live_not_pulled - R114 (2026-10-04): arXiv abs page and the HTML full text (27,127 characters) read live; licence CC BY 4.0 per the abs page, so hostable later, not committed. Statements extracted to extracted_data/r114_gr_links_key_numbers.csv","a market-absorption benchmark for domains 15 and 22 and a second source for PGM grades: a non-steady system-dynamics model of the PGM market that finds the price eventually drops toward the much lower cost of asteroid mining, 'but only after the entire supply has shifted off-world'. It states that terrestrial high-grade ores run 4-10 ppm and that iron meteorites suggest metallic asteroids hold 100 to 187 ppm PGM (its ref. 8), a higher range than the 20-100 ppm of the sources the repo registers (usgs_pp1802n, cannon2023), which find lower maxima at high Ir. An unreviewed preprint; the model's elasticities and prices were not extracted"
22_prior_art_techno_economic_benchmarks,calla_fries_welch_2019_asteroid_mining_small_spacecraft_economic_feasibility,T2,"""Asteroid mining with small spacecraft and its economic feasibility""",arXiv:1808.05099 (v2 24 Jun 2019; astro-ph.IM) - no journal version found in Crossref/OpenAlex/Semantic Scholar as of R141,2019,https://arxiv.org/abs/1808.05099,"Calla, Fries & Welch (ISU / I3S)","verified_live_not_pulled - R141 (2026-10-09): full text read in full on this machine from the arXiv v2 PDF via export.arxiv.org mirror (23 pp; 3,823,028 B; sha256 5acc92703ff996e79a2aa53ef59b7662d518f8208a5bf9bb3f21a9e6a9d00f2c), NOT hosted: the abs page's rights statement is arXiv's DEFAULT non-exclusive distribution licence (icons/licenses/nonexclusive-distrib/1.0) and there is no in-file redistribution grant - same class as lewicki2023/asime2018/lodders_2010.","d22's missing primary for the R113 note: the NPS master's thesis that was rejected on 2026-10-04 cited Calla, Fries & Welch (2019) as the source of its '$7B break-even' figure - this IS that paper. A swarm-of-small-spacecraft water-mining model with fully stated inputs: <$500 kg craft delivering 100 kg water/trip at ~437 m/s one-way to NEAs within ~0.03 AU; spacecraft $113.6M/unit (SSCM); first unit total $145.7M + $90M Falcon Heavy; break-even needs >100 craft operating >5 yr, most-likely scenario = cis-lunar water sale with a 200-craft fleet at ~$7B up-front investment and profit after ~10 yr (as little as 7). Fourth prior-art model in d22: whole-swarm mission economics vs Hein's plant-level / Metzger's lunar-propellant TEA / Stenis-Hogland's macro structure. No re-pin - it brackets campaign/results.csv break-even behaviour; inputs extracted to r141_calla_key_numbers.csv."
22_prior_art_techno_economic_benchmarks,dorrington_olsen_2026_parametric_economic_modelling_asteroid_mining_architectures,T1,"""Parametric economic modelling of asteroid mining architectures""",Acta Astronautica 241:19-47 (April 2026),2026,https://doi.org/10.1016/j.actaastro.2025.11.006,Dorrington & Olsen,"registered_not_pulled - R141 (2026-10-09): DOI Crossref-verified live (title/authors/venue/vol 241 pp 19-47, published 2026-04; licence field = CC-BY VOR + Elsevier TDM). Full text NOT pulled from this machine: doi.org resolves to linkinghub.elsevier.com and EVERY ScienceDirect route answers HTTP 403 (article page, /pdf?md5=..., /am/pii/... author-manuscript endpoint, /sdfe pdffiles) with both browser-style and curl UAs; OpenAlex/Semantic Scholar list no mirror PDF (S2's openAccessPdf is the DOI stub itself). The CC-BY VOR licence means a copy IS legally hostable once reachable - re-probe in a later round.","d22 candidate: the first PEER-REVIEWED parametric economic model of asteroid-mining architectures (Acta Astronautica, 29 pp) - exactly d22's brief ('published techno-economic models ... that state enough of their inputs to map onto pipeline cells'). Registered metadata-only so the dependency is visible; its input tables are unextractable until a copy is reachable. Context: Crossref deposit carries no abstract."
23_cost_indices_dollar_years,fred_cpiuacsl_monthly_usd_series,T3,"FRED CPI-U (CPIAUCSL) monthly index series, 1947..Aug-2026",Federal Reserve Bank of St. Louis / FRED (BLS data),2026,https://fred.stlouisfed.org/graph/fredgraph.csv?id=CPIAUCSL,"St. Louis Fed (FRED), BLS source series","open_service (live fredgraph.csv endpoint verified from this machine 2026-09-27: full monthly history pulled, 1947..Aug-2026; key factors committed in extracted_data/r78_index_factors_and_fx_averages.csv. Reproduces the BLS CPI-U values R50 read from data.bls.gov within ~0.1% (vintage drift: Aug-2026 334.131 here vs 334.980 in R50's pull). The keyless api.bls.gov publicAPI v2 endpoint returns 'Invalid Series' for CPIAUCSL from this machine, so FRED is the working route to the series.)","spacecost reference/launch_vehicles.csv rows Minotaur IV (note factor x1.45), Space Shuttle (~x1.44) and Saturn V ('carried to 2026 dollars'), plus operational_costs.csv 'Deep Space Network time' ($1,057 FY09 CPI-adjusted): the consumer-price index every written escalation in spacecost names as 'CPI'. Match quality: ceiling-anchor — it supplies the factor for each note; where a note's own window ends at 2024 (WB chain) this series extends the same method to Aug-2026 and shows the notes under-escalate by ~3-5% (rc-050/051/052)."
23_cost_indices_dollar_years,world_bank_usa_annual_cpi_inflation,T3,"World Bank USA annual consumer-price inflation, 1960..2024",World Development Indicators via api.worldbank.org,2026,https://api.worldbank.org/v2/country/USA/indicator/FP.CPI.TOTL.ZG?format=json&per_page=100,World Bank (WDI),"open_service (live API verified from this machine 2026-09-27: full series pulled, per-year actuals through 2024; 2025 value null at WB lastupdated 2026-07-13). The indicator id PC.PIX.FACD used in earlier notes is REJECTED by the current API ('Invalid value'); FP.CPI.TOTL.ZG is the working route.","spacecost reference/launch_vehicles.csv rows Minotaur IV and Space Shuttle, plus operational_costs.csv 'Deep Space Network time': THIS series' annual chain reproduces every written factor — 2009..2024 x1.4570 = R50's DSN factor exactly; 2010..2024 x1.4622 = the Minotaur IV note ~x1.45; 2011..2024 x1.4386 = the Shuttle note ~x1.44. Match quality: EXACT for the three written factors (the index they actually used); extracted_data/r78_index_factors_and_fx_averages.csv carries the per-year values and chain products."
23_cost_indices_dollar_years,world_bank_official_fx_averages_deu_ind,T3,"World Bank official exchange-rate period averages, EUR/USD and INR/USD (1960..2025)",International Financial Statistics via api.worldbank.org,2026,"https://api.worldbank.org/v2/country/{DEU,IND}/indicator/PA.NUS.FCRF?format=json&per_page=100",World Bank (IFS),"open_service (live API verified from this machine 2026-09-27: both country series pulled in full; LCU per US$, period average).","spacecost reference/launch_vehicles.csv rows PSLV-XL ('Rs 130-200 crore ($16-24M, 2023)') and Ariane 5 ECA (EUR 150-190M vehicle cost bracketed by a $ band): the official exchange rates behind non-US quotes. Match quality: near-exact for PSLV-XL — implied INR/USD 81.25-83.33 matches the official 2023 average (82.60); Ariane's $ band implies USD/EUR 1.100-1.158, which no stated date in the row pins to a single year's average."
23_cost_indices_dollar_years,nasa_new_start_inflation_index_fy26,T3,NASA New Start Inflation Index (FY25 inflation tables for use in FY26; actuals through September 2025),NASA OCFO PP&C Models & Tools (nasa.gov/ocfo/ppc-corner/ppc-models-tools),2025,https://www.nasa.gov/wp-content/uploads/2025/12/2025-nasa-new-start-inflation-index-for-fy26-draft.xlsx,NASA Office of the Chief Financial Officer,"full_text_hosted - R113 (2026-10-04): 558,219-byte workbook pulled live from nasa.gov (linked from the PP&C Models & Tools page, also fetched live); US government work, public domain. The file name says 'draft'; it is the release the page links","d23's missing standalone NNSI series (the opening block names it): annual rates and cumulative factors 1959-2035. To 2026 dollars: from FY2009 x1.5278, FY2010 x1.5071, FY2011 x1.4832; to FY2024: from FY2009 x1.4261. The upstream DSN note (FY09 $1,057 x1.45) and the Minotaur IV and Shuttle notes match a World Bank CPI chain through 2024 (R78: 2009..2024 x1.4570), not NNSI; over the same span NNSI gives x1.4261, 2.1% lower, and carrying to 2026 (the year every row claims) adds two more years of NNSI growth. Numbers in extracted_data/r113_nasa_nnsi_fy26_factors.csv"
23_cost_indices_dollar_years,bls_eci_total_compensation_us_all_industries_ciu1010000000a,T3,"""Employment Cost Index (NAICS)"" BLS series CIU1010000000000A - Total compensation, All Civilian workers, All industries and occupations, United States (National), 12-month percent change",Bureau of Labor Statistics ECI program; api.bls.gov publicAPI v2,2026,https://api.bls.gov/publicAPI/v2/timeseries/data/ (seriesid CIU1010000000000A),US Bureau of Labor Statistics,"open_service - R140 (2026-10-09): keyless publicAPI v2 endpoint verified live from this machine: three 10-year windows pulled (the API caps each request at a 10-year span and says so in its message field), Q1-2001..Q2-2026 = 102 quarterly points. Identity with PEBD's own operations index verified point-by-point against the NAICS sheet of planetary_society_pebd_mission_costs (re-pulled live this round, sha256 a6e7b08b...): all 98 overlapping quarterly values EXACT and its cumulative 'Wage Inflation Factor' column reproduced within vintage drift. CAUTION: BLS ECI quarterly values are ANNUALIZED percent changes - the per-quarter factor is (1+pct/100)^(1/4), not (1+pct/100).","d23's missing third index class (the R76 opening block and R113 both name it): PEBD escalates operations costs with THIS series, so it is the institutional index for operational_costs.csv rows - e.g. FY2017 -> Q4-2025 x1.3536, FY2014 -> x1.4417, FY2009 -> x1.5825 (live API through Q2-2026). No re-pin: both operational_costs.csv rows already sit at reference_year=2026."
23_cost_indices_dollar_years,fred_gdpdef_quarterly_usd_series,T3,"FRED GDPDEF - Gross Domestic Product: Implicit Price Deflator, quarterly chain-type index (Q1-1947..Q1-2026; BEA via St. Louis Fed)",Bureau of Economic Analysis National Income and Product Accounts; fred.stlouisfed.org series GDPDEF,2026,https://fred.stlouisfed.org/graph/fredgraph.csv?id=GDPDEF (+ series page https://fred.stlouisfed.org/series/GDPDEF); no DOI,"U.S. Bureau of Economic Analysis (via FRED, St. Louis Fed)","open_service - live fredgraph.csv endpoint re-verified from this machine 2026-10-09: full quarterly history pulled (318 obs Q1-1947..Q1-2026); key factors committed in extracted_data/r145_gdpdef_key_numbers.csv. FRED was unreachable at R73-era probes but answered for the CPI-U row by R78; this round's re-probe also caught that GDPC1 is REAL GDP, not a deflator - GDPDEF is the correct series","**the production-side price index d23's opening brief asked for** (a consumer price index / NASA NNSI / a GDP deflator): closes the third family alongside CPI-U and ECI/NNSI. Factors to Q1-2026: FY2009 x1.5067, 2014 x1.3928, 2016 x1.3684, 2017 x1.3423 - each ~4% BELOW the CPI-U factor to a same-quarter endpoint (x1.5724/x1.4156), i.e. consumer-price escalation OVERSTATES production-side cost growth by that margin; no cell currently names GDPDEF as its basis, so context/audit class - no re-pin."
24_aerocapture_aerobraking,lyons_1999_magellan_mgs_aerobraking_comparison,T2,"Lyons, 'Aerobraking at Venus and Mars: A Comparison of the Magellan and MGS Aerobraking Phases' (JPL)",JPL conference paper; NTRS accession 20000057306 — no venue marker on the scan; year ~1999/2000 (MGS completion Feb-4-1999 is past tense in the abstract),~1999/2000,https://ntrs.nasa.gov/citations/20000057306,"Lyons, D.T. (JPL)",full_text_hosted — 161 KB scan pulled live from ntrs.nasa.gov this machine R79 (sha256=28bf68f576ccfa56…); copyright determinationType=GOV_PUBLIC_USE_PERMITTED; p2 passage read verbatim,"Flight record for the spacecost 'NEA → LEO delivery (aerobraked)' note: drag removed ~1,200 m/s from Magellan's AND MGS's orbits — the first two aerobraking missions at Venus/Mars. Feeds rc-053."
24_aerocapture_aerobraking,long_2007_mro_aerobraking_daily_ops,T2,"Long et al., 'MRO Aerobraking Daily Operations and Collision Avoidance' (JPL)","Proceedings of the 20th International Symposium on Space Flight Dynamics, Annapolis MD, Sep 24-28 2007; NASA/CP-2007-214158; NTRS accession 20080012690",2007,https://ntrs.nasa.gov/citations/20080012690,"Long, S.M.; You, T.-H.; Halsell, C.A. et al. (JPL)",full_text_hosted — 575 KB PDF pulled live from ntrs.nasa.gov this machine R79 (sha256=a68183d07e8e1edb…); copyright determinationType=PUBLIC_USE_PERMITTED; Table 1 read by word coordinates,"The three-mission aerobraking flight record: Long et al. Table 1 gives MRO/ODY/MGS date ranges, durations (154 / 76.1 / 299 days as printed), orbit counts (431 / 332 / 891) and ABM delta-v; p1 states MRO was the THIRD JPL aerobraking mission after MGS (1997-99) and ODY (2001-02). Feeds rc-053."
24_aerocapture_aerobraking,prince_striepe_2007_mro_aerobraking_phase_assessment,T2,"Prince & Striepe, 'MRO Operational Aerobraking Phase Assessment' (NASA LaRC)","AAS 07-244, AAS Space Flight Mechanics Meeting; NTRS accession 20070010460",2007,https://ntrs.nasa.gov/citations/20070010460,"Prince, J.L.; Striepe, S.A. (NASA LaRC)","full_text_hosted — 1.6 MB PDF pulled live from ntrs.nasa.gov this machine R79 (sha256=46df6bdc7ea17638…); copyright determinationType=GOV_PUBLIC_USE_PERMITTED; p1 sentences read verbatim, mass sentence by word coordinates","MRO campaign parameters: phase Apr 4 - Aug 30 2006 (~5 months), pre-aerobraking mass ~1,400 kg, drag area 37.5 m^2, final orbit 320x225 km sun-synchronous; p1's 'inserted into orbit on March 10, 2005' is a typo for 2006 (Long et al.: launched Aug 12 2005, arrived Mar 10 2006)."
24_aerocapture_aerobraking,morgan_2026_arrival_earth_aerocapture_tps,T2,"Morgan et al., 'Aerothermal and TPS Analysis of ARRIVAL, an Aerocapture Demonstration at Earth' (NASA Ames/LaRC)",NTRS conference-paper record 20250011223 distributed 2026-01-23; own paper number not on the scan,2026,https://ntrs.nasa.gov/citations/20250011223,"Morgan, J.; Williams, J.; Scoggins, J.B.; Hinkle, A.",full_text_hosted — 7.3 MB PDF pulled live from ntrs.nasa.gov this machine R79 (sha256=b0354249f092b263…); copyright determinationType=PUBLIC_USE_PERMITTED; p4/p14/p17 passages read verbatim,"The only registered source on aerocapture AT EARTH: entry 10.8 km/s (lunar return) / ~9.9 km/s (GTO option), both targeting an exit velocity approaching 7.5 km/s in ONE pass (~3.3-3.4 km/s removed); vehicle+payload MPV 255 kg; C-PICA nose thickness 4.8/5.4 cm; aftbody areal densities MERINO 2.55 / C-PICA 6.5 kg/m^2 — the heat-shield-mass cell's first evidence."
24_aerocapture_aerobraking,lugo_2023_smallsat_venus_aerocapture_performance,T2,"Lugo et al., 'Performance Analysis of SmallSat Aerocapture at Venus' (NASA LaRC/JSC)",NTRS conference-paper record 20220017426 distributed 2023-02-03; no venue marker on the scan,2023,https://ntrs.nasa.gov/citations/20220017426,"Lugo, R.; Dutta, S.; Matz, D. et al.",full_text_hosted — 1.5 MB PDF pulled live from ntrs.nasa.gov this machine R79 (sha256=ffd243944e3789d0…); copyright determinationType=PUBLIC_USE_PERMITTED; Tables 1-3 read verbatim,"Smallsat aerocapture design point at Venus: 1 m diameter, 150 kg mass, 60-deg sphere-cone heat shield, entry 11 km/s FPA -5 deg at 150 km, target apoapsis 500 km; two guidance algorithms (NPCG vs FNPAG) compared with 8,000-sample Monte Carlos."
24_aerocapture_aerobraking,dauro_1987_aerobraking_principles,T2,"Dauro, 'Aerobraking' — basic principles incl. orbital capture on return to Earth (NASA MSFC)",Conference paper N87-17724; NTRS accession 19870008291,1987,https://ntrs.nasa.gov/citations/19870008291,"Dauro, V.A. (NASA MSFC)","full_text_hosted — 400 KB scan pulled live from ntrs.nasa.gov this machine R79 (sha256=0cb58b904b245f04…); copyright determinationType=GOV_PUBLIC_USE_PERMITTED; OCR layer garbled, text read where legible","Context-only: the pre-flight aerobraking/aerocapture principles reference covering 'orbital capture at Mars, descent to the Mars surface and orbital capture on return to Earth' — d24 brief item 1 (feasibility at Earth). Scanned OCR is garbled enough that no number was extracted from it."
24_aerocapture_aerobraking,hanna_autonomous_aerobraking_mars_preprint,T2,"Hanna et al., 'Autonomous Aerobraking at Mars' — preprint, NOT peer-reviewed (NASA LaRC)","NTRS record 20030014800 typed PREPRINT ('Draft being sent to journal'); no publication date on the record; year ~2003-2005 estimated (ODY completion Jan-2002 is past tense, MRO arrival Mar-2006 future)",~2003/2005,https://ntrs.nasa.gov/citations/20030014800,"Hanna, J.L.; Tolson, R.; Dwyer-Cianciolo, A.; Dec, J. (NASA LaRC)",full_text_hosted — 797 KB PDF pulled live from ntrs.nasa.gov this machine R79 (sha256=141b073725020b2a…); copyright determinationType=PUBLIC_USE_PERMITTED; abstract read verbatim,Quantified mass saving: 'A launch of a 1000 kg class spacecraft on a Delta class booster saves 90% of the post-MOI fuel otherwise required to circularize the orbit' — first registered number for aerobraking-vs-propulsive-circularization economics; preprint tier caveat noted.
24_aerocapture_aerobraking,muth_2000_earth_return_aerocapture_transhab_ellipsled,T2,Earth Return Aerocapture for the TransHab/Ellipsled Vehicle,"NASA technical paper (NTRS 20000102372, publication date 2000-10-01)",2000,https://ntrs.nasa.gov/citations/20000102372,"Muth, W.D.; Hoffmann, C.; Lyne, J.E.","verified_live_not_pulled - R114 (2026-10-04): 54-page PDF read live from NTRS (GOV_PUBLIC_USE_PERMITTED), not committed; the owner's list gives the NTRS record and its PDF as two entries, one source. Figures extracted to extracted_data/r114_gr_links_key_numbers.csv","the aero-assisted Earth-return cells of `calc.py` (GEO aerocapture, fallback saving) and the aerocapture rows of `delta_v_segments.csv`: a preliminary study of capturing a Mars-return TransHab habitat with an aeroshell at Earth, which finds a nominal corridor of at least 0.7 degrees for entry speeds up to 14.0 km/s, with entry speeds of 11.91 and 12.5-14.5 km/s simulated. A feasibility study of one vehicle, not a delta-v saving"
24_aerocapture_aerobraking,girija_2023_aerocapture_design_reference_missions_venus_to_neptune,T2,Aerocapture Design Reference Missions for Solar System Exploration: from Venus to Neptune (arXiv:2308.10384),"arXiv preprint 2308.10384 (CC BY-SA 4.0), 20 Aug 2023",2023,https://arxiv.org/abs/2308.10384,"Girija, A.P.","full_text_hosted - R114 (2026-10-04): arXiv abs page read live and abstract read in full (licence CC BY-SA 4.0). R119 (2026-10-05): PDF pulled live via export.arxiv.org/pdf/2308.10384v1 and committed to full_texts/girija_2023_aerocapture_design_reference_missions_arxiv2308.10384.pdf (1,617,130 B sha256=d2e4a37e0908361e12f3f6c92df9652af16fa14dcd8b9fc15ae592160e3d87c3); 12 pages, no in-file copyright statement so the abs-page CC BY-SA 4.0 governs (checked live). Verbatim: ""Aerocapture is applicable to all atmosphere-bearing destinations with the exception of Jupiter and Saturn, whose extreme entry conditions make aerocapture infeasible.""","Context-only: per its abstract, uses the Aerocapture Mission Analysis Tool to compile design reference missions at Venus, Earth, Mars, Titan, Uranus and Neptune, with 'a quick estimate of the entry conditions, control requirements, and aero-thermal loads', and finds aerocapture applicable to every atmosphere-bearing destination except Jupiter and Saturn. The Earth reference mission would back the entry conditions of the Earth-return rows of `delta_v_segments.csv`; the owner's list quotes 2,300 m/s for it, which the abstract does not give. Unreviewed preprint, unread beyond the abstract"
24_aerocapture_aerobraking,munk_kremic_2008_aerocapture_summary_and_risk_discussion_opag,T2,"Aerocapture Summary and Risk Discussion (OPAG, 26 March 2008)",NASA presentation to the Outer Planets Assessment Group (lpi.usra.edu archive),2008,https://www.lpi.usra.edu/opag/archive_documents/aerocaptureRisks03_08.pdf,"Munk, M.M.; Kremic, T. (NASA)","verified_live_not_pulled - R114 (2026-10-04): 18-page PDF read live; a NASA presentation with no licence statement read, so not hosted. Figures extracted to extracted_data/r114_gr_links_key_numbers.csv","the aerocapture rows of `delta_v_segments.csv` (the owner's list: 'Venus aerocapture saves 3885 of 3975 m/s'): the Venus systems-analysis example gives an all-propulsive insertion delta-v of 3,975 m/s, 3,885 m/s (97.7%) provided by aerocapture and 90 m/s of post-aerocapture propulsion; its mission-set table (from Hall, Noca & Bailey 2005) shows aerocapture raising deliverable mass 79% at Venus (4.6 km/s insertion), 15% at Mars and being worse at Jupiter. Venus and Mars cases, not Earth return; no revision candidate"
24_aerocapture_aerobraking,wright_2006_mars_aerocapture_systems_study_tm_2006_214522,T2,Mars Aerocapture Systems Study (NASA/TM-2006-214522),"NASA Technical Memorandum TM-2006-214522, November 2006 (NTRS 20060056070)",2006,https://ntrs.nasa.gov/citations/20060056070,"Wright, H.S.; Oh, D.Y.; Westhelle, C.H.; Fisher, J.L.; Dyke, R.E.; Edquist, K.T.; et al.","verified_live_not_pulled - R114 (2026-10-04): 87-page PDF read live from NTRS (PUBLIC_USE_PERMITTED), not committed; only the summary passages were probed. The owner's list quotes '3-4x launch mass savings'; that figure was not found in the passages read","the aerocapture rows of `delta_v_segments.csv` and the Mars aero-assisted cells of `calc.py`: a NASA multi-centre systems study that found aerocapture 'a substantial mass savings could be realized for a Conjunction class sample return architecture as well as for any generic large delivered mass mission', and a Genesis-derived carbon-carbon hot-structure heat shield 30-40% lighter than the Genesis heatshield (p31). A Mars study; the list's launch-mass multiple was not verified"
24_aerocapture_aerobraking,cassell_2019_aeroassist_technologies_small_satellite_missions,T2,Aeroassist Technologies for Small Satellite Missions (ISSC 2019),"Interplanetary Small Satellite Conference, San Luis Obispo CA, 29 Apr 2019 (NTRS 20190004911)",2019,https://ntrs.nasa.gov/citations/20190004911,"Cassell, A.M. (NASA Ames); Dwyer Cianciolo, A.M. (NASA Langley)","verified_live_not_pulled - R114 (2026-10-04): 13-page PDF read live from NTRS (GOV_PUBLIC_USE_PERMITTED), not committed. The owner's list described it through an exa.ai index page","Context-only: the small-capsule entry end of the aero-assisted Earth-return rows (the owner's list: 'ADEPT aerocapture, Earth ~11 km/s entry'): a survey of small-satellite entry technologies (rigid aeroshells such as HEEET, inflatables, mechanically deployed ADEPT, drag devices) with a table of small rigid-aeroshell sample-return capsules (Luna 16/20/24, Hayabusa, Hayabusa-2, Stardust, OSIRIS-REx) listing inertial entry speeds of 12.0 and 12.8 km/s and about 11 km/s; the text layer does not tie each speed to its capsule. It is an entry-technology survey; no aerocapture delta-v is given"
24_aerocapture_aerobraking,braun_powell_lyne_1992_earth_aerobraking_strategies_manned_return_from_mars,T1,Earth aerobraking strategies for manned return from Mars,Journal of Spacecraft and Rockets 29(3):297-304,1992,https://doi.org/10.2514/3.26351,"Braun, R.D.; Powell, R.W.; Lyne, J.E.","registered_not_pulled - R114 (2026-10-04): DOI and record verified on Crossref (the owner's list gave only a ResearchGate link, which serves a security check); OpenAlex holds only the journal blurb, so the paper's abstract and text were not read. The list called it the TransHab/Ellipsled study, which is a different paper (Muth et al.) R134 (2026-10-07): NTRS holds two records for this paper (conference 19910065198 + journal reprint 19920058911, Braun/Powell/Lyne) but both are METADATA_ONLY with no files -> stays registered_not_pulled.","Context-only: by its title, Earth-return aerobraking for a crewed Mars return, which is the Earth-return aerocapture case of `delta_v_segments.csv` and the aero-assisted returns in `calc.py`. 1992 vintage; unread, so what delta-v saving it reports is not yet known"
25_net_smelter_return_refining_terms,cowen_agnello_petit_2012_npsr_pge,T1,"Cowen, Agnello & Petit (Snowden), 'Evaluation of net smelter returns in the South African PGE industry by application of base metal concentrate commercial treatment terms' - Platinum 2012 conference paper: THE d25 anchor - payability/TC/RC/penalty mechanics + recovery rates",SAImm Platinum 2012 (conference proceedings),2012,https://saimm.co.za/Conferences/Pt2012/577-592_Cowen.pdf,"Cowen, Agnello & Petit (Snowden Mining Industry Consultants)","verified_live_not_pulled - R81: full text pulled live from saimm.co.za this machine and read in full; NO licence statement anywhere in the PDF (Camera Press watermark only) so it is not hostable per AGENTS.md's licence rule - extraction-only, every number in extracted_data","economicspace modules/calc.py _mineral_implied_value + mineral_value.py nickel-iron/native-pgm phases: payability PGE 90% / Ni 85% / Cu 85%, TC US$250/t concentrate, RC Pt/Pd US$25/oz Rh US$75/oz Au US$10/oz Ni 80c/lb Cu 20c/lb, chromite penalty basis max Cr 1.5%; PGE smelting recovery 92-95% + refining >99% - the payable-fraction and charge terms upstream's sum-of-yields model omits entirely"
25_net_smelter_return_refining_terms,gertsch_1993_asteroid_mining_jsc,T2,"Gertsch (Colorado School of Mines), 'Asteroid Mining' - JSC Space Resources Vol. 3: Materials chapter, NTRS 19930007695: first-registered source for the terrestrial processing-route question; carbonyl retort during return trip","NASA Johnson Space Center, Space Resources (conference volume)",1993,https://ntrs.nasa.gov/citations/19930007695,"Gertsch, Richard E.",full_text_hosted - R81: NTRS copyright.determinationType=GOV_PUBLIC_USE_PERMITTED (checked live 2026-09-28); PDF pulled from ntrs.nasa.gov this machine and committed under full_texts/,context for d25's processing-route question (no load-bearing number): 'The bag could also serve as a retort for carbonyl or other types of processing during return.' - cited in r81_refining_terms_key_numbers.csv
25_net_smelter_return_refining_terms,usgs_mcs2026_nickel_chapter,T3,"USGS Mineral Commodity Summaries 2026, Nickel chapter (ver. 1.3 May-2026): LME cash price + product forms incl. ferronickel; names 'iron-nickel alloy' as a resource type","U.S. Geological Survey, Mineral Commodity Summaries 2026 (chapter)",2026,https://pubs.usgs.gov/periodicals/mcs2026/mcs2026-nickel.pdf,U.S. Geological Survey,full_text_hosted - R81: USGS public domain; chapter pulled live from pubs.usgs.gov this machine and committed under full_texts/,"economicspace modules/mineral_value.py nickel ref_price_usd_per_kg (near-exact anchor): LME cash $15,000/t = $15.0/kg vs our 16.50 (-9.1%); ferronickel is a distinct tariff/product class - the terrestrial product an iron-nickel alloy would resemble"
25_net_smelter_return_refining_terms,usgs_mcs2026_platinum_group_chapter,T3,"USGS Mineral Commodity Summaries 2026, Platinum-Group Metals chapter (ver. 1.3 May-2026): refined PGM prices for Pd/Pt/Ir/Rh/Ru + recycling flows; osmium STILL unpriced in the price table (standing gap persists)","U.S. Geological Survey, Mineral Commodity Summaries 2026 (chapter)",2026,https://pubs.usgs.gov/periodicals/mcs2026/mcs2026-platinum-group.pdf,U.S. Geological Survey,full_text_hosted - R81: USGS public domain; chapter pulled live from pubs.usgs.gov this machine and committed under full_texts/,"economicspace modules/mineral_value.py PGM ref prices (context + gap record): 2025 annual averages Pd $1,100/oz Pt $1,200/oz Ir $4,400/oz Rh $5,800/oz Ru $690/oz; 'About 140,000 kilograms of palladium and platinum were recovered globally from new and old scrap in 2025' - the terrestrial recycling flow that sets what PGM-bearing material fetches"
25_net_smelter_return_refining_terms,usgs_mcs2026_iron_steel_scrap_chapter,T3,"USGS Mineral Commodity Summaries 2026, Iron and Steel Scrap chapter (ver. 1.3 May-2026): No. 1 heavy melting composite price - the terrestrial product upstream's iron row is priced as","U.S. Geological Survey, Mineral Commodity Summaries 2026 (chapter)",2026,https://pubs.usgs.gov/periodicals/mcs2026/mcs2026-iron-steel-scrap.pdf,U.S. Geological Survey,full_text_hosted - R81: USGS public domain; chapter pulled live from pubs.usgs.gov this machine and committed under full_texts/,economicspace modules/mineral_value.py iron ref_price_usd_per_kg (near-exact anchor): No. 1 heavy melting composite $319/t delivered = $0.319/kg vs our 0.50 (-36.2%; ours is +56.7% above the reference); upstream's own note cites Q1-2026 mid-range $343/MT US - the chapter's Jan-Nov range ($303.46-$366.26) brackets it; revision candidate rc-054
25_net_smelter_return_refining_terms,usgs_mcs2026_cobalt_chapter,T3,"USGS Mineral Commodity Summaries 2026, Cobalt chapter (ver. 1.3 May-2026): U.S. spot cathode + LME cash prices for the nickel-iron phase's Co yield","U.S. Geological Survey, Mineral Commodity Summaries 2026 (chapter)",2026,https://pubs.usgs.gov/periodicals/mcs2026/mcs2026-cobalt.pdf,U.S. Geological Survey,full_text_hosted - R81: USGS public domain; chapter pulled live from pubs.usgs.gov this machine and committed under full_texts/,economicspace modules/mineral_value.py cobalt ref_price_usd_per_kg (near-exact anchor): LME cash $15/lb = $33.07/kg vs our 33.00 (-0.2%; ours below the reference); U.S. spot cathode $21/lb = $46.30/kg is the higher terrestrial basis
25_net_smelter_return_refining_terms,taskinen_avarmaa_2021_sustainability_slag_matte_equilibria,T1,"Taskinen & Avarmaa (Aalto/Swinburne), 'Simulation of Slag-Matte/Metal Equilibria for Complex and Low-Grade Raw Materials' - Sustainability 2021, 13, 12826: peer-reviewed CC BY review; states cobalt + PGMs in nickel sulphides are not recoverable with current technology (recovery rates >90% = the industrial benchmark); slag-loss context for iron-rich feeds","Sustainability (MDPI), vol. 13, no. 22, art. 12826",2021,https://doi.org/10.3390/su132212826,Taskinen & Avarmaa,full_text_hosted - R91: PDF's own licence statement = CC BY 4.0 (read off the file); pulled live from mdpi-res.com this machine and committed under full_texts/; DOI Crossref-verified,context anchor for d25 gap #3 (Ni/Co + PGM recoveries from iron-rich feeds): 'cobalt and platinum group metals in nickel sulphides' recovery 'is not feasible in current technologies'; the >90% refining-recovery benchmark upstream's sum-of-yields model assumes implicitly - no cell pinned by this source
25_net_smelter_return_refining_terms,dreisinger_2000_hydrometallurgical_treatment_pgm_sulfide_concentrates,T2,"Dreisinger, Fleming, Ferron & O'Kane (UBC/Lakefield), 'The Hydrometallurgical Treatment of Base Metal Sulfide Concentrates Containing Precious and Platinum Group Metals' - BC propertyfile.gov.bc.ca report PF700051: MEASURED flotation + pressure-leach recoveries for an iron-rich Cu-Ni-PGM feed (Northmet, 28.7% Fe concentrate) incl. the toll-smelting economics statement",Govt of British Columbia Property File report PF700051 (presentation),2000,https://propertyfile.gov.bc.ca/reports/PF700051.pdf,"Dreisinger, Fleming, Ferron & O'Kane","verified_live_not_pulled - R91: full 25-page deck pulled live from propertyfile.gov.bc.ca this machine and read in full (year = latest dated item inside, the Lakefield pilot-plant news release of Aug 2000); NO licence statement anywhere in the PDF + it reproduces PolyMet data under a permission acknowledgement -> extraction-only per AGENTS.md's licence rule; every number in extracted_data",d25 gap #3 CLOSED (first measured Ni/Co recoveries from an iron-rich feed): flotation Cu 93.7 / Ni 77.1 / Co 46.4 % + PGMs ~76 %; pressure leach extracts Cu 99.3 / Ni ~95-98 / Co >92 % while IRON STAYS IN THE RESIDUE (Fe conc 28.7 -> 40.8 %) - the iron-rich feed d25's brief asked for; 'Toll smelting of nickel/copper concentrates containing PGMs does not produce acceptable returns' = the economic premise behind a payable-fraction model
25_net_smelter_return_refining_terms,usgs_myb_vol1_2021_platinum_group_metals,T3,"USGS Minerals Yearbook Vol. 1 (2021, advance release), 'Platinum-Group Metals' chapter - Table 5: WORLD MINE PRODUCTION BY COUNTRY for all six PGMs incl. the per-element totals upstream's ANNUAL_WORLD_PRODUCTION_KG cells need; osmium is NOT reported separately by USGS (Ir/Os/Ru combined)","U.S. Geological Survey Minerals Yearbook, Volume 1 - Mineral Commodities",2021,https://pubs.usgs.gov/myb/vol1/2021/myb1-2021-platinum-group.pdf,USGS (chapter compiled by USGS geologists; advance release),"full_text_hosted - R98: USGS public domain; chapter pulled live from pubs.usgs.gov on this machine and committed under full_texts/ this round (latest MYB Vol 1 PGM chapter that exists - later years have no PGM chapter, verified by index scan of the vol1 landing pages)","economicspace modules/mineral_value.py ANNUAL_WORLD_PRODUCTION_KG: iridium/rhodium/ruthenium cells - first measured world-production anchors (2021 totals 7,880 / 24,400 / 33,700 kg); osmium cell stays unanchored because USGS reports no separate osmium figure; opens rc-058"
25_net_smelter_return_refining_terms,dowling_2022_capital_efficient_upgrading_of_pgm_concentrates,T2,Capital-efficient upgrading of PGM concentrates (ISASMELT and Albion Process flowsheet for Platreef concentrate),"8th International Platinum Conference, Sun City, 2-3 November 2022, SAIMM (paper 01_428)",2022,https://saimm.co.za/Conferences/files/pgm-2022/01_428-Dowling.pdf,"Dowling, S.; Nicol, S.; Bullock, P.; Nikolic, S. (Glencore Technology)","verified_live_not_pulled - R114 (2026-10-04): 16-page PDF read live; a SAIMM conference paper with no licence statement read, so not hosted. Table VII and the price basis extracted to extracted_data/r114_gr_links_key_numbers.csv","`calc.py` `_mineral_implied_value` (100% of contained metal at refined prices) and the payable fractions of a PGM flowsheet: a flowsheet that turns a lower-grade, sulphide-rich Platreef concentrate (about 100 g/t PGM) into a PGM-rich base-metal matte, with assumed recoveries of 98% for platinum, palladium, gold and rhodium and 97% for copper and nickel (Table VII) at its metal prices (Pt $950/oz, Pd $2,000/oz, Au $1,600/oz, Rh $5,000/oz, Cu $7,500/t, Ni $15,000/t, from Ivanhoe 2022). Design recoveries and a 2022 price deck, not payable terms from a smelter contract (no TC/RC); no revision candidate"
25_net_smelter_return_refining_terms,usitc_hts_7502_20_00_00_nickel_alloys_duty_rates,T3,"Harmonized Tariff Schedule of the United States, subheading 7502.20.00.00 'Nickel alloys' (duty rates)","USITC Harmonized Tariff Schedule REST endpoint (hts.usitc.gov/reststop/search), read 2026-10-04",2026,https://hts.usitc.gov/search?query=7502200000 (data read from https://hts.usitc.gov/reststop/search?keyword=7502200000),US International Trade Commission,"open_service - R114 (2026-10-04): the search page the owner listed is script-rendered, so the HTS REST endpoint was opened in the app browser and its JSON record for 7502.20.00.00 read (the scripted fetch of the page returned only a title). Rates extracted to extracted_data/r114_gr_links_key_numbers.csv; a live service, not committed","`calc.py` `_mineral_implied_value` and the refined-metal basis of element prices, for a nickel-iron return to the US: the general (column 1) duty on nickel alloys is 'Free', with the 'other' (column 2) rate 6.6 cents/kg. The record's footnote points to 9903.90.08, a Chapter 99 provision that was not read, so additional duties may apply; a tariff term, not a treatment or refining charge, and no revision candidate"
26_spacecraft_storage_energy_properties,nasa_tm_2026_copv_stress_rupture_mechanics_carbon_fiber,T2,"Mechanics Leading to Stress Rupture Failure in Carbon Fiber Composite Overwrapped Pressure Vessels (NASA/TM-20260002192), March 2026",NASA Technical Reports Server (NTRS),2026,https://ntrs.nasa.gov/api/citations/20260002192/downloads/20260002192.pdf,"Parker, P. A.; Prosser, W. H.","full_text_hosted — R104 (2026-10-02): 451,515 B PDF pulled from NTRS (determination GOV_PUBLIC_USE_PERMITTED; sha256=0bce0900…; 16 pages) and read live on this machine. Context-only (R104, 2026-10-02): source verified live and its stress-rupture / proof-test discussion read this round to back storage_systems.csv's 'COPV burst performance factor'; no number extracted into an extracted-data CSV yet - extraction is the follow-up step.","storage_systems.csv ""COPV burst performance factor"" (392,000 J/kg PV/W; 250k-600k band) - modern carbon-fiber COPV stress-rupture mechanics"
26_spacecraft_storage_energy_properties,ntrs_2010_copv_stress_rupture_testing,T2,"Composite Overwrapped Pressure Vessel (COPV) Stress Rupture Testing - NASA Technical Reports Series, NTRS catalog date 2010-05-19",NASA Technical Reports Server (NTRS),2010,https://ntrs.nasa.gov/api/citations/20100021151/downloads/20100021151.pdf,"Greene, N. J.; Saulsberry, R. L.; Leifeste, M. R.; et al.","full_text_hosted — R104 (2026-10-02): 5,699,336 B PDF pulled from NTRS (determination GOV_PUBLIC_USE_PERMITTED; sha256=ef0f8614…; 23 pages) and read live on this machine. Context-only (R104, 2026-10-02): source verified live and its stress-rupture test results read this round to back storage_systems.csv's 'COPV burst performance factor'; no number extracted into an extracted-data CSV yet - extraction is the follow-up step.","storage_systems.csv ""COPV burst performance factor"" - measured stress-rupture / proof-test data for flight COPVs"
26_spacecraft_storage_energy_properties,ntrs_2011_copv_flight_rationale_shuttle_program,T2,Composite Overwrapped Pressure Vessels (COPV): Flight Rationale for the Space Shuttle Program - NTRS catalog date 2011-09-27,NASA Technical Reports Server (NTRS),2011,https://ntrs.nasa.gov/api/citations/20110015972/downloads/20110015972.pdf,"Kezirian, M. T.; Johnson, K. L.; Phoenix, S. L.","full_text_hosted — R104 (2026-10-02): 2,030,784 B PDF pulled from NTRS (determination PUBLIC_USE_PERMITTED; sha256=7f240bf4…; 12 pages) and read live on this machine. Context-only (R104, 2026-10-02): source verified live and its flight-rationale / performance-factor discussion read this round to back storage_systems.csv's 'COPV burst performance factor'; no number extracted into an extracted-data CSV yet - extraction is the follow-up step.","storage_systems.csv ""COPV burst performance factor"" - flight-rationale basis for the PV/W margin used on every supercritical-gas tank"
26_spacecraft_storage_energy_properties,ntrs_2020_kilopower_krusty_fission_power_experiment_missions,T2,Kilopower Project: The KRUSTY Fission Power Experiment and Potential Missions - NTRS catalog date 2020-06-04,NASA Technical Reports Server (NTRS),2020,https://ntrs.nasa.gov/api/citations/20205008482/downloads/02-Kilopower%20Project_%20The%20KRUSTY%20Fission%20Power%20Experiment%20and%20Potential%20Missions.pdf,"McClure, P. R.; Poston, D. I.; Gibson, M. A.; et al.","full_text_hosted — R104 (2026-10-02): 5,163,636 B PDF pulled from NTRS (determination GOV_PUBLIC_USE_PERMITTED; sha256=9ef57d39…; 13 pages) and read live on this machine. Context-only (R104, 2026-10-02): source verified live and its KRUSTY fission-power / specific-mass discussion read this round to back storage_systems.csv's 'Fission surface power (Kilopower class)'; no number extracted into an extracted-data CSV yet - extraction is the follow-up step.","storage_systems.csv ""Fission surface power (Kilopower class)"" W-elec/kg - KRUSTY 2018 ground-test kWe result + Stirling conversion"
26_spacecraft_storage_energy_properties,ntrs_2020_krusty_reactor_design,T2,KRUSTY Reactor Design - NTRS catalog date 2020-06-04,NASA Technical Reports Server (NTRS),2020,https://ntrs.nasa.gov/api/citations/20205009350/downloads/03-KRUSTY%20Reactor%20Design.pdf,"Poston, D. I.; Gibson, M. A.; Godfroy, T. J.; McClure, P. R.","full_text_hosted — R104 (2026-10-02): 3,820,631 B PDF pulled from NTRS (determination GOV_PUBLIC_USE_PERMITTED; sha256=53d97942…; 19 pages) and read live on this machine. Context-only (R104, 2026-10-02): source verified live and its KRUSTY reactor-design / electrical-power discussion read this round to back storage_systems.csv's 'Fission surface power (Kilopower class)'; no number extracted into an extracted-data CSV yet - extraction is the follow-up step.","storage_systems.csv ""Fission surface power (Kilopower class)"" - KRUSTY reactor thermal/electrical design basis behind the 6.7 W-elec/kg figure"
26_spacecraft_storage_energy_properties,nasa_tm_2025_rtg_power_performance_histories,T2,"Power Performance Histories of Radioisotope Thermoelectric Generators, Their Robust Mission Service, and Observations About Long-Lived RTG-Powered Missions (NASA/TM-20250004743), July 2025",NASA Technical Reports Server (NTRS),2025,https://ntrs.nasa.gov/api/citations/20250004743/downloads/TM-20250004743_Final2.pdf,"Woerner, D.; Whiting, C.; Guzik, A.; et al.","full_text_hosted — R104 (2026-10-02): 705,240 B PDF pulled from NTRS (determination PUBLIC_USE_PERMITTED; sha256=718c4833…; 20 pages) and read live on this machine. Context-only (R104, 2026-10-02): source verified live and its RTG performance-history / specific-power discussion read this round to back storage_systems.csv's 'RTG specific power'; no number extracted into an extracted-data CSV yet - extraction is the follow-up step.","storage_systems.csv ""RTG specific power"" W-elec/kg (5.0; 2.4-5.5) - measured GPHS/MMRTG histories behind the Cassini/New Horizons and MSL figures"
26_spacecraft_storage_energy_properties,nasa_tm_2011_long_term_cryogenic_storage_microgravity,T2,"Issues of Long-Term Cryogenic Propellant Storage in Microgravity (NASA/TM-2011-215988), October 2011",NASA Technical Reports Server (NTRS),2011,https://ntrs.nasa.gov/api/citations/20120011680/downloads/20120011680.pdf,"Muratov, C. B.; Osipov, V. V.; Smelyanskiy, V. N.","full_text_hosted — R104 (2026-10-02): 3,801,225 B PDF pulled from NTRS (determination PUBLIC_USE_PERMITTED; sha256=56dc0bd1…; 54 pages) and read live on this machine. Context-only (R104, 2026-10-02): source verified live and its long-term microgravity cryogenic-storage / MLI discussion read this round to back storage_systems.csv's 'Multi-layer insulation' and the orbital-depot boil-off row; no number extracted into an extracted-data CSV yet - extraction is the follow-up step.","storage_systems.csv ""Multi-layer insulation (passive)"" + ""Orbital propellant depot (cryogenic)"" %/day - long-duration microgravity cryo storage & boil-off physics"
26_spacecraft_storage_energy_properties,ntrs_2014_cryogenic_boiloff_reduction_system_testing,T2,Cryogenic Boil-Off Reduction System Testing - NTRS catalog date 2014-07-28,NASA Technical Reports Server (NTRS),2014,https://ntrs.nasa.gov/api/citations/20150000134/downloads/20150000134.pdf,"Plachta, D. W.; Johnson, W. L.; Feller, J. R.","full_text_hosted — R104 (2026-10-02): 833,238 B PDF pulled from NTRS (determination GOV_PUBLIC_USE_PERMITTED; sha256=f898df24…; 14 pages) and read live on this machine. Context-only (R104, 2026-10-02): source verified live and its cryogenic boil-off-reduction test results read this round to back storage_systems.csv's 'Multi-layer insulation' and the orbital-depot boil-off row; no number extracted into an extracted-data CSV yet - extraction is the follow-up step.","storage_systems.csv ""Multi-layer insulation (passive)"" + depot boil-off - measured boil-off reduction from MLI / vapor-cooled-shield testing"
26_spacecraft_storage_energy_properties,ntrs_2016_orion_small_cell_battery_design_support,T2,NASA Alternative Orion Small Cell Battery Design Support - NASA Battery Aerospace Workshop presentation (NTRS catalog 2016-11-15),NASA Technical Reports Server (NTRS); JSC,2016,https://ntrs.nasa.gov/api/citations/20160013684/downloads/20160013684.pdf,"Haynes, C. (JSC)","full_text_hosted — R105 (2026-10-03): 3,412,099 B PDF pulled from NTRS (determination GOV_PUBLIC_USE_PERMITTED; sha256=8d5fb9a3…; 26 pages) and read live on this machine. Context-only (R105, 2026-10-03): source verified live and its Orion small-cell Li-ion design discussion read this round to back storage_systems.csv's 'Li-ion battery (system level)'; no number extracted into an extracted-data CSV yet - extraction is the follow-up step.","storage_systems.csv ""Li-ion battery (system level)"" Wh/kg - institutional design basis for the Orion small-cell lithium battery family behind system-level specific energy"
26_spacecraft_storage_energy_properties,ntrs_2006_g2_flywheel_module_design,T2,G2 Flywheel Module Design - NTRS catalog 2006-08-01 (ISS G2 momentum/energy-storage flywheel),NASA Technical Reports Server (NTRS); GSFC,2006,https://ntrs.nasa.gov/api/citations/20060028492/downloads/20060028492.pdf,"Jensen, R. H.; Dever, T. P.","full_text_hosted — R105 (2026-10-03): 919,275 B PDF pulled from NTRS (determination GOV_PUBLIC_USE_PERMITTED; sha256=493bf5ed…; 20 pages) and read live on this machine. Context-only (R105, 2026-10-03): source verified live and its G2 flywheel module / specific-energy discussion read this round to back storage_systems.csv's 'Flywheel energy storage'; no number extracted into an extracted-data CSV yet - extraction is the follow-up step.","storage_systems.csv ""Flywheel energy storage"" Wh/kg - G2 flywheel module design (the 'NASA G2 flywheel ran on the ground at 60,000 rpm' note)"
26_spacecraft_storage_energy_properties,ntrs_2002_energy_storage_flywheels_on_spacecraft,T2,Energy Storage Flywheels on Spacecraft - NTRS catalog 2002-01-01,NASA Technical Reports Server (NTRS); GSFC,2002,https://ntrs.nasa.gov/api/citations/20020060506/downloads/20020060506.pdf,"Bartlett, R. O.; Brown, G.","full_text_hosted — R105 (2026-10-03): 1,413,274 B PDF pulled from NTRS (determination GOV_PUBLIC_USE_PERMITTED; sha256=81f373f0…; 21 pages) and read live on this machine. Context-only (R105, 2026-10-03): source verified live and its flywheel-energy-storage / specific-mass discussion read this round to back storage_systems.csv's 'Flywheel energy storage'; no number extracted into an extracted-data CSV yet - extraction is the follow-up step.","storage_systems.csv ""Flywheel energy storage"" Wh/kg - NASA assessment of flywheels as spacecraft power-system energy storage (Wh/kg class figures)"
26_spacecraft_storage_energy_properties,ntrs_2020_analysis_100w_regenerative_fuel_cell_demonstration,T2,Analysis of a 100-W Regenerative Fuel Cell Demonstration - NTRS catalog 2020-08-01,NASA Technical Reports Server (NTRS),2020,https://ntrs.nasa.gov/api/citations/20205000357/downloads/20205000357.pdf,"Bennett, W. R.; Smith, P. J.","full_text_hosted — R105 (2026-10-03): 1,562,928 B PDF pulled from NTRS (determination GOV_PUBLIC_USE_PERMITTED; sha256=3a8aef59…; 20 pages) and read live on this machine. Context-only (R105, 2026-10-03): source verified live and its 100-W regenerative-fuel-cell demonstration results read this round to back storage_systems.csv's 'Regenerative fuel cell'; no number extracted into an extracted-data CSV yet - extraction is the follow-up step.","storage_systems.csv ""Regenerative fuel cell"" Wh/kg - measured 100-W regenerative FC demonstration (electrolyse-in-light / run-back-in-dark cycle)"
26_spacecraft_storage_energy_properties,nasa_cr_1984_regenerative_hydrogen_oxygen_fuel_cell_electrolyzer,T2,Regenerative Hydrogen-Oxygen Fuel Cell-Electrolyzer Systems for Orbital Energy Storage (NASA CR) - NTRS catalog 1984-09-01,NASA Technical Reports Server (NTRS); NASA Contractor Report,1984,https://ntrs.nasa.gov/api/citations/19840025599/downloads/19840025599.pdf,"Sheibley, D. W.","full_text_hosted — R105 (2026-10-03): 803,371 B PDF pulled from NTRS (determination GOV_PUBLIC_USE_PERMITTED; sha256=e37e4c49…; 20 pages) and read live on this machine. Context-only (R105, 2026-10-03): source verified live and its regenerative H2/O2 FC-electrolyzer / orbital-energy-storage discussion read this round to back storage_systems.csv's 'Regenerative fuel cell'; no number extracted into an extracted-data CSV yet - extraction is the follow-up step.","storage_systems.csv ""Regenerative fuel cell"" Wh/kg - the classic NASA CR design report for orbital RFECS energy storage (Wh/kg context vs batteries)"
26_spacecraft_storage_energy_properties,ntrs_2023_vacuum_sintering_highland_simulant,T2,Vacuum Sintering of Highland Simulant CSM-LHT-1G - NTRS distribution 2023-06-12 (no publicationDate field in the record),NASA Technical Reports Server (NTRS); KSC Exploration Systems & Development Office,2023,https://ntrs.nasa.gov/api/citations/20230008596/downloads/20230008596.pdf,"Sibille, L.; Mueller, R.; Kemmerer, B.; Lipscomb, T.","full_text_hosted — R105 (2026-10-03): 1,489,501 B PDF pulled from NTRS (determination PUBLIC_USE_PERMITTED; sha256=c2c9498c…; 15 pages) and read live on this machine. Context-only (R105, 2026-10-03): source verified live and its vacuum-sintering / regolith-densification results read this round to back storage_systems.csv's 'Sintered / consolidated cargo'; no number extracted into an extracted-data CSV yet - extraction is the follow-up step.","storage_systems.csv ""Sintered / consolidated cargo"" Wh/kg - measured vacuum-sintering densification of a lunar highland simulant (consolidation energy basis)"
26_spacecraft_storage_energy_properties,ntrs_2020_microwave_sintering_lunar_landing_pads,T2,Microwave Sintering Lunar Landing Pads & Horizontal Infrastructure (Moon Village MSCC workshop presentation; NTRS distribution 2020-12-14),NASA Technical Reports Server (NTRS); MSFC MMPACT/MSCC,2020,https://ntrs.nasa.gov/api/citations/20205010871/downloads/Moon%20Village-MSCC%202020-12-09.pptx.pdf,"Effinger, M.; Allen, L. (MSFC)","full_text_hosted — R105 (2026-10-03): 666,699 B PDF pulled from NTRS (determination PUBLIC_USE_PERMITTED; sha256=d1f23606…; 12 pages) and read live on this machine. Context-only (R105, 2026-10-03): source verified live and its microwave-sintering / regolith-densification discussion read this round to back storage_systems.csv's 'Sintered / consolidated cargo'; no number extracted into an extracted-data CSV yet - extraction is the follow-up step.","storage_systems.csv ""Sintered / consolidated cargo"" Wh/kg - microwave densification of regolith into glass-ceramic structures (alternative consolidation route + energy context); NTRS PDF render of the .pptx"
26_spacecraft_storage_energy_properties,nasa_tm_2005_rev1_effects_lunar_dust_eva_systems_apollo,T2,"The Effects of Lunar Dust on EVA Systems During the Apollo Missions (NASA/TM-2005-213610/REV1), April 2007",NASA Technical Reports Server (NTRS); GSFC,2007,https://ntrs.nasa.gov/api/citations/20070021819/downloads/20070021819.pdf,"Gaier, J. R.","full_text_hosted — R105 (2026-10-03): 732,267 B PDF pulled from NTRS (determination GOV_PUBLIC_USE_PERMITTED; sha256=79daa183…; 73 pages) and read live on this machine. Context-only (R105, 2026-10-03): source verified live and its Apollo EVA dust-effects / contamination data read this round to back storage_systems.csv's 'Dust mitigation and seals'; no number extracted into an extracted-data CSV yet - extraction is the follow-up step.","storage_systems.csv ""Dust mitigation and seals"" kg per mining hardware - Apollo EVA dust-contamination record (the 'regolith fines ended Apollo surface EVAs early' note)"
26_spacecraft_storage_energy_properties,mcbrayan_francis_sobey_2025_viper_mobility_dust_mitigation,T2,"McBryan, Francis & Sobey, ""Dust Mitigation for the VIPER Mobility System"" (ICES-2025-147)","54th International Conference on Environmental Systems, Prague Jul 13-17 2025; NTRS 20250005201",2025,https://ntrs.nasa.gov/citations/20250005201,"McBryan, E.; Francis, P.; Sobey, A. (NASA JSC)",full_text_hosted - R150 (2026-10-10): 15 pp / ~1.2 MB pulled from NTRS and committed to full_texts/; copyright.determinationType=GOV_PUBLIC_USE_PERMITTED with zero in-file copyright statements -> ntrs-public-use per the R131 precedent.,"storage_systems.csv ""Dust mitigation and seals"" kg-per-kg cell: FIRST modern institutional seal matrix (labyrinth / Nomex felt / spring-energized PTFE + grease damming) for a lunar mobility system; context/bound class"
26_spacecraft_storage_energy_properties,lee_brown_2023_gateway_lunar_dust_mitigation_overview,T2,"Lee & Brown, ""Overview of NASA Gateway Lunar Dust Mitigation and Contamination Modeling and Analysis""",NTRS 20230003126 (stiType CONFERENCE_PAPER; venue not stated in metadata or document),2023,https://ntrs.nasa.gov/citations/20230003126,"Lee, R.G. Jr. (Booz Allen Hamilton); Brown, G.L. (Barrios Technology for NASA JSC)","full_text_hosted - R150 (2026-10-10): 1 pp / ~10 KB pulled from NTRS and committed to full_texts/; copyright.determinationType=PUBLIC_USE_PERMITTED with zero in-file copyright statements -> ntrs-public-use per the R131 precedent. Year 2023 assigned from the file revision stamp (RL 3.8.23) + NTRS accession year - no structured date field, flagged per the R138 lesson.",institutional Gateway dust-mitigation program record: GOLDMAP physics-based framework + two-pronged mitigation strategy; context class for d26's contamination-risk premise
26_spacecraft_storage_energy_properties,jones_et_al_2026_artemis_suit_dust_exposed_fabrics,T2,"Jones et al., ""Artemis Suit Material Optical Property Testing of Dust Exposed Fabrics"" (ICES-2026-164)","55th International Conference on Environmental Systems, Rio Grande PR Jul 12-16 2026; NTRS 20260002937",2026,https://ntrs.nasa.gov/citations/20260002937,"Jones, R.J.; McFarland, S.; Rodgers-Ahnen, S.; Peabody, C.; Arwen, F. (Leidos/KBR HHPC + NASA JSC)",full_text_hosted - R150 (2026-10-10): 13 pp / ~535 KB pulled from NTRS and committed to full_texts/; copyright.determinationType=PUBLIC_USE_PERMITTED with zero in-file copyright statements -> ntrs-public-use per the R131 precedent.,"measured EOL dust-soiling test process for Artemis suit fabrics (rotary tumbler, simulant + ceramic media): institutional basis for cumulative-wear assumptions behind d26's dust-mitigation cell; context/bound class"
27_orbital_debris_collision_risk,esa_2026_space_environment_report_issue_10,T3,"ESA Space Environment Report, Issue 10 Rev 1 (the annual 'Space Debris Environment Report')","ESA Space Debris Office (SDO), ESOC",2026,https://www.sdo.esoc.esa.int/publications/Space_Environment_Report_I10R1_20260908.pdf,ESA SDO,"verified_live_not_pulled — R130 (2026-10-06): Issue 10 Rev 1 (dated 2026-09-08) fetched live from sdo.esoc.esa.int (8,271,884 B; sha de4e1081…); all 152 pages read on this machine. Every page stamped ""ESA UNCLASSIFIED - Releasable to the Public"", but the document's copyright notice reserves reproduction (""authorisation need to be sought"") -> not committed per licence rule.",NEW DOMAIN (criterion #1 pivot): debris-environment population + GEO end-of-life compliance = first T3 anchors for upstream grey cells on satellite lifetime / collision risk / launch-insurance premium drivers; also the standing reference behind d26 storage/depot mission-duration assumptions
27_orbital_debris_collision_risk,nasa_otps_2023_cost_benefit_analysis_orbital_debris_remediation,T2,"Cost and Benefit Analysis of Orbital Debris Remediation (NASA OTPS, Colvin/Karcz/Wusk)","NASA Office of Technology, Policy & Strategy report; NTRS 20230002817",2023,https://ntrs.nasa.gov/citations/20230002817,"Colvin, Karcz, Wusk (NASA OTPS)","verified_live_not_pulled — R130 (2026-10-06): NTRS 20230002817 PDF fetched live (2,287,994 B; sha f6448401…); all 147 pages read on this machine. determinationType MAY_INCLUDE_COPYRIGHT_MATERIAL (third-party figures 1-5, 10-14, 18; license NO) -> not committed per licence rule.",d27: first quantified $/yr risk-reduction values for debris removal (top-50 ~$3.5M/yr; small-debris cluster ~$23M/yr) = institutional anchor class behind d17 insurance-premium and satellite-lifetime cells
27_orbital_debris_collision_risk,colvin_2024_sustainability_cba_iac,T2,"A Cost and Benefit Analysis of Orbital Debris Remediation, Mitigation, Tracking, and Characterization (IAC-24-A6.8-E9.1.2,x88555)",75th International Astronautical Congress; NTRS 20240011637,2024,https://ntrs.nasa.gov/citations/20240011637,Colvin et al. (NASA OTPS),"verified_live_not_pulled — R130 (2026-10-06): NTRS 20240011637 PDF fetched live (663,126 B; sha 83125b8e…); all 12 pages read on this machine. determinationType GOV_PUBLIC_USE_PERMITTED, but in-file ""Copyright ©2024 by the International Astronautical Federation (IAF). All rights reserved."" outranks it per licence rule -> not committed.","d27: deorbit-rule economics (15-yr rule 20-750x cost-benefit, up to $6B net; 0-yr ~$9B) + shielding-vs-3mm-debris = the policy-cost side of collision risk"
27_orbital_debris_collision_risk,bollenbacher_guptill_1999_launch_collision_probability,T2,Launch Collision Probability (NASA/TP-1999-208852),NASA Technical Publication 1999-208852; NTRS 19990079384,1999,https://ntrs.nasa.gov/api/citations/19990079384/downloads/19990079384.pdf,"Bollenbacher, G.; Guptill, J.D. (NASA Glenn Research Center)","full_text_hosted — R131 (2026-10-07): full PDF pulled from NTRS and committed to full_texts/ (1,952,191 B; sha256=fae7da7e…). determinationType GOV_PUBLIC_USE_PERMITTED (NTRS 19990079384); no in-file copyright statement. Read in full this round: the first institutional NASA treatment of launch-vehicle collision probability against the tracked debris population — verbatim ""ummary This report analyzes the probability of a launch vehicle colliding with one of the nearly 10 000 tracked objects orbiting the Earth, given that an object on a near-collision course with the launch vehicle has been identified. Knowledge of the probability of coll"" and ""as been identified. Knowledge of the probability of collision throughout the launch window can be used to avoid launching at times when the probability of collision is unacceptably high. The analysis in this report assum…"" Key numbers extracted to r131_conjunction_assessment_key_numbers.csv.","domain 27 methodology pillar (Pc computation for conjunctions); backs d17 insurance-premium driver cells - no upstream absolute collision-risk figure yet, additive"
27_orbital_debris_collision_risk,hejduk_johnson_2016_pc_uncertainty,T2,Approaches to Evaluating Probability of Collision Uncertainty (AAS 16-241; GSFC-E-DAA-TN29125),"AAS/AIAA Space Flight Mechanics Meeting, Napa CA, Feb 2016 (paper 16-241); NASA GSFC TN GSFC-E-DAA-TN29125; NTRS 20160001643",2016,https://ntrs.nasa.gov/api/citations/20160001643/downloads/20160001643.pdf,"Hejduk, M.D. (Astrorum Consulting); Johnson, L.C. (Omitron)","full_text_hosted — R131 (2026-10-07): full PDF pulled from NTRS and committed to full_texts/ (524,105 B; sha256=44f20326…). determinationType PUBLIC_USE_PERMITTED (NTRS 20160001643); no in-file copyright statement. Read in full this round: the first treatment of Pc as a probability density rather than a point estimate — verbatim "" to conjunction analysis risk assessment for over a decade, it has done this mostly as a point estimate, with relatively little effort made to produce confidence intervals on the Pc value based on the uncertainties in the inputs. The present effort seeks to try to carry these uncertainties through the calcula- tion in order to generate a probability density of Pc results rather…"" Key numbers extracted to r131_conjunction_assessment_key_numbers.csv.",domain 27 methodology pillar (Pc uncertainty); same d17/lifetime cells - additive
27_orbital_debris_collision_risk,elkantassi_davison_2025_miss_distance_inference_sdc9,T2,Statistical Inference on the Miss Distance Compared to Collision Probability for Conjunction Analysis (SDC9),"9th European Conference on Space Debris, Bonn, Apr 2025; NTRS 20250002148 (author preprint arXiv:2503.20085 - not used as the hosted copy)",2025,https://ntrs.nasa.gov/api/citations/20250002148/downloads/Space_Debris_2025.pdf,"Elkantassi, S.; Chavez-Demoulin, V. (Univ. Lausanne); Davison, A.C. (EPFL); Hejduk, M.D.; Morris, H.A. (The Aerospace Corporation)","full_text_hosted — R131 (2026-10-07): full PDF pulled from NTRS and committed to full_texts/ (721,790 B; sha256=abca9d8f…). determinationType GOV_PERMITTED (NTRS 20250002148); no in-file copyright statement. Read in full this round: p-value / confidence-interval alternative to Pc evaluated on real conjunction data — verbatim ""erence on the miss dis- tance between two objects in the presence of nuisance parameters. This model provides significance probabilities for a null hypothesis that assumes a small miss distance and allows the construction of confidence intervals, leading to another interpretation of collision risk. In this study, we compare this approach with the traditional…"" Key numbers extracted to r131_conjunction_assessment_key_numbers.csv.",domain 27 methodology pillar (statistical alternative to Pc); same d17/lifetime cells - additive
27_orbital_debris_collision_risk,toumey_murphy_2026_federated_conjunction_assessment,T2,Federated Conjunction Assessment: A Framework for Reconciling Multiple Risk Assessment Solutions (AMOS 2026),"27th Advanced Maui Optical and Space Surveillance Technologies Conference, Maui HI, Sep 15-18 2026; NTRS 20260007684",2026,https://ntrs.nasa.gov/api/citations/20260007684/downloads/Toumey_et_al_2026_Federated_Conjunction_Assessment.pdf,"Toumey, E.W. (Omitron); Murphy, T.S.; Highsmith, D.E. (The Aerospace Corporation); Mashiku, A. (NASA GSFC)","full_text_hosted — R131 (2026-10-07): full PDF pulled from NTRS and committed to full_texts/ (1,652,650 B; sha256=8698a098…). determinationType PUBLIC_USE_PERMITTED (NTRS 20260007684); no in-file copyright statement. Read in full this round: three-phase decision framework for reconciling conflicting SSA risk assessments — verbatim ""cting risk assessments for a single conjunction event? Lower-quality solutions with large uncertainties may inflate risk estimates and lead to unnecessary mitigation action while higher-quality solutions with lower risk estimates are discarded in the interest of conservatism. A decision framework is presented to systematically evaluate and reconcile multiple solutions for two s…"" Key numbers extracted to r131_conjunction_assessment_key_numbers.csv.",domain 27 methodology pillar (multi-source reconciliation); same d17/lifetime cells - additive
27_orbital_debris_collision_risk,liou_2010_leo_debris_environment_assessment,T2,"Liou, ""An Assessment of the Current LEO Debris Environment and the Need for Active Debris Removal"" (ISTC Space Debris Mitigation Workshop, Moscow, Apr 2010)",NASA JSC Orbital Debris Program Office; NTRS 20100017146,2010,https://ntrs.nasa.gov/citations/20100017146,"Liou, J.-C. (NASA JSC)",full_text_hosted - R135 (2026-10-07): full deck pulled from NTRS and committed to full_texts/; copyright.determinationType=GOV_PUBLIC_USE_PERMITTED with zero in-file copyright statements -> ntrs-public-use per the R131 precedent. Key numbers: r135_adr_requirements_key_numbers.csv,"d27 ADR-requirement anchor class (NEW): Fengyun ASAT + Iridium/Cosmos collision = ~5,500 tracked fragments (>60% of LEO population); ""an active debris removal of about five objects per year"" with [M x Pc] selection; environment better than today if >5/yr removed"
27_orbital_debris_collision_risk,liou_johnson_2007_sensitivity_adr_effectiveness,T2,"Liou & Johnson, ""A Sensitivity Study on the Effectiveness of Active Debris Removal in LEO"" (IAC-07-A6.3.05)",48th IAC; NTRS 20070013702,2007,https://ntrs.nasa.gov/citations/20070013702,"Liou, J.-C.; Johnson, N. L. (NASA)","full_text_hosted - R135 (2026-10-07): full paper pulled from NTRS and committed to full_texts/; GOV_PUBLIC_USE_PERMITTED, zero in-file copyright statements -> ntrs-public-use per the R131 precedent. Key numbers: r135_adr_requirements_key_numbers.csv","FIRST QUANTITATIVE ADR-effectiveness table in d27: ERF = objects reduced by 2206 / objects removed; at 5/yr from 2020, ERF=36 (935 removed -> -33,337 LEO objects); cumulative collision-probability reduction 98.7%; diminishing returns to 20/yr (ERF=12)"
27_orbital_debris_collision_risk,burns_2012_active_debris_removal_solution_study,T2,"Burns, ""Active Debris Removal"" - analysis-of-alternatives solution study for removing large LEO debris",NASA JSC Orbital Debris Program Office; NTRS 20120002703 (abstract record),2012,https://ntrs.nasa.gov/citations/20120002703,"Burns, S. H. (NASA JSC)","full_text_hosted - R135 (2026-10-07): NTRS record is the abstract document itself (stiType=ABSTRACT; no date inside) and it was pulled + committed to full_texts/ in full; GOV_PUBLIC_USE_PERMITTED, zero in-file copyright statements -> ntrs-public-use. Year 2012 assigned from the NTRS accession context - flagged as not stated in-document.","institutional ADR concept: one vehicle ""disposing of several large objects per mission"" (primarily spent rocket bodies); motto verbatim ""getting there as soon as possible, as economically as possible, with the most capability"""
27_orbital_debris_collision_risk,liou_2011_engineering_challenges_adr,T2,"Liou, ""Engineering Challenges for Active Debris Removal""",NASA JSC Orbital Debris Program Office; NTRS 20110005437 (abstract record),2011,https://ntrs.nasa.gov/citations/20110005437,"Liou, J.-C. (NASA JSC)","full_text_hosted - R135 (2026-10-07): NTRS record is the abstract document itself (stiType=ABSTRACT; no date inside) and it was pulled + committed to full_texts/ in full; GOV_PUBLIC_USE_PERMITTED, zero in-file copyright statements -> ntrs-public-use. Year 2011 assigned from the NTRS accession context - flagged as not stated in-document.","end-to-end ADR operations chain (launch/tracking/rendezvous/stabilization/capture/deorbit) + target population: spent upper stages, masses ""ranging from 1 to more than 8 metric tons"", concentrated in about 10 inclination bands"
27_orbital_debris_collision_risk,liou_2012_adr_environment_remediation,T2,"Liou, ""Active Debris Removal and the Challenges for Environment Remediation"" (conference paper; venue not stated in document)",NASA JSC Orbital Debris Program Office; NTRS 20120013266,2012,https://ntrs.nasa.gov/citations/20120013266,"Liou, J.-C. (NASA JSC)","full_text_hosted - R135 (2026-10-07): full paper pulled from NTRS and committed to full_texts/; GOV_PUBLIC_USE_PERMITTED, zero in-file copyright statements -> ntrs-public-use per the R131 precedent. In-file ""As of April 2011"" bounds it below; year 2012 assigned from the NTRS accession context - flagged as not stated in-document.","ADR cost drivers: ""multiple ADR systems per launch or secondary payload design is preferred""; solid/liquid space tug propellant mass + operational cost ""may be too high for a routine operation""; drag-enhancement devices = low-cost deorbit option"
27_orbital_debris_collision_risk,liou_2011_adr_grand_engineering_challenge,T2,"Liou, ""Active Debris Removal - A Grand Engineering Challenge for the Twenty-First Century"" (IEEE Aerospace Conference 2011, AAS 11-254)",28th IEEE/AIAA UES + Aerospace Conf; NTRS 20110011986,2011,https://ntrs.nasa.gov/citations/20110011986,"Liou, J.-C. (NASA)","full_text_hosted - R135 (2026-10-07): full paper pulled from NTRS and committed to full_texts/; GOV_PUBLIC_USE_PERMITTED, zero in-file copyright statements -> ntrs-public-use per the R131 precedent. Venue code AAS 11-254 read verbatim from page header.","THE canonical requirement statement: ""active debris removal of about five large and massive (1 to more than 8 metric tons) objects per year is needed"" to stabilize LEO for the next 200 years"
27_orbital_debris_collision_risk,yang_2026_adr_thresholds_frontiers_space_technologies,T1,"Yang, ""Conceptualizing thresholds for effective active debris removal in Low Earth Orbit"", Front. Space Technol. 7:1777020 (CC BY)",Frontiers in Space Technologies (ISSN 2673-5075; DOI Crossref-verified),2026,https://doi.org/10.3389/frspt.2026.1777020,"Yang, S.",full_text_hosted - R135 (2026-10-07): full PDF pulled from the frontiersin.org article PDF endpoint and committed to full_texts/; in-file licence statement = Creative Commons Attribution License (CC BY) -> cc-by token. Key numbers: r135_adr_requirements_key_numbers.csv,"modern threshold estimate for d27: removal of ~60 large objects (>10 cm)/yr is the point where debris growth turns negative under FCC 5-year deorbit rule + 90% compliance in the 500-600 km band - explicitly ""scenario-dependent ... illustrative threshold ... rather than a robust or universal quantitative value"""
27_orbital_debris_collision_risk,liou_2013_adr_mission_design_eucass,T2,"Liou et al., ""Active Debris Removal mission design in Low Earth Orbit"", EUCASS (4th European Conference for Aeronautics and Space Sciences)",EUCASS proceedings; doi 10.1051/eucass/201304763,2013,https://doi.org/10.1051/eucass/201304763,"Liou, J.-C.; et al.","registered_not_pulled - R135 (2026-10-07): doi.org and eucass.eu both bot-walled from this machine (HTTP 403); EUCASS proceedings are author-copyrighted per the association convention (see ukai_2019 row in d10), so even a successful pull would be extraction-only. R137 (2026-10-09): OpenAlex flags it bronze OA with a direct eucass-proceedings.eu PDF route, but BOTH the /articles/eucass/pdf/... and /<doi>/pdf endpoints answer HTTP 403 from this machine (bot-wall confirmed twice) - stays registered_not_pulled; in-file author copyright per EUCASS convention would make it extraction-only anyway.",ADR mission design (rendezvous/capture trajectory) for the 2013-era concept - completes the mission-design half of d27’s ADR anchor set
27_orbital_debris_collision_risk,kessler_cour_palais_1978_collision_frequency_debris_belt,T1,"Kessler & Cour-Palais, ""Collision frequency of artificial satellites: The creation of a debris belt"" (JGR Space Physics 83(A6):2637-2646)",Journal of Geophysical Research: Space Physics; NTRS 19780057167,1978,10.1029/ja083ia06p02637,"Kessler, D.J.; Cour-Palais, B.G.",registered_not_pulled - R149 (2026-10-10): NTRS record 19780057167 determinationType=GOV_PUBLIC_USE_PERMITTED but zero downloadable files; AGU/Wiley route HTTP 403 from this machine (doi.org + agupubs pdfdirect probed); DOI Crossref-verified live. Queue for institutional/library pull.,THE canonical collision-frequency / debris-belt creation model behind d27's entire premise and the 'Kessler syndrome' literature; would anchor any population-growth cell once pulled
27_orbital_debris_collision_risk,kessler_su_1985_orbital_debris_nasa_cp-2360,T2,"Kessler & Su (eds.), ""Orbital Debris"" - NASA Conference Publication 2360, JSC workshop proceedings Houston Jul 27-29 1982",NASA CP-2360; NTRS 19850012878,1985,https://ntrs.nasa.gov/citations/19850012878,"Kessler, D.J. (JSC); Su, S.-Y. (Lockheed-EMSCO)",full_text_hosted - R149 (2026-10-10): 454 pp / ~30 MB microfilm scan pulled from NTRS and committed to full_texts/; copyright.determinationType=GOV_PUBLIC_USE_PERMITTED with zero genuine in-file copyright statements -> ntrs-public-use per the R131 precedent. Year 1985 = NTRS publications[].publicationDate (corroborated by NASA RP-1320 chronology citation).,institutional record of the JSC debris program: cites Kessler & Cour-Palais 1978 verbatim in its reference list; breakup / collision-signature studies behind d27's population-growth premise
27_orbital_debris_collision_risk,kessler_zhang_matney_et_al_1996_ordem_tm-104825,T2,"Kessler, Zhang, Matney et al., ""A Computer-Based Orbital Debris Environment Model for Spacecraft Design and Observation in Low Earth Orbit"" (ORDEM)",NASA TM-104825; NTRS 19970005001,1996,https://ntrs.nasa.gov/citations/19970005001,"Kessler, D.J. (JSC); Zhang, J.; Matney, M.J.; Eichler, P.; Reynolds, R.C.; Anz-Meador, P.D.; Stansbery, E.G.",full_text_hosted - R149 (2026-10-10): 57 pp pulled from NTRS and committed to full_texts/; copyright.determinationType=PUBLIC_USE_PERMITTED with zero in-file copyright statements -> ntrs-public-use per the R131 precedent.,the institutional LEO debris-environment model (ORDEM) used for spacecraft design: collision-frequency / breakup inputs behind d27's risk cells; context/bound class
27_orbital_debris_collision_risk,krisko_2007_predicted_growth_leo_debris_evolve,T2,"Krisko, ""The Predicted Growth of the Low Earth Orbit Space Debris Environment: An Assessment of Future Risk for Spacecraft""",NTRS 20070024897 (stiType PREPRINT; no structured venue field),2007,https://ntrs.nasa.gov/citations/20070024897,"Krisko, P.H. (ESCG/Jacobs for NASA JSC ODPO)","full_text_hosted - R149 (2026-10-10): 22 pp pulled from NTRS and committed to full_texts/; copyright.determinationType=GOV_PUBLIC_USE_PERMITTED with zero in-file copyright statements -> ntrs-public-use per the R131 precedent. Year 2007 = NTRS publications[].publicationDate (stiType PREPRINT, no venue in structured fields - flagged per the R138 lesson).",institutional EVOLVE growth-history record: NASA initiated EVOLVE late-1980s with five versions over the next decade; catastrophic-vs-non-catastrophic collision characterization behind d27's population-growth premise
