source_id,pdf_page,page_header,line_item,FY2023_usd_mn,FY2024_usd_mn,FY2025_request_usd_mn,FY2026_usd_mn,FY2027_usd_mn,FY2028_usd_mn,FY2029_usd_mn,location_in_source,notes
nasa_fy2025_budget_request_congressional_justification,2,National Aeronautics and Space Administration / FY 2025 PRESIDENT'S BUDGET REQUEST SUMMARY,NASA Total,25383.7,25383.7,25383.7,25891.3,26409.1,26937.3,27476.1,PDF p2 Budget Authority table,"R70 full-extraction pass, read from the hosted PDF 2026-09-27; FY2023 op plan/actual, FY2024 CR/enacted as labelled on each page; FY2026-29 notional; ""Total Budget"" rows checked against the lines above (0 mismatches; summary pages hold parent + child lines)"
nasa_fy2025_budget_request_congressional_justification,2,National Aeronautics and Space Administration / FY 2025 PRESIDENT'S BUDGET REQUEST SUMMARY,Deep Space Exploration Systems,7447.6,7468.9,7618.2,7803.7,7959.8,8119.0,8281.4,PDF p2 Budget Authority table,"R70 full-extraction pass, read from the hosted PDF 2026-09-27; FY2023 op plan/actual, FY2024 CR/enacted as labelled on each page; FY2026-29 notional; ""Total Budget"" rows checked against the lines above (0 mismatches; summary pages hold parent + child lines)"
nasa_fy2025_budget_request_congressional_justification,2,National Aeronautics and Space Administration / FY 2025 PRESIDENT'S BUDGET REQUEST SUMMARY,Moon to Mars Transportation System,4716.6,--,4213.0,4254.0,4267.3,3880.9,3713.6,PDF p2 Budget Authority table,"R70 full-extraction pass, read from the hosted PDF 2026-09-27; FY2023 op plan/actual, FY2024 CR/enacted as labelled on each page; FY2026-29 notional; ""Total Budget"" rows checked against the lines above (0 mismatches; summary pages hold parent + child lines)"
nasa_fy2025_budget_request_congressional_justification,2,National Aeronautics and Space Administration / FY 2025 PRESIDENT'S BUDGET REQUEST SUMMARY,Moon to Mars Lunar Systems Development,2630.5,--,3288.1,3285.7,3389.5,3868.8,3712.3,PDF p2 Budget Authority table,"R70 full-extraction pass, read from the hosted PDF 2026-09-27; FY2023 op plan/actual, FY2024 CR/enacted as labelled on each page; FY2026-29 notional; ""Total Budget"" rows checked against the lines above (0 mismatches; summary pages hold parent + child lines)"
nasa_fy2025_budget_request_congressional_justification,2,National Aeronautics and Space Administration / FY 2025 PRESIDENT'S BUDGET REQUEST SUMMARY,Human Exploration Requirements & Architecture,100.5,--,117.1,264.1,303.0,369.3,855.5,PDF p2 Budget Authority table,"R70 full-extraction pass, read from the hosted PDF 2026-09-27; FY2023 op plan/actual, FY2024 CR/enacted as labelled on each page; FY2026-29 notional; ""Total Budget"" rows checked against the lines above (0 mismatches; summary pages hold parent + child lines)"
nasa_fy2025_budget_request_congressional_justification,2,National Aeronautics and Space Administration / FY 2025 PRESIDENT'S BUDGET REQUEST SUMMARY,Space Operations,4266.7,4250.0,4389.7,4497.6,4587.6,4679.4,4773.0,PDF p2 Budget Authority table,"R70 full-extraction pass, read from the hosted PDF 2026-09-27; FY2023 op plan/actual, FY2024 CR/enacted as labelled on each page; FY2026-29 notional; ""Total Budget"" rows checked against the lines above (0 mismatches; summary pages hold parent + child lines)"
nasa_fy2025_budget_request_congressional_justification,2,National Aeronautics and Space Administration / FY 2025 PRESIDENT'S BUDGET REQUEST SUMMARY,International Space Station,1286.2,--,1269.6,1267.8,1262.8,1259.4,1259.4,PDF p2 Budget Authority table,"R70 full-extraction pass, read from the hosted PDF 2026-09-27; FY2023 op plan/actual, FY2024 CR/enacted as labelled on each page; FY2026-29 notional; ""Total Budget"" rows checked against the lines above (0 mismatches; summary pages hold parent + child lines)"
nasa_fy2025_budget_request_congressional_justification,2,National Aeronautics and Space Administration / FY 2025 PRESIDENT'S BUDGET REQUEST SUMMARY,Space Transportation,1759.6,--,1862.1,1876.2,1840.9,1895.7,1804.1,PDF p2 Budget Authority table,"R70 full-extraction pass, read from the hosted PDF 2026-09-27; FY2023 op plan/actual, FY2024 CR/enacted as labelled on each page; FY2026-29 notional; ""Total Budget"" rows checked against the lines above (0 mismatches; summary pages hold parent + child lines)"
nasa_fy2025_budget_request_congressional_justification,2,National Aeronautics and Space Administration / FY 2025 PRESIDENT'S BUDGET REQUEST SUMMARY,Space and Flight Support (SFS),983.4,--,1088.4,1051.3,1048.7,1059.0,1080.2,PDF p2 Budget Authority table,"R70 full-extraction pass, read from the hosted PDF 2026-09-27; FY2023 op plan/actual, FY2024 CR/enacted as labelled on each page; FY2026-29 notional; ""Total Budget"" rows checked against the lines above (0 mismatches; summary pages hold parent + child lines)"
nasa_fy2025_budget_request_congressional_justification,2,National Aeronautics and Space Administration / FY 2025 PRESIDENT'S BUDGET REQUEST SUMMARY,Commercial LEO Development,224.3,--,169.6,302.3,435.2,465.2,629.3,PDF p2 Budget Authority table,"R70 full-extraction pass, read from the hosted PDF 2026-09-27; FY2023 op plan/actual, FY2024 CR/enacted as labelled on each page; FY2026-29 notional; ""Total Budget"" rows checked against the lines above (0 mismatches; summary pages hold parent + child lines)"
nasa_fy2025_budget_request_congressional_justification,2,National Aeronautics and Space Administration / FY 2025 PRESIDENT'S BUDGET REQUEST SUMMARY,Exploration Operations,13.2,--,--,--,--,--,--,PDF p2 Budget Authority table,"R70 full-extraction pass, read from the hosted PDF 2026-09-27; FY2023 op plan/actual, FY2024 CR/enacted as labelled on each page; FY2026-29 notional; ""Total Budget"" rows checked against the lines above (0 mismatches; summary pages hold parent + child lines)"
nasa_fy2025_budget_request_congressional_justification,2,National Aeronautics and Space Administration / FY 2025 PRESIDENT'S BUDGET REQUEST SUMMARY,Space Technology,1193.0,1200.0,1181.8,1205.4,1229.5,1254.1,1279.2,PDF p2 Budget Authority table,"R70 full-extraction pass, read from the hosted PDF 2026-09-27; FY2023 op plan/actual, FY2024 CR/enacted as labelled on each page; FY2026-29 notional; ""Total Budget"" rows checked against the lines above (0 mismatches; summary pages hold parent + child lines)"
nasa_fy2025_budget_request_congressional_justification,2,National Aeronautics and Space Administration / FY 2025 PRESIDENT'S BUDGET REQUEST SUMMARY,Science,7791.5,7795.0,7565.7,7717.0,7871.3,8028.7,8189.3,PDF p2 Budget Authority table,"R70 full-extraction pass, read from the hosted PDF 2026-09-27; FY2023 op plan/actual, FY2024 CR/enacted as labelled on each page; FY2026-29 notional; ""Total Budget"" rows checked against the lines above (0 mismatches; summary pages hold parent + child lines)"
nasa_fy2025_budget_request_congressional_justification,2,National Aeronautics and Space Administration / FY 2025 PRESIDENT'S BUDGET REQUEST SUMMARY,Earth Science,2175.0,--,2378.7,2396.3,2446.1,2489.7,2543.4,PDF p2 Budget Authority table,"R70 full-extraction pass, read from the hosted PDF 2026-09-27; FY2023 op plan/actual, FY2024 CR/enacted as labelled on each page; FY2026-29 notional; ""Total Budget"" rows checked against the lines above (0 mismatches; summary pages hold parent + child lines)"
nasa_fy2025_budget_request_congressional_justification,2,National Aeronautics and Space Administration / FY 2025 PRESIDENT'S BUDGET REQUEST SUMMARY,Planetary Science,3216.5,--,2731.5,2850.5,2911.6,2976.8,3042.5,PDF p2 Budget Authority table,"R70 full-extraction pass, read from the hosted PDF 2026-09-27; FY2023 op plan/actual, FY2024 CR/enacted as labelled on each page; FY2026-29 notional; ""Total Budget"" rows checked against the lines above (0 mismatches; summary pages hold parent + child lines)"
nasa_fy2025_budget_request_congressional_justification,2,National Aeronautics and Space Administration / FY 2025 PRESIDENT'S BUDGET REQUEST SUMMARY,Astrophysics,1510.0,--,1578.1,1587.0,1613.6,1647.1,1673.4,PDF p2 Budget Authority table,"R70 full-extraction pass, read from the hosted PDF 2026-09-27; FY2023 op plan/actual, FY2024 CR/enacted as labelled on each page; FY2026-29 notional; ""Total Budget"" rows checked against the lines above (0 mismatches; summary pages hold parent + child lines)"
nasa_fy2025_budget_request_congressional_justification,2,National Aeronautics and Space Administration / FY 2025 PRESIDENT'S BUDGET REQUEST SUMMARY,Heliophysics,805.0,--,786.7,791.9,807.0,820.3,833.4,PDF p2 Budget Authority table,"R70 full-extraction pass, read from the hosted PDF 2026-09-27; FY2023 op plan/actual, FY2024 CR/enacted as labelled on each page; FY2026-29 notional; ""Total Budget"" rows checked against the lines above (0 mismatches; summary pages hold parent + child lines)"
nasa_fy2025_budget_request_congressional_justification,2,National Aeronautics and Space Administration / FY 2025 PRESIDENT'S BUDGET REQUEST SUMMARY,Biological and Physical Sciences,85.0,--,90.8,91.3,93.0,94.8,96.6,PDF p2 Budget Authority table,"R70 full-extraction pass, read from the hosted PDF 2026-09-27; FY2023 op plan/actual, FY2024 CR/enacted as labelled on each page; FY2026-29 notional; ""Total Budget"" rows checked against the lines above (0 mismatches; summary pages hold parent + child lines)"
nasa_fy2025_budget_request_congressional_justification,2,National Aeronautics and Space Administration / FY 2025 PRESIDENT'S BUDGET REQUEST SUMMARY,Aeronautics,935.0,935.0,965.8,985.1,1004.8,1024.9,1045.4,PDF p2 Budget Authority table,"R70 full-extraction pass, read from the hosted PDF 2026-09-27; FY2023 op plan/actual, FY2024 CR/enacted as labelled on each page; FY2026-29 notional; ""Total Budget"" rows checked against the lines above (0 mismatches; summary pages hold parent + child lines)"
nasa_fy2025_budget_request_congressional_justification,2,National Aeronautics and Space Administration / FY 2025 PRESIDENT'S BUDGET REQUEST SUMMARY,STEM Engagement,143.5,143.5,143.5,146.4,149.3,152.3,155.3,PDF p2 Budget Authority table,"R70 full-extraction pass, read from the hosted PDF 2026-09-27; FY2023 op plan/actual, FY2024 CR/enacted as labelled on each page; FY2026-29 notional; ""Total Budget"" rows checked against the lines above (0 mismatches; summary pages hold parent + child lines)"
nasa_fy2025_budget_request_congressional_justification,2,National Aeronautics and Space Administration / FY 2025 PRESIDENT'S BUDGET REQUEST SUMMARY,"Safety, Security, and Mission Services",3136.5,3129.5,3044.4,3105.3,3167.4,3230.7,3295.3,PDF p2 Budget Authority table,"R70 full-extraction pass, read from the hosted PDF 2026-09-27; FY2023 op plan/actual, FY2024 CR/enacted as labelled on each page; FY2026-29 notional; ""Total Budget"" rows checked against the lines above (0 mismatches; summary pages hold parent + child lines)"
nasa_fy2025_budget_request_congressional_justification,2,National Aeronautics and Space Administration / FY 2025 PRESIDENT'S BUDGET REQUEST SUMMARY,Mission Services & Capabilities,2067.4,--,2058.1,2099.2,2141.3,2184.1,2227.6,PDF p2 Budget Authority table,"R70 full-extraction pass, read from the hosted PDF 2026-09-27; FY2023 op plan/actual, FY2024 CR/enacted as labelled on each page; FY2026-29 notional; ""Total Budget"" rows checked against the lines above (0 mismatches; summary pages hold parent + child lines)"
nasa_fy2025_budget_request_congressional_justification,2,National Aeronautics and Space Administration / FY 2025 PRESIDENT'S BUDGET REQUEST SUMMARY,"Engineering, Safety, & Operations",1069.1,--,986.3,1006.1,1026.1,1046.6,1067.7,PDF p2 Budget Authority table,"R70 full-extraction pass, read from the hosted PDF 2026-09-27; FY2023 op plan/actual, FY2024 CR/enacted as labelled on each page; FY2026-29 notional; ""Total Budget"" rows checked against the lines above (0 mismatches; summary pages hold parent + child lines)"
nasa_fy2025_budget_request_congressional_justification,2,National Aeronautics and Space Administration / FY 2025 PRESIDENT'S BUDGET REQUEST SUMMARY,Construction and Environmental Compliance and Restoration,422.4,414.3,424.1,379.3,386.9,394.6,402.5,PDF p2 Budget Authority table,"R70 full-extraction pass, read from the hosted PDF 2026-09-27; FY2023 op plan/actual, FY2024 CR/enacted as labelled on each page; FY2026-29 notional; ""Total Budget"" rows checked against the lines above (0 mismatches; summary pages hold parent + child lines)"
nasa_fy2025_budget_request_congressional_justification,2,National Aeronautics and Space Administration / FY 2025 PRESIDENT'S BUDGET REQUEST SUMMARY,Construction of Facilities,346.2,--,344.7,298.3,304.3,310.4,316.6,PDF p2 Budget Authority table,"R70 full-extraction pass, read from the hosted PDF 2026-09-27; FY2023 op plan/actual, FY2024 CR/enacted as labelled on each page; FY2026-29 notional; ""Total Budget"" rows checked against the lines above (0 mismatches; summary pages hold parent + child lines)"
nasa_fy2025_budget_request_congressional_justification,2,National Aeronautics and Space Administration / FY 2025 PRESIDENT'S BUDGET REQUEST SUMMARY,Environmental Compliance and Restoration,76.2,--,79.4,81.0,82.6,84.2,85.9,PDF p2 Budget Authority table,"R70 full-extraction pass, read from the hosted PDF 2026-09-27; FY2023 op plan/actual, FY2024 CR/enacted as labelled on each page; FY2026-29 notional; ""Total Budget"" rows checked against the lines above (0 mismatches; summary pages hold parent + child lines)"
nasa_fy2025_budget_request_congressional_justification,2,National Aeronautics and Space Administration / FY 2025 PRESIDENT'S BUDGET REQUEST SUMMARY,Inspector General,47.6,47.6,50.5,51.5,52.5,53.6,54.7,PDF p2 Budget Authority table,"R70 full-extraction pass, read from the hosted PDF 2026-09-27; FY2023 op plan/actual, FY2024 CR/enacted as labelled on each page; FY2026-29 notional; ""Total Budget"" rows checked against the lines above (0 mismatches; summary pages hold parent + child lines)"
nasa_fy2025_budget_request_congressional_justification,2,National Aeronautics and Space Administration / FY 2025 PRESIDENT'S BUDGET REQUEST SUMMARY,NASA Total,25383.7,25383.7,25383.7,25891.3,26409.1,26937.3,27476.1,PDF p2 Budget Authority table,"R70 full-extraction pass, read from the hosted PDF 2026-09-27; FY2023 op plan/actual, FY2024 CR/enacted as labelled on each page; FY2026-29 notional; ""Total Budget"" rows checked against the lines above (0 mismatches; summary pages hold parent + child lines)"
nasa_fy2025_budget_request_congressional_justification,3,National Aeronautics and Space Administration / FY 2025 PRESIDENT'S BUDGET REQUEST SUMMARY,NASA Total,25383.7,25383.7,25383.7,25891.3,26409.1,26937.3,27476.1,PDF p3 Budget Authority table,"R70 full-extraction pass, read from the hosted PDF 2026-09-27; FY2023 op plan/actual, FY2024 CR/enacted as labelled on each page; FY2026-29 notional; ""Total Budget"" rows checked against the lines above (0 mismatches; summary pages hold parent + child lines)"
nasa_fy2025_budget_request_congressional_justification,3,National Aeronautics and Space Administration / FY 2025 PRESIDENT'S BUDGET REQUEST SUMMARY,Deep Space Exploration Systems,7447.6,7468.9,7618.2,7803.7,7959.8,8119.0,8281.4,PDF p3 Budget Authority table,"R70 full-extraction pass, read from the hosted PDF 2026-09-27; FY2023 op plan/actual, FY2024 CR/enacted as labelled on each page; FY2026-29 notional; ""Total Budget"" rows checked against the lines above (0 mismatches; summary pages hold parent + child lines)"
nasa_fy2025_budget_request_congressional_justification,3,National Aeronautics and Space Administration / FY 2025 PRESIDENT'S BUDGET REQUEST SUMMARY,Moon to Mars Transportation System,4716.6,--,4213.0,4254.0,4267.3,3880.9,3713.6,PDF p3 Budget Authority table,"R70 full-extraction pass, read from the hosted PDF 2026-09-27; FY2023 op plan/actual, FY2024 CR/enacted as labelled on each page; FY2026-29 notional; ""Total Budget"" rows checked against the lines above (0 mismatches; summary pages hold parent + child lines)"
nasa_fy2025_budget_request_congressional_justification,3,National Aeronautics and Space Administration / FY 2025 PRESIDENT'S BUDGET REQUEST SUMMARY,Orion Program,1315.1,--,1031.0,1176.9,1288.5,1266.4,1166.4,PDF p3 Budget Authority table,"R70 full-extraction pass, read from the hosted PDF 2026-09-27; FY2023 op plan/actual, FY2024 CR/enacted as labelled on each page; FY2026-29 notional; ""Total Budget"" rows checked against the lines above (0 mismatches; summary pages hold parent + child lines)"
nasa_fy2025_budget_request_congressional_justification,3,National Aeronautics and Space Administration / FY 2025 PRESIDENT'S BUDGET REQUEST SUMMARY,Crew Vehicle Development,1301.5,1221.0,1023.5,1141.9,1281.0,1213.7,1113.8,PDF p3 Budget Authority table,"R70 full-extraction pass, read from the hosted PDF 2026-09-27; FY2023 op plan/actual, FY2024 CR/enacted as labelled on each page; FY2026-29 notional; ""Total Budget"" rows checked against the lines above (0 mismatches; summary pages hold parent + child lines)"
nasa_fy2025_budget_request_congressional_justification,3,National Aeronautics and Space Administration / FY 2025 PRESIDENT'S BUDGET REQUEST SUMMARY,Orion Program Integration and Support,13.5,--,7.5,35.0,7.5,52.7,52.7,PDF p3 Budget Authority table,"R70 full-extraction pass, read from the hosted PDF 2026-09-27; FY2023 op plan/actual, FY2024 CR/enacted as labelled on each page; FY2026-29 notional; ""Total Budget"" rows checked against the lines above (0 mismatches; summary pages hold parent + child lines)"
nasa_fy2025_budget_request_congressional_justification,3,National Aeronautics and Space Administration / FY 2025 PRESIDENT'S BUDGET REQUEST SUMMARY,Space Launch System,2566.8,--,2423.2,2379.0,2402.9,2072.3,2026.8,PDF p3 Budget Authority table,"R70 full-extraction pass, read from the hosted PDF 2026-09-27; FY2023 op plan/actual, FY2024 CR/enacted as labelled on each page; FY2026-29 notional; ""Total Budget"" rows checked against the lines above (0 mismatches; summary pages hold parent + child lines)"
nasa_fy2025_budget_request_congressional_justification,3,National Aeronautics and Space Administration / FY 2025 PRESIDENT'S BUDGET REQUEST SUMMARY,Block 1B Capability Upgrade,648.3,462.5,285.8,275.1,54.3,--,--,PDF p3 Budget Authority table,"R70 full-extraction pass, read from the hosted PDF 2026-09-27; FY2023 op plan/actual, FY2024 CR/enacted as labelled on each page; FY2026-29 notional; ""Total Budget"" rows checked against the lines above (0 mismatches; summary pages hold parent + child lines)"
nasa_fy2025_budget_request_congressional_justification,3,National Aeronautics and Space Administration / FY 2025 PRESIDENT'S BUDGET REQUEST SUMMARY,SLS Operations,1844.4,--,2028.4,1972.0,2240.5,1899.8,1853.8,PDF p3 Budget Authority table,"R70 full-extraction pass, read from the hosted PDF 2026-09-27; FY2023 op plan/actual, FY2024 CR/enacted as labelled on each page; FY2026-29 notional; ""Total Budget"" rows checked against the lines above (0 mismatches; summary pages hold parent + child lines)"
nasa_fy2025_budget_request_congressional_justification,3,National Aeronautics and Space Administration / FY 2025 PRESIDENT'S BUDGET REQUEST SUMMARY,SLS Program Integration and Support,74.0,--,109.0,131.9,108.1,172.5,173.0,PDF p3 Budget Authority table,"R70 full-extraction pass, read from the hosted PDF 2026-09-27; FY2023 op plan/actual, FY2024 CR/enacted as labelled on each page; FY2026-29 notional; ""Total Budget"" rows checked against the lines above (0 mismatches; summary pages hold parent + child lines)"
nasa_fy2025_budget_request_congressional_justification,3,National Aeronautics and Space Administration / FY 2025 PRESIDENT'S BUDGET REQUEST SUMMARY,Exploration Ground Systems,834.8,--,758.8,698.1,576.0,542.3,520.4,PDF p3 Budget Authority table,"R70 full-extraction pass, read from the hosted PDF 2026-09-27; FY2023 op plan/actual, FY2024 CR/enacted as labelled on each page; FY2026-29 notional; ""Total Budget"" rows checked against the lines above (0 mismatches; summary pages hold parent + child lines)"
nasa_fy2025_budget_request_congressional_justification,3,National Aeronautics and Space Administration / FY 2025 PRESIDENT'S BUDGET REQUEST SUMMARY,Exploration Ground Systems Development,330.6,356.2,235.8,148.3,31.4,--,--,PDF p3 Budget Authority table,"R70 full-extraction pass, read from the hosted PDF 2026-09-27; FY2023 op plan/actual, FY2024 CR/enacted as labelled on each page; FY2026-29 notional; ""Total Budget"" rows checked against the lines above (0 mismatches; summary pages hold parent + child lines)"
nasa_fy2025_budget_request_congressional_justification,3,National Aeronautics and Space Administration / FY 2025 PRESIDENT'S BUDGET REQUEST SUMMARY,EGS Program Integration and Support,504.2,--,523.0,549.8,544.6,542.3,520.4,PDF p3 Budget Authority table,"R70 full-extraction pass, read from the hosted PDF 2026-09-27; FY2023 op plan/actual, FY2024 CR/enacted as labelled on each page; FY2026-29 notional; ""Total Budget"" rows checked against the lines above (0 mismatches; summary pages hold parent + child lines)"
nasa_fy2025_budget_request_congressional_justification,3,National Aeronautics and Space Administration / FY 2025 PRESIDENT'S BUDGET REQUEST SUMMARY,Moon to Mars Lunar Systems Development,2630.5,--,3288.1,3285.7,3389.5,3868.8,3712.3,PDF p3 Budget Authority table,"R70 full-extraction pass, read from the hosted PDF 2026-09-27; FY2023 op plan/actual, FY2024 CR/enacted as labelled on each page; FY2026-29 notional; ""Total Budget"" rows checked against the lines above (0 mismatches; summary pages hold parent + child lines)"
nasa_fy2025_budget_request_congressional_justification,3,National Aeronautics and Space Administration / FY 2025 PRESIDENT'S BUDGET REQUEST SUMMARY,Gateway,779.2,--,817.7,627.9,586.8,746.0,635.4,PDF p3 Budget Authority table,"R70 full-extraction pass, read from the hosted PDF 2026-09-27; FY2023 op plan/actual, FY2024 CR/enacted as labelled on each page; FY2026-29 notional; ""Total Budget"" rows checked against the lines above (0 mismatches; summary pages hold parent + child lines)"
nasa_fy2025_budget_request_congressional_justification,3,National Aeronautics and Space Administration / FY 2025 PRESIDENT'S BUDGET REQUEST SUMMARY,Gateway Initial Capability,493.0,516.6,431.8,181.3,--,--,--,PDF p3 Budget Authority table,"R70 full-extraction pass, read from the hosted PDF 2026-09-27; FY2023 op plan/actual, FY2024 CR/enacted as labelled on each page; FY2026-29 notional; ""Total Budget"" rows checked against the lines above (0 mismatches; summary pages hold parent + child lines)"
nasa_fy2025_budget_request_congressional_justification,3,National Aeronautics and Space Administration / FY 2025 PRESIDENT'S BUDGET REQUEST SUMMARY,xEVA and Human Surface Mobility Program,324.9,--,434.2,483.9,644.7,673.6,571.2,PDF p3 Budget Authority table,"R70 full-extraction pass, read from the hosted PDF 2026-09-27; FY2023 op plan/actual, FY2024 CR/enacted as labelled on each page; FY2026-29 notional; ""Total Budget"" rows checked against the lines above (0 mismatches; summary pages hold parent + child lines)"
nasa_fy2025_budget_request_congressional_justification,3,National Aeronautics and Space Administration / FY 2025 PRESIDENT'S BUDGET REQUEST SUMMARY,Human Landing System,1386.1,--,1896.1,2050.9,1994.9,2278.3,2334.7,PDF p3 Budget Authority table,"R70 full-extraction pass, read from the hosted PDF 2026-09-27; FY2023 op plan/actual, FY2024 CR/enacted as labelled on each page; FY2026-29 notional; ""Total Budget"" rows checked against the lines above (0 mismatches; summary pages hold parent + child lines)"
nasa_fy2025_budget_request_congressional_justification,3,National Aeronautics and Space Administration / FY 2025 PRESIDENT'S BUDGET REQUEST SUMMARY,HLS Initial Capability,807.3,526.3,647.1,703.3,607.2,252.1,--,PDF p3 Budget Authority table,"R70 full-extraction pass, read from the hosted PDF 2026-09-27; FY2023 op plan/actual, FY2024 CR/enacted as labelled on each page; FY2026-29 notional; ""Total Budget"" rows checked against the lines above (0 mismatches; summary pages hold parent + child lines)"
nasa_fy2025_budget_request_congressional_justification,3,National Aeronautics and Space Administration / FY 2025 PRESIDENT'S BUDGET REQUEST SUMMARY,Advanced Exploration Systems,140.3,--,140.2,123.0,163.1,170.9,171.0,PDF p3 Budget Authority table,"R70 full-extraction pass, read from the hosted PDF 2026-09-27; FY2023 op plan/actual, FY2024 CR/enacted as labelled on each page; FY2026-29 notional; ""Total Budget"" rows checked against the lines above (0 mismatches; summary pages hold parent + child lines)"
nasa_fy2025_budget_request_congressional_justification,3,National Aeronautics and Space Administration / FY 2025 PRESIDENT'S BUDGET REQUEST SUMMARY,Human Exploration Requirements & Architecture,100.5,--,117.1,264.1,303.0,369.3,855.5,PDF p3 Budget Authority table,"R70 full-extraction pass, read from the hosted PDF 2026-09-27; FY2023 op plan/actual, FY2024 CR/enacted as labelled on each page; FY2026-29 notional; ""Total Budget"" rows checked against the lines above (0 mismatches; summary pages hold parent + child lines)"
nasa_fy2025_budget_request_congressional_justification,3,National Aeronautics and Space Administration / FY 2025 PRESIDENT'S BUDGET REQUEST SUMMARY,Strategy & Architecture,48.3,--,71.2,137.4,64.1,65.5,66.7,PDF p3 Budget Authority table,"R70 full-extraction pass, read from the hosted PDF 2026-09-27; FY2023 op plan/actual, FY2024 CR/enacted as labelled on each page; FY2026-29 notional; ""Total Budget"" rows checked against the lines above (0 mismatches; summary pages hold parent + child lines)"
nasa_fy2025_budget_request_congressional_justification,3,National Aeronautics and Space Administration / FY 2025 PRESIDENT'S BUDGET REQUEST SUMMARY,Future Systems,52.2,--,45.9,126.7,238.8,303.8,788.8,PDF p3 Budget Authority table,"R70 full-extraction pass, read from the hosted PDF 2026-09-27; FY2023 op plan/actual, FY2024 CR/enacted as labelled on each page; FY2026-29 notional; ""Total Budget"" rows checked against the lines above (0 mismatches; summary pages hold parent + child lines)"
nasa_fy2025_budget_request_congressional_justification,3,National Aeronautics and Space Administration / FY 2025 PRESIDENT'S BUDGET REQUEST SUMMARY,Space Operations,4266.7,4250.0,4389.7,4497.6,4587.6,4679.4,4773.0,PDF p3 Budget Authority table,"R70 full-extraction pass, read from the hosted PDF 2026-09-27; FY2023 op plan/actual, FY2024 CR/enacted as labelled on each page; FY2026-29 notional; ""Total Budget"" rows checked against the lines above (0 mismatches; summary pages hold parent + child lines)"
nasa_fy2025_budget_request_congressional_justification,3,National Aeronautics and Space Administration / FY 2025 PRESIDENT'S BUDGET REQUEST SUMMARY,International Space Station,1286.2,--,1269.6,1267.8,1262.8,1259.4,1259.4,PDF p3 Budget Authority table,"R70 full-extraction pass, read from the hosted PDF 2026-09-27; FY2023 op plan/actual, FY2024 CR/enacted as labelled on each page; FY2026-29 notional; ""Total Budget"" rows checked against the lines above (0 mismatches; summary pages hold parent + child lines)"
nasa_fy2025_budget_request_congressional_justification,3,National Aeronautics and Space Administration / FY 2025 PRESIDENT'S BUDGET REQUEST SUMMARY,International Space Station Program,1286.2,--,1269.6,1267.8,1262.8,1259.4,1259.4,PDF p3 Budget Authority table,"R70 full-extraction pass, read from the hosted PDF 2026-09-27; FY2023 op plan/actual, FY2024 CR/enacted as labelled on each page; FY2026-29 notional; ""Total Budget"" rows checked against the lines above (0 mismatches; summary pages hold parent + child lines)"
nasa_fy2025_budget_request_congressional_justification,3,National Aeronautics and Space Administration / FY 2025 PRESIDENT'S BUDGET REQUEST SUMMARY,ISS Systems Operations and Maintenance,1034.4,--,1008.5,1008.5,1003.5,1000.0,1000.0,PDF p3 Budget Authority table,"R70 full-extraction pass, read from the hosted PDF 2026-09-27; FY2023 op plan/actual, FY2024 CR/enacted as labelled on each page; FY2026-29 notional; ""Total Budget"" rows checked against the lines above (0 mismatches; summary pages hold parent + child lines)"
nasa_fy2025_budget_request_congressional_justification,3,National Aeronautics and Space Administration / FY 2025 PRESIDENT'S BUDGET REQUEST SUMMARY,ISS Research,251.8,--,261.1,259.3,259.3,259.4,259.4,PDF p3 Budget Authority table,"R70 full-extraction pass, read from the hosted PDF 2026-09-27; FY2023 op plan/actual, FY2024 CR/enacted as labelled on each page; FY2026-29 notional; ""Total Budget"" rows checked against the lines above (0 mismatches; summary pages hold parent + child lines)"
nasa_fy2025_budget_request_congressional_justification,3,National Aeronautics and Space Administration / FY 2025 PRESIDENT'S BUDGET REQUEST SUMMARY,Space Transportation,1759.6,--,1862.1,1876.2,1840.9,1895.7,1804.1,PDF p3 Budget Authority table,"R70 full-extraction pass, read from the hosted PDF 2026-09-27; FY2023 op plan/actual, FY2024 CR/enacted as labelled on each page; FY2026-29 notional; ""Total Budget"" rows checked against the lines above (0 mismatches; summary pages hold parent + child lines)"
nasa_fy2025_budget_request_congressional_justification,3,National Aeronautics and Space Administration / FY 2025 PRESIDENT'S BUDGET REQUEST SUMMARY,Crew and Cargo Program,1642.0,--,1761.5,1773.4,1735.8,1788.3,1694.3,PDF p3 Budget Authority table,"R70 full-extraction pass, read from the hosted PDF 2026-09-27; FY2023 op plan/actual, FY2024 CR/enacted as labelled on each page; FY2026-29 notional; ""Total Budget"" rows checked against the lines above (0 mismatches; summary pages hold parent + child lines)"
nasa_fy2025_budget_request_congressional_justification,3,National Aeronautics and Space Administration / FY 2025 PRESIDENT'S BUDGET REQUEST SUMMARY,Commercial Crew Program,117.5,--,100.6,102.8,105.1,107.4,109.8,PDF p3 Budget Authority table,"R70 full-extraction pass, read from the hosted PDF 2026-09-27; FY2023 op plan/actual, FY2024 CR/enacted as labelled on each page; FY2026-29 notional; ""Total Budget"" rows checked against the lines above (0 mismatches; summary pages hold parent + child lines)"
nasa_fy2025_budget_request_congressional_justification,3,National Aeronautics and Space Administration / FY 2025 PRESIDENT'S BUDGET REQUEST SUMMARY,Space and Flight Support (SFS),983.4,--,1088.4,1051.3,1048.7,1059.0,1080.2,PDF p3 Budget Authority table,"R70 full-extraction pass, read from the hosted PDF 2026-09-27; FY2023 op plan/actual, FY2024 CR/enacted as labelled on each page; FY2026-29 notional; ""Total Budget"" rows checked against the lines above (0 mismatches; summary pages hold parent + child lines)"
nasa_fy2025_budget_request_congressional_justification,3,National Aeronautics and Space Administration / FY 2025 PRESIDENT'S BUDGET REQUEST SUMMARY,Space Communications and Navigation,532.0,--,627.7,585.4,582.6,591.5,605.5,PDF p3 Budget Authority table,"R70 full-extraction pass, read from the hosted PDF 2026-09-27; FY2023 op plan/actual, FY2024 CR/enacted as labelled on each page; FY2026-29 notional; ""Total Budget"" rows checked against the lines above (0 mismatches; summary pages hold parent + child lines)"
nasa_fy2025_budget_request_congressional_justification,3,National Aeronautics and Space Administration / FY 2025 PRESIDENT'S BUDGET REQUEST SUMMARY,Space Communications Networks,424.8,--,543.5,499.7,491.2,495.1,509.2,PDF p3 Budget Authority table,"R70 full-extraction pass, read from the hosted PDF 2026-09-27; FY2023 op plan/actual, FY2024 CR/enacted as labelled on each page; FY2026-29 notional; ""Total Budget"" rows checked against the lines above (0 mismatches; summary pages hold parent + child lines)"
nasa_fy2025_budget_request_congressional_justification,4,National Aeronautics and Space Administration / FY 2025 PRESIDENT'S BUDGET REQUEST SUMMARY,Space Communications Support,107.2,--,84.2,85.7,91.3,96.4,96.4,PDF p4 Budget Authority table,"R70 full-extraction pass, read from the hosted PDF 2026-09-27; FY2023 op plan/actual, FY2024 CR/enacted as labelled on each page; FY2026-29 notional; ""Total Budget"" rows checked against the lines above (0 mismatches; summary pages hold parent + child lines)"
nasa_fy2025_budget_request_congressional_justification,4,National Aeronautics and Space Administration / FY 2025 PRESIDENT'S BUDGET REQUEST SUMMARY,Communications Services Program,51.7,--,59.4,59.4,59.4,59.4,59.4,PDF p4 Budget Authority table,"R70 full-extraction pass, read from the hosted PDF 2026-09-27; FY2023 op plan/actual, FY2024 CR/enacted as labelled on each page; FY2026-29 notional; ""Total Budget"" rows checked against the lines above (0 mismatches; summary pages hold parent + child lines)"
nasa_fy2025_budget_request_congressional_justification,4,National Aeronautics and Space Administration / FY 2025 PRESIDENT'S BUDGET REQUEST SUMMARY,Human Space Flight Operations,101.5,--,105.0,105.8,105.8,105.9,108.0,PDF p4 Budget Authority table,"R70 full-extraction pass, read from the hosted PDF 2026-09-27; FY2023 op plan/actual, FY2024 CR/enacted as labelled on each page; FY2026-29 notional; ""Total Budget"" rows checked against the lines above (0 mismatches; summary pages hold parent + child lines)"
nasa_fy2025_budget_request_congressional_justification,4,National Aeronautics and Space Administration / FY 2025 PRESIDENT'S BUDGET REQUEST SUMMARY,Human Research Program,151.2,--,143.4,155.5,155.5,156.5,159.5,PDF p4 Budget Authority table,"R70 full-extraction pass, read from the hosted PDF 2026-09-27; FY2023 op plan/actual, FY2024 CR/enacted as labelled on each page; FY2026-29 notional; ""Total Budget"" rows checked against the lines above (0 mismatches; summary pages hold parent + child lines)"
nasa_fy2025_budget_request_congressional_justification,4,National Aeronautics and Space Administration / FY 2025 PRESIDENT'S BUDGET REQUEST SUMMARY,Launch Services,93.9,--,104.3,96.6,96.9,97.2,99.1,PDF p4 Budget Authority table,"R70 full-extraction pass, read from the hosted PDF 2026-09-27; FY2023 op plan/actual, FY2024 CR/enacted as labelled on each page; FY2026-29 notional; ""Total Budget"" rows checked against the lines above (0 mismatches; summary pages hold parent + child lines)"
nasa_fy2025_budget_request_congressional_justification,4,National Aeronautics and Space Administration / FY 2025 PRESIDENT'S BUDGET REQUEST SUMMARY,Rocket Propulsion Test,48.2,--,48.6,48.6,48.6,48.6,48.6,PDF p4 Budget Authority table,"R70 full-extraction pass, read from the hosted PDF 2026-09-27; FY2023 op plan/actual, FY2024 CR/enacted as labelled on each page; FY2026-29 notional; ""Total Budget"" rows checked against the lines above (0 mismatches; summary pages hold parent + child lines)"
nasa_fy2025_budget_request_congressional_justification,4,National Aeronautics and Space Administration / FY 2025 PRESIDENT'S BUDGET REQUEST SUMMARY,21st Century Space Launch Complex,5.0,--,--,--,--,--,--,PDF p4 Budget Authority table,"R70 full-extraction pass, read from the hosted PDF 2026-09-27; FY2023 op plan/actual, FY2024 CR/enacted as labelled on each page; FY2026-29 notional; ""Total Budget"" rows checked against the lines above (0 mismatches; summary pages hold parent + child lines)"
nasa_fy2025_budget_request_congressional_justification,4,National Aeronautics and Space Administration / FY 2025 PRESIDENT'S BUDGET REQUEST SUMMARY,Commercial LEO Development,224.3,--,169.6,302.3,435.2,465.2,629.3,PDF p4 Budget Authority table,"R70 full-extraction pass, read from the hosted PDF 2026-09-27; FY2023 op plan/actual, FY2024 CR/enacted as labelled on each page; FY2026-29 notional; ""Total Budget"" rows checked against the lines above (0 mismatches; summary pages hold parent + child lines)"
nasa_fy2025_budget_request_congressional_justification,4,National Aeronautics and Space Administration / FY 2025 PRESIDENT'S BUDGET REQUEST SUMMARY,Exploration Operations,13.2,--,--,--,--,--,--,PDF p4 Budget Authority table,"R70 full-extraction pass, read from the hosted PDF 2026-09-27; FY2023 op plan/actual, FY2024 CR/enacted as labelled on each page; FY2026-29 notional; ""Total Budget"" rows checked against the lines above (0 mismatches; summary pages hold parent + child lines)"
nasa_fy2025_budget_request_congressional_justification,4,National Aeronautics and Space Administration / FY 2025 PRESIDENT'S BUDGET REQUEST SUMMARY,Space Technology,1193.0,1200.0,1181.8,1205.4,1229.5,1254.1,1279.2,PDF p4 Budget Authority table,"R70 full-extraction pass, read from the hosted PDF 2026-09-27; FY2023 op plan/actual, FY2024 CR/enacted as labelled on each page; FY2026-29 notional; ""Total Budget"" rows checked against the lines above (0 mismatches; summary pages hold parent + child lines)"
nasa_fy2025_budget_request_congressional_justification,4,National Aeronautics and Space Administration / FY 2025 PRESIDENT'S BUDGET REQUEST SUMMARY,Early Stage Innovation and Partnerships,122.0,--,140.1,145.1,149.6,154.2,160.4,PDF p4 Budget Authority table,"R70 full-extraction pass, read from the hosted PDF 2026-09-27; FY2023 op plan/actual, FY2024 CR/enacted as labelled on each page; FY2026-29 notional; ""Total Budget"" rows checked against the lines above (0 mismatches; summary pages hold parent + child lines)"
nasa_fy2025_budget_request_congressional_justification,4,National Aeronautics and Space Administration / FY 2025 PRESIDENT'S BUDGET REQUEST SUMMARY,Agency Technology and Innovation,1.4,--,--,--,--,--,--,PDF p4 Budget Authority table,"R70 full-extraction pass, read from the hosted PDF 2026-09-27; FY2023 op plan/actual, FY2024 CR/enacted as labelled on each page; FY2026-29 notional; ""Total Budget"" rows checked against the lines above (0 mismatches; summary pages hold parent + child lines)"
nasa_fy2025_budget_request_congressional_justification,4,National Aeronautics and Space Administration / FY 2025 PRESIDENT'S BUDGET REQUEST SUMMARY,Early Stage Innovation,99.1,--,117.0,121.5,125.5,129.6,135.4,PDF p4 Budget Authority table,"R70 full-extraction pass, read from the hosted PDF 2026-09-27; FY2023 op plan/actual, FY2024 CR/enacted as labelled on each page; FY2026-29 notional; ""Total Budget"" rows checked against the lines above (0 mismatches; summary pages hold parent + child lines)"
nasa_fy2025_budget_request_congressional_justification,4,National Aeronautics and Space Administration / FY 2025 PRESIDENT'S BUDGET REQUEST SUMMARY,Technology Transfer,21.5,--,23.1,23.6,24.1,24.6,25.1,PDF p4 Budget Authority table,"R70 full-extraction pass, read from the hosted PDF 2026-09-27; FY2023 op plan/actual, FY2024 CR/enacted as labelled on each page; FY2026-29 notional; ""Total Budget"" rows checked against the lines above (0 mismatches; summary pages hold parent + child lines)"
nasa_fy2025_budget_request_congressional_justification,4,National Aeronautics and Space Administration / FY 2025 PRESIDENT'S BUDGET REQUEST SUMMARY,Technology Maturation,323.9,--,340.8,353.2,363.1,370.4,377.8,PDF p4 Budget Authority table,"R70 full-extraction pass, read from the hosted PDF 2026-09-27; FY2023 op plan/actual, FY2024 CR/enacted as labelled on each page; FY2026-29 notional; ""Total Budget"" rows checked against the lines above (0 mismatches; summary pages hold parent + child lines)"
nasa_fy2025_budget_request_congressional_justification,4,National Aeronautics and Space Administration / FY 2025 PRESIDENT'S BUDGET REQUEST SUMMARY,Technology Demonstration,515.4,--,459.1,460.5,465.2,472.8,479.1,PDF p4 Budget Authority table,"R70 full-extraction pass, read from the hosted PDF 2026-09-27; FY2023 op plan/actual, FY2024 CR/enacted as labelled on each page; FY2026-29 notional; ""Total Budget"" rows checked against the lines above (0 mismatches; summary pages hold parent + child lines)"
nasa_fy2025_budget_request_congressional_justification,4,National Aeronautics and Space Administration / FY 2025 PRESIDENT'S BUDGET REQUEST SUMMARY,Solar Electric Propulsion (SEP),18.5,10.5,13.0,7.7,6.6,5.7,1.7,PDF p4 Budget Authority table,"R70 full-extraction pass, read from the hosted PDF 2026-09-27; FY2023 op plan/actual, FY2024 CR/enacted as labelled on each page; FY2026-29 notional; ""Total Budget"" rows checked against the lines above (0 mismatches; summary pages hold parent + child lines)"
nasa_fy2025_budget_request_congressional_justification,4,National Aeronautics and Space Administration / FY 2025 PRESIDENT'S BUDGET REQUEST SUMMARY,"On-Orbit Servicing, Assembly, and Manufacturing Demonstration-1",227.0,--,11.0,--,--,--,--,PDF p4 Budget Authority table,"R70 full-extraction pass, read from the hosted PDF 2026-09-27; FY2023 op plan/actual, FY2024 CR/enacted as labelled on each page; FY2026-29 notional; ""Total Budget"" rows checked against the lines above (0 mismatches; summary pages hold parent + child lines)"
nasa_fy2025_budget_request_congressional_justification,4,National Aeronautics and Space Administration / FY 2025 PRESIDENT'S BUDGET REQUEST SUMMARY,Space Nuclear Propulsion,91.3,--,110.0,70.5,54.5,45.5,42.5,PDF p4 Budget Authority table,"R70 full-extraction pass, read from the hosted PDF 2026-09-27; FY2023 op plan/actual, FY2024 CR/enacted as labelled on each page; FY2026-29 notional; ""Total Budget"" rows checked against the lines above (0 mismatches; summary pages hold parent + child lines)"
nasa_fy2025_budget_request_congressional_justification,4,National Aeronautics and Space Administration / FY 2025 PRESIDENT'S BUDGET REQUEST SUMMARY,"Small Spacecraft, Flight Opportunities & Other Tech Demo",178.6,--,325.1,382.3,404.1,421.6,434.9,PDF p4 Budget Authority table,"R70 full-extraction pass, read from the hosted PDF 2026-09-27; FY2023 op plan/actual, FY2024 CR/enacted as labelled on each page; FY2026-29 notional; ""Total Budget"" rows checked against the lines above (0 mismatches; summary pages hold parent + child lines)"
nasa_fy2025_budget_request_congressional_justification,4,National Aeronautics and Space Administration / FY 2025 PRESIDENT'S BUDGET REQUEST SUMMARY,SBIR and STTR,231.7,--,241.8,246.6,251.6,256.7,261.9,PDF p4 Budget Authority table,"R70 full-extraction pass, read from the hosted PDF 2026-09-27; FY2023 op plan/actual, FY2024 CR/enacted as labelled on each page; FY2026-29 notional; ""Total Budget"" rows checked against the lines above (0 mismatches; summary pages hold parent + child lines)"
nasa_fy2025_budget_request_congressional_justification,4,National Aeronautics and Space Administration / FY 2025 PRESIDENT'S BUDGET REQUEST SUMMARY,Science,7791.5,7795.0,7565.7,7717.0,7871.3,8028.7,8189.3,PDF p4 Budget Authority table,"R70 full-extraction pass, read from the hosted PDF 2026-09-27; FY2023 op plan/actual, FY2024 CR/enacted as labelled on each page; FY2026-29 notional; ""Total Budget"" rows checked against the lines above (0 mismatches; summary pages hold parent + child lines)"
nasa_fy2025_budget_request_congressional_justification,4,National Aeronautics and Space Administration / FY 2025 PRESIDENT'S BUDGET REQUEST SUMMARY,Earth Science,2175.0,--,2378.7,2396.3,2446.1,2489.7,2543.4,PDF p4 Budget Authority table,"R70 full-extraction pass, read from the hosted PDF 2026-09-27; FY2023 op plan/actual, FY2024 CR/enacted as labelled on each page; FY2026-29 notional; ""Total Budget"" rows checked against the lines above (0 mismatches; summary pages hold parent + child lines)"
nasa_fy2025_budget_request_congressional_justification,4,National Aeronautics and Space Administration / FY 2025 PRESIDENT'S BUDGET REQUEST SUMMARY,Earth Science Research,502.0,--,606.2,608.4,627.6,628.8,637.2,PDF p4 Budget Authority table,"R70 full-extraction pass, read from the hosted PDF 2026-09-27; FY2023 op plan/actual, FY2024 CR/enacted as labelled on each page; FY2026-29 notional; ""Total Budget"" rows checked against the lines above (0 mismatches; summary pages hold parent + child lines)"
nasa_fy2025_budget_request_congressional_justification,4,National Aeronautics and Space Administration / FY 2025 PRESIDENT'S BUDGET REQUEST SUMMARY,Earth Science Research and Analysis,338.0,--,364.9,371.3,385.4,380.9,385.7,PDF p4 Budget Authority table,"R70 full-extraction pass, read from the hosted PDF 2026-09-27; FY2023 op plan/actual, FY2024 CR/enacted as labelled on each page; FY2026-29 notional; ""Total Budget"" rows checked against the lines above (0 mismatches; summary pages hold parent + child lines)"
nasa_fy2025_budget_request_congressional_justification,4,National Aeronautics and Space Administration / FY 2025 PRESIDENT'S BUDGET REQUEST SUMMARY,Computing and Management,164.0,--,241.2,237.1,242.2,248.0,251.4,PDF p4 Budget Authority table,"R70 full-extraction pass, read from the hosted PDF 2026-09-27; FY2023 op plan/actual, FY2024 CR/enacted as labelled on each page; FY2026-29 notional; ""Total Budget"" rows checked against the lines above (0 mismatches; summary pages hold parent + child lines)"
nasa_fy2025_budget_request_congressional_justification,4,National Aeronautics and Space Administration / FY 2025 PRESIDENT'S BUDGET REQUEST SUMMARY,Earth Systematic Missions,915.0,--,854.4,868.7,888.2,869.9,757.8,PDF p4 Budget Authority table,"R70 full-extraction pass, read from the hosted PDF 2026-09-27; FY2023 op plan/actual, FY2024 CR/enacted as labelled on each page; FY2026-29 notional; ""Total Budget"" rows checked against the lines above (0 mismatches; summary pages hold parent + child lines)"
nasa_fy2025_budget_request_congressional_justification,4,National Aeronautics and Space Administration / FY 2025 PRESIDENT'S BUDGET REQUEST SUMMARY,NASA-ISRO SAR,93.5,72.1,29.3,21.1,12.0,0.1,--,PDF p4 Budget Authority table,"R70 full-extraction pass, read from the hosted PDF 2026-09-27; FY2023 op plan/actual, FY2024 CR/enacted as labelled on each page; FY2026-29 notional; ""Total Budget"" rows checked against the lines above (0 mismatches; summary pages hold parent + child lines)"
nasa_fy2025_budget_request_congressional_justification,4,National Aeronautics and Space Administration / FY 2025 PRESIDENT'S BUDGET REQUEST SUMMARY,Sentinel-6,40.3,51.3,36.5,18.1,8.7,5.7,7.1,PDF p4 Budget Authority table,"R70 full-extraction pass, read from the hosted PDF 2026-09-27; FY2023 op plan/actual, FY2024 CR/enacted as labelled on each page; FY2026-29 notional; ""Total Budget"" rows checked against the lines above (0 mismatches; summary pages hold parent + child lines)"
nasa_fy2025_budget_request_congressional_justification,4,National Aeronautics and Space Administration / FY 2025 PRESIDENT'S BUDGET REQUEST SUMMARY,PACE,112.8,75.5,26.3,24.8,8.5,--,--,PDF p4 Budget Authority table,"R70 full-extraction pass, read from the hosted PDF 2026-09-27; FY2023 op plan/actual, FY2024 CR/enacted as labelled on each page; FY2026-29 notional; ""Total Budget"" rows checked against the lines above (0 mismatches; summary pages hold parent + child lines)"
nasa_fy2025_budget_request_congressional_justification,4,National Aeronautics and Space Administration / FY 2025 PRESIDENT'S BUDGET REQUEST SUMMARY,GRACE-Continuity,166.8,--,102.4,41.8,57.2,82.6,25.3,PDF p4 Budget Authority table,"R70 full-extraction pass, read from the hosted PDF 2026-09-27; FY2023 op plan/actual, FY2024 CR/enacted as labelled on each page; FY2026-29 notional; ""Total Budget"" rows checked against the lines above (0 mismatches; summary pages hold parent + child lines)"
nasa_fy2025_budget_request_congressional_justification,4,National Aeronautics and Space Administration / FY 2025 PRESIDENT'S BUDGET REQUEST SUMMARY,Other Missions and Data Analysis,501.6,--,660.0,762.9,801.7,781.4,725.5,PDF p4 Budget Authority table,"R70 full-extraction pass, read from the hosted PDF 2026-09-27; FY2023 op plan/actual, FY2024 CR/enacted as labelled on each page; FY2026-29 notional; ""Total Budget"" rows checked against the lines above (0 mismatches; summary pages hold parent + child lines)"
nasa_fy2025_budget_request_congressional_justification,4,National Aeronautics and Space Administration / FY 2025 PRESIDENT'S BUDGET REQUEST SUMMARY,Earth System Explorers,2.5,--,19.6,59.0,99.5,130.6,194.7,PDF p4 Budget Authority table,"R70 full-extraction pass, read from the hosted PDF 2026-09-27; FY2023 op plan/actual, FY2024 CR/enacted as labelled on each page; FY2026-29 notional; ""Total Budget"" rows checked against the lines above (0 mismatches; summary pages hold parent + child lines)"
nasa_fy2025_budget_request_congressional_justification,4,National Aeronautics and Space Administration / FY 2025 PRESIDENT'S BUDGET REQUEST SUMMARY,Responsive Science Initiatives,55.0,--,167.7,173.9,176.4,177.9,179.5,PDF p4 Budget Authority table,"R70 full-extraction pass, read from the hosted PDF 2026-09-27; FY2023 op plan/actual, FY2024 CR/enacted as labelled on each page; FY2026-29 notional; ""Total Budget"" rows checked against the lines above (0 mismatches; summary pages hold parent + child lines)"
nasa_fy2025_budget_request_congressional_justification,4,National Aeronautics and Space Administration / FY 2025 PRESIDENT'S BUDGET REQUEST SUMMARY,Earth System Science Pathfinder,232.1,--,251.7,246.0,202.1,225.0,308.9,PDF p4 Budget Authority table,"R70 full-extraction pass, read from the hosted PDF 2026-09-27; FY2023 op plan/actual, FY2024 CR/enacted as labelled on each page; FY2026-29 notional; ""Total Budget"" rows checked against the lines above (0 mismatches; summary pages hold parent + child lines)"
nasa_fy2025_budget_request_congressional_justification,4,National Aeronautics and Space Administration / FY 2025 PRESIDENT'S BUDGET REQUEST SUMMARY,Venture Class Missions,161.2,--,200.4,205.0,181.5,201.9,283.3,PDF p4 Budget Authority table,"R70 full-extraction pass, read from the hosted PDF 2026-09-27; FY2023 op plan/actual, FY2024 CR/enacted as labelled on each page; FY2026-29 notional; ""Total Budget"" rows checked against the lines above (0 mismatches; summary pages hold parent + child lines)"
nasa_fy2025_budget_request_congressional_justification,4,National Aeronautics and Space Administration / FY 2025 PRESIDENT'S BUDGET REQUEST SUMMARY,Other Missions and Data Analysis,70.9,--,51.3,41.0,20.6,23.1,25.6,PDF p4 Budget Authority table,"R70 full-extraction pass, read from the hosted PDF 2026-09-27; FY2023 op plan/actual, FY2024 CR/enacted as labelled on each page; FY2026-29 notional; ""Total Budget"" rows checked against the lines above (0 mismatches; summary pages hold parent + child lines)"
nasa_fy2025_budget_request_congressional_justification,4,National Aeronautics and Space Administration / FY 2025 PRESIDENT'S BUDGET REQUEST SUMMARY,Earth Science Data Systems,291.1,--,263.2,257.6,268.3,269.8,276.3,PDF p4 Budget Authority table,"R70 full-extraction pass, read from the hosted PDF 2026-09-27; FY2023 op plan/actual, FY2024 CR/enacted as labelled on each page; FY2026-29 notional; ""Total Budget"" rows checked against the lines above (0 mismatches; summary pages hold parent + child lines)"
nasa_fy2025_budget_request_congressional_justification,4,National Aeronautics and Space Administration / FY 2025 PRESIDENT'S BUDGET REQUEST SUMMARY,Earth Science Technology,102.2,--,147.2,109.4,110.6,111.8,113.0,PDF p4 Budget Authority table,"R70 full-extraction pass, read from the hosted PDF 2026-09-27; FY2023 op plan/actual, FY2024 CR/enacted as labelled on each page; FY2026-29 notional; ""Total Budget"" rows checked against the lines above (0 mismatches; summary pages hold parent + child lines)"
nasa_fy2025_budget_request_congressional_justification,4,National Aeronautics and Space Administration / FY 2025 PRESIDENT'S BUDGET REQUEST SUMMARY,Applied Sciences,75.2,--,68.6,73.3,73.5,75.8,75.9,PDF p4 Budget Authority table,"R70 full-extraction pass, read from the hosted PDF 2026-09-27; FY2023 op plan/actual, FY2024 CR/enacted as labelled on each page; FY2026-29 notional; ""Total Budget"" rows checked against the lines above (0 mismatches; summary pages hold parent + child lines)"
nasa_fy2025_budget_request_congressional_justification,4,National Aeronautics and Space Administration / FY 2025 PRESIDENT'S BUDGET REQUEST SUMMARY,Planetary Science,3216.5,--,2731.5,2850.5,2911.6,2976.8,3042.5,PDF p4 Budget Authority table,"R70 full-extraction pass, read from the hosted PDF 2026-09-27; FY2023 op plan/actual, FY2024 CR/enacted as labelled on each page; FY2026-29 notional; ""Total Budget"" rows checked against the lines above (0 mismatches; summary pages hold parent + child lines)"
nasa_fy2025_budget_request_congressional_justification,5,National Aeronautics and Space Administration / FY 2025 PRESIDENT'S BUDGET REQUEST SUMMARY,Planetary Science Research,310.6,--,390.1,386.4,392.5,405.3,407.8,PDF p5 Budget Authority table,"R70 full-extraction pass, read from the hosted PDF 2026-09-27; FY2023 op plan/actual, FY2024 CR/enacted as labelled on each page; FY2026-29 notional; ""Total Budget"" rows checked against the lines above (0 mismatches; summary pages hold parent + child lines)"
nasa_fy2025_budget_request_congressional_justification,5,National Aeronautics and Space Administration / FY 2025 PRESIDENT'S BUDGET REQUEST SUMMARY,Planetary Science Research and Analysis,205.1,--,249.3,249.2,252.2,260.9,264.4,PDF p5 Budget Authority table,"R70 full-extraction pass, read from the hosted PDF 2026-09-27; FY2023 op plan/actual, FY2024 CR/enacted as labelled on each page; FY2026-29 notional; ""Total Budget"" rows checked against the lines above (0 mismatches; summary pages hold parent + child lines)"
nasa_fy2025_budget_request_congressional_justification,5,National Aeronautics and Space Administration / FY 2025 PRESIDENT'S BUDGET REQUEST SUMMARY,Other Missions and Data Analysis,105.5,--,140.8,137.2,140.2,144.4,143.4,PDF p5 Budget Authority table,"R70 full-extraction pass, read from the hosted PDF 2026-09-27; FY2023 op plan/actual, FY2024 CR/enacted as labelled on each page; FY2026-29 notional; ""Total Budget"" rows checked against the lines above (0 mismatches; summary pages hold parent + child lines)"
nasa_fy2025_budget_request_congressional_justification,5,National Aeronautics and Space Administration / FY 2025 PRESIDENT'S BUDGET REQUEST SUMMARY,Planetary Defense,135.5,--,276.6,369.3,299.6,81.0,78.1,PDF p5 Budget Authority table,"R70 full-extraction pass, read from the hosted PDF 2026-09-27; FY2023 op plan/actual, FY2024 CR/enacted as labelled on each page; FY2026-29 notional; ""Total Budget"" rows checked against the lines above (0 mismatches; summary pages hold parent + child lines)"
nasa_fy2025_budget_request_congressional_justification,5,National Aeronautics and Space Administration / FY 2025 PRESIDENT'S BUDGET REQUEST SUMMARY,NEO Surveyor,90.0,301.9,235.6,327.3,257.6,39.0,36.1,PDF p5 Budget Authority table,"R70 full-extraction pass, read from the hosted PDF 2026-09-27; FY2023 op plan/actual, FY2024 CR/enacted as labelled on each page; FY2026-29 notional; ""Total Budget"" rows checked against the lines above (0 mismatches; summary pages hold parent + child lines)"
nasa_fy2025_budget_request_congressional_justification,5,National Aeronautics and Space Administration / FY 2025 PRESIDENT'S BUDGET REQUEST SUMMARY,Other Missions and Data Analysis,45.5,--,41.0,42.0,42.0,42.0,42.0,PDF p5 Budget Authority table,"R70 full-extraction pass, read from the hosted PDF 2026-09-27; FY2023 op plan/actual, FY2024 CR/enacted as labelled on each page; FY2026-29 notional; ""Total Budget"" rows checked against the lines above (0 mismatches; summary pages hold parent + child lines)"
nasa_fy2025_budget_request_congressional_justification,5,National Aeronautics and Space Administration / FY 2025 PRESIDENT'S BUDGET REQUEST SUMMARY,Lunar Discovery and Exploration,486.3,--,458.3,456.8,467.8,479.1,488.5,PDF p5 Budget Authority table,"R70 full-extraction pass, read from the hosted PDF 2026-09-27; FY2023 op plan/actual, FY2024 CR/enacted as labelled on each page; FY2026-29 notional; ""Total Budget"" rows checked against the lines above (0 mismatches; summary pages hold parent + child lines)"
nasa_fy2025_budget_request_congressional_justification,5,National Aeronautics and Space Administration / FY 2025 PRESIDENT'S BUDGET REQUEST SUMMARY,VIPER,97.2,69.3,33.0,--,--,--,--,PDF p5 Budget Authority table,"R70 full-extraction pass, read from the hosted PDF 2026-09-27; FY2023 op plan/actual, FY2024 CR/enacted as labelled on each page; FY2026-29 notional; ""Total Budget"" rows checked against the lines above (0 mismatches; summary pages hold parent + child lines)"
nasa_fy2025_budget_request_congressional_justification,5,National Aeronautics and Space Administration / FY 2025 PRESIDENT'S BUDGET REQUEST SUMMARY,Other Missions and Data Analysis,389.1,--,425.3,456.8,467.8,479.1,488.5,PDF p5 Budget Authority table,"R70 full-extraction pass, read from the hosted PDF 2026-09-27; FY2023 op plan/actual, FY2024 CR/enacted as labelled on each page; FY2026-29 notional; ""Total Budget"" rows checked against the lines above (0 mismatches; summary pages hold parent + child lines)"
nasa_fy2025_budget_request_congressional_justification,5,National Aeronautics and Space Administration / FY 2025 PRESIDENT'S BUDGET REQUEST SUMMARY,Discovery,217.5,--,261.5,418.3,588.0,790.8,912.4,PDF p5 Budget Authority table,"R70 full-extraction pass, read from the hosted PDF 2026-09-27; FY2023 op plan/actual, FY2024 CR/enacted as labelled on each page; FY2026-29 notional; ""Total Budget"" rows checked against the lines above (0 mismatches; summary pages hold parent + child lines)"
nasa_fy2025_budget_request_congressional_justification,5,National Aeronautics and Space Administration / FY 2025 PRESIDENT'S BUDGET REQUEST SUMMARY,DAVINCI,20.2,--,40.1,116.4,209.0,295.9,321.9,PDF p5 Budget Authority table,"R70 full-extraction pass, read from the hosted PDF 2026-09-27; FY2023 op plan/actual, FY2024 CR/enacted as labelled on each page; FY2026-29 notional; ""Total Budget"" rows checked against the lines above (0 mismatches; summary pages hold parent + child lines)"
nasa_fy2025_budget_request_congressional_justification,5,National Aeronautics and Space Administration / FY 2025 PRESIDENT'S BUDGET REQUEST SUMMARY,VERITAS,9.5,--,36.1,104.9,177.7,232.1,267.2,PDF p5 Budget Authority table,"R70 full-extraction pass, read from the hosted PDF 2026-09-27; FY2023 op plan/actual, FY2024 CR/enacted as labelled on each page; FY2026-29 notional; ""Total Budget"" rows checked against the lines above (0 mismatches; summary pages hold parent + child lines)"
nasa_fy2025_budget_request_congressional_justification,5,National Aeronautics and Space Administration / FY 2025 PRESIDENT'S BUDGET REQUEST SUMMARY,Other Missions and Data Analysis,187.7,--,185.3,197.0,201.3,262.7,323.3,PDF p5 Budget Authority table,"R70 full-extraction pass, read from the hosted PDF 2026-09-27; FY2023 op plan/actual, FY2024 CR/enacted as labelled on each page; FY2026-29 notional; ""Total Budget"" rows checked against the lines above (0 mismatches; summary pages hold parent + child lines)"
nasa_fy2025_budget_request_congressional_justification,5,National Aeronautics and Space Administration / FY 2025 PRESIDENT'S BUDGET REQUEST SUMMARY,New Frontiers,488.2,--,500.5,533.0,484.2,471.6,298.3,PDF p5 Budget Authority table,"R70 full-extraction pass, read from the hosted PDF 2026-09-27; FY2023 op plan/actual, FY2024 CR/enacted as labelled on each page; FY2026-29 notional; ""Total Budget"" rows checked against the lines above (0 mismatches; summary pages hold parent + child lines)"
nasa_fy2025_budget_request_congressional_justification,5,National Aeronautics and Space Administration / FY 2025 PRESIDENT'S BUDGET REQUEST SUMMARY,Dragonfly,400.1,--,434.6,496.8,434.2,317.6,32.5,PDF p5 Budget Authority table,"R70 full-extraction pass, read from the hosted PDF 2026-09-27; FY2023 op plan/actual, FY2024 CR/enacted as labelled on each page; FY2026-29 notional; ""Total Budget"" rows checked against the lines above (0 mismatches; summary pages hold parent + child lines)"
nasa_fy2025_budget_request_congressional_justification,5,National Aeronautics and Space Administration / FY 2025 PRESIDENT'S BUDGET REQUEST SUMMARY,Other Missions and Data Analysis,88.1,--,65.9,36.3,50.0,154.0,265.8,PDF p5 Budget Authority table,"R70 full-extraction pass, read from the hosted PDF 2026-09-27; FY2023 op plan/actual, FY2024 CR/enacted as labelled on each page; FY2026-29 notional; ""Total Budget"" rows checked against the lines above (0 mismatches; summary pages hold parent + child lines)"
nasa_fy2025_budget_request_congressional_justification,5,National Aeronautics and Space Administration / FY 2025 PRESIDENT'S BUDGET REQUEST SUMMARY,Mars Exploration,248.1,--,324.5,298.6,305.8,353.3,390.7,PDF p5 Budget Authority table,"R70 full-extraction pass, read from the hosted PDF 2026-09-27; FY2023 op plan/actual, FY2024 CR/enacted as labelled on each page; FY2026-29 notional; ""Total Budget"" rows checked against the lines above (0 mismatches; summary pages hold parent + child lines)"
nasa_fy2025_budget_request_congressional_justification,5,National Aeronautics and Space Administration / FY 2025 PRESIDENT'S BUDGET REQUEST SUMMARY,Other Missions and Data Analysis,248.1,--,324.5,298.6,305.8,353.3,390.7,PDF p5 Budget Authority table,"R70 full-extraction pass, read from the hosted PDF 2026-09-27; FY2023 op plan/actual, FY2024 CR/enacted as labelled on each page; FY2026-29 notional; ""Total Budget"" rows checked against the lines above (0 mismatches; summary pages hold parent + child lines)"
nasa_fy2025_budget_request_congressional_justification,5,National Aeronautics and Space Administration / FY 2025 PRESIDENT'S BUDGET REQUEST SUMMARY,Mars Sample Return,818.8,--,200.0,100.0,100.0,100.0,100.0,PDF p5 Budget Authority table,"R70 full-extraction pass, read from the hosted PDF 2026-09-27; FY2023 op plan/actual, FY2024 CR/enacted as labelled on each page; FY2026-29 notional; ""Total Budget"" rows checked against the lines above (0 mismatches; summary pages hold parent + child lines)"
nasa_fy2025_budget_request_congressional_justification,5,National Aeronautics and Space Administration / FY 2025 PRESIDENT'S BUDGET REQUEST SUMMARY,Outer Planets and Ocean Worlds,356.8,--,119.0,97.4,97.1,126.3,204.3,PDF p5 Budget Authority table,"R70 full-extraction pass, read from the hosted PDF 2026-09-27; FY2023 op plan/actual, FY2024 CR/enacted as labelled on each page; FY2026-29 notional; ""Total Budget"" rows checked against the lines above (0 mismatches; summary pages hold parent + child lines)"
nasa_fy2025_budget_request_congressional_justification,5,National Aeronautics and Space Administration / FY 2025 PRESIDENT'S BUDGET REQUEST SUMMARY,Europa Clipper,345.0,303.3,101.2,80.6,77.7,84.0,127.0,PDF p5 Budget Authority table,"R70 full-extraction pass, read from the hosted PDF 2026-09-27; FY2023 op plan/actual, FY2024 CR/enacted as labelled on each page; FY2026-29 notional; ""Total Budget"" rows checked against the lines above (0 mismatches; summary pages hold parent + child lines)"
nasa_fy2025_budget_request_congressional_justification,5,National Aeronautics and Space Administration / FY 2025 PRESIDENT'S BUDGET REQUEST SUMMARY,Other Missions and Data Analysis,11.8,--,17.8,16.8,19.5,42.3,77.3,PDF p5 Budget Authority table,"R70 full-extraction pass, read from the hosted PDF 2026-09-27; FY2023 op plan/actual, FY2024 CR/enacted as labelled on each page; FY2026-29 notional; ""Total Budget"" rows checked against the lines above (0 mismatches; summary pages hold parent + child lines)"
nasa_fy2025_budget_request_congressional_justification,5,National Aeronautics and Space Administration / FY 2025 PRESIDENT'S BUDGET REQUEST SUMMARY,Radioisotope Power,154.9,--,201.1,190.7,176.6,169.4,162.5,PDF p5 Budget Authority table,"R70 full-extraction pass, read from the hosted PDF 2026-09-27; FY2023 op plan/actual, FY2024 CR/enacted as labelled on each page; FY2026-29 notional; ""Total Budget"" rows checked against the lines above (0 mismatches; summary pages hold parent + child lines)"
nasa_fy2025_budget_request_congressional_justification,5,National Aeronautics and Space Administration / FY 2025 PRESIDENT'S BUDGET REQUEST SUMMARY,Astrophysics,1510.0,--,1578.1,1587.0,1613.6,1647.1,1673.4,PDF p5 Budget Authority table,"R70 full-extraction pass, read from the hosted PDF 2026-09-27; FY2023 op plan/actual, FY2024 CR/enacted as labelled on each page; FY2026-29 notional; ""Total Budget"" rows checked against the lines above (0 mismatches; summary pages hold parent + child lines)"
nasa_fy2025_budget_request_congressional_justification,5,National Aeronautics and Space Administration / FY 2025 PRESIDENT'S BUDGET REQUEST SUMMARY,Astrophysics Research,284.8,--,300.5,378.7,390.5,390.3,377.1,PDF p5 Budget Authority table,"R70 full-extraction pass, read from the hosted PDF 2026-09-27; FY2023 op plan/actual, FY2024 CR/enacted as labelled on each page; FY2026-29 notional; ""Total Budget"" rows checked against the lines above (0 mismatches; summary pages hold parent + child lines)"
nasa_fy2025_budget_request_congressional_justification,5,National Aeronautics and Space Administration / FY 2025 PRESIDENT'S BUDGET REQUEST SUMMARY,Astrophysics Research and Analysis,112.2,--,118.8,127.2,134.2,138.2,132.3,PDF p5 Budget Authority table,"R70 full-extraction pass, read from the hosted PDF 2026-09-27; FY2023 op plan/actual, FY2024 CR/enacted as labelled on each page; FY2026-29 notional; ""Total Budget"" rows checked against the lines above (0 mismatches; summary pages hold parent + child lines)"
nasa_fy2025_budget_request_congressional_justification,5,National Aeronautics and Space Administration / FY 2025 PRESIDENT'S BUDGET REQUEST SUMMARY,Balloon Project,52.6,--,56.1,61.0,63.0,59.0,58.2,PDF p5 Budget Authority table,"R70 full-extraction pass, read from the hosted PDF 2026-09-27; FY2023 op plan/actual, FY2024 CR/enacted as labelled on each page; FY2026-29 notional; ""Total Budget"" rows checked against the lines above (0 mismatches; summary pages hold parent + child lines)"
nasa_fy2025_budget_request_congressional_justification,5,National Aeronautics and Space Administration / FY 2025 PRESIDENT'S BUDGET REQUEST SUMMARY,Science Activation,52.0,--,52.0,52.0,52.0,52.0,52.0,PDF p5 Budget Authority table,"R70 full-extraction pass, read from the hosted PDF 2026-09-27; FY2023 op plan/actual, FY2024 CR/enacted as labelled on each page; FY2026-29 notional; ""Total Budget"" rows checked against the lines above (0 mismatches; summary pages hold parent + child lines)"
nasa_fy2025_budget_request_congressional_justification,5,National Aeronautics and Space Administration / FY 2025 PRESIDENT'S BUDGET REQUEST SUMMARY,Other Missions and Data Analysis,68.0,--,73.6,138.5,141.3,141.1,134.6,PDF p5 Budget Authority table,"R70 full-extraction pass, read from the hosted PDF 2026-09-27; FY2023 op plan/actual, FY2024 CR/enacted as labelled on each page; FY2026-29 notional; ""Total Budget"" rows checked against the lines above (0 mismatches; summary pages hold parent + child lines)"
nasa_fy2025_budget_request_congressional_justification,5,National Aeronautics and Space Administration / FY 2025 PRESIDENT'S BUDGET REQUEST SUMMARY,Cosmic Origins,314.8,--,319.0,312.8,307.7,300.4,282.1,PDF p5 Budget Authority table,"R70 full-extraction pass, read from the hosted PDF 2026-09-27; FY2023 op plan/actual, FY2024 CR/enacted as labelled on each page; FY2026-29 notional; ""Total Budget"" rows checked against the lines above (0 mismatches; summary pages hold parent + child lines)"
nasa_fy2025_budget_request_congressional_justification,5,National Aeronautics and Space Administration / FY 2025 PRESIDENT'S BUDGET REQUEST SUMMARY,Hubble Space Telescope (HST),93.3,--,88.9,87.5,87.8,83.0,64.7,PDF p5 Budget Authority table,"R70 full-extraction pass, read from the hosted PDF 2026-09-27; FY2023 op plan/actual, FY2024 CR/enacted as labelled on each page; FY2026-29 notional; ""Total Budget"" rows checked against the lines above (0 mismatches; summary pages hold parent + child lines)"
nasa_fy2025_budget_request_congressional_justification,5,National Aeronautics and Space Administration / FY 2025 PRESIDENT'S BUDGET REQUEST SUMMARY,James Webb Space Telescope,162.5,--,187.0,187.0,187.0,187.0,187.0,PDF p5 Budget Authority table,"R70 full-extraction pass, read from the hosted PDF 2026-09-27; FY2023 op plan/actual, FY2024 CR/enacted as labelled on each page; FY2026-29 notional; ""Total Budget"" rows checked against the lines above (0 mismatches; summary pages hold parent + child lines)"
nasa_fy2025_budget_request_congressional_justification,5,National Aeronautics and Space Administration / FY 2025 PRESIDENT'S BUDGET REQUEST SUMMARY,Other Missions and Data Analysis,59.0,--,43.1,38.2,33.0,30.4,30.4,PDF p5 Budget Authority table,"R70 full-extraction pass, read from the hosted PDF 2026-09-27; FY2023 op plan/actual, FY2024 CR/enacted as labelled on each page; FY2026-29 notional; ""Total Budget"" rows checked against the lines above (0 mismatches; summary pages hold parent + child lines)"
nasa_fy2025_budget_request_congressional_justification,5,National Aeronautics and Space Administration / FY 2025 PRESIDENT'S BUDGET REQUEST SUMMARY,Physics of the Cosmos,180.7,--,210.8,184.3,168.6,176.1,133.7,PDF p5 Budget Authority table,"R70 full-extraction pass, read from the hosted PDF 2026-09-27; FY2023 op plan/actual, FY2024 CR/enacted as labelled on each page; FY2026-29 notional; ""Total Budget"" rows checked against the lines above (0 mismatches; summary pages hold parent + child lines)"
nasa_fy2025_budget_request_congressional_justification,5,National Aeronautics and Space Administration / FY 2025 PRESIDENT'S BUDGET REQUEST SUMMARY,Other Missions and Data Analysis,180.7,--,210.8,184.3,168.6,176.1,133.7,PDF p5 Budget Authority table,"R70 full-extraction pass, read from the hosted PDF 2026-09-27; FY2023 op plan/actual, FY2024 CR/enacted as labelled on each page; FY2026-29 notional; ""Total Budget"" rows checked against the lines above (0 mismatches; summary pages hold parent + child lines)"
nasa_fy2025_budget_request_congressional_justification,5,National Aeronautics and Space Administration / FY 2025 PRESIDENT'S BUDGET REQUEST SUMMARY,Exoplanet Exploration,502.9,--,478.5,459.0,366.1,323.8,339.9,PDF p5 Budget Authority table,"R70 full-extraction pass, read from the hosted PDF 2026-09-27; FY2023 op plan/actual, FY2024 CR/enacted as labelled on each page; FY2026-29 notional; ""Total Budget"" rows checked against the lines above (0 mismatches; summary pages hold parent + child lines)"
nasa_fy2025_budget_request_congressional_justification,5,National Aeronautics and Space Administration / FY 2025 PRESIDENT'S BUDGET REQUEST SUMMARY,Nancy Grace Roman Space Telescope,447.3,407.3,384.0,376.5,216.6,100.5,75.1,PDF p5 Budget Authority table,"R70 full-extraction pass, read from the hosted PDF 2026-09-27; FY2023 op plan/actual, FY2024 CR/enacted as labelled on each page; FY2026-29 notional; ""Total Budget"" rows checked against the lines above (0 mismatches; summary pages hold parent + child lines)"
nasa_fy2025_budget_request_congressional_justification,5,National Aeronautics and Space Administration / FY 2025 PRESIDENT'S BUDGET REQUEST SUMMARY,Other Missions and Data Analysis,55.6,--,94.5,82.5,149.5,223.4,264.8,PDF p5 Budget Authority table,"R70 full-extraction pass, read from the hosted PDF 2026-09-27; FY2023 op plan/actual, FY2024 CR/enacted as labelled on each page; FY2026-29 notional; ""Total Budget"" rows checked against the lines above (0 mismatches; summary pages hold parent + child lines)"
nasa_fy2025_budget_request_congressional_justification,5,National Aeronautics and Space Administration / FY 2025 PRESIDENT'S BUDGET REQUEST SUMMARY,Astrophysics Explorer,226.8,--,269.3,252.2,380.6,456.4,540.6,PDF p5 Budget Authority table,"R70 full-extraction pass, read from the hosted PDF 2026-09-27; FY2023 op plan/actual, FY2024 CR/enacted as labelled on each page; FY2026-29 notional; ""Total Budget"" rows checked against the lines above (0 mismatches; summary pages hold parent + child lines)"
nasa_fy2025_budget_request_congressional_justification,5,National Aeronautics and Space Administration / FY 2025 PRESIDENT'S BUDGET REQUEST SUMMARY,SPHEREx,81.6,65.4,38.7,6.0,1.6,0.5,--,PDF p5 Budget Authority table,"R70 full-extraction pass, read from the hosted PDF 2026-09-27; FY2023 op plan/actual, FY2024 CR/enacted as labelled on each page; FY2026-29 notional; ""Total Budget"" rows checked against the lines above (0 mismatches; summary pages hold parent + child lines)"
nasa_fy2025_budget_request_congressional_justification,5,National Aeronautics and Space Administration / FY 2025 PRESIDENT'S BUDGET REQUEST SUMMARY,Compton Spectrometer and Imager (COSI),36.5,--,64.4,68.2,46.9,6.5,3.1,PDF p5 Budget Authority table,"R70 full-extraction pass, read from the hosted PDF 2026-09-27; FY2023 op plan/actual, FY2024 CR/enacted as labelled on each page; FY2026-29 notional; ""Total Budget"" rows checked against the lines above (0 mismatches; summary pages hold parent + child lines)"
nasa_fy2025_budget_request_congressional_justification,5,National Aeronautics and Space Administration / FY 2025 PRESIDENT'S BUDGET REQUEST SUMMARY,Other Missions and Data Analysis,108.7,--,166.3,178.0,332.1,449.4,537.5,PDF p5 Budget Authority table,"R70 full-extraction pass, read from the hosted PDF 2026-09-27; FY2023 op plan/actual, FY2024 CR/enacted as labelled on each page; FY2026-29 notional; ""Total Budget"" rows checked against the lines above (0 mismatches; summary pages hold parent + child lines)"
nasa_fy2025_budget_request_congressional_justification,5,National Aeronautics and Space Administration / FY 2025 PRESIDENT'S BUDGET REQUEST SUMMARY,Heliophysics,805.0,--,786.7,791.9,807.0,820.3,833.4,PDF p5 Budget Authority table,"R70 full-extraction pass, read from the hosted PDF 2026-09-27; FY2023 op plan/actual, FY2024 CR/enacted as labelled on each page; FY2026-29 notional; ""Total Budget"" rows checked against the lines above (0 mismatches; summary pages hold parent + child lines)"
nasa_fy2025_budget_request_congressional_justification,5,National Aeronautics and Space Administration / FY 2025 PRESIDENT'S BUDGET REQUEST SUMMARY,Heliophysics Research,238.2,--,252.3,247.7,255.8,257.8,258.5,PDF p5 Budget Authority table,"R70 full-extraction pass, read from the hosted PDF 2026-09-27; FY2023 op plan/actual, FY2024 CR/enacted as labelled on each page; FY2026-29 notional; ""Total Budget"" rows checked against the lines above (0 mismatches; summary pages hold parent + child lines)"
nasa_fy2025_budget_request_congressional_justification,6,National Aeronautics and Space Administration / FY 2025 PRESIDENT'S BUDGET REQUEST SUMMARY,Heliophysics Research and Analysis,62.3,--,65.0,64.7,65.0,63.5,64.8,PDF p6 Budget Authority table,"R70 full-extraction pass, read from the hosted PDF 2026-09-27; FY2023 op plan/actual, FY2024 CR/enacted as labelled on each page; FY2026-29 notional; ""Total Budget"" rows checked against the lines above (0 mismatches; summary pages hold parent + child lines)"
nasa_fy2025_budget_request_congressional_justification,6,National Aeronautics and Space Administration / FY 2025 PRESIDENT'S BUDGET REQUEST SUMMARY,Sounding Rockets,60.4,--,75.3,69.2,74.2,69.5,69.2,PDF p6 Budget Authority table,"R70 full-extraction pass, read from the hosted PDF 2026-09-27; FY2023 op plan/actual, FY2024 CR/enacted as labelled on each page; FY2026-29 notional; ""Total Budget"" rows checked against the lines above (0 mismatches; summary pages hold parent + child lines)"
nasa_fy2025_budget_request_congressional_justification,6,National Aeronautics and Space Administration / FY 2025 PRESIDENT'S BUDGET REQUEST SUMMARY,Research Range,32.8,--,24.5,27.3,27.3,33.1,27.8,PDF p6 Budget Authority table,"R70 full-extraction pass, read from the hosted PDF 2026-09-27; FY2023 op plan/actual, FY2024 CR/enacted as labelled on each page; FY2026-29 notional; ""Total Budget"" rows checked against the lines above (0 mismatches; summary pages hold parent + child lines)"
nasa_fy2025_budget_request_congressional_justification,6,National Aeronautics and Space Administration / FY 2025 PRESIDENT'S BUDGET REQUEST SUMMARY,Other Missions and Data Analysis,82.8,--,87.5,86.5,89.4,91.8,96.7,PDF p6 Budget Authority table,"R70 full-extraction pass, read from the hosted PDF 2026-09-27; FY2023 op plan/actual, FY2024 CR/enacted as labelled on each page; FY2026-29 notional; ""Total Budget"" rows checked against the lines above (0 mismatches; summary pages hold parent + child lines)"
nasa_fy2025_budget_request_congressional_justification,6,National Aeronautics and Space Administration / FY 2025 PRESIDENT'S BUDGET REQUEST SUMMARY,Living with a Star,155.2,--,107.7,100.1,112.1,106.3,101.4,PDF p6 Budget Authority table,"R70 full-extraction pass, read from the hosted PDF 2026-09-27; FY2023 op plan/actual, FY2024 CR/enacted as labelled on each page; FY2026-29 notional; ""Total Budget"" rows checked against the lines above (0 mismatches; summary pages hold parent + child lines)"
nasa_fy2025_budget_request_congressional_justification,6,National Aeronautics and Space Administration / FY 2025 PRESIDENT'S BUDGET REQUEST SUMMARY,Other Missions and Data Analysis,155.2,--,107.7,100.1,112.1,106.3,101.4,PDF p6 Budget Authority table,"R70 full-extraction pass, read from the hosted PDF 2026-09-27; FY2023 op plan/actual, FY2024 CR/enacted as labelled on each page; FY2026-29 notional; ""Total Budget"" rows checked against the lines above (0 mismatches; summary pages hold parent + child lines)"
nasa_fy2025_budget_request_congressional_justification,6,National Aeronautics and Space Administration / FY 2025 PRESIDENT'S BUDGET REQUEST SUMMARY,Solar Terrestrial Probes,198.0,--,133.2,82.9,64.9,56.1,38.1,PDF p6 Budget Authority table,"R70 full-extraction pass, read from the hosted PDF 2026-09-27; FY2023 op plan/actual, FY2024 CR/enacted as labelled on each page; FY2026-29 notional; ""Total Budget"" rows checked against the lines above (0 mismatches; summary pages hold parent + child lines)"
nasa_fy2025_budget_request_congressional_justification,6,National Aeronautics and Space Administration / FY 2025 PRESIDENT'S BUDGET REQUEST SUMMARY,Interstellar Mapping and Acceleration Probe (IMAP),123.3,137.4,63.9,39.5,23.9,15.3,--,PDF p6 Budget Authority table,"R70 full-extraction pass, read from the hosted PDF 2026-09-27; FY2023 op plan/actual, FY2024 CR/enacted as labelled on each page; FY2026-29 notional; ""Total Budget"" rows checked against the lines above (0 mismatches; summary pages hold parent + child lines)"
nasa_fy2025_budget_request_congressional_justification,6,National Aeronautics and Space Administration / FY 2025 PRESIDENT'S BUDGET REQUEST SUMMARY,Other Missions and Data Analysis,74.7,--,69.3,43.4,41.1,40.8,38.1,PDF p6 Budget Authority table,"R70 full-extraction pass, read from the hosted PDF 2026-09-27; FY2023 op plan/actual, FY2024 CR/enacted as labelled on each page; FY2026-29 notional; ""Total Budget"" rows checked against the lines above (0 mismatches; summary pages hold parent + child lines)"
nasa_fy2025_budget_request_congressional_justification,6,National Aeronautics and Space Administration / FY 2025 PRESIDENT'S BUDGET REQUEST SUMMARY,Heliophysics Explorer Program,167.9,--,236.7,309.4,325.4,355.4,385.4,PDF p6 Budget Authority table,"R70 full-extraction pass, read from the hosted PDF 2026-09-27; FY2023 op plan/actual, FY2024 CR/enacted as labelled on each page; FY2026-29 notional; ""Total Budget"" rows checked against the lines above (0 mismatches; summary pages hold parent + child lines)"
nasa_fy2025_budget_request_congressional_justification,6,National Aeronautics and Space Administration / FY 2025 PRESIDENT'S BUDGET REQUEST SUMMARY,HelioSwarm,10.9,--,39.3,126.8,138.2,109.0,86.0,PDF p6 Budget Authority table,"R70 full-extraction pass, read from the hosted PDF 2026-09-27; FY2023 op plan/actual, FY2024 CR/enacted as labelled on each page; FY2026-29 notional; ""Total Budget"" rows checked against the lines above (0 mismatches; summary pages hold parent + child lines)"
nasa_fy2025_budget_request_congressional_justification,6,National Aeronautics and Space Administration / FY 2025 PRESIDENT'S BUDGET REQUEST SUMMARY,Multi-Slit Solar Explorer,39.5,--,77.9,70.5,41.0,14.8,11.1,PDF p6 Budget Authority table,"R70 full-extraction pass, read from the hosted PDF 2026-09-27; FY2023 op plan/actual, FY2024 CR/enacted as labelled on each page; FY2026-29 notional; ""Total Budget"" rows checked against the lines above (0 mismatches; summary pages hold parent + child lines)"
nasa_fy2025_budget_request_congressional_justification,6,National Aeronautics and Space Administration / FY 2025 PRESIDENT'S BUDGET REQUEST SUMMARY,Other Missions and Data Analysis,117.5,--,119.5,112.0,146.2,231.6,288.4,PDF p6 Budget Authority table,"R70 full-extraction pass, read from the hosted PDF 2026-09-27; FY2023 op plan/actual, FY2024 CR/enacted as labelled on each page; FY2026-29 notional; ""Total Budget"" rows checked against the lines above (0 mismatches; summary pages hold parent + child lines)"
nasa_fy2025_budget_request_congressional_justification,6,National Aeronautics and Space Administration / FY 2025 PRESIDENT'S BUDGET REQUEST SUMMARY,Space Weather,25.8,--,47.5,42.6,40.0,35.9,34.2,PDF p6 Budget Authority table,"R70 full-extraction pass, read from the hosted PDF 2026-09-27; FY2023 op plan/actual, FY2024 CR/enacted as labelled on each page; FY2026-29 notional; ""Total Budget"" rows checked against the lines above (0 mismatches; summary pages hold parent + child lines)"
nasa_fy2025_budget_request_congressional_justification,6,National Aeronautics and Space Administration / FY 2025 PRESIDENT'S BUDGET REQUEST SUMMARY,Heliophysics Technology,19.9,--,9.3,9.2,8.8,8.8,15.8,PDF p6 Budget Authority table,"R70 full-extraction pass, read from the hosted PDF 2026-09-27; FY2023 op plan/actual, FY2024 CR/enacted as labelled on each page; FY2026-29 notional; ""Total Budget"" rows checked against the lines above (0 mismatches; summary pages hold parent + child lines)"
nasa_fy2025_budget_request_congressional_justification,6,National Aeronautics and Space Administration / FY 2025 PRESIDENT'S BUDGET REQUEST SUMMARY,Biological and Physical Sciences,85.0,--,90.8,91.3,93.0,94.8,96.6,PDF p6 Budget Authority table,"R70 full-extraction pass, read from the hosted PDF 2026-09-27; FY2023 op plan/actual, FY2024 CR/enacted as labelled on each page; FY2026-29 notional; ""Total Budget"" rows checked against the lines above (0 mismatches; summary pages hold parent + child lines)"
nasa_fy2025_budget_request_congressional_justification,6,National Aeronautics and Space Administration / FY 2025 PRESIDENT'S BUDGET REQUEST SUMMARY,Aeronautics,935.0,935.0,965.8,985.1,1004.8,1024.9,1045.4,PDF p6 Budget Authority table,"R70 full-extraction pass, read from the hosted PDF 2026-09-27; FY2023 op plan/actual, FY2024 CR/enacted as labelled on each page; FY2026-29 notional; ""Total Budget"" rows checked against the lines above (0 mismatches; summary pages hold parent + child lines)"
nasa_fy2025_budget_request_congressional_justification,6,National Aeronautics and Space Administration / FY 2025 PRESIDENT'S BUDGET REQUEST SUMMARY,Aeronautics,935.0,--,965.8,985.1,1004.8,1024.9,1045.4,PDF p6 Budget Authority table,"R70 full-extraction pass, read from the hosted PDF 2026-09-27; FY2023 op plan/actual, FY2024 CR/enacted as labelled on each page; FY2026-29 notional; ""Total Budget"" rows checked against the lines above (0 mismatches; summary pages hold parent + child lines)"
nasa_fy2025_budget_request_congressional_justification,6,National Aeronautics and Space Administration / FY 2025 PRESIDENT'S BUDGET REQUEST SUMMARY,Airspace Operations and Safety Program,151.6,--,151.2,164.3,174.1,177.7,180.9,PDF p6 Budget Authority table,"R70 full-extraction pass, read from the hosted PDF 2026-09-27; FY2023 op plan/actual, FY2024 CR/enacted as labelled on each page; FY2026-29 notional; ""Total Budget"" rows checked against the lines above (0 mismatches; summary pages hold parent + child lines)"
nasa_fy2025_budget_request_congressional_justification,6,National Aeronautics and Space Administration / FY 2025 PRESIDENT'S BUDGET REQUEST SUMMARY,Advanced Air Vehicles Program,258.0,--,278.8,269.6,262.4,248.8,218.7,PDF p6 Budget Authority table,"R70 full-extraction pass, read from the hosted PDF 2026-09-27; FY2023 op plan/actual, FY2024 CR/enacted as labelled on each page; FY2026-29 notional; ""Total Budget"" rows checked against the lines above (0 mismatches; summary pages hold parent + child lines)"
nasa_fy2025_budget_request_congressional_justification,6,National Aeronautics and Space Administration / FY 2025 PRESIDENT'S BUDGET REQUEST SUMMARY,Integrated Aviation Systems Program,261.1,--,264.4,277.0,277.6,300.9,342.0,PDF p6 Budget Authority table,"R70 full-extraction pass, read from the hosted PDF 2026-09-27; FY2023 op plan/actual, FY2024 CR/enacted as labelled on each page; FY2026-29 notional; ""Total Budget"" rows checked against the lines above (0 mismatches; summary pages hold parent + child lines)"
nasa_fy2025_budget_request_congressional_justification,6,National Aeronautics and Space Administration / FY 2025 PRESIDENT'S BUDGET REQUEST SUMMARY,Low Boom Flight Demonstrator,51.3,42.6,70.9,44.5,5.7,--,--,PDF p6 Budget Authority table,"R70 full-extraction pass, read from the hosted PDF 2026-09-27; FY2023 op plan/actual, FY2024 CR/enacted as labelled on each page; FY2026-29 notional; ""Total Budget"" rows checked against the lines above (0 mismatches; summary pages hold parent + child lines)"
nasa_fy2025_budget_request_congressional_justification,6,National Aeronautics and Space Administration / FY 2025 PRESIDENT'S BUDGET REQUEST SUMMARY,Electrified Powertrain Flight Demonstration,91.6,--,61.6,65.0,75.5,50.0,--,PDF p6 Budget Authority table,"R70 full-extraction pass, read from the hosted PDF 2026-09-27; FY2023 op plan/actual, FY2024 CR/enacted as labelled on each page; FY2026-29 notional; ""Total Budget"" rows checked against the lines above (0 mismatches; summary pages hold parent + child lines)"
nasa_fy2025_budget_request_congressional_justification,6,National Aeronautics and Space Administration / FY 2025 PRESIDENT'S BUDGET REQUEST SUMMARY,Other Projects,118.2,--,131.9,167.6,196.4,250.9,342.0,PDF p6 Budget Authority table,"R70 full-extraction pass, read from the hosted PDF 2026-09-27; FY2023 op plan/actual, FY2024 CR/enacted as labelled on each page; FY2026-29 notional; ""Total Budget"" rows checked against the lines above (0 mismatches; summary pages hold parent + child lines)"
nasa_fy2025_budget_request_congressional_justification,6,National Aeronautics and Space Administration / FY 2025 PRESIDENT'S BUDGET REQUEST SUMMARY,Transformative Aeronautics Concepts Program,147.1,--,155.3,157.6,171.1,175.2,179.0,PDF p6 Budget Authority table,"R70 full-extraction pass, read from the hosted PDF 2026-09-27; FY2023 op plan/actual, FY2024 CR/enacted as labelled on each page; FY2026-29 notional; ""Total Budget"" rows checked against the lines above (0 mismatches; summary pages hold parent + child lines)"
nasa_fy2025_budget_request_congressional_justification,6,National Aeronautics and Space Administration / FY 2025 PRESIDENT'S BUDGET REQUEST SUMMARY,Aerosciences Evaluation and Test Capabilities,117.3,--,116.2,116.5,119.5,122.3,124.7,PDF p6 Budget Authority table,"R70 full-extraction pass, read from the hosted PDF 2026-09-27; FY2023 op plan/actual, FY2024 CR/enacted as labelled on each page; FY2026-29 notional; ""Total Budget"" rows checked against the lines above (0 mismatches; summary pages hold parent + child lines)"
nasa_fy2025_budget_request_congressional_justification,6,National Aeronautics and Space Administration / FY 2025 PRESIDENT'S BUDGET REQUEST SUMMARY,STEM Engagement,143.5,143.5,143.5,146.4,149.3,152.3,155.3,PDF p6 Budget Authority table,"R70 full-extraction pass, read from the hosted PDF 2026-09-27; FY2023 op plan/actual, FY2024 CR/enacted as labelled on each page; FY2026-29 notional; ""Total Budget"" rows checked against the lines above (0 mismatches; summary pages hold parent + child lines)"
nasa_fy2025_budget_request_congressional_justification,6,National Aeronautics and Space Administration / FY 2025 PRESIDENT'S BUDGET REQUEST SUMMARY,"Safety, Security, and Mission Services",3136.5,3129.5,3044.4,3105.3,3167.4,3230.7,3295.3,PDF p6 Budget Authority table,"R70 full-extraction pass, read from the hosted PDF 2026-09-27; FY2023 op plan/actual, FY2024 CR/enacted as labelled on each page; FY2026-29 notional; ""Total Budget"" rows checked against the lines above (0 mismatches; summary pages hold parent + child lines)"
nasa_fy2025_budget_request_congressional_justification,6,National Aeronautics and Space Administration / FY 2025 PRESIDENT'S BUDGET REQUEST SUMMARY,Mission Services & Capabilities,2067.4,--,2058.1,2099.2,2141.3,2184.1,2227.6,PDF p6 Budget Authority table,"R70 full-extraction pass, read from the hosted PDF 2026-09-27; FY2023 op plan/actual, FY2024 CR/enacted as labelled on each page; FY2026-29 notional; ""Total Budget"" rows checked against the lines above (0 mismatches; summary pages hold parent + child lines)"
nasa_fy2025_budget_request_congressional_justification,6,National Aeronautics and Space Administration / FY 2025 PRESIDENT'S BUDGET REQUEST SUMMARY,Information Technology (IT),628.6,--,628.6,641.1,654.0,667.1,680.4,PDF p6 Budget Authority table,"R70 full-extraction pass, read from the hosted PDF 2026-09-27; FY2023 op plan/actual, FY2024 CR/enacted as labelled on each page; FY2026-29 notional; ""Total Budget"" rows checked against the lines above (0 mismatches; summary pages hold parent + child lines)"
nasa_fy2025_budget_request_congressional_justification,6,National Aeronautics and Space Administration / FY 2025 PRESIDENT'S BUDGET REQUEST SUMMARY,Mission Enabling Services,754.3,--,732.7,747.4,762.3,777.5,793.0,PDF p6 Budget Authority table,"R70 full-extraction pass, read from the hosted PDF 2026-09-27; FY2023 op plan/actual, FY2024 CR/enacted as labelled on each page; FY2026-29 notional; ""Total Budget"" rows checked against the lines above (0 mismatches; summary pages hold parent + child lines)"
nasa_fy2025_budget_request_congressional_justification,6,National Aeronautics and Space Administration / FY 2025 PRESIDENT'S BUDGET REQUEST SUMMARY,Infrastructure & Technical Capabilities,684.5,--,696.8,710.7,725.0,739.5,754.2,PDF p6 Budget Authority table,"R70 full-extraction pass, read from the hosted PDF 2026-09-27; FY2023 op plan/actual, FY2024 CR/enacted as labelled on each page; FY2026-29 notional; ""Total Budget"" rows checked against the lines above (0 mismatches; summary pages hold parent + child lines)"
nasa_fy2025_budget_request_congressional_justification,6,National Aeronautics and Space Administration / FY 2025 PRESIDENT'S BUDGET REQUEST SUMMARY,"Engineering, Safety, & Operations",1069.1,--,986.3,1006.1,1026.1,1046.6,1067.7,PDF p6 Budget Authority table,"R70 full-extraction pass, read from the hosted PDF 2026-09-27; FY2023 op plan/actual, FY2024 CR/enacted as labelled on each page; FY2026-29 notional; ""Total Budget"" rows checked against the lines above (0 mismatches; summary pages hold parent + child lines)"
nasa_fy2025_budget_request_congressional_justification,6,National Aeronautics and Space Administration / FY 2025 PRESIDENT'S BUDGET REQUEST SUMMARY,Agency Technical Authority,190.1,--,180.3,183.9,187.6,191.3,195.2,PDF p6 Budget Authority table,"R70 full-extraction pass, read from the hosted PDF 2026-09-27; FY2023 op plan/actual, FY2024 CR/enacted as labelled on each page; FY2026-29 notional; ""Total Budget"" rows checked against the lines above (0 mismatches; summary pages hold parent + child lines)"
nasa_fy2025_budget_request_congressional_justification,6,National Aeronautics and Space Administration / FY 2025 PRESIDENT'S BUDGET REQUEST SUMMARY,"Center Engineering, Safety, & Operations",879.0,--,806.0,822.2,838.5,855.3,872.5,PDF p6 Budget Authority table,"R70 full-extraction pass, read from the hosted PDF 2026-09-27; FY2023 op plan/actual, FY2024 CR/enacted as labelled on each page; FY2026-29 notional; ""Total Budget"" rows checked against the lines above (0 mismatches; summary pages hold parent + child lines)"
nasa_fy2025_budget_request_congressional_justification,7,National Aeronautics and Space Administration / FY 2025 PRESIDENT'S BUDGET REQUEST SUMMARY,Construction and Environmental Compliance and Restoration,422.4,414.3,424.1,379.3,386.9,394.6,402.5,PDF p7 Budget Authority table,"R70 full-extraction pass, read from the hosted PDF 2026-09-27; FY2023 op plan/actual, FY2024 CR/enacted as labelled on each page; FY2026-29 notional; ""Total Budget"" rows checked against the lines above (0 mismatches; summary pages hold parent + child lines)"
nasa_fy2025_budget_request_congressional_justification,7,National Aeronautics and Space Administration / FY 2025 PRESIDENT'S BUDGET REQUEST SUMMARY,Construction of Facilities,346.2,--,344.7,298.3,304.3,310.4,316.6,PDF p7 Budget Authority table,"R70 full-extraction pass, read from the hosted PDF 2026-09-27; FY2023 op plan/actual, FY2024 CR/enacted as labelled on each page; FY2026-29 notional; ""Total Budget"" rows checked against the lines above (0 mismatches; summary pages hold parent + child lines)"
nasa_fy2025_budget_request_congressional_justification,7,National Aeronautics and Space Administration / FY 2025 PRESIDENT'S BUDGET REQUEST SUMMARY,Institutional CoF,230.6,--,292.5,298.3,304.3,310.4,316.6,PDF p7 Budget Authority table,"R70 full-extraction pass, read from the hosted PDF 2026-09-27; FY2023 op plan/actual, FY2024 CR/enacted as labelled on each page; FY2026-29 notional; ""Total Budget"" rows checked against the lines above (0 mismatches; summary pages hold parent + child lines)"
nasa_fy2025_budget_request_congressional_justification,7,National Aeronautics and Space Administration / FY 2025 PRESIDENT'S BUDGET REQUEST SUMMARY,Exploration CoF,94.3,--,32.5,--,--,--,--,PDF p7 Budget Authority table,"R70 full-extraction pass, read from the hosted PDF 2026-09-27; FY2023 op plan/actual, FY2024 CR/enacted as labelled on each page; FY2026-29 notional; ""Total Budget"" rows checked against the lines above (0 mismatches; summary pages hold parent + child lines)"
nasa_fy2025_budget_request_congressional_justification,7,National Aeronautics and Space Administration / FY 2025 PRESIDENT'S BUDGET REQUEST SUMMARY,Space Operations CoF,17.8,--,19.7,--,--,--,--,PDF p7 Budget Authority table,"R70 full-extraction pass, read from the hosted PDF 2026-09-27; FY2023 op plan/actual, FY2024 CR/enacted as labelled on each page; FY2026-29 notional; ""Total Budget"" rows checked against the lines above (0 mismatches; summary pages hold parent + child lines)"
nasa_fy2025_budget_request_congressional_justification,7,National Aeronautics and Space Administration / FY 2025 PRESIDENT'S BUDGET REQUEST SUMMARY,Science CoF,3.6,--,--,--,--,--,--,PDF p7 Budget Authority table,"R70 full-extraction pass, read from the hosted PDF 2026-09-27; FY2023 op plan/actual, FY2024 CR/enacted as labelled on each page; FY2026-29 notional; ""Total Budget"" rows checked against the lines above (0 mismatches; summary pages hold parent + child lines)"
nasa_fy2025_budget_request_congressional_justification,7,National Aeronautics and Space Administration / FY 2025 PRESIDENT'S BUDGET REQUEST SUMMARY,Environmental Compliance and Restoration,76.2,--,79.4,81.0,82.6,84.2,85.9,PDF p7 Budget Authority table,"R70 full-extraction pass, read from the hosted PDF 2026-09-27; FY2023 op plan/actual, FY2024 CR/enacted as labelled on each page; FY2026-29 notional; ""Total Budget"" rows checked against the lines above (0 mismatches; summary pages hold parent + child lines)"
nasa_fy2025_budget_request_congressional_justification,7,National Aeronautics and Space Administration / FY 2025 PRESIDENT'S BUDGET REQUEST SUMMARY,Inspector General,47.6,47.6,50.5,51.5,52.5,53.6,54.7,PDF p7 Budget Authority table,"R70 full-extraction pass, read from the hosted PDF 2026-09-27; FY2023 op plan/actual, FY2024 CR/enacted as labelled on each page; FY2026-29 notional; ""Total Budget"" rows checked against the lines above (0 mismatches; summary pages hold parent + child lines)"
nasa_fy2025_budget_request_congressional_justification,7,National Aeronautics and Space Administration / FY 2025 PRESIDENT'S BUDGET REQUEST SUMMARY,NASA Total,25383.7,25383.7,25383.7,25891.3,26409.1,26937.3,27476.1,PDF p7 Budget Authority table,"R70 full-extraction pass, read from the hosted PDF 2026-09-27; FY2023 op plan/actual, FY2024 CR/enacted as labelled on each page; FY2026-29 notional; ""Total Budget"" rows checked against the lines above (0 mismatches; summary pages hold parent + child lines)"
nasa_fy2025_budget_request_congressional_justification,30,DEEP SPACE EXPLORATION SYSTEMS / DEXP-1,Moon to Mars Transportation System,4716.6,--,4213.0,4254.0,4267.3,3880.9,3713.6,PDF p30 Budget Authority table,"R70 full-extraction pass, read from the hosted PDF 2026-09-27; FY2023 op plan/actual, FY2024 CR/enacted as labelled on each page; FY2026-29 notional; ""Total Budget"" rows checked against the lines above (0 mismatches; summary pages hold parent + child lines)"
nasa_fy2025_budget_request_congressional_justification,30,DEEP SPACE EXPLORATION SYSTEMS / DEXP-1,Moon to Mars Lunar Systems Development,2630.5,--,3288.1,3285.7,3389.5,3868.8,3712.3,PDF p30 Budget Authority table,"R70 full-extraction pass, read from the hosted PDF 2026-09-27; FY2023 op plan/actual, FY2024 CR/enacted as labelled on each page; FY2026-29 notional; ""Total Budget"" rows checked against the lines above (0 mismatches; summary pages hold parent + child lines)"
nasa_fy2025_budget_request_congressional_justification,30,DEEP SPACE EXPLORATION SYSTEMS / DEXP-1,Human Exploration Requirements & Architecture,100.5,--,117.1,264.1,303.0,369.3,855.5,PDF p30 Budget Authority table,"R70 full-extraction pass, read from the hosted PDF 2026-09-27; FY2023 op plan/actual, FY2024 CR/enacted as labelled on each page; FY2026-29 notional; ""Total Budget"" rows checked against the lines above (0 mismatches; summary pages hold parent + child lines)"
nasa_fy2025_budget_request_congressional_justification,30,DEEP SPACE EXPLORATION SYSTEMS / DEXP-1,Total Budget,7447.6,7468.9,7618.2,7803.7,7959.8,8119.0,8281.4,PDF p30 Budget Authority table,"R70 full-extraction pass, read from the hosted PDF 2026-09-27; FY2023 op plan/actual, FY2024 CR/enacted as labelled on each page; FY2026-29 notional; ""Total Budget"" rows checked against the lines above (0 mismatches; summary pages hold parent + child lines)"
nasa_fy2025_budget_request_congressional_justification,31,DEEP SPACE EXPLORATION SYSTEMS / DEXP-2,Moon to Mars Transportation System,4716.6,--,4213.0,4254.0,4267.3,3880.9,3713.6,PDF p31 Budget Authority table,"R70 full-extraction pass, read from the hosted PDF 2026-09-27; FY2023 op plan/actual, FY2024 CR/enacted as labelled on each page; FY2026-29 notional; ""Total Budget"" rows checked against the lines above (0 mismatches; summary pages hold parent + child lines)"
nasa_fy2025_budget_request_congressional_justification,31,DEEP SPACE EXPLORATION SYSTEMS / DEXP-2,Moon to Mars Lunar Systems Development,2630.5,--,3288.1,3285.7,3389.5,3868.8,3712.3,PDF p31 Budget Authority table,"R70 full-extraction pass, read from the hosted PDF 2026-09-27; FY2023 op plan/actual, FY2024 CR/enacted as labelled on each page; FY2026-29 notional; ""Total Budget"" rows checked against the lines above (0 mismatches; summary pages hold parent + child lines)"
nasa_fy2025_budget_request_congressional_justification,31,DEEP SPACE EXPLORATION SYSTEMS / DEXP-2,Human Exploration Requirements & Architecture,100.5,--,117.1,264.1,303.0,369.3,855.5,PDF p31 Budget Authority table,"R70 full-extraction pass, read from the hosted PDF 2026-09-27; FY2023 op plan/actual, FY2024 CR/enacted as labelled on each page; FY2026-29 notional; ""Total Budget"" rows checked against the lines above (0 mismatches; summary pages hold parent + child lines)"
nasa_fy2025_budget_request_congressional_justification,31,DEEP SPACE EXPLORATION SYSTEMS / DEXP-2,Total Budget,7447.6,7468.9,7618.2,7803.7,7959.8,8119.0,8281.4,PDF p31 Budget Authority table,"R70 full-extraction pass, read from the hosted PDF 2026-09-27; FY2023 op plan/actual, FY2024 CR/enacted as labelled on each page; FY2026-29 notional; ""Total Budget"" rows checked against the lines above (0 mismatches; summary pages hold parent + child lines)"
nasa_fy2025_budget_request_congressional_justification,34,Deep Space Exploration Systems / MOON TO MARS TRANSPORTATION SYSTEM,Orion Program,1315.1,--,1031.0,1176.9,1288.5,1266.4,1166.4,PDF p34 Budget Authority table,"R70 full-extraction pass, read from the hosted PDF 2026-09-27; FY2023 op plan/actual, FY2024 CR/enacted as labelled on each page; FY2026-29 notional; ""Total Budget"" rows checked against the lines above (0 mismatches; summary pages hold parent + child lines)"
nasa_fy2025_budget_request_congressional_justification,34,Deep Space Exploration Systems / MOON TO MARS TRANSPORTATION SYSTEM,Crew Vehicle Development,1301.5,1221.0,1023.5,1141.9,1281.0,1213.7,1113.8,PDF p34 Budget Authority table,"R70 full-extraction pass, read from the hosted PDF 2026-09-27; FY2023 op plan/actual, FY2024 CR/enacted as labelled on each page; FY2026-29 notional; ""Total Budget"" rows checked against the lines above (0 mismatches; summary pages hold parent + child lines)"
nasa_fy2025_budget_request_congressional_justification,34,Deep Space Exploration Systems / MOON TO MARS TRANSPORTATION SYSTEM,Orion Program Integration and Support,13.5,--,7.5,35.0,7.5,52.7,52.7,PDF p34 Budget Authority table,"R70 full-extraction pass, read from the hosted PDF 2026-09-27; FY2023 op plan/actual, FY2024 CR/enacted as labelled on each page; FY2026-29 notional; ""Total Budget"" rows checked against the lines above (0 mismatches; summary pages hold parent + child lines)"
nasa_fy2025_budget_request_congressional_justification,34,Deep Space Exploration Systems / MOON TO MARS TRANSPORTATION SYSTEM,Space Launch System,2566.8,--,2423.2,2379.0,2402.9,2072.3,2026.8,PDF p34 Budget Authority table,"R70 full-extraction pass, read from the hosted PDF 2026-09-27; FY2023 op plan/actual, FY2024 CR/enacted as labelled on each page; FY2026-29 notional; ""Total Budget"" rows checked against the lines above (0 mismatches; summary pages hold parent + child lines)"
nasa_fy2025_budget_request_congressional_justification,34,Deep Space Exploration Systems / MOON TO MARS TRANSPORTATION SYSTEM,Block 1B Capability Upgrade,648.3,462.5,285.8,275.1,54.3,0.0,0.0,PDF p34 Budget Authority table,"R70 full-extraction pass, read from the hosted PDF 2026-09-27; FY2023 op plan/actual, FY2024 CR/enacted as labelled on each page; FY2026-29 notional; ""Total Budget"" rows checked against the lines above (0 mismatches; summary pages hold parent + child lines)"
nasa_fy2025_budget_request_congressional_justification,34,Deep Space Exploration Systems / MOON TO MARS TRANSPORTATION SYSTEM,SLS Operations,1844.4,--,2028.4,1972.0,2240.5,1899.8,1853.8,PDF p34 Budget Authority table,"R70 full-extraction pass, read from the hosted PDF 2026-09-27; FY2023 op plan/actual, FY2024 CR/enacted as labelled on each page; FY2026-29 notional; ""Total Budget"" rows checked against the lines above (0 mismatches; summary pages hold parent + child lines)"
nasa_fy2025_budget_request_congressional_justification,34,Deep Space Exploration Systems / MOON TO MARS TRANSPORTATION SYSTEM,SLS Program Integration and Support,74.0,--,109.0,131.9,108.1,172.5,173.0,PDF p34 Budget Authority table,"R70 full-extraction pass, read from the hosted PDF 2026-09-27; FY2023 op plan/actual, FY2024 CR/enacted as labelled on each page; FY2026-29 notional; ""Total Budget"" rows checked against the lines above (0 mismatches; summary pages hold parent + child lines)"
nasa_fy2025_budget_request_congressional_justification,34,Deep Space Exploration Systems / MOON TO MARS TRANSPORTATION SYSTEM,Exploration Ground Systems,834.8,--,758.8,698.1,576.0,542.3,520.4,PDF p34 Budget Authority table,"R70 full-extraction pass, read from the hosted PDF 2026-09-27; FY2023 op plan/actual, FY2024 CR/enacted as labelled on each page; FY2026-29 notional; ""Total Budget"" rows checked against the lines above (0 mismatches; summary pages hold parent + child lines)"
nasa_fy2025_budget_request_congressional_justification,34,Deep Space Exploration Systems / MOON TO MARS TRANSPORTATION SYSTEM,Exploration Ground Systems Development,330.6,356.2,235.8,148.3,31.4,0.0,0.0,PDF p34 Budget Authority table,"R70 full-extraction pass, read from the hosted PDF 2026-09-27; FY2023 op plan/actual, FY2024 CR/enacted as labelled on each page; FY2026-29 notional; ""Total Budget"" rows checked against the lines above (0 mismatches; summary pages hold parent + child lines)"
nasa_fy2025_budget_request_congressional_justification,34,Deep Space Exploration Systems / MOON TO MARS TRANSPORTATION SYSTEM,EGS Program Integration and Support,504.2,--,523.0,549.8,544.6,542.3,520.4,PDF p34 Budget Authority table,"R70 full-extraction pass, read from the hosted PDF 2026-09-27; FY2023 op plan/actual, FY2024 CR/enacted as labelled on each page; FY2026-29 notional; ""Total Budget"" rows checked against the lines above (0 mismatches; summary pages hold parent + child lines)"
nasa_fy2025_budget_request_congressional_justification,34,Deep Space Exploration Systems / MOON TO MARS TRANSPORTATION SYSTEM,Construction & Envrmtl Compl Restoration,94.3,--,32.5,0.0,0.0,0.0,0.0,PDF p34 Budget Authority table,"R70 full-extraction pass, read from the hosted PDF 2026-09-27; FY2023 op plan/actual, FY2024 CR/enacted as labelled on each page; FY2026-29 notional; ""Total Budget"" rows checked against the lines above (0 mismatches; summary pages hold parent + child lines)"
nasa_fy2025_budget_request_congressional_justification,34,Deep Space Exploration Systems / MOON TO MARS TRANSPORTATION SYSTEM,Exploration CoF,94.3,--,32.5,0.0,0.0,0.0,0.0,PDF p34 Budget Authority table,"R70 full-extraction pass, read from the hosted PDF 2026-09-27; FY2023 op plan/actual, FY2024 CR/enacted as labelled on each page; FY2026-29 notional; ""Total Budget"" rows checked against the lines above (0 mismatches; summary pages hold parent + child lines)"
nasa_fy2025_budget_request_congressional_justification,34,Deep Space Exploration Systems / MOON TO MARS TRANSPORTATION SYSTEM,Total Budget,4810.9,--,4245.5,4254.0,4267.3,3880.9,3713.6,PDF p34 Budget Authority table,"R70 full-extraction pass, read from the hosted PDF 2026-09-27; FY2023 op plan/actual, FY2024 CR/enacted as labelled on each page; FY2026-29 notional; ""Total Budget"" rows checked against the lines above (0 mismatches; summary pages hold parent + child lines)"
nasa_fy2025_budget_request_congressional_justification,36,Deep Space Exploration Systems: Moon to Mars Transportation System / ORION PROGRAM,Crew Vehicle Development,1301.5,1221.0,1023.5,1141.9,1281.0,1213.7,1113.8,PDF p36 Budget Authority table,"R70 full-extraction pass, read from the hosted PDF 2026-09-27; FY2023 op plan/actual, FY2024 CR/enacted as labelled on each page; FY2026-29 notional; ""Total Budget"" rows checked against the lines above (0 mismatches; summary pages hold parent + child lines)"
nasa_fy2025_budget_request_congressional_justification,36,Deep Space Exploration Systems: Moon to Mars Transportation System / ORION PROGRAM,Orion Program Integration and Support,13.5,--,7.5,35.0,7.5,52.7,52.7,PDF p36 Budget Authority table,"R70 full-extraction pass, read from the hosted PDF 2026-09-27; FY2023 op plan/actual, FY2024 CR/enacted as labelled on each page; FY2026-29 notional; ""Total Budget"" rows checked against the lines above (0 mismatches; summary pages hold parent + child lines)"
nasa_fy2025_budget_request_congressional_justification,36,Deep Space Exploration Systems: Moon to Mars Transportation System / ORION PROGRAM,Total Budget,1315.1,--,1031.0,1176.9,1288.5,1266.4,1166.4,PDF p36 Budget Authority table,"R70 full-extraction pass, read from the hosted PDF 2026-09-27; FY2023 op plan/actual, FY2024 CR/enacted as labelled on each page; FY2026-29 notional; ""Total Budget"" rows checked against the lines above (0 mismatches; summary pages hold parent + child lines)"
nasa_fy2025_budget_request_congressional_justification,47,Deep Space Exploration Systems: Moon to Mars Transportation System / SPACE LAUNCH SYSTEM,Block 1B Capability Upgrade,648.3,462.5,285.8,275.1,54.3,0.0,0.0,PDF p47 Budget Authority table,"R70 full-extraction pass, read from the hosted PDF 2026-09-27; FY2023 op plan/actual, FY2024 CR/enacted as labelled on each page; FY2026-29 notional; ""Total Budget"" rows checked against the lines above (0 mismatches; summary pages hold parent + child lines)"
nasa_fy2025_budget_request_congressional_justification,47,Deep Space Exploration Systems: Moon to Mars Transportation System / SPACE LAUNCH SYSTEM,SLS Operations,1844.4,--,2028.4,1972.0,2240.5,1899.8,1853.8,PDF p47 Budget Authority table,"R70 full-extraction pass, read from the hosted PDF 2026-09-27; FY2023 op plan/actual, FY2024 CR/enacted as labelled on each page; FY2026-29 notional; ""Total Budget"" rows checked against the lines above (0 mismatches; summary pages hold parent + child lines)"
nasa_fy2025_budget_request_congressional_justification,47,Deep Space Exploration Systems: Moon to Mars Transportation System / SPACE LAUNCH SYSTEM,SLS Program Integration and Support,74.0,--,109.0,131.9,108.1,172.5,173.0,PDF p47 Budget Authority table,"R70 full-extraction pass, read from the hosted PDF 2026-09-27; FY2023 op plan/actual, FY2024 CR/enacted as labelled on each page; FY2026-29 notional; ""Total Budget"" rows checked against the lines above (0 mismatches; summary pages hold parent + child lines)"
nasa_fy2025_budget_request_congressional_justification,47,Deep Space Exploration Systems: Moon to Mars Transportation System / SPACE LAUNCH SYSTEM,Total Budget,2566.8,--,2423.2,2379.0,2402.9,2072.3,2026.8,PDF p47 Budget Authority table,"R70 full-extraction pass, read from the hosted PDF 2026-09-27; FY2023 op plan/actual, FY2024 CR/enacted as labelled on each page; FY2026-29 notional; ""Total Budget"" rows checked against the lines above (0 mismatches; summary pages hold parent + child lines)"
nasa_fy2025_budget_request_congressional_justification,56,Deep Space Exploration Systems: Moon to Mars Transportation System: Space Launch / System,Total Budget,1844.4,--,2028.4,1972.0,2240.5,1899.8,1853.8,PDF p56 Budget Authority table,"R70 full-extraction pass, read from the hosted PDF 2026-09-27; FY2023 op plan/actual, FY2024 CR/enacted as labelled on each page; FY2026-29 notional; ""Total Budget"" rows checked against the lines above (0 mismatches; summary pages hold parent + child lines)"
nasa_fy2025_budget_request_congressional_justification,61,Deep Space Exploration Systems: Moon to Mars Transportation System / EXPLORATION GROUND SYSTEMS,Exploration Ground Systems Development,330.6,356.2,235.8,148.3,31.4,0.0,0.0,PDF p61 Budget Authority table,"R70 full-extraction pass, read from the hosted PDF 2026-09-27; FY2023 op plan/actual, FY2024 CR/enacted as labelled on each page; FY2026-29 notional; ""Total Budget"" rows checked against the lines above (0 mismatches; summary pages hold parent + child lines)"
nasa_fy2025_budget_request_congressional_justification,61,Deep Space Exploration Systems: Moon to Mars Transportation System / EXPLORATION GROUND SYSTEMS,EGS Program Integration and Support,504.2,--,523.0,549.8,544.6,542.3,520.4,PDF p61 Budget Authority table,"R70 full-extraction pass, read from the hosted PDF 2026-09-27; FY2023 op plan/actual, FY2024 CR/enacted as labelled on each page; FY2026-29 notional; ""Total Budget"" rows checked against the lines above (0 mismatches; summary pages hold parent + child lines)"
nasa_fy2025_budget_request_congressional_justification,61,Deep Space Exploration Systems: Moon to Mars Transportation System / EXPLORATION GROUND SYSTEMS,Total Budget,834.8,--,758.8,698.1,576.0,542.3,520.4,PDF p61 Budget Authority table,"R70 full-extraction pass, read from the hosted PDF 2026-09-27; FY2023 op plan/actual, FY2024 CR/enacted as labelled on each page; FY2026-29 notional; ""Total Budget"" rows checked against the lines above (0 mismatches; summary pages hold parent + child lines)"
nasa_fy2025_budget_request_congressional_justification,72,Deep Space Exploration Systems / MOON TO MARS LUNAR SYSTEMS DEVELOPMENT,Gateway,779.2,--,817.7,627.9,586.8,746.0,635.4,PDF p72 Budget Authority table,"R70 full-extraction pass, read from the hosted PDF 2026-09-27; FY2023 op plan/actual, FY2024 CR/enacted as labelled on each page; FY2026-29 notional; ""Total Budget"" rows checked against the lines above (0 mismatches; summary pages hold parent + child lines)"
nasa_fy2025_budget_request_congressional_justification,72,Deep Space Exploration Systems / MOON TO MARS LUNAR SYSTEMS DEVELOPMENT,xEVA and Human Surface Mobility Program,324.9,--,434.2,483.9,644.7,673.6,571.2,PDF p72 Budget Authority table,"R70 full-extraction pass, read from the hosted PDF 2026-09-27; FY2023 op plan/actual, FY2024 CR/enacted as labelled on each page; FY2026-29 notional; ""Total Budget"" rows checked against the lines above (0 mismatches; summary pages hold parent + child lines)"
nasa_fy2025_budget_request_congressional_justification,72,Deep Space Exploration Systems / MOON TO MARS LUNAR SYSTEMS DEVELOPMENT,Human Landing System,1386.1,--,1896.1,2050.9,1994.9,2278.3,2334.7,PDF p72 Budget Authority table,"R70 full-extraction pass, read from the hosted PDF 2026-09-27; FY2023 op plan/actual, FY2024 CR/enacted as labelled on each page; FY2026-29 notional; ""Total Budget"" rows checked against the lines above (0 mismatches; summary pages hold parent + child lines)"
nasa_fy2025_budget_request_congressional_justification,72,Deep Space Exploration Systems / MOON TO MARS LUNAR SYSTEMS DEVELOPMENT,Advanced Exploration Systems,140.3,--,140.2,123.0,163.1,170.9,171.0,PDF p72 Budget Authority table,"R70 full-extraction pass, read from the hosted PDF 2026-09-27; FY2023 op plan/actual, FY2024 CR/enacted as labelled on each page; FY2026-29 notional; ""Total Budget"" rows checked against the lines above (0 mismatches; summary pages hold parent + child lines)"
nasa_fy2025_budget_request_congressional_justification,72,Deep Space Exploration Systems / MOON TO MARS LUNAR SYSTEMS DEVELOPMENT,Total Budget,2630.5,--,3288.1,3285.7,3389.5,3868.8,3712.3,PDF p72 Budget Authority table,"R70 full-extraction pass, read from the hosted PDF 2026-09-27; FY2023 op plan/actual, FY2024 CR/enacted as labelled on each page; FY2026-29 notional; ""Total Budget"" rows checked against the lines above (0 mismatches; summary pages hold parent + child lines)"
nasa_fy2025_budget_request_congressional_justification,75,Deep Space Exploration Systems: Moon to Mars Lunar Systems Development / GATEWAY,Gateway Initial Capability,493.0,516.6,431.8,181.3,0.0,0.0,0.0,PDF p75 Budget Authority table,"R70 full-extraction pass, read from the hosted PDF 2026-09-27; FY2023 op plan/actual, FY2024 CR/enacted as labelled on each page; FY2026-29 notional; ""Total Budget"" rows checked against the lines above (0 mismatches; summary pages hold parent + child lines)"
nasa_fy2025_budget_request_congressional_justification,75,Deep Space Exploration Systems: Moon to Mars Lunar Systems Development / GATEWAY,Gateway,286.2,--,385.8,446.6,586.8,746.0,635.4,PDF p75 Budget Authority table,"R70 full-extraction pass, read from the hosted PDF 2026-09-27; FY2023 op plan/actual, FY2024 CR/enacted as labelled on each page; FY2026-29 notional; ""Total Budget"" rows checked against the lines above (0 mismatches; summary pages hold parent + child lines)"
nasa_fy2025_budget_request_congressional_justification,75,Deep Space Exploration Systems: Moon to Mars Lunar Systems Development / GATEWAY,Total Budget,779.2,--,817.7,627.9,586.8,746.0,635.4,PDF p75 Budget Authority table,"R70 full-extraction pass, read from the hosted PDF 2026-09-27; FY2023 op plan/actual, FY2024 CR/enacted as labelled on each page; FY2026-29 notional; ""Total Budget"" rows checked against the lines above (0 mismatches; summary pages hold parent + child lines)"
nasa_fy2025_budget_request_congressional_justification,84,Deep Space Exploration Systems: Moon to Mars Lunar Systems Development / XEVA AND HUMAN SURFACE MOBILITY PROGRAM,Total Budget,324.9,--,434.2,483.9,644.7,673.6,571.2,PDF p84 Budget Authority table,"R70 full-extraction pass, read from the hosted PDF 2026-09-27; FY2023 op plan/actual, FY2024 CR/enacted as labelled on each page; FY2026-29 notional; ""Total Budget"" rows checked against the lines above (0 mismatches; summary pages hold parent + child lines)"
nasa_fy2025_budget_request_congressional_justification,90,Deep Space Exploration Systems: Moon to Mars Lunar Systems Development / HUMAN LANDING SYSTEM,HLS Initial Capability,807.3,526.3,647.1,703.3,607.2,252.1,0.0,PDF p90 Budget Authority table,"R70 full-extraction pass, read from the hosted PDF 2026-09-27; FY2023 op plan/actual, FY2024 CR/enacted as labelled on each page; FY2026-29 notional; ""Total Budget"" rows checked against the lines above (0 mismatches; summary pages hold parent + child lines)"
nasa_fy2025_budget_request_congressional_justification,90,Deep Space Exploration Systems: Moon to Mars Lunar Systems Development / HUMAN LANDING SYSTEM,Human Landing System,578.8,--,1249.0,1347.6,1387.7,2026.2,2334.7,PDF p90 Budget Authority table,"R70 full-extraction pass, read from the hosted PDF 2026-09-27; FY2023 op plan/actual, FY2024 CR/enacted as labelled on each page; FY2026-29 notional; ""Total Budget"" rows checked against the lines above (0 mismatches; summary pages hold parent + child lines)"
nasa_fy2025_budget_request_congressional_justification,90,Deep Space Exploration Systems: Moon to Mars Lunar Systems Development / HUMAN LANDING SYSTEM,Total Budget,1386.1,--,1896.1,2050.9,1994.9,2278.3,2334.7,PDF p90 Budget Authority table,"R70 full-extraction pass, read from the hosted PDF 2026-09-27; FY2023 op plan/actual, FY2024 CR/enacted as labelled on each page; FY2026-29 notional; ""Total Budget"" rows checked against the lines above (0 mismatches; summary pages hold parent + child lines)"
nasa_fy2025_budget_request_congressional_justification,98,Deep Space Exploration Systems: Moon to Mars Lunar Systems Development / ADVANCED EXPLORATION SYSTEMS,Total Budget,140.3,--,140.2,123.0,163.1,170.9,171.0,PDF p98 Budget Authority table,"R70 full-extraction pass, read from the hosted PDF 2026-09-27; FY2023 op plan/actual, FY2024 CR/enacted as labelled on each page; FY2026-29 notional; ""Total Budget"" rows checked against the lines above (0 mismatches; summary pages hold parent + child lines)"
nasa_fy2025_budget_request_congressional_justification,106,Deep Space Exploration Systems / HUMAN EXPLORATION REQUIREMENTS & ARCHITECTURE,Strategy & Architecture,48.3,--,71.2,137.4,64.1,65.5,66.7,PDF p106 Budget Authority table,"R70 full-extraction pass, read from the hosted PDF 2026-09-27; FY2023 op plan/actual, FY2024 CR/enacted as labelled on each page; FY2026-29 notional; ""Total Budget"" rows checked against the lines above (0 mismatches; summary pages hold parent + child lines)"
nasa_fy2025_budget_request_congressional_justification,106,Deep Space Exploration Systems / HUMAN EXPLORATION REQUIREMENTS & ARCHITECTURE,Future Systems,52.2,--,45.9,126.7,238.8,303.8,788.8,PDF p106 Budget Authority table,"R70 full-extraction pass, read from the hosted PDF 2026-09-27; FY2023 op plan/actual, FY2024 CR/enacted as labelled on each page; FY2026-29 notional; ""Total Budget"" rows checked against the lines above (0 mismatches; summary pages hold parent + child lines)"
nasa_fy2025_budget_request_congressional_justification,106,Deep Space Exploration Systems / HUMAN EXPLORATION REQUIREMENTS & ARCHITECTURE,Total Budget,100.5,--,117.1,264.1,303.0,369.3,855.5,PDF p106 Budget Authority table,"R70 full-extraction pass, read from the hosted PDF 2026-09-27; FY2023 op plan/actual, FY2024 CR/enacted as labelled on each page; FY2026-29 notional; ""Total Budget"" rows checked against the lines above (0 mismatches; summary pages hold parent + child lines)"
nasa_fy2025_budget_request_congressional_justification,107,Deep Space Exploration Systems: Human Exploration Requirements & Architecture / STRATEGY & ARCHITECTURE,Total Budget,48.3,--,71.2,137.4,64.1,65.5,66.7,PDF p107 Budget Authority table,"R70 full-extraction pass, read from the hosted PDF 2026-09-27; FY2023 op plan/actual, FY2024 CR/enacted as labelled on each page; FY2026-29 notional; ""Total Budget"" rows checked against the lines above (0 mismatches; summary pages hold parent + child lines)"
nasa_fy2025_budget_request_congressional_justification,110,Deep Space Exploration Systems: Human Exploration Requirements & Architecture / FUTURE SYSTEMS,Total Budget,52.2,--,45.9,126.7,238.8,303.8,788.8,PDF p110 Budget Authority table,"R70 full-extraction pass, read from the hosted PDF 2026-09-27; FY2023 op plan/actual, FY2024 CR/enacted as labelled on each page; FY2026-29 notional; ""Total Budget"" rows checked against the lines above (0 mismatches; summary pages hold parent + child lines)"
nasa_fy2025_budget_request_congressional_justification,113,SPACE OPERATIONS / SO-1,International Space Station,1286.2,--,1269.6,1267.8,1262.8,1259.4,1259.4,PDF p113 Budget Authority table,"R70 full-extraction pass, read from the hosted PDF 2026-09-27; FY2023 op plan/actual, FY2024 CR/enacted as labelled on each page; FY2026-29 notional; ""Total Budget"" rows checked against the lines above (0 mismatches; summary pages hold parent + child lines)"
nasa_fy2025_budget_request_congressional_justification,113,SPACE OPERATIONS / SO-1,Space Transportation,1759.6,--,1862.1,1876.2,1840.9,1895.7,1804.1,PDF p113 Budget Authority table,"R70 full-extraction pass, read from the hosted PDF 2026-09-27; FY2023 op plan/actual, FY2024 CR/enacted as labelled on each page; FY2026-29 notional; ""Total Budget"" rows checked against the lines above (0 mismatches; summary pages hold parent + child lines)"
nasa_fy2025_budget_request_congressional_justification,113,SPACE OPERATIONS / SO-1,Space and Flight Support (SFS),983.4,--,1088.4,1051.3,1048.7,1059.0,1080.2,PDF p113 Budget Authority table,"R70 full-extraction pass, read from the hosted PDF 2026-09-27; FY2023 op plan/actual, FY2024 CR/enacted as labelled on each page; FY2026-29 notional; ""Total Budget"" rows checked against the lines above (0 mismatches; summary pages hold parent + child lines)"
nasa_fy2025_budget_request_congressional_justification,113,SPACE OPERATIONS / SO-1,Commercial LEO Development,224.3,--,169.6,302.3,435.2,465.2,629.3,PDF p113 Budget Authority table,"R70 full-extraction pass, read from the hosted PDF 2026-09-27; FY2023 op plan/actual, FY2024 CR/enacted as labelled on each page; FY2026-29 notional; ""Total Budget"" rows checked against the lines above (0 mismatches; summary pages hold parent + child lines)"
nasa_fy2025_budget_request_congressional_justification,113,SPACE OPERATIONS / SO-1,Exploration Operations,13.2,--,0.0,0.0,0.0,0.0,0.0,PDF p113 Budget Authority table,"R70 full-extraction pass, read from the hosted PDF 2026-09-27; FY2023 op plan/actual, FY2024 CR/enacted as labelled on each page; FY2026-29 notional; ""Total Budget"" rows checked against the lines above (0 mismatches; summary pages hold parent + child lines)"
nasa_fy2025_budget_request_congressional_justification,113,SPACE OPERATIONS / SO-1,Total Budget,4266.7,4250.0,4389.7,4497.6,4587.6,4679.4,4773.0,PDF p113 Budget Authority table,"R70 full-extraction pass, read from the hosted PDF 2026-09-27; FY2023 op plan/actual, FY2024 CR/enacted as labelled on each page; FY2026-29 notional; ""Total Budget"" rows checked against the lines above (0 mismatches; summary pages hold parent + child lines)"
nasa_fy2025_budget_request_congressional_justification,114,SPACE OPERATIONS / SO-2,International Space Station,1286.2,--,1269.6,1267.8,1262.8,1259.4,1259.4,PDF p114 Budget Authority table,"R70 full-extraction pass, read from the hosted PDF 2026-09-27; FY2023 op plan/actual, FY2024 CR/enacted as labelled on each page; FY2026-29 notional; ""Total Budget"" rows checked against the lines above (0 mismatches; summary pages hold parent + child lines)"
nasa_fy2025_budget_request_congressional_justification,114,SPACE OPERATIONS / SO-2,Space Transportation,1759.6,--,1862.1,1876.2,1840.9,1895.7,1804.1,PDF p114 Budget Authority table,"R70 full-extraction pass, read from the hosted PDF 2026-09-27; FY2023 op plan/actual, FY2024 CR/enacted as labelled on each page; FY2026-29 notional; ""Total Budget"" rows checked against the lines above (0 mismatches; summary pages hold parent + child lines)"
nasa_fy2025_budget_request_congressional_justification,114,SPACE OPERATIONS / SO-2,Space and Flight Support (SFS),983.4,--,1088.4,1051.3,1048.7,1059.0,1080.2,PDF p114 Budget Authority table,"R70 full-extraction pass, read from the hosted PDF 2026-09-27; FY2023 op plan/actual, FY2024 CR/enacted as labelled on each page; FY2026-29 notional; ""Total Budget"" rows checked against the lines above (0 mismatches; summary pages hold parent + child lines)"
nasa_fy2025_budget_request_congressional_justification,114,SPACE OPERATIONS / SO-2,Commercial LEO Development,224.3,--,169.6,302.3,435.2,465.2,629.3,PDF p114 Budget Authority table,"R70 full-extraction pass, read from the hosted PDF 2026-09-27; FY2023 op plan/actual, FY2024 CR/enacted as labelled on each page; FY2026-29 notional; ""Total Budget"" rows checked against the lines above (0 mismatches; summary pages hold parent + child lines)"
nasa_fy2025_budget_request_congressional_justification,114,SPACE OPERATIONS / SO-2,Exploration Operations,13.2,--,0.0,0.0,0.0,0.0,0.0,PDF p114 Budget Authority table,"R70 full-extraction pass, read from the hosted PDF 2026-09-27; FY2023 op plan/actual, FY2024 CR/enacted as labelled on each page; FY2026-29 notional; ""Total Budget"" rows checked against the lines above (0 mismatches; summary pages hold parent + child lines)"
nasa_fy2025_budget_request_congressional_justification,114,SPACE OPERATIONS / SO-2,Total Budget,4266.7,4250.0,4389.7,4497.6,4587.6,4679.4,4773.0,PDF p114 Budget Authority table,"R70 full-extraction pass, read from the hosted PDF 2026-09-27; FY2023 op plan/actual, FY2024 CR/enacted as labelled on each page; FY2026-29 notional; ""Total Budget"" rows checked against the lines above (0 mismatches; summary pages hold parent + child lines)"
nasa_fy2025_budget_request_congressional_justification,117,Space Operations: International Space Station / INTERNATIONAL SPACE STATION PROGRAM,ISS Systems Operations and Maintenance,1034.4,--,1008.5,1008.5,1003.5,1000.0,1000.0,PDF p117 Budget Authority table,"R70 full-extraction pass, read from the hosted PDF 2026-09-27; FY2023 op plan/actual, FY2024 CR/enacted as labelled on each page; FY2026-29 notional; ""Total Budget"" rows checked against the lines above (0 mismatches; summary pages hold parent + child lines)"
nasa_fy2025_budget_request_congressional_justification,117,Space Operations: International Space Station / INTERNATIONAL SPACE STATION PROGRAM,ISS Research,251.8,--,261.1,259.3,259.3,259.4,259.4,PDF p117 Budget Authority table,"R70 full-extraction pass, read from the hosted PDF 2026-09-27; FY2023 op plan/actual, FY2024 CR/enacted as labelled on each page; FY2026-29 notional; ""Total Budget"" rows checked against the lines above (0 mismatches; summary pages hold parent + child lines)"
nasa_fy2025_budget_request_congressional_justification,117,Space Operations: International Space Station / INTERNATIONAL SPACE STATION PROGRAM,Total Budget,1286.2,--,1269.6,1267.8,1262.8,1259.4,1259.4,PDF p117 Budget Authority table,"R70 full-extraction pass, read from the hosted PDF 2026-09-27; FY2023 op plan/actual, FY2024 CR/enacted as labelled on each page; FY2026-29 notional; ""Total Budget"" rows checked against the lines above (0 mismatches; summary pages hold parent + child lines)"
nasa_fy2025_budget_request_congressional_justification,120,Space Operations: International Space Station: International Space Station Program / ISS SYSTEMS OPERATIONS AND MAINTENANCE,Total Budget,1034.4,--,1008.5,1008.5,1003.5,1000.0,1000.0,PDF p120 Budget Authority table,"R70 full-extraction pass, read from the hosted PDF 2026-09-27; FY2023 op plan/actual, FY2024 CR/enacted as labelled on each page; FY2026-29 notional; ""Total Budget"" rows checked against the lines above (0 mismatches; summary pages hold parent + child lines)"
nasa_fy2025_budget_request_congressional_justification,126,Space Operations: International Space Station: International Space Station Program / ISS RESEARCH,Total Budget,251.8,--,261.1,259.3,259.3,259.4,259.4,PDF p126 Budget Authority table,"R70 full-extraction pass, read from the hosted PDF 2026-09-27; FY2023 op plan/actual, FY2024 CR/enacted as labelled on each page; FY2026-29 notional; ""Total Budget"" rows checked against the lines above (0 mismatches; summary pages hold parent + child lines)"
nasa_fy2025_budget_request_congressional_justification,133,Space Operations / SPACE TRANSPORTATION,Crew and Cargo Program,1642.0,--,1761.5,1773.4,1735.8,1788.3,1694.3,PDF p133 Budget Authority table,"R70 full-extraction pass, read from the hosted PDF 2026-09-27; FY2023 op plan/actual, FY2024 CR/enacted as labelled on each page; FY2026-29 notional; ""Total Budget"" rows checked against the lines above (0 mismatches; summary pages hold parent + child lines)"
nasa_fy2025_budget_request_congressional_justification,133,Space Operations / SPACE TRANSPORTATION,Commercial Crew Program,117.5,--,100.6,102.8,105.1,107.4,109.8,PDF p133 Budget Authority table,"R70 full-extraction pass, read from the hosted PDF 2026-09-27; FY2023 op plan/actual, FY2024 CR/enacted as labelled on each page; FY2026-29 notional; ""Total Budget"" rows checked against the lines above (0 mismatches; summary pages hold parent + child lines)"
nasa_fy2025_budget_request_congressional_justification,133,Space Operations / SPACE TRANSPORTATION,Total Budget,1759.6,--,1862.1,1876.2,1840.9,1895.7,1804.1,PDF p133 Budget Authority table,"R70 full-extraction pass, read from the hosted PDF 2026-09-27; FY2023 op plan/actual, FY2024 CR/enacted as labelled on each page; FY2026-29 notional; ""Total Budget"" rows checked against the lines above (0 mismatches; summary pages hold parent + child lines)"
nasa_fy2025_budget_request_congressional_justification,135,Space Operations: Space Transportation / CREW AND CARGO PROGRAM,Total Budget,1642.0,--,1761.5,1773.4,1735.8,1788.3,1694.3,PDF p135 Budget Authority table,"R70 full-extraction pass, read from the hosted PDF 2026-09-27; FY2023 op plan/actual, FY2024 CR/enacted as labelled on each page; FY2026-29 notional; ""Total Budget"" rows checked against the lines above (0 mismatches; summary pages hold parent + child lines)"
nasa_fy2025_budget_request_congressional_justification,142,Space Operations: Space Transportation / COMMERCIAL CREW PROGRAM,Total Budget,117.5,--,100.6,102.8,105.1,107.4,109.8,PDF p142 Budget Authority table,"R70 full-extraction pass, read from the hosted PDF 2026-09-27; FY2023 op plan/actual, FY2024 CR/enacted as labelled on each page; FY2026-29 notional; ""Total Budget"" rows checked against the lines above (0 mismatches; summary pages hold parent + child lines)"
nasa_fy2025_budget_request_congressional_justification,147,Space Operations: Space and Flight Support (SFS) / SPACE COMMUNICATIONS AND NAVIGATION,Space Communications Networks,424.8,--,543.5,499.7,491.2,495.1,509.2,PDF p147 Budget Authority table,"R70 full-extraction pass, read from the hosted PDF 2026-09-27; FY2023 op plan/actual, FY2024 CR/enacted as labelled on each page; FY2026-29 notional; ""Total Budget"" rows checked against the lines above (0 mismatches; summary pages hold parent + child lines)"
nasa_fy2025_budget_request_congressional_justification,147,Space Operations: Space and Flight Support (SFS) / SPACE COMMUNICATIONS AND NAVIGATION,Space Communications Support,107.2,--,84.2,85.7,91.3,96.4,96.4,PDF p147 Budget Authority table,"R70 full-extraction pass, read from the hosted PDF 2026-09-27; FY2023 op plan/actual, FY2024 CR/enacted as labelled on each page; FY2026-29 notional; ""Total Budget"" rows checked against the lines above (0 mismatches; summary pages hold parent + child lines)"
nasa_fy2025_budget_request_congressional_justification,147,Space Operations: Space and Flight Support (SFS) / SPACE COMMUNICATIONS AND NAVIGATION,Total Budget,532.0,--,627.7,585.4,582.6,591.5,605.5,PDF p147 Budget Authority table,"R70 full-extraction pass, read from the hosted PDF 2026-09-27; FY2023 op plan/actual, FY2024 CR/enacted as labelled on each page; FY2026-29 notional; ""Total Budget"" rows checked against the lines above (0 mismatches; summary pages hold parent + child lines)"
nasa_fy2025_budget_request_congressional_justification,149,Space Operations: Space and Flight Support (SFS): Space Communications and / Navigation,Total Budget,424.8,--,543.5,499.7,491.2,495.1,509.2,PDF p149 Budget Authority table,"R70 full-extraction pass, read from the hosted PDF 2026-09-27; FY2023 op plan/actual, FY2024 CR/enacted as labelled on each page; FY2026-29 notional; ""Total Budget"" rows checked against the lines above (0 mismatches; summary pages hold parent + child lines)"
nasa_fy2025_budget_request_congressional_justification,155,Space Operations: Space and Flight Support (SFS): Space Communications and / Navigation,Total Budget,107.2,--,84.2,85.7,91.3,96.4,96.4,PDF p155 Budget Authority table,"R70 full-extraction pass, read from the hosted PDF 2026-09-27; FY2023 op plan/actual, FY2024 CR/enacted as labelled on each page; FY2026-29 notional; ""Total Budget"" rows checked against the lines above (0 mismatches; summary pages hold parent + child lines)"
nasa_fy2025_budget_request_congressional_justification,160,Space Operations: Space and Flight Support (SFS) / COMMUNICATIONS SERVICES PROGRAM,Total Budget,51.7,--,59.4,59.4,59.4,59.4,59.4,PDF p160 Budget Authority table,"R70 full-extraction pass, read from the hosted PDF 2026-09-27; FY2023 op plan/actual, FY2024 CR/enacted as labelled on each page; FY2026-29 notional; ""Total Budget"" rows checked against the lines above (0 mismatches; summary pages hold parent + child lines)"
nasa_fy2025_budget_request_congressional_justification,165,Space Operations: Space and Flight Support (SFS) / HUMAN SPACE FLIGHT OPERATIONS,Total Budget,101.5,--,105.0,105.8,105.8,105.9,108.0,PDF p165 Budget Authority table,"R70 full-extraction pass, read from the hosted PDF 2026-09-27; FY2023 op plan/actual, FY2024 CR/enacted as labelled on each page; FY2026-29 notional; ""Total Budget"" rows checked against the lines above (0 mismatches; summary pages hold parent + child lines)"
nasa_fy2025_budget_request_congressional_justification,171,Space Operations: Space and Flight Support (SFS) / HUMAN RESEARCH PROGRAM,Total Budget,151.2,--,143.4,155.5,155.5,156.5,159.5,PDF p171 Budget Authority table,"R70 full-extraction pass, read from the hosted PDF 2026-09-27; FY2023 op plan/actual, FY2024 CR/enacted as labelled on each page; FY2026-29 notional; ""Total Budget"" rows checked against the lines above (0 mismatches; summary pages hold parent + child lines)"
nasa_fy2025_budget_request_congressional_justification,179,Space Operations: Space and Flight Support (SFS) / LAUNCH SERVICES,Total Budget,93.9,--,104.3,96.6,96.9,97.2,99.1,PDF p179 Budget Authority table,"R70 full-extraction pass, read from the hosted PDF 2026-09-27; FY2023 op plan/actual, FY2024 CR/enacted as labelled on each page; FY2026-29 notional; ""Total Budget"" rows checked against the lines above (0 mismatches; summary pages hold parent + child lines)"
nasa_fy2025_budget_request_congressional_justification,189,Space Operations: Space and Flight Support (SFS) / ROCKET PROPULSION TEST,Total Budget,48.2,--,48.6,48.6,48.6,48.6,48.6,PDF p189 Budget Authority table,"R70 full-extraction pass, read from the hosted PDF 2026-09-27; FY2023 op plan/actual, FY2024 CR/enacted as labelled on each page; FY2026-29 notional; ""Total Budget"" rows checked against the lines above (0 mismatches; summary pages hold parent + child lines)"
nasa_fy2025_budget_request_congressional_justification,195,Space Operations / COMMERCIAL LEO DEVELOPMENT,Total Budget,224.3,--,169.6,302.3,435.2,465.2,629.3,PDF p195 Budget Authority table,"R70 full-extraction pass, read from the hosted PDF 2026-09-27; FY2023 op plan/actual, FY2024 CR/enacted as labelled on each page; FY2026-29 notional; ""Total Budget"" rows checked against the lines above (0 mismatches; summary pages hold parent + child lines)"
nasa_fy2025_budget_request_congressional_justification,200,SPACE TECHNOLOGY / ST-1,Early Stage Innovation and Partnerships,122.0,--,140.1,145.1,149.6,154.2,160.4,PDF p200 Budget Authority table,"R70 full-extraction pass, read from the hosted PDF 2026-09-27; FY2023 op plan/actual, FY2024 CR/enacted as labelled on each page; FY2026-29 notional; ""Total Budget"" rows checked against the lines above (0 mismatches; summary pages hold parent + child lines)"
nasa_fy2025_budget_request_congressional_justification,200,SPACE TECHNOLOGY / ST-1,Technology Maturation,323.9,--,340.8,353.2,363.1,370.4,377.8,PDF p200 Budget Authority table,"R70 full-extraction pass, read from the hosted PDF 2026-09-27; FY2023 op plan/actual, FY2024 CR/enacted as labelled on each page; FY2026-29 notional; ""Total Budget"" rows checked against the lines above (0 mismatches; summary pages hold parent + child lines)"
nasa_fy2025_budget_request_congressional_justification,200,SPACE TECHNOLOGY / ST-1,Technology Demonstration,515.4,--,459.1,460.5,465.2,472.8,479.1,PDF p200 Budget Authority table,"R70 full-extraction pass, read from the hosted PDF 2026-09-27; FY2023 op plan/actual, FY2024 CR/enacted as labelled on each page; FY2026-29 notional; ""Total Budget"" rows checked against the lines above (0 mismatches; summary pages hold parent + child lines)"
nasa_fy2025_budget_request_congressional_justification,200,SPACE TECHNOLOGY / ST-1,SBIR and STTR,231.7,--,241.8,246.6,251.6,256.7,261.9,PDF p200 Budget Authority table,"R70 full-extraction pass, read from the hosted PDF 2026-09-27; FY2023 op plan/actual, FY2024 CR/enacted as labelled on each page; FY2026-29 notional; ""Total Budget"" rows checked against the lines above (0 mismatches; summary pages hold parent + child lines)"
nasa_fy2025_budget_request_congressional_justification,200,SPACE TECHNOLOGY / ST-1,Total Budget,1193.0,1200.0,1181.8,1205.4,1229.5,1254.1,1279.2,PDF p200 Budget Authority table,"R70 full-extraction pass, read from the hosted PDF 2026-09-27; FY2023 op plan/actual, FY2024 CR/enacted as labelled on each page; FY2026-29 notional; ""Total Budget"" rows checked against the lines above (0 mismatches; summary pages hold parent + child lines)"
nasa_fy2025_budget_request_congressional_justification,201,SPACE TECHNOLOGY / ST-2,Early Stage Innovation and Partnerships,122.0,--,140.1,145.1,149.6,154.2,160.4,PDF p201 Budget Authority table,"R70 full-extraction pass, read from the hosted PDF 2026-09-27; FY2023 op plan/actual, FY2024 CR/enacted as labelled on each page; FY2026-29 notional; ""Total Budget"" rows checked against the lines above (0 mismatches; summary pages hold parent + child lines)"
nasa_fy2025_budget_request_congressional_justification,201,SPACE TECHNOLOGY / ST-2,Technology Maturation,323.9,--,340.8,353.2,363.1,370.4,377.8,PDF p201 Budget Authority table,"R70 full-extraction pass, read from the hosted PDF 2026-09-27; FY2023 op plan/actual, FY2024 CR/enacted as labelled on each page; FY2026-29 notional; ""Total Budget"" rows checked against the lines above (0 mismatches; summary pages hold parent + child lines)"
nasa_fy2025_budget_request_congressional_justification,201,SPACE TECHNOLOGY / ST-2,Technology Demonstration,515.4,--,459.1,460.5,465.2,472.8,479.1,PDF p201 Budget Authority table,"R70 full-extraction pass, read from the hosted PDF 2026-09-27; FY2023 op plan/actual, FY2024 CR/enacted as labelled on each page; FY2026-29 notional; ""Total Budget"" rows checked against the lines above (0 mismatches; summary pages hold parent + child lines)"
nasa_fy2025_budget_request_congressional_justification,201,SPACE TECHNOLOGY / ST-2,SBIR and STTR,231.7,--,241.8,246.6,251.6,256.7,261.9,PDF p201 Budget Authority table,"R70 full-extraction pass, read from the hosted PDF 2026-09-27; FY2023 op plan/actual, FY2024 CR/enacted as labelled on each page; FY2026-29 notional; ""Total Budget"" rows checked against the lines above (0 mismatches; summary pages hold parent + child lines)"
nasa_fy2025_budget_request_congressional_justification,201,SPACE TECHNOLOGY / ST-2,Total Budget,1193.0,1200.0,1181.8,1205.4,1229.5,1254.1,1279.2,PDF p201 Budget Authority table,"R70 full-extraction pass, read from the hosted PDF 2026-09-27; FY2023 op plan/actual, FY2024 CR/enacted as labelled on each page; FY2026-29 notional; ""Total Budget"" rows checked against the lines above (0 mismatches; summary pages hold parent + child lines)"
nasa_fy2025_budget_request_congressional_justification,205,Space Technology / EARLY STAGE INNOVATION AND PARTNERSHIPS,Agency Technology and Innovation,1.4,--,0.0,0.0,0.0,0.0,0.0,PDF p205 Budget Authority table,"R70 full-extraction pass, read from the hosted PDF 2026-09-27; FY2023 op plan/actual, FY2024 CR/enacted as labelled on each page; FY2026-29 notional; ""Total Budget"" rows checked against the lines above (0 mismatches; summary pages hold parent + child lines)"
nasa_fy2025_budget_request_congressional_justification,205,Space Technology / EARLY STAGE INNOVATION AND PARTNERSHIPS,Early Stage Innovation,99.1,--,117.0,121.5,125.5,129.6,135.4,PDF p205 Budget Authority table,"R70 full-extraction pass, read from the hosted PDF 2026-09-27; FY2023 op plan/actual, FY2024 CR/enacted as labelled on each page; FY2026-29 notional; ""Total Budget"" rows checked against the lines above (0 mismatches; summary pages hold parent + child lines)"
nasa_fy2025_budget_request_congressional_justification,205,Space Technology / EARLY STAGE INNOVATION AND PARTNERSHIPS,Technology Transfer,21.5,--,23.1,23.6,24.1,24.6,25.1,PDF p205 Budget Authority table,"R70 full-extraction pass, read from the hosted PDF 2026-09-27; FY2023 op plan/actual, FY2024 CR/enacted as labelled on each page; FY2026-29 notional; ""Total Budget"" rows checked against the lines above (0 mismatches; summary pages hold parent + child lines)"
nasa_fy2025_budget_request_congressional_justification,205,Space Technology / EARLY STAGE INNOVATION AND PARTNERSHIPS,Total Budget,122.0,--,140.1,145.1,149.6,154.2,160.4,PDF p205 Budget Authority table,"R70 full-extraction pass, read from the hosted PDF 2026-09-27; FY2023 op plan/actual, FY2024 CR/enacted as labelled on each page; FY2026-29 notional; ""Total Budget"" rows checked against the lines above (0 mismatches; summary pages hold parent + child lines)"
nasa_fy2025_budget_request_congressional_justification,211,Space Technology / TECHNOLOGY MATURATION,Total Budget,323.9,--,340.8,353.2,363.1,370.4,377.8,PDF p211 Budget Authority table,"R70 full-extraction pass, read from the hosted PDF 2026-09-27; FY2023 op plan/actual, FY2024 CR/enacted as labelled on each page; FY2026-29 notional; ""Total Budget"" rows checked against the lines above (0 mismatches; summary pages hold parent + child lines)"
nasa_fy2025_budget_request_congressional_justification,219,Space Technology / TECHNOLOGY DEMONSTRATION,Solar Electric Propulsion (SEP),18.5,10.5,13.0,7.7,6.6,5.7,1.7,PDF p219 Budget Authority table,"R70 full-extraction pass, read from the hosted PDF 2026-09-27; FY2023 op plan/actual, FY2024 CR/enacted as labelled on each page; FY2026-29 notional; ""Total Budget"" rows checked against the lines above (0 mismatches; summary pages hold parent + child lines)"
nasa_fy2025_budget_request_congressional_justification,219,Space Technology / TECHNOLOGY DEMONSTRATION,"On-Orbit Servicing, Assembly, and Manufacturing Demonstration-1",227.0,--,11.0,0.0,0.0,0.0,0.0,PDF p219 Budget Authority table,"R70 full-extraction pass, read from the hosted PDF 2026-09-27; FY2023 op plan/actual, FY2024 CR/enacted as labelled on each page; FY2026-29 notional; ""Total Budget"" rows checked against the lines above (0 mismatches; summary pages hold parent + child lines)"
nasa_fy2025_budget_request_congressional_justification,219,Space Technology / TECHNOLOGY DEMONSTRATION,Space Nuclear Propulsion,91.3,--,110.0,70.5,54.5,45.5,42.5,PDF p219 Budget Authority table,"R70 full-extraction pass, read from the hosted PDF 2026-09-27; FY2023 op plan/actual, FY2024 CR/enacted as labelled on each page; FY2026-29 notional; ""Total Budget"" rows checked against the lines above (0 mismatches; summary pages hold parent + child lines)"
nasa_fy2025_budget_request_congressional_justification,219,Space Technology / TECHNOLOGY DEMONSTRATION,"Small Spacecraft, Flight Opportunities & Other Tech Demo",178.6,--,325.1,382.3,404.1,421.6,434.9,PDF p219 Budget Authority table,"R70 full-extraction pass, read from the hosted PDF 2026-09-27; FY2023 op plan/actual, FY2024 CR/enacted as labelled on each page; FY2026-29 notional; ""Total Budget"" rows checked against the lines above (0 mismatches; summary pages hold parent + child lines)"
nasa_fy2025_budget_request_congressional_justification,219,Space Technology / TECHNOLOGY DEMONSTRATION,Total Budget,515.4,--,459.1,460.5,465.2,472.8,479.1,PDF p219 Budget Authority table,"R70 full-extraction pass, read from the hosted PDF 2026-09-27; FY2023 op plan/actual, FY2024 CR/enacted as labelled on each page; FY2026-29 notional; ""Total Budget"" rows checked against the lines above (0 mismatches; summary pages hold parent + child lines)"
nasa_fy2025_budget_request_congressional_justification,225,Space Technology: Technology Demonstration / SPACE NUCLEAR PROPULSION,Nuclear Thermal Propulsion,90.0,--,92.5,53.0,37.0,28.0,25.0,PDF p225 Budget Authority table,"R70 full-extraction pass, read from the hosted PDF 2026-09-27; FY2023 op plan/actual, FY2024 CR/enacted as labelled on each page; FY2026-29 notional; ""Total Budget"" rows checked against the lines above (0 mismatches; summary pages hold parent + child lines)"
nasa_fy2025_budget_request_congressional_justification,225,Space Technology: Technology Demonstration / SPACE NUCLEAR PROPULSION,Nuclear Electric Propulsion,1.3,--,17.5,17.5,17.5,17.5,17.5,PDF p225 Budget Authority table,"R70 full-extraction pass, read from the hosted PDF 2026-09-27; FY2023 op plan/actual, FY2024 CR/enacted as labelled on each page; FY2026-29 notional; ""Total Budget"" rows checked against the lines above (0 mismatches; summary pages hold parent + child lines)"
nasa_fy2025_budget_request_congressional_justification,225,Space Technology: Technology Demonstration / SPACE NUCLEAR PROPULSION,Total Budget,91.3,--,110.0,70.5,54.5,45.5,42.5,PDF p225 Budget Authority table,"R70 full-extraction pass, read from the hosted PDF 2026-09-27; FY2023 op plan/actual, FY2024 CR/enacted as labelled on each page; FY2026-29 notional; ""Total Budget"" rows checked against the lines above (0 mismatches; summary pages hold parent + child lines)"
nasa_fy2025_budget_request_congressional_justification,229,"Space Technology: Technology Demonstration / SMALL SPACECRAFT, FLIGHT OPPORTUNITIES & OTHER TECH",Total Budget,178.6,--,325.1,382.3,404.1,421.6,434.9,PDF p229 Budget Authority table,"R70 full-extraction pass, read from the hosted PDF 2026-09-27; FY2023 op plan/actual, FY2024 CR/enacted as labelled on each page; FY2026-29 notional; ""Total Budget"" rows checked against the lines above (0 mismatches; summary pages hold parent + child lines)"
nasa_fy2025_budget_request_congressional_justification,236,Space Technology / SBIR AND STTR,Total Budget,231.7,--,241.8,246.6,251.6,256.7,261.9,PDF p236 Budget Authority table,"R70 full-extraction pass, read from the hosted PDF 2026-09-27; FY2023 op plan/actual, FY2024 CR/enacted as labelled on each page; FY2026-29 notional; ""Total Budget"" rows checked against the lines above (0 mismatches; summary pages hold parent + child lines)"
nasa_fy2025_budget_request_congressional_justification,241,SCIENCE / SCMD-1,Earth Science,2175.0,--,2378.7,2396.3,2446.1,2489.7,2543.4,PDF p241 Budget Authority table,"R70 full-extraction pass, read from the hosted PDF 2026-09-27; FY2023 op plan/actual, FY2024 CR/enacted as labelled on each page; FY2026-29 notional; ""Total Budget"" rows checked against the lines above (0 mismatches; summary pages hold parent + child lines)"
nasa_fy2025_budget_request_congressional_justification,241,SCIENCE / SCMD-1,Planetary Science,3216.5,--,2731.5,2850.5,2911.6,2976.8,3042.5,PDF p241 Budget Authority table,"R70 full-extraction pass, read from the hosted PDF 2026-09-27; FY2023 op plan/actual, FY2024 CR/enacted as labelled on each page; FY2026-29 notional; ""Total Budget"" rows checked against the lines above (0 mismatches; summary pages hold parent + child lines)"
nasa_fy2025_budget_request_congressional_justification,241,SCIENCE / SCMD-1,Astrophysics,1510.0,--,1578.1,1587.0,1613.6,1647.1,1673.4,PDF p241 Budget Authority table,"R70 full-extraction pass, read from the hosted PDF 2026-09-27; FY2023 op plan/actual, FY2024 CR/enacted as labelled on each page; FY2026-29 notional; ""Total Budget"" rows checked against the lines above (0 mismatches; summary pages hold parent + child lines)"
nasa_fy2025_budget_request_congressional_justification,241,SCIENCE / SCMD-1,Heliophysics,805.0,--,786.7,791.9,807.0,820.3,833.4,PDF p241 Budget Authority table,"R70 full-extraction pass, read from the hosted PDF 2026-09-27; FY2023 op plan/actual, FY2024 CR/enacted as labelled on each page; FY2026-29 notional; ""Total Budget"" rows checked against the lines above (0 mismatches; summary pages hold parent + child lines)"
nasa_fy2025_budget_request_congressional_justification,241,SCIENCE / SCMD-1,Biological and Physical Sciences,85.0,--,90.8,91.3,93.0,94.8,96.6,PDF p241 Budget Authority table,"R70 full-extraction pass, read from the hosted PDF 2026-09-27; FY2023 op plan/actual, FY2024 CR/enacted as labelled on each page; FY2026-29 notional; ""Total Budget"" rows checked against the lines above (0 mismatches; summary pages hold parent + child lines)"
nasa_fy2025_budget_request_congressional_justification,241,SCIENCE / SCMD-1,Total Budget,7791.5,7795.0,7565.7,7717.0,7871.3,8028.7,8189.3,PDF p241 Budget Authority table,"R70 full-extraction pass, read from the hosted PDF 2026-09-27; FY2023 op plan/actual, FY2024 CR/enacted as labelled on each page; FY2026-29 notional; ""Total Budget"" rows checked against the lines above (0 mismatches; summary pages hold parent + child lines)"
nasa_fy2025_budget_request_congressional_justification,244,SCIENCE / SCMD-4,Earth Science,2175.0,--,2378.7,2396.3,2446.1,2489.7,2543.4,PDF p244 Budget Authority table,"R70 full-extraction pass, read from the hosted PDF 2026-09-27; FY2023 op plan/actual, FY2024 CR/enacted as labelled on each page; FY2026-29 notional; ""Total Budget"" rows checked against the lines above (0 mismatches; summary pages hold parent + child lines)"
nasa_fy2025_budget_request_congressional_justification,244,SCIENCE / SCMD-4,Planetary Science,3216.5,--,2731.5,2850.5,2911.6,2976.8,3042.5,PDF p244 Budget Authority table,"R70 full-extraction pass, read from the hosted PDF 2026-09-27; FY2023 op plan/actual, FY2024 CR/enacted as labelled on each page; FY2026-29 notional; ""Total Budget"" rows checked against the lines above (0 mismatches; summary pages hold parent + child lines)"
nasa_fy2025_budget_request_congressional_justification,244,SCIENCE / SCMD-4,Astrophysics,1510.0,--,1578.1,1587.0,1613.6,1647.1,1673.4,PDF p244 Budget Authority table,"R70 full-extraction pass, read from the hosted PDF 2026-09-27; FY2023 op plan/actual, FY2024 CR/enacted as labelled on each page; FY2026-29 notional; ""Total Budget"" rows checked against the lines above (0 mismatches; summary pages hold parent + child lines)"
nasa_fy2025_budget_request_congressional_justification,244,SCIENCE / SCMD-4,Heliophysics,805.0,--,786.7,791.9,807.0,820.3,833.4,PDF p244 Budget Authority table,"R70 full-extraction pass, read from the hosted PDF 2026-09-27; FY2023 op plan/actual, FY2024 CR/enacted as labelled on each page; FY2026-29 notional; ""Total Budget"" rows checked against the lines above (0 mismatches; summary pages hold parent + child lines)"
nasa_fy2025_budget_request_congressional_justification,244,SCIENCE / SCMD-4,Biological and Physical Sciences,85.0,--,90.8,91.3,93.0,94.8,96.6,PDF p244 Budget Authority table,"R70 full-extraction pass, read from the hosted PDF 2026-09-27; FY2023 op plan/actual, FY2024 CR/enacted as labelled on each page; FY2026-29 notional; ""Total Budget"" rows checked against the lines above (0 mismatches; summary pages hold parent + child lines)"
nasa_fy2025_budget_request_congressional_justification,244,SCIENCE / SCMD-4,Total Budget,7791.5,7795.0,7565.7,7717.0,7871.3,8028.7,8189.3,PDF p244 Budget Authority table,"R70 full-extraction pass, read from the hosted PDF 2026-09-27; FY2023 op plan/actual, FY2024 CR/enacted as labelled on each page; FY2026-29 notional; ""Total Budget"" rows checked against the lines above (0 mismatches; summary pages hold parent + child lines)"
nasa_fy2025_budget_request_congressional_justification,249,Science / EARTH SCIENCE,Earth Science Research,502.0,--,606.2,608.4,627.6,628.8,637.2,PDF p249 Budget Authority table,"R70 full-extraction pass, read from the hosted PDF 2026-09-27; FY2023 op plan/actual, FY2024 CR/enacted as labelled on each page; FY2026-29 notional; ""Total Budget"" rows checked against the lines above (0 mismatches; summary pages hold parent + child lines)"
nasa_fy2025_budget_request_congressional_justification,249,Science / EARTH SCIENCE,Earth Systematic Missions,915.0,--,854.4,868.7,888.2,869.9,757.8,PDF p249 Budget Authority table,"R70 full-extraction pass, read from the hosted PDF 2026-09-27; FY2023 op plan/actual, FY2024 CR/enacted as labelled on each page; FY2026-29 notional; ""Total Budget"" rows checked against the lines above (0 mismatches; summary pages hold parent + child lines)"
nasa_fy2025_budget_request_congressional_justification,249,Science / EARTH SCIENCE,Earth System Explorers,2.5,--,19.6,59.0,99.5,130.6,194.7,PDF p249 Budget Authority table,"R70 full-extraction pass, read from the hosted PDF 2026-09-27; FY2023 op plan/actual, FY2024 CR/enacted as labelled on each page; FY2026-29 notional; ""Total Budget"" rows checked against the lines above (0 mismatches; summary pages hold parent + child lines)"
nasa_fy2025_budget_request_congressional_justification,249,Science / EARTH SCIENCE,Responsive Science Initiatives,55.0,--,167.7,173.9,176.4,177.9,179.5,PDF p249 Budget Authority table,"R70 full-extraction pass, read from the hosted PDF 2026-09-27; FY2023 op plan/actual, FY2024 CR/enacted as labelled on each page; FY2026-29 notional; ""Total Budget"" rows checked against the lines above (0 mismatches; summary pages hold parent + child lines)"
nasa_fy2025_budget_request_congressional_justification,249,Science / EARTH SCIENCE,Earth System Science Pathfinder,232.1,--,251.7,246.0,202.1,225.0,308.9,PDF p249 Budget Authority table,"R70 full-extraction pass, read from the hosted PDF 2026-09-27; FY2023 op plan/actual, FY2024 CR/enacted as labelled on each page; FY2026-29 notional; ""Total Budget"" rows checked against the lines above (0 mismatches; summary pages hold parent + child lines)"
nasa_fy2025_budget_request_congressional_justification,249,Science / EARTH SCIENCE,Earth Science Data Systems,291.1,--,263.2,257.6,268.3,269.8,276.3,PDF p249 Budget Authority table,"R70 full-extraction pass, read from the hosted PDF 2026-09-27; FY2023 op plan/actual, FY2024 CR/enacted as labelled on each page; FY2026-29 notional; ""Total Budget"" rows checked against the lines above (0 mismatches; summary pages hold parent + child lines)"
nasa_fy2025_budget_request_congressional_justification,249,Science / EARTH SCIENCE,Earth Science Technology,102.2,--,147.2,109.4,110.6,111.8,113.0,PDF p249 Budget Authority table,"R70 full-extraction pass, read from the hosted PDF 2026-09-27; FY2023 op plan/actual, FY2024 CR/enacted as labelled on each page; FY2026-29 notional; ""Total Budget"" rows checked against the lines above (0 mismatches; summary pages hold parent + child lines)"
nasa_fy2025_budget_request_congressional_justification,249,Science / EARTH SCIENCE,Applied Sciences,75.2,--,68.6,73.3,73.5,75.8,75.9,PDF p249 Budget Authority table,"R70 full-extraction pass, read from the hosted PDF 2026-09-27; FY2023 op plan/actual, FY2024 CR/enacted as labelled on each page; FY2026-29 notional; ""Total Budget"" rows checked against the lines above (0 mismatches; summary pages hold parent + child lines)"
nasa_fy2025_budget_request_congressional_justification,249,Science / EARTH SCIENCE,Total Budget,2175.0,--,2378.7,2396.3,2446.1,2489.7,2543.4,PDF p249 Budget Authority table,"R70 full-extraction pass, read from the hosted PDF 2026-09-27; FY2023 op plan/actual, FY2024 CR/enacted as labelled on each page; FY2026-29 notional; ""Total Budget"" rows checked against the lines above (0 mismatches; summary pages hold parent + child lines)"
nasa_fy2025_budget_request_congressional_justification,250,Science: Earth Science / EARTH SCIENCE RESEARCH,Earth Science Research and Analysis,338.0,--,364.9,371.3,385.4,380.9,385.7,PDF p250 Budget Authority table,"R70 full-extraction pass, read from the hosted PDF 2026-09-27; FY2023 op plan/actual, FY2024 CR/enacted as labelled on each page; FY2026-29 notional; ""Total Budget"" rows checked against the lines above (0 mismatches; summary pages hold parent + child lines)"
nasa_fy2025_budget_request_congressional_justification,250,Science: Earth Science / EARTH SCIENCE RESEARCH,Computing and Management,164.0,--,241.2,237.1,242.2,248.0,251.4,PDF p250 Budget Authority table,"R70 full-extraction pass, read from the hosted PDF 2026-09-27; FY2023 op plan/actual, FY2024 CR/enacted as labelled on each page; FY2026-29 notional; ""Total Budget"" rows checked against the lines above (0 mismatches; summary pages hold parent + child lines)"
nasa_fy2025_budget_request_congressional_justification,250,Science: Earth Science / EARTH SCIENCE RESEARCH,Total Budget,502.0,--,606.2,608.4,627.6,628.8,637.2,PDF p250 Budget Authority table,"R70 full-extraction pass, read from the hosted PDF 2026-09-27; FY2023 op plan/actual, FY2024 CR/enacted as labelled on each page; FY2026-29 notional; ""Total Budget"" rows checked against the lines above (0 mismatches; summary pages hold parent + child lines)"
nasa_fy2025_budget_request_congressional_justification,258,Science: Earth Science / EARTH SYSTEMATIC MISSIONS,NASA-ISRO SAR,93.5,72.1,29.3,21.1,12.0,0.1,0.0,PDF p258 Budget Authority table,"R70 full-extraction pass, read from the hosted PDF 2026-09-27; FY2023 op plan/actual, FY2024 CR/enacted as labelled on each page; FY2026-29 notional; ""Total Budget"" rows checked against the lines above (0 mismatches; summary pages hold parent + child lines)"
nasa_fy2025_budget_request_congressional_justification,258,Science: Earth Science / EARTH SYSTEMATIC MISSIONS,Sentinel-6,40.3,51.3,36.5,18.1,8.7,5.7,7.1,PDF p258 Budget Authority table,"R70 full-extraction pass, read from the hosted PDF 2026-09-27; FY2023 op plan/actual, FY2024 CR/enacted as labelled on each page; FY2026-29 notional; ""Total Budget"" rows checked against the lines above (0 mismatches; summary pages hold parent + child lines)"
nasa_fy2025_budget_request_congressional_justification,258,Science: Earth Science / EARTH SYSTEMATIC MISSIONS,PACE,112.8,75.5,26.3,24.8,8.5,0.0,0.0,PDF p258 Budget Authority table,"R70 full-extraction pass, read from the hosted PDF 2026-09-27; FY2023 op plan/actual, FY2024 CR/enacted as labelled on each page; FY2026-29 notional; ""Total Budget"" rows checked against the lines above (0 mismatches; summary pages hold parent + child lines)"
nasa_fy2025_budget_request_congressional_justification,258,Science: Earth Science / EARTH SYSTEMATIC MISSIONS,GRACE-Continuity,166.8,--,102.4,41.8,57.2,82.6,25.3,PDF p258 Budget Authority table,"R70 full-extraction pass, read from the hosted PDF 2026-09-27; FY2023 op plan/actual, FY2024 CR/enacted as labelled on each page; FY2026-29 notional; ""Total Budget"" rows checked against the lines above (0 mismatches; summary pages hold parent + child lines)"
nasa_fy2025_budget_request_congressional_justification,258,Science: Earth Science / EARTH SYSTEMATIC MISSIONS,Other Missions and Data Analysis,501.6,--,660.0,762.9,801.7,781.4,725.5,PDF p258 Budget Authority table,"R70 full-extraction pass, read from the hosted PDF 2026-09-27; FY2023 op plan/actual, FY2024 CR/enacted as labelled on each page; FY2026-29 notional; ""Total Budget"" rows checked against the lines above (0 mismatches; summary pages hold parent + child lines)"
nasa_fy2025_budget_request_congressional_justification,258,Science: Earth Science / EARTH SYSTEMATIC MISSIONS,Total Budget,915.0,--,854.4,868.7,888.2,869.9,757.8,PDF p258 Budget Authority table,"R70 full-extraction pass, read from the hosted PDF 2026-09-27; FY2023 op plan/actual, FY2024 CR/enacted as labelled on each page; FY2026-29 notional; ""Total Budget"" rows checked against the lines above (0 mismatches; summary pages hold parent + child lines)"
nasa_fy2025_budget_request_congressional_justification,276,Science: Earth Science: Earth Systematic Missions / GRACE-CONTINUITY,Total Budget,166.8,--,102.4,41.8,57.2,82.6,25.3,PDF p276 Budget Authority table,"R70 full-extraction pass, read from the hosted PDF 2026-09-27; FY2023 op plan/actual, FY2024 CR/enacted as labelled on each page; FY2026-29 notional; ""Total Budget"" rows checked against the lines above (0 mismatches; summary pages hold parent + child lines)"
nasa_fy2025_budget_request_congressional_justification,280,Science: Earth Science: Earth Systematic Missions / OTHER MISSIONS AND DATA ANALYSIS,Surface Biology and Geology - VSWIR,0.0,--,19.0,71.0,97.0,101.0,71.0,PDF p280 Budget Authority table,"R70 full-extraction pass, read from the hosted PDF 2026-09-27; FY2023 op plan/actual, FY2024 CR/enacted as labelled on each page; FY2026-29 notional; ""Total Budget"" rows checked against the lines above (0 mismatches; summary pages hold parent + child lines)"
nasa_fy2025_budget_request_congressional_justification,280,Science: Earth Science: Earth Systematic Missions / OTHER MISSIONS AND DATA ANALYSIS,Atmosphere Observing System-Sky,33.7,--,0.0,0.0,0.0,0.0,0.0,PDF p280 Budget Authority table,"R70 full-extraction pass, read from the hosted PDF 2026-09-27; FY2023 op plan/actual, FY2024 CR/enacted as labelled on each page; FY2026-29 notional; ""Total Budget"" rows checked against the lines above (0 mismatches; summary pages hold parent + child lines)"
nasa_fy2025_budget_request_congressional_justification,280,Science: Earth Science: Earth Systematic Missions / OTHER MISSIONS AND DATA ANALYSIS,Precipitation Measuring Mission (PMM),20.9,--,19.8,20.2,21.1,24.3,18.0,PDF p280 Budget Authority table,"R70 full-extraction pass, read from the hosted PDF 2026-09-27; FY2023 op plan/actual, FY2024 CR/enacted as labelled on each page; FY2026-29 notional; ""Total Budget"" rows checked against the lines above (0 mismatches; summary pages hold parent + child lines)"
nasa_fy2025_budget_request_congressional_justification,280,Science: Earth Science: Earth Systematic Missions / OTHER MISSIONS AND DATA ANALYSIS,Landsat Next,22.5,--,150.0,183.8,182.4,180.4,211.7,PDF p280 Budget Authority table,"R70 full-extraction pass, read from the hosted PDF 2026-09-27; FY2023 op plan/actual, FY2024 CR/enacted as labelled on each page; FY2026-29 notional; ""Total Budget"" rows checked against the lines above (0 mismatches; summary pages hold parent + child lines)"
nasa_fy2025_budget_request_congressional_justification,280,Science: Earth Science: Earth Systematic Missions / OTHER MISSIONS AND DATA ANALYSIS,Surface Biology and Geology - TIR,46.9,--,30.0,52.0,72.0,48.0,49.0,PDF p280 Budget Authority table,"R70 full-extraction pass, read from the hosted PDF 2026-09-27; FY2023 op plan/actual, FY2024 CR/enacted as labelled on each page; FY2026-29 notional; ""Total Budget"" rows checked against the lines above (0 mismatches; summary pages hold parent + child lines)"
nasa_fy2025_budget_request_congressional_justification,280,Science: Earth Science: Earth Systematic Missions / OTHER MISSIONS AND DATA ANALYSIS,Sustained Climate Observations Future Mi,1.3,--,12.4,13.7,10.6,14.8,7.6,PDF p280 Budget Authority table,"R70 full-extraction pass, read from the hosted PDF 2026-09-27; FY2023 op plan/actual, FY2024 CR/enacted as labelled on each page; FY2026-29 notional; ""Total Budget"" rows checked against the lines above (0 mismatches; summary pages hold parent + child lines)"
nasa_fy2025_budget_request_congressional_justification,280,Science: Earth Science: Earth Systematic Missions / OTHER MISSIONS AND DATA ANALYSIS,Earth Systematic Missions (ESM) Research,23.3,--,46.0,42.8,41.5,41.6,41.6,PDF p280 Budget Authority table,"R70 full-extraction pass, read from the hosted PDF 2026-09-27; FY2023 op plan/actual, FY2024 CR/enacted as labelled on each page; FY2026-29 notional; ""Total Budget"" rows checked against the lines above (0 mismatches; summary pages hold parent + child lines)"
nasa_fy2025_budget_request_congressional_justification,280,Science: Earth Science: Earth Systematic Missions / OTHER MISSIONS AND DATA ANALYSIS,Surface Water and Ocean Topography Mission,20.1,--,16.2,15.1,0.8,0.0,0.0,PDF p280 Budget Authority table,"R70 full-extraction pass, read from the hosted PDF 2026-09-27; FY2023 op plan/actual, FY2024 CR/enacted as labelled on each page; FY2026-29 notional; ""Total Budget"" rows checked against the lines above (0 mismatches; summary pages hold parent + child lines)"
nasa_fy2025_budget_request_congressional_justification,280,Science: Earth Science: Earth Systematic Missions / OTHER MISSIONS AND DATA ANALYSIS,Ocean Surface Topography Science Team,5.3,--,0.0,0.0,0.0,0.0,0.0,PDF p280 Budget Authority table,"R70 full-extraction pass, read from the hosted PDF 2026-09-27; FY2023 op plan/actual, FY2024 CR/enacted as labelled on each page; FY2026-29 notional; ""Total Budget"" rows checked against the lines above (0 mismatches; summary pages hold parent + child lines)"
nasa_fy2025_budget_request_congressional_justification,280,Science: Earth Science: Earth Systematic Missions / OTHER MISSIONS AND DATA ANALYSIS,Earth Observations Systems (EOS) Research,9.5,--,0.0,0.0,0.0,0.0,0.0,PDF p280 Budget Authority table,"R70 full-extraction pass, read from the hosted PDF 2026-09-27; FY2023 op plan/actual, FY2024 CR/enacted as labelled on each page; FY2026-29 notional; ""Total Budget"" rows checked against the lines above (0 mismatches; summary pages hold parent + child lines)"
nasa_fy2025_budget_request_congressional_justification,280,Science: Earth Science: Earth Systematic Missions / OTHER MISSIONS AND DATA ANALYSIS,Landsat 9,2.9,--,3.0,3.1,3.1,0.0,0.0,PDF p280 Budget Authority table,"R70 full-extraction pass, read from the hosted PDF 2026-09-27; FY2023 op plan/actual, FY2024 CR/enacted as labelled on each page; FY2026-29 notional; ""Total Budget"" rows checked against the lines above (0 mismatches; summary pages hold parent + child lines)"
nasa_fy2025_budget_request_congressional_justification,280,Science: Earth Science: Earth Systematic Missions / OTHER MISSIONS AND DATA ANALYSIS,Sage III,4.6,--,4.2,4.2,0.0,0.0,0.0,PDF p280 Budget Authority table,"R70 full-extraction pass, read from the hosted PDF 2026-09-27; FY2023 op plan/actual, FY2024 CR/enacted as labelled on each page; FY2026-29 notional; ""Total Budget"" rows checked against the lines above (0 mismatches; summary pages hold parent + child lines)"
nasa_fy2025_budget_request_congressional_justification,280,Science: Earth Science: Earth Systematic Missions / OTHER MISSIONS AND DATA ANALYSIS,Radiation Budget Instrument (RBI),0.2,--,0.0,0.0,0.0,0.0,0.0,PDF p280 Budget Authority table,"R70 full-extraction pass, read from the hosted PDF 2026-09-27; FY2023 op plan/actual, FY2024 CR/enacted as labelled on each page; FY2026-29 notional; ""Total Budget"" rows checked against the lines above (0 mismatches; summary pages hold parent + child lines)"
nasa_fy2025_budget_request_congressional_justification,280,Science: Earth Science: Earth Systematic Missions / OTHER MISSIONS AND DATA ANALYSIS,Sustainable Land Imaging,4.6,--,0.0,0.0,0.0,2.7,2.6,PDF p280 Budget Authority table,"R70 full-extraction pass, read from the hosted PDF 2026-09-27; FY2023 op plan/actual, FY2024 CR/enacted as labelled on each page; FY2026-29 notional; ""Total Budget"" rows checked against the lines above (0 mismatches; summary pages hold parent + child lines)"
nasa_fy2025_budget_request_congressional_justification,280,Science: Earth Science: Earth Systematic Missions / OTHER MISSIONS AND DATA ANALYSIS,Earth from ISS,1.7,--,0.9,0.0,0.0,0.0,0.0,PDF p280 Budget Authority table,"R70 full-extraction pass, read from the hosted PDF 2026-09-27; FY2023 op plan/actual, FY2024 CR/enacted as labelled on each page; FY2026-29 notional; ""Total Budget"" rows checked against the lines above (0 mismatches; summary pages hold parent + child lines)"
nasa_fy2025_budget_request_congressional_justification,280,Science: Earth Science: Earth Systematic Missions / OTHER MISSIONS AND DATA ANALYSIS,Total Solar Irradiance Sensor-2 (TSIS-2),11.2,--,43.1,6.4,6.0,6.5,3.6,PDF p280 Budget Authority table,"R70 full-extraction pass, read from the hosted PDF 2026-09-27; FY2023 op plan/actual, FY2024 CR/enacted as labelled on each page; FY2026-29 notional; ""Total Budget"" rows checked against the lines above (0 mismatches; summary pages hold parent + child lines)"
nasa_fy2025_budget_request_congressional_justification,280,Science: Earth Science: Earth Systematic Missions / OTHER MISSIONS AND DATA ANALYSIS,Earth Radiation Data Continuity,12.4,--,15.9,15.9,15.9,15.9,15.9,PDF p280 Budget Authority table,"R70 full-extraction pass, read from the hosted PDF 2026-09-27; FY2023 op plan/actual, FY2024 CR/enacted as labelled on each page; FY2026-29 notional; ""Total Budget"" rows checked against the lines above (0 mismatches; summary pages hold parent + child lines)"
nasa_fy2025_budget_request_congressional_justification,280,Science: Earth Science: Earth Systematic Missions / OTHER MISSIONS AND DATA ANALYSIS,Ozone Mapping and Profiler Suite (OMPS),2.1,--,2.9,1.4,1.5,1.5,1.6,PDF p280 Budget Authority table,"R70 full-extraction pass, read from the hosted PDF 2026-09-27; FY2023 op plan/actual, FY2024 CR/enacted as labelled on each page; FY2026-29 notional; ""Total Budget"" rows checked against the lines above (0 mismatches; summary pages hold parent + child lines)"
nasa_fy2025_budget_request_congressional_justification,280,Science: Earth Science: Earth Systematic Missions / OTHER MISSIONS AND DATA ANALYSIS,Total Solar Irradiance Sensor-1 (TSIS-1),4.3,--,3.9,3.9,0.0,0.0,0.0,PDF p280 Budget Authority table,"R70 full-extraction pass, read from the hosted PDF 2026-09-27; FY2023 op plan/actual, FY2024 CR/enacted as labelled on each page; FY2026-29 notional; ""Total Budget"" rows checked against the lines above (0 mismatches; summary pages hold parent + child lines)"
nasa_fy2025_budget_request_congressional_justification,280,Science: Earth Science: Earth Systematic Missions / OTHER MISSIONS AND DATA ANALYSIS,CLARREO Pathfinder,9.4,--,15.7,13.6,9.8,2.5,0.0,PDF p280 Budget Authority table,"R70 full-extraction pass, read from the hosted PDF 2026-09-27; FY2023 op plan/actual, FY2024 CR/enacted as labelled on each page; FY2026-29 notional; ""Total Budget"" rows checked against the lines above (0 mismatches; summary pages hold parent + child lines)"
nasa_fy2025_budget_request_congressional_justification,280,Science: Earth Science: Earth Systematic Missions / OTHER MISSIONS AND DATA ANALYSIS,Earth System Observatory Future Missions,17.4,--,48.7,114.0,140.3,145.6,111.3,PDF p280 Budget Authority table,"R70 full-extraction pass, read from the hosted PDF 2026-09-27; FY2023 op plan/actual, FY2024 CR/enacted as labelled on each page; FY2026-29 notional; ""Total Budget"" rows checked against the lines above (0 mismatches; summary pages hold parent + child lines)"
nasa_fy2025_budget_request_congressional_justification,280,Science: Earth Science: Earth Systematic Missions / OTHER MISSIONS AND DATA ANALYSIS,Earth Science Program Management,67.6,--,66.5,63.8,64.5,65.3,65.9,PDF p280 Budget Authority table,"R70 full-extraction pass, read from the hosted PDF 2026-09-27; FY2023 op plan/actual, FY2024 CR/enacted as labelled on each page; FY2026-29 notional; ""Total Budget"" rows checked against the lines above (0 mismatches; summary pages hold parent + child lines)"
nasa_fy2025_budget_request_congressional_justification,280,Science: Earth Science: Earth Systematic Missions / OTHER MISSIONS AND DATA ANALYSIS,Precipitation Science Team,5.9,--,0.0,0.0,0.0,0.0,0.0,PDF p280 Budget Authority table,"R70 full-extraction pass, read from the hosted PDF 2026-09-27; FY2023 op plan/actual, FY2024 CR/enacted as labelled on each page; FY2026-29 notional; ""Total Budget"" rows checked against the lines above (0 mismatches; summary pages hold parent + child lines)"
nasa_fy2025_budget_request_congressional_justification,280,Science: Earth Science: Earth Systematic Missions / OTHER MISSIONS AND DATA ANALYSIS,Ocean Winds Science Team,2.9,--,0.0,0.0,0.0,0.0,0.0,PDF p280 Budget Authority table,"R70 full-extraction pass, read from the hosted PDF 2026-09-27; FY2023 op plan/actual, FY2024 CR/enacted as labelled on each page; FY2026-29 notional; ""Total Budget"" rows checked against the lines above (0 mismatches; summary pages hold parent + child lines)"
nasa_fy2025_budget_request_congressional_justification,280,Science: Earth Science: Earth Systematic Missions / OTHER MISSIONS AND DATA ANALYSIS,Land Cover Science Project Office,1.2,--,0.0,0.0,0.0,0.0,0.0,PDF p280 Budget Authority table,"R70 full-extraction pass, read from the hosted PDF 2026-09-27; FY2023 op plan/actual, FY2024 CR/enacted as labelled on each page; FY2026-29 notional; ""Total Budget"" rows checked against the lines above (0 mismatches; summary pages hold parent + child lines)"
nasa_fy2025_budget_request_congressional_justification,280,Science: Earth Science: Earth Systematic Missions / OTHER MISSIONS AND DATA ANALYSIS,Ocean Salinity Science Team,6.9,--,0.0,0.0,0.0,0.0,0.0,PDF p280 Budget Authority table,"R70 full-extraction pass, read from the hosted PDF 2026-09-27; FY2023 op plan/actual, FY2024 CR/enacted as labelled on each page; FY2026-29 notional; ""Total Budget"" rows checked against the lines above (0 mismatches; summary pages hold parent + child lines)"
nasa_fy2025_budget_request_congressional_justification,280,Science: Earth Science: Earth Systematic Missions / OTHER MISSIONS AND DATA ANALYSIS,Soil Moisture Active and Passive (SMAP),18.0,--,11.5,11.4,0.0,0.0,0.0,PDF p280 Budget Authority table,"R70 full-extraction pass, read from the hosted PDF 2026-09-27; FY2023 op plan/actual, FY2024 CR/enacted as labelled on each page; FY2026-29 notional; ""Total Budget"" rows checked against the lines above (0 mismatches; summary pages hold parent + child lines)"
nasa_fy2025_budget_request_congressional_justification,280,Science: Earth Science: Earth Systematic Missions / OTHER MISSIONS AND DATA ANALYSIS,Deep Space Climate Observatory,1.5,--,1.6,1.5,0.0,0.0,0.0,PDF p280 Budget Authority table,"R70 full-extraction pass, read from the hosted PDF 2026-09-27; FY2023 op plan/actual, FY2024 CR/enacted as labelled on each page; FY2026-29 notional; ""Total Budget"" rows checked against the lines above (0 mismatches; summary pages hold parent + child lines)"
nasa_fy2025_budget_request_congressional_justification,280,Science: Earth Science: Earth Systematic Missions / OTHER MISSIONS AND DATA ANALYSIS,Global Precipitation Measurement (GPM),20.5,--,18.6,18.4,0.0,0.0,0.0,PDF p280 Budget Authority table,"R70 full-extraction pass, read from the hosted PDF 2026-09-27; FY2023 op plan/actual, FY2024 CR/enacted as labelled on each page; FY2026-29 notional; ""Total Budget"" rows checked against the lines above (0 mismatches; summary pages hold parent + child lines)"
nasa_fy2025_budget_request_congressional_justification,280,Science: Earth Science: Earth Systematic Missions / OTHER MISSIONS AND DATA ANALYSIS,Suomi National Polar-Orbiting Partnership (Suomi NPP),3.5,--,4.0,4.1,4.2,4.3,4.3,PDF p280 Budget Authority table,"R70 full-extraction pass, read from the hosted PDF 2026-09-27; FY2023 op plan/actual, FY2024 CR/enacted as labelled on each page; FY2026-29 notional; ""Total Budget"" rows checked against the lines above (0 mismatches; summary pages hold parent + child lines)"
nasa_fy2025_budget_request_congressional_justification,280,Science: Earth Science: Earth Systematic Missions / OTHER MISSIONS AND DATA ANALYSIS,Terra,22.1,--,15.6,16.1,17.2,9.5,9.5,PDF p280 Budget Authority table,"R70 full-extraction pass, read from the hosted PDF 2026-09-27; FY2023 op plan/actual, FY2024 CR/enacted as labelled on each page; FY2026-29 notional; ""Total Budget"" rows checked against the lines above (0 mismatches; summary pages hold parent + child lines)"
nasa_fy2025_budget_request_congressional_justification,280,Science: Earth Science: Earth Systematic Missions / OTHER MISSIONS AND DATA ANALYSIS,Aqua,27.6,--,17.7,16.2,11.4,6.9,6.9,PDF p280 Budget Authority table,"R70 full-extraction pass, read from the hosted PDF 2026-09-27; FY2023 op plan/actual, FY2024 CR/enacted as labelled on each page; FY2026-29 notional; ""Total Budget"" rows checked against the lines above (0 mismatches; summary pages hold parent + child lines)"
nasa_fy2025_budget_request_congressional_justification,280,Science: Earth Science: Earth Systematic Missions / OTHER MISSIONS AND DATA ANALYSIS,Aura,18.8,--,12.7,9.2,4.2,1.7,0.0,PDF p280 Budget Authority table,"R70 full-extraction pass, read from the hosted PDF 2026-09-27; FY2023 op plan/actual, FY2024 CR/enacted as labelled on each page; FY2026-29 notional; ""Total Budget"" rows checked against the lines above (0 mismatches; summary pages hold parent + child lines)"
nasa_fy2025_budget_request_congressional_justification,280,Science: Earth Science: Earth Systematic Missions / OTHER MISSIONS AND DATA ANALYSIS,ICESat-2,26.0,--,20.1,20.3,0.0,0.0,0.0,PDF p280 Budget Authority table,"R70 full-extraction pass, read from the hosted PDF 2026-09-27; FY2023 op plan/actual, FY2024 CR/enacted as labelled on each page; FY2026-29 notional; ""Total Budget"" rows checked against the lines above (0 mismatches; summary pages hold parent + child lines)"
nasa_fy2025_budget_request_congressional_justification,280,Science: Earth Science: Earth Systematic Missions / OTHER MISSIONS AND DATA ANALYSIS,GRACE Follow-On,12.7,--,8.8,9.1,0.0,0.0,0.0,PDF p280 Budget Authority table,"R70 full-extraction pass, read from the hosted PDF 2026-09-27; FY2023 op plan/actual, FY2024 CR/enacted as labelled on each page; FY2026-29 notional; ""Total Budget"" rows checked against the lines above (0 mismatches; summary pages hold parent + child lines)"
nasa_fy2025_budget_request_congressional_justification,280,Science: Earth Science: Earth Systematic Missions / OTHER MISSIONS AND DATA ANALYSIS,Ocean Measurements Research,0.0,--,17.4,17.9,18.3,18.6,18.6,PDF p280 Budget Authority table,"R70 full-extraction pass, read from the hosted PDF 2026-09-27; FY2023 op plan/actual, FY2024 CR/enacted as labelled on each page; FY2026-29 notional; ""Total Budget"" rows checked against the lines above (0 mismatches; summary pages hold parent + child lines)"
nasa_fy2025_budget_request_congressional_justification,280,Science: Earth Science: Earth Systematic Missions / OTHER MISSIONS AND DATA ANALYSIS,Earth Science Senior Review,0.0,--,0.0,0.0,68.5,82.5,81.7,PDF p280 Budget Authority table,"R70 full-extraction pass, read from the hosted PDF 2026-09-27; FY2023 op plan/actual, FY2024 CR/enacted as labelled on each page; FY2026-29 notional; ""Total Budget"" rows checked against the lines above (0 mismatches; summary pages hold parent + child lines)"
nasa_fy2025_budget_request_congressional_justification,280,Science: Earth Science: Earth Systematic Missions / OTHER MISSIONS AND DATA ANALYSIS,Copernicus Polar Ice and Snow Topography,12.1,--,33.8,14.0,11.6,7.7,4.8,PDF p280 Budget Authority table,"R70 full-extraction pass, read from the hosted PDF 2026-09-27; FY2023 op plan/actual, FY2024 CR/enacted as labelled on each page; FY2026-29 notional; ""Total Budget"" rows checked against the lines above (0 mismatches; summary pages hold parent + child lines)"
nasa_fy2025_budget_request_congressional_justification,280,Science: Earth Science: Earth Systematic Missions / OTHER MISSIONS AND DATA ANALYSIS,Total Budget,501.6,--,660.0,762.9,801.7,781.4,725.5,PDF p280 Budget Authority table,"R70 full-extraction pass, read from the hosted PDF 2026-09-27; FY2023 op plan/actual, FY2024 CR/enacted as labelled on each page; FY2026-29 notional; ""Total Budget"" rows checked against the lines above (0 mismatches; summary pages hold parent + child lines)"
nasa_fy2025_budget_request_congressional_justification,298,Science: Earth Science / EARTH SYSTEM EXPLORERS,Total Budget,2.5,--,19.6,59.0,99.5,130.6,194.7,PDF p298 Budget Authority table,"R70 full-extraction pass, read from the hosted PDF 2026-09-27; FY2023 op plan/actual, FY2024 CR/enacted as labelled on each page; FY2026-29 notional; ""Total Budget"" rows checked against the lines above (0 mismatches; summary pages hold parent + child lines)"
nasa_fy2025_budget_request_congressional_justification,301,Science: Earth Science / RESPONSIVE SCIENCE INITIATIVES,Total Budget,55.0,--,167.7,173.9,176.4,177.9,179.5,PDF p301 Budget Authority table,"R70 full-extraction pass, read from the hosted PDF 2026-09-27; FY2023 op plan/actual, FY2024 CR/enacted as labelled on each page; FY2026-29 notional; ""Total Budget"" rows checked against the lines above (0 mismatches; summary pages hold parent + child lines)"
nasa_fy2025_budget_request_congressional_justification,309,Science: Earth Science / EARTH SYSTEM SCIENCE PATHFINDER,Venture Class Missions,161.2,--,200.4,205.0,181.5,201.9,283.3,PDF p309 Budget Authority table,"R70 full-extraction pass, read from the hosted PDF 2026-09-27; FY2023 op plan/actual, FY2024 CR/enacted as labelled on each page; FY2026-29 notional; ""Total Budget"" rows checked against the lines above (0 mismatches; summary pages hold parent + child lines)"
nasa_fy2025_budget_request_congressional_justification,309,Science: Earth Science / EARTH SYSTEM SCIENCE PATHFINDER,Other Missions and Data Analysis,70.9,--,51.3,41.0,20.6,23.1,25.6,PDF p309 Budget Authority table,"R70 full-extraction pass, read from the hosted PDF 2026-09-27; FY2023 op plan/actual, FY2024 CR/enacted as labelled on each page; FY2026-29 notional; ""Total Budget"" rows checked against the lines above (0 mismatches; summary pages hold parent + child lines)"
nasa_fy2025_budget_request_congressional_justification,309,Science: Earth Science / EARTH SYSTEM SCIENCE PATHFINDER,Total Budget,232.1,--,251.7,246.0,202.1,225.0,308.9,PDF p309 Budget Authority table,"R70 full-extraction pass, read from the hosted PDF 2026-09-27; FY2023 op plan/actual, FY2024 CR/enacted as labelled on each page; FY2026-29 notional; ""Total Budget"" rows checked against the lines above (0 mismatches; summary pages hold parent + child lines)"
nasa_fy2025_budget_request_congressional_justification,310,Science: Earth Science: Earth System Science Pathfinder / VENTURE CLASS MISSIONS,Total Budget,161.2,--,200.4,205.0,181.5,201.9,283.3,PDF p310 Budget Authority table,"R70 full-extraction pass, read from the hosted PDF 2026-09-27; FY2023 op plan/actual, FY2024 CR/enacted as labelled on each page; FY2026-29 notional; ""Total Budget"" rows checked against the lines above (0 mismatches; summary pages hold parent + child lines)"
nasa_fy2025_budget_request_congressional_justification,325,Science: Earth Science: Earth System Science Pathfinder / OTHER MISSIONS AND DATA ANALYSIS,ESSP Missions Research,17.5,--,25.3,24.6,20.6,23.1,25.6,PDF p325 Budget Authority table,"R70 full-extraction pass, read from the hosted PDF 2026-09-27; FY2023 op plan/actual, FY2024 CR/enacted as labelled on each page; FY2026-29 notional; ""Total Budget"" rows checked against the lines above (0 mismatches; summary pages hold parent + child lines)"
nasa_fy2025_budget_request_congressional_justification,325,Science: Earth Science: Earth System Science Pathfinder / OTHER MISSIONS AND DATA ANALYSIS,Orbiting Carbon Observatory-3,8.7,--,7.2,7.2,0.0,0.0,0.0,PDF p325 Budget Authority table,"R70 full-extraction pass, read from the hosted PDF 2026-09-27; FY2023 op plan/actual, FY2024 CR/enacted as labelled on each page; FY2026-29 notional; ""Total Budget"" rows checked against the lines above (0 mismatches; summary pages hold parent + child lines)"
nasa_fy2025_budget_request_congressional_justification,325,Science: Earth Science: Earth System Science Pathfinder / OTHER MISSIONS AND DATA ANALYSIS,OCO-2,9.7,--,9.2,9.2,0.0,0.0,0.0,PDF p325 Budget Authority table,"R70 full-extraction pass, read from the hosted PDF 2026-09-27; FY2023 op plan/actual, FY2024 CR/enacted as labelled on each page; FY2026-29 notional; ""Total Budget"" rows checked against the lines above (0 mismatches; summary pages hold parent + child lines)"
nasa_fy2025_budget_request_congressional_justification,325,Science: Earth Science: Earth System Science Pathfinder / OTHER MISSIONS AND DATA ANALYSIS,CloudSat,8.0,--,4.4,0.0,0.0,0.0,0.0,PDF p325 Budget Authority table,"R70 full-extraction pass, read from the hosted PDF 2026-09-27; FY2023 op plan/actual, FY2024 CR/enacted as labelled on each page; FY2026-29 notional; ""Total Budget"" rows checked against the lines above (0 mismatches; summary pages hold parent + child lines)"
nasa_fy2025_budget_request_congressional_justification,325,Science: Earth Science: Earth System Science Pathfinder / OTHER MISSIONS AND DATA ANALYSIS,Cloud-Aerosol Lidar and Infrared Pathfinder Satellite Observations (CALIPSO),6.9,--,5.3,0.0,0.0,0.0,0.0,PDF p325 Budget Authority table,"R70 full-extraction pass, read from the hosted PDF 2026-09-27; FY2023 op plan/actual, FY2024 CR/enacted as labelled on each page; FY2026-29 notional; ""Total Budget"" rows checked against the lines above (0 mismatches; summary pages hold parent + child lines)"
nasa_fy2025_budget_request_congressional_justification,325,Science: Earth Science: Earth System Science Pathfinder / OTHER MISSIONS AND DATA ANALYSIS,GeoCarb,20.0,--,0.0,0.0,0.0,0.0,0.0,PDF p325 Budget Authority table,"R70 full-extraction pass, read from the hosted PDF 2026-09-27; FY2023 op plan/actual, FY2024 CR/enacted as labelled on each page; FY2026-29 notional; ""Total Budget"" rows checked against the lines above (0 mismatches; summary pages hold parent + child lines)"
nasa_fy2025_budget_request_congressional_justification,325,Science: Earth Science: Earth System Science Pathfinder / OTHER MISSIONS AND DATA ANALYSIS,Total Budget,70.9,--,51.3,41.0,20.6,23.1,25.6,PDF p325 Budget Authority table,"R70 full-extraction pass, read from the hosted PDF 2026-09-27; FY2023 op plan/actual, FY2024 CR/enacted as labelled on each page; FY2026-29 notional; ""Total Budget"" rows checked against the lines above (0 mismatches; summary pages hold parent + child lines)"
nasa_fy2025_budget_request_congressional_justification,329,Science: Earth Science / EARTH SCIENCE DATA SYSTEMS,Total Budget,291.1,--,263.2,257.6,268.3,269.8,276.3,PDF p329 Budget Authority table,"R70 full-extraction pass, read from the hosted PDF 2026-09-27; FY2023 op plan/actual, FY2024 CR/enacted as labelled on each page; FY2026-29 notional; ""Total Budget"" rows checked against the lines above (0 mismatches; summary pages hold parent + child lines)"
nasa_fy2025_budget_request_congressional_justification,338,Science: Earth Science / EARTH SCIENCE TECHNOLOGY,Total Budget,102.2,--,147.2,109.4,110.6,111.8,113.0,PDF p338 Budget Authority table,"R70 full-extraction pass, read from the hosted PDF 2026-09-27; FY2023 op plan/actual, FY2024 CR/enacted as labelled on each page; FY2026-29 notional; ""Total Budget"" rows checked against the lines above (0 mismatches; summary pages hold parent + child lines)"
nasa_fy2025_budget_request_congressional_justification,344,Science: Earth Science / APPLIED SCIENCES,Total Budget,75.2,--,68.6,73.3,73.5,75.8,75.9,PDF p344 Budget Authority table,"R70 full-extraction pass, read from the hosted PDF 2026-09-27; FY2023 op plan/actual, FY2024 CR/enacted as labelled on each page; FY2026-29 notional; ""Total Budget"" rows checked against the lines above (0 mismatches; summary pages hold parent + child lines)"
nasa_fy2025_budget_request_congressional_justification,352,Science / PLANETARY SCIENCE,Planetary Science Research,310.6,--,390.1,386.4,392.5,405.3,407.8,PDF p352 Budget Authority table,"R70 full-extraction pass, read from the hosted PDF 2026-09-27; FY2023 op plan/actual, FY2024 CR/enacted as labelled on each page; FY2026-29 notional; ""Total Budget"" rows checked against the lines above (0 mismatches; summary pages hold parent + child lines)"
nasa_fy2025_budget_request_congressional_justification,352,Science / PLANETARY SCIENCE,Planetary Defense,135.5,--,276.6,369.3,299.6,81.0,78.1,PDF p352 Budget Authority table,"R70 full-extraction pass, read from the hosted PDF 2026-09-27; FY2023 op plan/actual, FY2024 CR/enacted as labelled on each page; FY2026-29 notional; ""Total Budget"" rows checked against the lines above (0 mismatches; summary pages hold parent + child lines)"
nasa_fy2025_budget_request_congressional_justification,352,Science / PLANETARY SCIENCE,Lunar Discovery and Exploration,486.3,--,458.3,456.8,467.8,479.1,488.5,PDF p352 Budget Authority table,"R70 full-extraction pass, read from the hosted PDF 2026-09-27; FY2023 op plan/actual, FY2024 CR/enacted as labelled on each page; FY2026-29 notional; ""Total Budget"" rows checked against the lines above (0 mismatches; summary pages hold parent + child lines)"
nasa_fy2025_budget_request_congressional_justification,352,Science / PLANETARY SCIENCE,Discovery,217.5,--,261.5,418.3,588.0,790.8,912.4,PDF p352 Budget Authority table,"R70 full-extraction pass, read from the hosted PDF 2026-09-27; FY2023 op plan/actual, FY2024 CR/enacted as labelled on each page; FY2026-29 notional; ""Total Budget"" rows checked against the lines above (0 mismatches; summary pages hold parent + child lines)"
nasa_fy2025_budget_request_congressional_justification,352,Science / PLANETARY SCIENCE,New Frontiers,488.2,--,500.5,533.0,484.2,471.6,298.3,PDF p352 Budget Authority table,"R70 full-extraction pass, read from the hosted PDF 2026-09-27; FY2023 op plan/actual, FY2024 CR/enacted as labelled on each page; FY2026-29 notional; ""Total Budget"" rows checked against the lines above (0 mismatches; summary pages hold parent + child lines)"
nasa_fy2025_budget_request_congressional_justification,352,Science / PLANETARY SCIENCE,Mars Exploration,248.1,--,324.5,298.6,305.8,353.3,390.7,PDF p352 Budget Authority table,"R70 full-extraction pass, read from the hosted PDF 2026-09-27; FY2023 op plan/actual, FY2024 CR/enacted as labelled on each page; FY2026-29 notional; ""Total Budget"" rows checked against the lines above (0 mismatches; summary pages hold parent + child lines)"
nasa_fy2025_budget_request_congressional_justification,352,Science / PLANETARY SCIENCE,Mars Sample Return,818.8,--,200.0,100.0,100.0,100.0,100.0,PDF p352 Budget Authority table,"R70 full-extraction pass, read from the hosted PDF 2026-09-27; FY2023 op plan/actual, FY2024 CR/enacted as labelled on each page; FY2026-29 notional; ""Total Budget"" rows checked against the lines above (0 mismatches; summary pages hold parent + child lines)"
nasa_fy2025_budget_request_congressional_justification,352,Science / PLANETARY SCIENCE,Outer Planets and Ocean Worlds,356.8,--,119.0,97.4,97.1,126.3,204.3,PDF p352 Budget Authority table,"R70 full-extraction pass, read from the hosted PDF 2026-09-27; FY2023 op plan/actual, FY2024 CR/enacted as labelled on each page; FY2026-29 notional; ""Total Budget"" rows checked against the lines above (0 mismatches; summary pages hold parent + child lines)"
nasa_fy2025_budget_request_congressional_justification,352,Science / PLANETARY SCIENCE,Radioisotope Power,154.9,--,201.1,190.7,176.6,169.4,162.5,PDF p352 Budget Authority table,"R70 full-extraction pass, read from the hosted PDF 2026-09-27; FY2023 op plan/actual, FY2024 CR/enacted as labelled on each page; FY2026-29 notional; ""Total Budget"" rows checked against the lines above (0 mismatches; summary pages hold parent + child lines)"
nasa_fy2025_budget_request_congressional_justification,352,Science / PLANETARY SCIENCE,Total Budget,3216.5,--,2731.5,2850.5,2911.6,2976.8,3042.5,PDF p352 Budget Authority table,"R70 full-extraction pass, read from the hosted PDF 2026-09-27; FY2023 op plan/actual, FY2024 CR/enacted as labelled on each page; FY2026-29 notional; ""Total Budget"" rows checked against the lines above (0 mismatches; summary pages hold parent + child lines)"
nasa_fy2025_budget_request_congressional_justification,354,Science: Planetary Science / PLANETARY SCIENCE RESEARCH,Planetary Science Research and Analysis,205.1,--,249.3,249.2,252.2,260.9,264.4,PDF p354 Budget Authority table,"R70 full-extraction pass, read from the hosted PDF 2026-09-27; FY2023 op plan/actual, FY2024 CR/enacted as labelled on each page; FY2026-29 notional; ""Total Budget"" rows checked against the lines above (0 mismatches; summary pages hold parent + child lines)"
nasa_fy2025_budget_request_congressional_justification,354,Science: Planetary Science / PLANETARY SCIENCE RESEARCH,Other Missions and Data Analysis,105.5,--,140.8,137.2,140.2,144.4,143.4,PDF p354 Budget Authority table,"R70 full-extraction pass, read from the hosted PDF 2026-09-27; FY2023 op plan/actual, FY2024 CR/enacted as labelled on each page; FY2026-29 notional; ""Total Budget"" rows checked against the lines above (0 mismatches; summary pages hold parent + child lines)"
nasa_fy2025_budget_request_congressional_justification,354,Science: Planetary Science / PLANETARY SCIENCE RESEARCH,Total Budget,310.6,--,390.1,386.4,392.5,405.3,407.8,PDF p354 Budget Authority table,"R70 full-extraction pass, read from the hosted PDF 2026-09-27; FY2023 op plan/actual, FY2024 CR/enacted as labelled on each page; FY2026-29 notional; ""Total Budget"" rows checked against the lines above (0 mismatches; summary pages hold parent + child lines)"
nasa_fy2025_budget_request_congressional_justification,359,Science: Planetary Science: Planetary Science Research / OTHER MISSIONS AND DATA ANALYSIS,Advanced Multi-Mission Operation System,40.5,--,38.9,40.4,41.1,41.9,41.3,PDF p359 Budget Authority table,"R70 full-extraction pass, read from the hosted PDF 2026-09-27; FY2023 op plan/actual, FY2024 CR/enacted as labelled on each page; FY2026-29 notional; ""Total Budget"" rows checked against the lines above (0 mismatches; summary pages hold parent + child lines)"
nasa_fy2025_budget_request_congressional_justification,359,Science: Planetary Science: Planetary Science Research / OTHER MISSIONS AND DATA ANALYSIS,Planetary Data System,28.8,--,28.7,33.5,35.8,38.7,38.7,PDF p359 Budget Authority table,"R70 full-extraction pass, read from the hosted PDF 2026-09-27; FY2023 op plan/actual, FY2024 CR/enacted as labelled on each page; FY2026-29 notional; ""Total Budget"" rows checked against the lines above (0 mismatches; summary pages hold parent + child lines)"
nasa_fy2025_budget_request_congressional_justification,359,Science: Planetary Science: Planetary Science Research / OTHER MISSIONS AND DATA ANALYSIS,Astromaterial Curation,12.1,--,13.6,15.2,15.7,15.5,15.6,PDF p359 Budget Authority table,"R70 full-extraction pass, read from the hosted PDF 2026-09-27; FY2023 op plan/actual, FY2024 CR/enacted as labelled on each page; FY2026-29 notional; ""Total Budget"" rows checked against the lines above (0 mismatches; summary pages hold parent + child lines)"
nasa_fy2025_budget_request_congressional_justification,359,Science: Planetary Science: Planetary Science Research / OTHER MISSIONS AND DATA ANALYSIS,Robotics Alliance,5.0,--,5.0,5.0,5.0,5.1,5.1,PDF p359 Budget Authority table,"R70 full-extraction pass, read from the hosted PDF 2026-09-27; FY2023 op plan/actual, FY2024 CR/enacted as labelled on each page; FY2026-29 notional; ""Total Budget"" rows checked against the lines above (0 mismatches; summary pages hold parent + child lines)"
nasa_fy2025_budget_request_congressional_justification,359,Science: Planetary Science: Planetary Science Research / OTHER MISSIONS AND DATA ANALYSIS,Open Source Science,19.0,--,49.7,37.6,37.6,37.6,37.5,PDF p359 Budget Authority table,"R70 full-extraction pass, read from the hosted PDF 2026-09-27; FY2023 op plan/actual, FY2024 CR/enacted as labelled on each page; FY2026-29 notional; ""Total Budget"" rows checked against the lines above (0 mismatches; summary pages hold parent + child lines)"
nasa_fy2025_budget_request_congressional_justification,359,Science: Planetary Science: Planetary Science Research / OTHER MISSIONS AND DATA ANALYSIS,Planetary Technology,0.0,--,5.0,5.4,5.1,5.6,5.2,PDF p359 Budget Authority table,"R70 full-extraction pass, read from the hosted PDF 2026-09-27; FY2023 op plan/actual, FY2024 CR/enacted as labelled on each page; FY2026-29 notional; ""Total Budget"" rows checked against the lines above (0 mismatches; summary pages hold parent + child lines)"
nasa_fy2025_budget_request_congressional_justification,359,Science: Planetary Science: Planetary Science Research / OTHER MISSIONS AND DATA ANALYSIS,Total Budget,105.5,--,140.8,137.2,140.2,144.4,143.4,PDF p359 Budget Authority table,"R70 full-extraction pass, read from the hosted PDF 2026-09-27; FY2023 op plan/actual, FY2024 CR/enacted as labelled on each page; FY2026-29 notional; ""Total Budget"" rows checked against the lines above (0 mismatches; summary pages hold parent + child lines)"
nasa_fy2025_budget_request_congressional_justification,365,Science: Planetary Science / PLANETARY DEFENSE,NEO Surveyor,90.0,301.9,235.6,327.3,257.6,39.0,36.1,PDF p365 Budget Authority table,"R70 full-extraction pass, read from the hosted PDF 2026-09-27; FY2023 op plan/actual, FY2024 CR/enacted as labelled on each page; FY2026-29 notional; ""Total Budget"" rows checked against the lines above (0 mismatches; summary pages hold parent + child lines)"
nasa_fy2025_budget_request_congressional_justification,365,Science: Planetary Science / PLANETARY DEFENSE,Other Missions and Data Analysis,45.5,--,41.0,42.0,42.0,42.0,42.0,PDF p365 Budget Authority table,"R70 full-extraction pass, read from the hosted PDF 2026-09-27; FY2023 op plan/actual, FY2024 CR/enacted as labelled on each page; FY2026-29 notional; ""Total Budget"" rows checked against the lines above (0 mismatches; summary pages hold parent + child lines)"
nasa_fy2025_budget_request_congressional_justification,365,Science: Planetary Science / PLANETARY DEFENSE,Total Budget,135.5,--,276.6,369.3,299.6,81.0,78.1,PDF p365 Budget Authority table,"R70 full-extraction pass, read from the hosted PDF 2026-09-27; FY2023 op plan/actual, FY2024 CR/enacted as labelled on each page; FY2026-29 notional; ""Total Budget"" rows checked against the lines above (0 mismatches; summary pages hold parent + child lines)"
nasa_fy2025_budget_request_congressional_justification,373,Science: Planetary Science: Planetary Defense / OTHER MISSIONS AND DATA ANALYSIS,Double Asteroid Redirection Test,3.1,--,0.0,0.0,0.0,0.0,0.0,PDF p373 Budget Authority table,"R70 full-extraction pass, read from the hosted PDF 2026-09-27; FY2023 op plan/actual, FY2024 CR/enacted as labelled on each page; FY2026-29 notional; ""Total Budget"" rows checked against the lines above (0 mismatches; summary pages hold parent + child lines)"
nasa_fy2025_budget_request_congressional_justification,373,Science: Planetary Science: Planetary Defense / OTHER MISSIONS AND DATA ANALYSIS,Near Earth Object Observations,42.4,--,41.0,42.0,42.0,42.0,42.0,PDF p373 Budget Authority table,"R70 full-extraction pass, read from the hosted PDF 2026-09-27; FY2023 op plan/actual, FY2024 CR/enacted as labelled on each page; FY2026-29 notional; ""Total Budget"" rows checked against the lines above (0 mismatches; summary pages hold parent + child lines)"
nasa_fy2025_budget_request_congressional_justification,373,Science: Planetary Science: Planetary Defense / OTHER MISSIONS AND DATA ANALYSIS,Total Budget,45.5,--,41.0,42.0,42.0,42.0,42.0,PDF p373 Budget Authority table,"R70 full-extraction pass, read from the hosted PDF 2026-09-27; FY2023 op plan/actual, FY2024 CR/enacted as labelled on each page; FY2026-29 notional; ""Total Budget"" rows checked against the lines above (0 mismatches; summary pages hold parent + child lines)"
nasa_fy2025_budget_request_congressional_justification,376,Science: Planetary Science / LUNAR DISCOVERY AND EXPLORATION,VIPER,97.2,69.3,33.0,0.0,0.0,0.0,0.0,PDF p376 Budget Authority table,"R70 full-extraction pass, read from the hosted PDF 2026-09-27; FY2023 op plan/actual, FY2024 CR/enacted as labelled on each page; FY2026-29 notional; ""Total Budget"" rows checked against the lines above (0 mismatches; summary pages hold parent + child lines)"
nasa_fy2025_budget_request_congressional_justification,376,Science: Planetary Science / LUNAR DISCOVERY AND EXPLORATION,Other Missions and Data Analysis,389.1,--,425.3,456.8,467.8,479.1,488.5,PDF p376 Budget Authority table,"R70 full-extraction pass, read from the hosted PDF 2026-09-27; FY2023 op plan/actual, FY2024 CR/enacted as labelled on each page; FY2026-29 notional; ""Total Budget"" rows checked against the lines above (0 mismatches; summary pages hold parent + child lines)"
nasa_fy2025_budget_request_congressional_justification,376,Science: Planetary Science / LUNAR DISCOVERY AND EXPLORATION,Total Budget,486.3,--,458.3,456.8,467.8,479.1,488.5,PDF p376 Budget Authority table,"R70 full-extraction pass, read from the hosted PDF 2026-09-27; FY2023 op plan/actual, FY2024 CR/enacted as labelled on each page; FY2026-29 notional; ""Total Budget"" rows checked against the lines above (0 mismatches; summary pages hold parent + child lines)"
nasa_fy2025_budget_request_congressional_justification,388,Science: Planetary Science: Lunar Discovery and Exploration / OTHER MISSIONS AND DATA ANALYSIS,Commercial Lunar Payload Services,242.3,--,224.1,254.4,254.5,259.5,259.5,PDF p388 Budget Authority table,"R70 full-extraction pass, read from the hosted PDF 2026-09-27; FY2023 op plan/actual, FY2024 CR/enacted as labelled on each page; FY2026-29 notional; ""Total Budget"" rows checked against the lines above (0 mismatches; summary pages hold parent + child lines)"
nasa_fy2025_budget_request_congressional_justification,388,Science: Planetary Science: Lunar Discovery and Exploration / OTHER MISSIONS AND DATA ANALYSIS,Lunar Trailblazer,14.5,--,3.3,0.8,0.0,0.0,0.0,PDF p388 Budget Authority table,"R70 full-extraction pass, read from the hosted PDF 2026-09-27; FY2023 op plan/actual, FY2024 CR/enacted as labelled on each page; FY2026-29 notional; ""Total Budget"" rows checked against the lines above (0 mismatches; summary pages hold parent + child lines)"
nasa_fy2025_budget_request_congressional_justification,388,Science: Planetary Science: Lunar Discovery and Exploration / OTHER MISSIONS AND DATA ANALYSIS,Lunar Instruments,15.8,--,30.5,49.7,72.9,84.3,85.0,PDF p388 Budget Authority table,"R70 full-extraction pass, read from the hosted PDF 2026-09-27; FY2023 op plan/actual, FY2024 CR/enacted as labelled on each page; FY2026-29 notional; ""Total Budget"" rows checked against the lines above (0 mismatches; summary pages hold parent + child lines)"
nasa_fy2025_budget_request_congressional_justification,388,Science: Planetary Science: Lunar Discovery and Exploration / OTHER MISSIONS AND DATA ANALYSIS,Payloads and RI on Surface of Moon-1,29.3,--,0.0,0.0,0.0,0.0,0.0,PDF p388 Budget Authority table,"R70 full-extraction pass, read from the hosted PDF 2026-09-27; FY2023 op plan/actual, FY2024 CR/enacted as labelled on each page; FY2026-29 notional; ""Total Budget"" rows checked against the lines above (0 mismatches; summary pages hold parent + child lines)"
nasa_fy2025_budget_request_congressional_justification,388,Science: Planetary Science: Lunar Discovery and Exploration / OTHER MISSIONS AND DATA ANALYSIS,Payloads and RI on Surface of the Moon-2,31.1,--,6.2,5.8,0.0,0.0,0.0,PDF p388 Budget Authority table,"R70 full-extraction pass, read from the hosted PDF 2026-09-27; FY2023 op plan/actual, FY2024 CR/enacted as labelled on each page; FY2026-29 notional; ""Total Budget"" rows checked against the lines above (0 mismatches; summary pages hold parent + child lines)"
nasa_fy2025_budget_request_congressional_justification,388,Science: Planetary Science: Lunar Discovery and Exploration / OTHER MISSIONS AND DATA ANALYSIS,Payloads and RI on Surface of the Moon-3,1.5,--,20.4,12.4,3.8,1.3,0.0,PDF p388 Budget Authority table,"R70 full-extraction pass, read from the hosted PDF 2026-09-27; FY2023 op plan/actual, FY2024 CR/enacted as labelled on each page; FY2026-29 notional; ""Total Budget"" rows checked against the lines above (0 mismatches; summary pages hold parent + child lines)"
nasa_fy2025_budget_request_congressional_justification,388,Science: Planetary Science: Lunar Discovery and Exploration / OTHER MISSIONS AND DATA ANALYSIS,Payloads and RI on Surface of the Moon-4,0.0,--,12.5,12.5,5.0,0.0,0.0,PDF p388 Budget Authority table,"R70 full-extraction pass, read from the hosted PDF 2026-09-27; FY2023 op plan/actual, FY2024 CR/enacted as labelled on each page; FY2026-29 notional; ""Total Budget"" rows checked against the lines above (0 mismatches; summary pages hold parent + child lines)"
nasa_fy2025_budget_request_congressional_justification,388,Science: Planetary Science: Lunar Discovery and Exploration / OTHER MISSIONS AND DATA ANALYSIS,Artemis Instruments,2.1,--,38.8,40.5,31.0,33.0,33.0,PDF p388 Budget Authority table,"R70 full-extraction pass, read from the hosted PDF 2026-09-27; FY2023 op plan/actual, FY2024 CR/enacted as labelled on each page; FY2026-29 notional; ""Total Budget"" rows checked against the lines above (0 mismatches; summary pages hold parent + child lines)"
nasa_fy2025_budget_request_congressional_justification,388,Science: Planetary Science: Lunar Discovery and Exploration / OTHER MISSIONS AND DATA ANALYSIS,Artemis III Deployed Instruments,0.0,--,13.0,2.5,0.0,0.0,0.0,PDF p388 Budget Authority table,"R70 full-extraction pass, read from the hosted PDF 2026-09-27; FY2023 op plan/actual, FY2024 CR/enacted as labelled on each page; FY2026-29 notional; ""Total Budget"" rows checked against the lines above (0 mismatches; summary pages hold parent + child lines)"
nasa_fy2025_budget_request_congressional_justification,388,Science: Planetary Science: Lunar Discovery and Exploration / OTHER MISSIONS AND DATA ANALYSIS,Lunar Intl Mission Collaborations,0.2,--,0.5,0.5,0.5,0.5,0.5,PDF p388 Budget Authority table,"R70 full-extraction pass, read from the hosted PDF 2026-09-27; FY2023 op plan/actual, FY2024 CR/enacted as labelled on each page; FY2026-29 notional; ""Total Budget"" rows checked against the lines above (0 mismatches; summary pages hold parent + child lines)"
nasa_fy2025_budget_request_congressional_justification,388,Science: Planetary Science: Lunar Discovery and Exploration / OTHER MISSIONS AND DATA ANALYSIS,Development and Advancement of Lunar Instrumentation (DALI),14.5,--,15.0,15.0,15.0,15.3,15.3,PDF p388 Budget Authority table,"R70 full-extraction pass, read from the hosted PDF 2026-09-27; FY2023 op plan/actual, FY2024 CR/enacted as labelled on each page; FY2026-29 notional; ""Total Budget"" rows checked against the lines above (0 mismatches; summary pages hold parent + child lines)"
nasa_fy2025_budget_request_congressional_justification,388,Science: Planetary Science: Lunar Discovery and Exploration / OTHER MISSIONS AND DATA ANALYSIS,Lunar Science,6.7,--,21.6,23.1,24.0,23.6,26.3,PDF p388 Budget Authority table,"R70 full-extraction pass, read from the hosted PDF 2026-09-27; FY2023 op plan/actual, FY2024 CR/enacted as labelled on each page; FY2026-29 notional; ""Total Budget"" rows checked against the lines above (0 mismatches; summary pages hold parent + child lines)"
nasa_fy2025_budget_request_congressional_justification,388,Science: Planetary Science: Lunar Discovery and Exploration / OTHER MISSIONS AND DATA ANALYSIS,Lunar Management,4.6,--,5.8,5.9,6.0,6.1,6.7,PDF p388 Budget Authority table,"R70 full-extraction pass, read from the hosted PDF 2026-09-27; FY2023 op plan/actual, FY2024 CR/enacted as labelled on each page; FY2026-29 notional; ""Total Budget"" rows checked against the lines above (0 mismatches; summary pages hold parent + child lines)"
nasa_fy2025_budget_request_congressional_justification,388,Science: Planetary Science: Lunar Discovery and Exploration / OTHER MISSIONS AND DATA ANALYSIS,Lunar Future,4.4,--,11.4,11.6,32.9,33.4,40.1,PDF p388 Budget Authority table,"R70 full-extraction pass, read from the hosted PDF 2026-09-27; FY2023 op plan/actual, FY2024 CR/enacted as labelled on each page; FY2026-29 notional; ""Total Budget"" rows checked against the lines above (0 mismatches; summary pages hold parent + child lines)"
nasa_fy2025_budget_request_congressional_justification,388,Science: Planetary Science: Lunar Discovery and Exploration / OTHER MISSIONS AND DATA ANALYSIS,Lunar Reconnaissance Orbiter (LRO),22.1,--,22.1,22.1,22.1,22.2,22.0,PDF p388 Budget Authority table,"R70 full-extraction pass, read from the hosted PDF 2026-09-27; FY2023 op plan/actual, FY2024 CR/enacted as labelled on each page; FY2026-29 notional; ""Total Budget"" rows checked against the lines above (0 mismatches; summary pages hold parent + child lines)"
nasa_fy2025_budget_request_congressional_justification,388,Science: Planetary Science: Lunar Discovery and Exploration / OTHER MISSIONS AND DATA ANALYSIS,Total Budget,389.1,--,425.3,456.8,467.8,479.1,488.5,PDF p388 Budget Authority table,"R70 full-extraction pass, read from the hosted PDF 2026-09-27; FY2023 op plan/actual, FY2024 CR/enacted as labelled on each page; FY2026-29 notional; ""Total Budget"" rows checked against the lines above (0 mismatches; summary pages hold parent + child lines)"
nasa_fy2025_budget_request_congressional_justification,396,Science: Planetary Science / DISCOVERY,DAVINCI,20.2,--,40.1,116.4,209.0,295.9,321.9,PDF p396 Budget Authority table,"R70 full-extraction pass, read from the hosted PDF 2026-09-27; FY2023 op plan/actual, FY2024 CR/enacted as labelled on each page; FY2026-29 notional; ""Total Budget"" rows checked against the lines above (0 mismatches; summary pages hold parent + child lines)"
nasa_fy2025_budget_request_congressional_justification,396,Science: Planetary Science / DISCOVERY,VERITAS,9.5,--,36.1,104.9,177.7,232.1,267.2,PDF p396 Budget Authority table,"R70 full-extraction pass, read from the hosted PDF 2026-09-27; FY2023 op plan/actual, FY2024 CR/enacted as labelled on each page; FY2026-29 notional; ""Total Budget"" rows checked against the lines above (0 mismatches; summary pages hold parent + child lines)"
nasa_fy2025_budget_request_congressional_justification,396,Science: Planetary Science / DISCOVERY,Other Missions and Data Analysis,187.7,--,185.3,197.0,201.3,262.7,323.3,PDF p396 Budget Authority table,"R70 full-extraction pass, read from the hosted PDF 2026-09-27; FY2023 op plan/actual, FY2024 CR/enacted as labelled on each page; FY2026-29 notional; ""Total Budget"" rows checked against the lines above (0 mismatches; summary pages hold parent + child lines)"
nasa_fy2025_budget_request_congressional_justification,396,Science: Planetary Science / DISCOVERY,Total Budget,217.5,--,261.5,418.3,588.0,790.8,912.4,PDF p396 Budget Authority table,"R70 full-extraction pass, read from the hosted PDF 2026-09-27; FY2023 op plan/actual, FY2024 CR/enacted as labelled on each page; FY2026-29 notional; ""Total Budget"" rows checked against the lines above (0 mismatches; summary pages hold parent + child lines)"
nasa_fy2025_budget_request_congressional_justification,399,Science: Planetary Science: Discovery / DEEP ATMOSPHERIC VENUS INVESTIGATION OF NOBLE,Total Budget,20.2,--,40.1,116.4,209.0,295.9,321.9,PDF p399 Budget Authority table,"R70 full-extraction pass, read from the hosted PDF 2026-09-27; FY2023 op plan/actual, FY2024 CR/enacted as labelled on each page; FY2026-29 notional; ""Total Budget"" rows checked against the lines above (0 mismatches; summary pages hold parent + child lines)"
nasa_fy2025_budget_request_congressional_justification,405,"Science: Planetary Science: Discovery / VENUS EMISSIVITY, RADIO SCIENCE, INSAR, TOPOGRAPHY,",Total Budget,9.5,--,36.1,104.9,177.7,232.1,267.2,PDF p405 Budget Authority table,"R70 full-extraction pass, read from the hosted PDF 2026-09-27; FY2023 op plan/actual, FY2024 CR/enacted as labelled on each page; FY2026-29 notional; ""Total Budget"" rows checked against the lines above (0 mismatches; summary pages hold parent + child lines)"
nasa_fy2025_budget_request_congressional_justification,411,Science: Planetary Science: Discovery / OTHER MISSIONS AND DATA ANALYSIS,EnVision,10.9,--,60.0,65.6,54.7,37.8,20.2,PDF p411 Budget Authority table,"R70 full-extraction pass, read from the hosted PDF 2026-09-27; FY2023 op plan/actual, FY2024 CR/enacted as labelled on each page; FY2026-29 notional; ""Total Budget"" rows checked against the lines above (0 mismatches; summary pages hold parent + child lines)"
nasa_fy2025_budget_request_congressional_justification,411,Science: Planetary Science: Discovery / OTHER MISSIONS AND DATA ANALYSIS,Psyche,109.3,--,32.6,30.8,32.6,33.6,38.1,PDF p411 Budget Authority table,"R70 full-extraction pass, read from the hosted PDF 2026-09-27; FY2023 op plan/actual, FY2024 CR/enacted as labelled on each page; FY2026-29 notional; ""Total Budget"" rows checked against the lines above (0 mismatches; summary pages hold parent + child lines)"
nasa_fy2025_budget_request_congressional_justification,411,Science: Planetary Science: Discovery / OTHER MISSIONS AND DATA ANALYSIS,Janus,1.2,--,0.0,0.0,0.0,0.0,0.0,PDF p411 Budget Authority table,"R70 full-extraction pass, read from the hosted PDF 2026-09-27; FY2023 op plan/actual, FY2024 CR/enacted as labelled on each page; FY2026-29 notional; ""Total Budget"" rows checked against the lines above (0 mismatches; summary pages hold parent + child lines)"
nasa_fy2025_budget_request_congressional_justification,411,Science: Planetary Science: Discovery / OTHER MISSIONS AND DATA ANALYSIS,Venus Technology,6.0,--,3.2,6.7,6.0,6.0,6.5,PDF p411 Budget Authority table,"R70 full-extraction pass, read from the hosted PDF 2026-09-27; FY2023 op plan/actual, FY2024 CR/enacted as labelled on each page; FY2026-29 notional; ""Total Budget"" rows checked against the lines above (0 mismatches; summary pages hold parent + child lines)"
nasa_fy2025_budget_request_congressional_justification,411,Science: Planetary Science: Discovery / OTHER MISSIONS AND DATA ANALYSIS,InSight,0.3,--,0.0,0.0,0.0,0.0,0.0,PDF p411 Budget Authority table,"R70 full-extraction pass, read from the hosted PDF 2026-09-27; FY2023 op plan/actual, FY2024 CR/enacted as labelled on each page; FY2026-29 notional; ""Total Budget"" rows checked against the lines above (0 mismatches; summary pages hold parent + child lines)"
nasa_fy2025_budget_request_congressional_justification,411,Science: Planetary Science: Discovery / OTHER MISSIONS AND DATA ANALYSIS,Lucy,18.9,--,25.9,23.8,34.8,34.0,25.7,PDF p411 Budget Authority table,"R70 full-extraction pass, read from the hosted PDF 2026-09-27; FY2023 op plan/actual, FY2024 CR/enacted as labelled on each page; FY2026-29 notional; ""Total Budget"" rows checked against the lines above (0 mismatches; summary pages hold parent + child lines)"
nasa_fy2025_budget_request_congressional_justification,411,Science: Planetary Science: Discovery / OTHER MISSIONS AND DATA ANALYSIS,Strofio,0.9,--,1.8,1.2,2.3,2.4,1.0,PDF p411 Budget Authority table,"R70 full-extraction pass, read from the hosted PDF 2026-09-27; FY2023 op plan/actual, FY2024 CR/enacted as labelled on each page; FY2026-29 notional; ""Total Budget"" rows checked against the lines above (0 mismatches; summary pages hold parent + child lines)"
nasa_fy2025_budget_request_congressional_justification,411,Science: Planetary Science: Discovery / OTHER MISSIONS AND DATA ANALYSIS,International Mission Contributions (IMC),4.8,--,11.9,13.8,12.1,11.6,8.0,PDF p411 Budget Authority table,"R70 full-extraction pass, read from the hosted PDF 2026-09-27; FY2023 op plan/actual, FY2024 CR/enacted as labelled on each page; FY2026-29 notional; ""Total Budget"" rows checked against the lines above (0 mismatches; summary pages hold parent + child lines)"
nasa_fy2025_budget_request_congressional_justification,411,Science: Planetary Science: Discovery / OTHER MISSIONS AND DATA ANALYSIS,Planetary Management,23.1,--,25.6,28.2,30.0,30.3,31.0,PDF p411 Budget Authority table,"R70 full-extraction pass, read from the hosted PDF 2026-09-27; FY2023 op plan/actual, FY2024 CR/enacted as labelled on each page; FY2026-29 notional; ""Total Budget"" rows checked against the lines above (0 mismatches; summary pages hold parent + child lines)"
nasa_fy2025_budget_request_congressional_justification,411,Science: Planetary Science: Discovery / OTHER MISSIONS AND DATA ANALYSIS,Discovery Future,2.8,--,12.7,11.1,15.0,82.8,135.4,PDF p411 Budget Authority table,"R70 full-extraction pass, read from the hosted PDF 2026-09-27; FY2023 op plan/actual, FY2024 CR/enacted as labelled on each page; FY2026-29 notional; ""Total Budget"" rows checked against the lines above (0 mismatches; summary pages hold parent + child lines)"
nasa_fy2025_budget_request_congressional_justification,411,Science: Planetary Science: Discovery / OTHER MISSIONS AND DATA ANALYSIS,Discovery Research,3.8,--,7.9,11.7,12.3,12.6,12.9,PDF p411 Budget Authority table,"R70 full-extraction pass, read from the hosted PDF 2026-09-27; FY2023 op plan/actual, FY2024 CR/enacted as labelled on each page; FY2026-29 notional; ""Total Budget"" rows checked against the lines above (0 mismatches; summary pages hold parent + child lines)"
nasa_fy2025_budget_request_congressional_justification,411,Science: Planetary Science: Discovery / OTHER MISSIONS AND DATA ANALYSIS,Planetary SmallSats,0.3,--,0.0,0.0,0.0,10.0,44.0,PDF p411 Budget Authority table,"R70 full-extraction pass, read from the hosted PDF 2026-09-27; FY2023 op plan/actual, FY2024 CR/enacted as labelled on each page; FY2026-29 notional; ""Total Budget"" rows checked against the lines above (0 mismatches; summary pages hold parent + child lines)"
nasa_fy2025_budget_request_congressional_justification,411,Science: Planetary Science: Discovery / OTHER MISSIONS AND DATA ANALYSIS,Mars-moon Exploration with GAmma rays and NEutrons (MEGANE),5.3,--,3.8,4.2,1.6,1.7,0.6,PDF p411 Budget Authority table,"R70 full-extraction pass, read from the hosted PDF 2026-09-27; FY2023 op plan/actual, FY2024 CR/enacted as labelled on each page; FY2026-29 notional; ""Total Budget"" rows checked against the lines above (0 mismatches; summary pages hold parent + child lines)"
nasa_fy2025_budget_request_congressional_justification,411,Science: Planetary Science: Discovery / OTHER MISSIONS AND DATA ANALYSIS,Total Budget,187.7,--,185.3,197.0,201.3,262.7,323.3,PDF p411 Budget Authority table,"R70 full-extraction pass, read from the hosted PDF 2026-09-27; FY2023 op plan/actual, FY2024 CR/enacted as labelled on each page; FY2026-29 notional; ""Total Budget"" rows checked against the lines above (0 mismatches; summary pages hold parent + child lines)"
nasa_fy2025_budget_request_congressional_justification,417,Science: Planetary Science / NEW FRONTIERS,Dragonfly,400.1,--,434.6,496.8,434.2,317.6,32.5,PDF p417 Budget Authority table,"R70 full-extraction pass, read from the hosted PDF 2026-09-27; FY2023 op plan/actual, FY2024 CR/enacted as labelled on each page; FY2026-29 notional; ""Total Budget"" rows checked against the lines above (0 mismatches; summary pages hold parent + child lines)"
nasa_fy2025_budget_request_congressional_justification,417,Science: Planetary Science / NEW FRONTIERS,Other Missions and Data Analysis,88.1,--,65.9,36.3,50.0,154.0,265.8,PDF p417 Budget Authority table,"R70 full-extraction pass, read from the hosted PDF 2026-09-27; FY2023 op plan/actual, FY2024 CR/enacted as labelled on each page; FY2026-29 notional; ""Total Budget"" rows checked against the lines above (0 mismatches; summary pages hold parent + child lines)"
nasa_fy2025_budget_request_congressional_justification,417,Science: Planetary Science / NEW FRONTIERS,Total Budget,488.2,--,500.5,533.0,484.2,471.6,298.3,PDF p417 Budget Authority table,"R70 full-extraction pass, read from the hosted PDF 2026-09-27; FY2023 op plan/actual, FY2024 CR/enacted as labelled on each page; FY2026-29 notional; ""Total Budget"" rows checked against the lines above (0 mismatches; summary pages hold parent + child lines)"
nasa_fy2025_budget_request_congressional_justification,420,Science: Planetary Science: New Frontiers / DRAGONFLY,Total Budget,400.1,--,434.6,496.8,434.2,317.6,32.5,PDF p420 Budget Authority table,"R70 full-extraction pass, read from the hosted PDF 2026-09-27; FY2023 op plan/actual, FY2024 CR/enacted as labelled on each page; FY2026-29 notional; ""Total Budget"" rows checked against the lines above (0 mismatches; summary pages hold parent + child lines)"
nasa_fy2025_budget_request_congressional_justification,425,Science: Planetary Science: New Frontiers / OTHER MISSIONS AND DATA ANALYSIS,OSIRIS-Apophis Explorer,5.0,--,16.0,19.9,22.1,31.0,36.5,PDF p425 Budget Authority table,"R70 full-extraction pass, read from the hosted PDF 2026-09-27; FY2023 op plan/actual, FY2024 CR/enacted as labelled on each page; FY2026-29 notional; ""Total Budget"" rows checked against the lines above (0 mismatches; summary pages hold parent + child lines)"
nasa_fy2025_budget_request_congressional_justification,425,Science: Planetary Science: New Frontiers / OTHER MISSIONS AND DATA ANALYSIS,New Frontiers Future Missions,0.9,--,0.0,0.0,9.7,106.0,212.3,PDF p425 Budget Authority table,"R70 full-extraction pass, read from the hosted PDF 2026-09-27; FY2023 op plan/actual, FY2024 CR/enacted as labelled on each page; FY2026-29 notional; ""Total Budget"" rows checked against the lines above (0 mismatches; summary pages hold parent + child lines)"
nasa_fy2025_budget_request_congressional_justification,425,Science: Planetary Science: New Frontiers / OTHER MISSIONS AND DATA ANALYSIS,New Frontiers Research,10.5,--,8.3,5.3,10.4,10.5,10.5,PDF p425 Budget Authority table,"R70 full-extraction pass, read from the hosted PDF 2026-09-27; FY2023 op plan/actual, FY2024 CR/enacted as labelled on each page; FY2026-29 notional; ""Total Budget"" rows checked against the lines above (0 mismatches; summary pages hold parent + child lines)"
nasa_fy2025_budget_request_congressional_justification,425,Science: Planetary Science: New Frontiers / OTHER MISSIONS AND DATA ANALYSIS,Origins Spectral Interpretation Resource,30.7,--,5.4,0.0,0.0,0.0,0.0,PDF p425 Budget Authority table,"R70 full-extraction pass, read from the hosted PDF 2026-09-27; FY2023 op plan/actual, FY2024 CR/enacted as labelled on each page; FY2026-29 notional; ""Total Budget"" rows checked against the lines above (0 mismatches; summary pages hold parent + child lines)"
nasa_fy2025_budget_request_congressional_justification,425,Science: Planetary Science: New Frontiers / OTHER MISSIONS AND DATA ANALYSIS,New Horizons,10.4,--,10.0,3.0,7.8,6.5,6.5,PDF p425 Budget Authority table,"R70 full-extraction pass, read from the hosted PDF 2026-09-27; FY2023 op plan/actual, FY2024 CR/enacted as labelled on each page; FY2026-29 notional; ""Total Budget"" rows checked against the lines above (0 mismatches; summary pages hold parent + child lines)"
nasa_fy2025_budget_request_congressional_justification,425,Science: Planetary Science: New Frontiers / OTHER MISSIONS AND DATA ANALYSIS,Juno,30.5,--,26.2,8.1,0.0,0.0,0.0,PDF p425 Budget Authority table,"R70 full-extraction pass, read from the hosted PDF 2026-09-27; FY2023 op plan/actual, FY2024 CR/enacted as labelled on each page; FY2026-29 notional; ""Total Budget"" rows checked against the lines above (0 mismatches; summary pages hold parent + child lines)"
nasa_fy2025_budget_request_congressional_justification,425,Science: Planetary Science: New Frontiers / OTHER MISSIONS AND DATA ANALYSIS,Total Budget,88.1,--,65.9,36.3,50.0,154.0,265.8,PDF p425 Budget Authority table,"R70 full-extraction pass, read from the hosted PDF 2026-09-27; FY2023 op plan/actual, FY2024 CR/enacted as labelled on each page; FY2026-29 notional; ""Total Budget"" rows checked against the lines above (0 mismatches; summary pages hold parent + child lines)"
nasa_fy2025_budget_request_congressional_justification,429,Science: Planetary Science / MARS EXPLORATION,Other Missions and Data Analysis,248.1,--,324.5,298.6,305.8,353.3,390.7,PDF p429 Budget Authority table,"R70 full-extraction pass, read from the hosted PDF 2026-09-27; FY2023 op plan/actual, FY2024 CR/enacted as labelled on each page; FY2026-29 notional; ""Total Budget"" rows checked against the lines above (0 mismatches; summary pages hold parent + child lines)"
nasa_fy2025_budget_request_congressional_justification,429,Science: Planetary Science / MARS EXPLORATION,Total Budget,248.1,--,324.5,298.6,305.8,353.3,390.7,PDF p429 Budget Authority table,"R70 full-extraction pass, read from the hosted PDF 2026-09-27; FY2023 op plan/actual, FY2024 CR/enacted as labelled on each page; FY2026-29 notional; ""Total Budget"" rows checked against the lines above (0 mismatches; summary pages hold parent + child lines)"
nasa_fy2025_budget_request_congressional_justification,431,Science: Planetary Science: Mars Exploration / OTHER MISSIONS AND DATA ANALYSIS,Mars Organic Molecule Analyzer (MOMA),3.4,--,0.0,0.0,0.0,0.0,0.0,PDF p431 Budget Authority table,"R70 full-extraction pass, read from the hosted PDF 2026-09-27; FY2023 op plan/actual, FY2024 CR/enacted as labelled on each page; FY2026-29 notional; ""Total Budget"" rows checked against the lines above (0 mismatches; summary pages hold parent + child lines)"
nasa_fy2025_budget_request_congressional_justification,431,Science: Planetary Science: Mars Exploration / OTHER MISSIONS AND DATA ANALYSIS,Mars Rover 2020,91.1,--,85.5,82.0,82.5,83.0,83.0,PDF p431 Budget Authority table,"R70 full-extraction pass, read from the hosted PDF 2026-09-27; FY2023 op plan/actual, FY2024 CR/enacted as labelled on each page; FY2026-29 notional; ""Total Budget"" rows checked against the lines above (0 mismatches; summary pages hold parent + child lines)"
nasa_fy2025_budget_request_congressional_justification,431,Science: Planetary Science: Mars Exploration / OTHER MISSIONS AND DATA ANALYSIS,Trace Gas Orbiter - ExoMars,2.0,--,2.0,2.0,2.0,2.0,2.1,PDF p431 Budget Authority table,"R70 full-extraction pass, read from the hosted PDF 2026-09-27; FY2023 op plan/actual, FY2024 CR/enacted as labelled on each page; FY2026-29 notional; ""Total Budget"" rows checked against the lines above (0 mismatches; summary pages hold parent + child lines)"
nasa_fy2025_budget_request_congressional_justification,431,Science: Planetary Science: Mars Exploration / OTHER MISSIONS AND DATA ANALYSIS,Mars Program Management,12.0,--,11.4,13.3,13.3,13.5,14.0,PDF p431 Budget Authority table,"R70 full-extraction pass, read from the hosted PDF 2026-09-27; FY2023 op plan/actual, FY2024 CR/enacted as labelled on each page; FY2026-29 notional; ""Total Budget"" rows checked against the lines above (0 mismatches; summary pages hold parent + child lines)"
nasa_fy2025_budget_request_congressional_justification,431,Science: Planetary Science: Mars Exploration / OTHER MISSIONS AND DATA ANALYSIS,Mars Future Missions,12.9,--,0.5,0.0,20.0,40.4,141.0,PDF p431 Budget Authority table,"R70 full-extraction pass, read from the hosted PDF 2026-09-27; FY2023 op plan/actual, FY2024 CR/enacted as labelled on each page; FY2026-29 notional; ""Total Budget"" rows checked against the lines above (0 mismatches; summary pages hold parent + child lines)"
nasa_fy2025_budget_request_congressional_justification,431,Science: Planetary Science: Mars Exploration / OTHER MISSIONS AND DATA ANALYSIS,Mars Mission Operations,5.1,--,5.5,5.6,5.4,5.4,5.7,PDF p431 Budget Authority table,"R70 full-extraction pass, read from the hosted PDF 2026-09-27; FY2023 op plan/actual, FY2024 CR/enacted as labelled on each page; FY2026-29 notional; ""Total Budget"" rows checked against the lines above (0 mismatches; summary pages hold parent + child lines)"
nasa_fy2025_budget_request_congressional_justification,431,Science: Planetary Science: Mars Exploration / OTHER MISSIONS AND DATA ANALYSIS,Mars Research and Analysis,14.7,--,13.7,13.7,13.7,13.7,13.7,PDF p431 Budget Authority table,"R70 full-extraction pass, read from the hosted PDF 2026-09-27; FY2023 op plan/actual, FY2024 CR/enacted as labelled on each page; FY2026-29 notional; ""Total Budget"" rows checked against the lines above (0 mismatches; summary pages hold parent + child lines)"
nasa_fy2025_budget_request_congressional_justification,431,Science: Planetary Science: Mars Exploration / OTHER MISSIONS AND DATA ANALYSIS,Mars Technology,5.4,--,43.0,6.2,9.0,18.1,20.2,PDF p431 Budget Authority table,"R70 full-extraction pass, read from the hosted PDF 2026-09-27; FY2023 op plan/actual, FY2024 CR/enacted as labelled on each page; FY2026-29 notional; ""Total Budget"" rows checked against the lines above (0 mismatches; summary pages hold parent + child lines)"
nasa_fy2025_budget_request_congressional_justification,431,Science: Planetary Science: Mars Exploration / OTHER MISSIONS AND DATA ANALYSIS,2011 Mars Science Lab,42.1,--,53.0,40.0,40.0,40.0,40.0,PDF p431 Budget Authority table,"R70 full-extraction pass, read from the hosted PDF 2026-09-27; FY2023 op plan/actual, FY2024 CR/enacted as labelled on each page; FY2026-29 notional; ""Total Budget"" rows checked against the lines above (0 mismatches; summary pages hold parent + child lines)"
nasa_fy2025_budget_request_congressional_justification,431,Science: Planetary Science: Mars Exploration / OTHER MISSIONS AND DATA ANALYSIS,Mars Reconnaissance Orbiter 2005 (MRO),25.5,--,25.4,26.6,26.3,26.0,26.0,PDF p431 Budget Authority table,"R70 full-extraction pass, read from the hosted PDF 2026-09-27; FY2023 op plan/actual, FY2024 CR/enacted as labelled on each page; FY2026-29 notional; ""Total Budget"" rows checked against the lines above (0 mismatches; summary pages hold parent + child lines)"
nasa_fy2025_budget_request_congressional_justification,431,Science: Planetary Science: Mars Exploration / OTHER MISSIONS AND DATA ANALYSIS,Mars Odyssey 2001,11.2,--,11.0,11.0,11.0,11.0,11.0,PDF p431 Budget Authority table,"R70 full-extraction pass, read from the hosted PDF 2026-09-27; FY2023 op plan/actual, FY2024 CR/enacted as labelled on each page; FY2026-29 notional; ""Total Budget"" rows checked against the lines above (0 mismatches; summary pages hold parent + child lines)"
nasa_fy2025_budget_request_congressional_justification,431,Science: Planetary Science: Mars Exploration / OTHER MISSIONS AND DATA ANALYSIS,Mars Express,0.3,--,0.3,0.3,0.3,0.3,0.3,PDF p431 Budget Authority table,"R70 full-extraction pass, read from the hosted PDF 2026-09-27; FY2023 op plan/actual, FY2024 CR/enacted as labelled on each page; FY2026-29 notional; ""Total Budget"" rows checked against the lines above (0 mismatches; summary pages hold parent + child lines)"
nasa_fy2025_budget_request_congressional_justification,431,Science: Planetary Science: Mars Exploration / OTHER MISSIONS AND DATA ANALYSIS,Mars Atmosphere & Volatile EvolutioN,22.5,--,24.0,24.0,0.0,0.0,0.0,PDF p431 Budget Authority table,"R70 full-extraction pass, read from the hosted PDF 2026-09-27; FY2023 op plan/actual, FY2024 CR/enacted as labelled on each page; FY2026-29 notional; ""Total Budget"" rows checked against the lines above (0 mismatches; summary pages hold parent + child lines)"
nasa_fy2025_budget_request_congressional_justification,431,Science: Planetary Science: Mars Exploration / OTHER MISSIONS AND DATA ANALYSIS,Rosalind Franklin Mission,0.0,--,49.2,73.9,82.3,99.9,33.7,PDF p431 Budget Authority table,"R70 full-extraction pass, read from the hosted PDF 2026-09-27; FY2023 op plan/actual, FY2024 CR/enacted as labelled on each page; FY2026-29 notional; ""Total Budget"" rows checked against the lines above (0 mismatches; summary pages hold parent + child lines)"
nasa_fy2025_budget_request_congressional_justification,431,Science: Planetary Science: Mars Exploration / OTHER MISSIONS AND DATA ANALYSIS,Total Budget,248.1,--,324.5,298.6,305.8,353.3,390.7,PDF p431 Budget Authority table,"R70 full-extraction pass, read from the hosted PDF 2026-09-27; FY2023 op plan/actual, FY2024 CR/enacted as labelled on each page; FY2026-29 notional; ""Total Budget"" rows checked against the lines above (0 mismatches; summary pages hold parent + child lines)"
nasa_fy2025_budget_request_congressional_justification,440,Science: Planetary Science / MARS SAMPLE RETURN,Total Budget,818.8,--,200.0,100.0,100.0,100.0,100.0,PDF p440 Budget Authority table,"R70 full-extraction pass, read from the hosted PDF 2026-09-27; FY2023 op plan/actual, FY2024 CR/enacted as labelled on each page; FY2026-29 notional; ""Total Budget"" rows checked against the lines above (0 mismatches; summary pages hold parent + child lines)"
nasa_fy2025_budget_request_congressional_justification,442,Science: Planetary Science / OUTER PLANETS AND OCEAN WORLDS,Europa Clipper,345.0,303.3,101.2,80.6,77.7,84.0,127.0,PDF p442 Budget Authority table,"R70 full-extraction pass, read from the hosted PDF 2026-09-27; FY2023 op plan/actual, FY2024 CR/enacted as labelled on each page; FY2026-29 notional; ""Total Budget"" rows checked against the lines above (0 mismatches; summary pages hold parent + child lines)"
nasa_fy2025_budget_request_congressional_justification,442,Science: Planetary Science / OUTER PLANETS AND OCEAN WORLDS,Other Missions and Data Analysis,11.8,--,17.8,16.8,19.5,42.3,77.3,PDF p442 Budget Authority table,"R70 full-extraction pass, read from the hosted PDF 2026-09-27; FY2023 op plan/actual, FY2024 CR/enacted as labelled on each page; FY2026-29 notional; ""Total Budget"" rows checked against the lines above (0 mismatches; summary pages hold parent + child lines)"
nasa_fy2025_budget_request_congressional_justification,442,Science: Planetary Science / OUTER PLANETS AND OCEAN WORLDS,Total Budget,356.8,--,119.0,97.4,97.1,126.3,204.3,PDF p442 Budget Authority table,"R70 full-extraction pass, read from the hosted PDF 2026-09-27; FY2023 op plan/actual, FY2024 CR/enacted as labelled on each page; FY2026-29 notional; ""Total Budget"" rows checked against the lines above (0 mismatches; summary pages hold parent + child lines)"
nasa_fy2025_budget_request_congressional_justification,451,Science: Planetary Science: Outer Planets and Ocean Worlds / OTHER MISSIONS AND DATA ANALYSIS,JUICE - Jupiter Icy Moons Explorer,4.5,--,3.5,2.5,2.6,2.4,2.9,PDF p451 Budget Authority table,"R70 full-extraction pass, read from the hosted PDF 2026-09-27; FY2023 op plan/actual, FY2024 CR/enacted as labelled on each page; FY2026-29 notional; ""Total Budget"" rows checked against the lines above (0 mismatches; summary pages hold parent + child lines)"
nasa_fy2025_budget_request_congressional_justification,451,Science: Planetary Science: Outer Planets and Ocean Worlds / OTHER MISSIONS AND DATA ANALYSIS,Outer Planets Research,7.3,--,14.3,14.3,14.3,14.5,14.6,PDF p451 Budget Authority table,"R70 full-extraction pass, read from the hosted PDF 2026-09-27; FY2023 op plan/actual, FY2024 CR/enacted as labelled on each page; FY2026-29 notional; ""Total Budget"" rows checked against the lines above (0 mismatches; summary pages hold parent + child lines)"
nasa_fy2025_budget_request_congressional_justification,451,Science: Planetary Science: Outer Planets and Ocean Worlds / OTHER MISSIONS AND DATA ANALYSIS,Planetary Decadal Future,0.0,--,0.0,0.0,2.6,25.4,59.8,PDF p451 Budget Authority table,"R70 full-extraction pass, read from the hosted PDF 2026-09-27; FY2023 op plan/actual, FY2024 CR/enacted as labelled on each page; FY2026-29 notional; ""Total Budget"" rows checked against the lines above (0 mismatches; summary pages hold parent + child lines)"
nasa_fy2025_budget_request_congressional_justification,451,Science: Planetary Science: Outer Planets and Ocean Worlds / OTHER MISSIONS AND DATA ANALYSIS,Total Budget,11.8,--,17.8,16.8,19.5,42.3,77.3,PDF p451 Budget Authority table,"R70 full-extraction pass, read from the hosted PDF 2026-09-27; FY2023 op plan/actual, FY2024 CR/enacted as labelled on each page; FY2026-29 notional; ""Total Budget"" rows checked against the lines above (0 mismatches; summary pages hold parent + child lines)"
nasa_fy2025_budget_request_congressional_justification,453,Science: Planetary Science / RADIOISOTOPE POWER,Total Budget,154.9,--,201.1,190.7,176.6,169.4,162.5,PDF p453 Budget Authority table,"R70 full-extraction pass, read from the hosted PDF 2026-09-27; FY2023 op plan/actual, FY2024 CR/enacted as labelled on each page; FY2026-29 notional; ""Total Budget"" rows checked against the lines above (0 mismatches; summary pages hold parent + child lines)"
nasa_fy2025_budget_request_congressional_justification,456,Science / ASTROPHYSICS,Astrophysics Research,284.8,--,300.5,378.7,390.5,390.3,377.1,PDF p456 Budget Authority table,"R70 full-extraction pass, read from the hosted PDF 2026-09-27; FY2023 op plan/actual, FY2024 CR/enacted as labelled on each page; FY2026-29 notional; ""Total Budget"" rows checked against the lines above (0 mismatches; summary pages hold parent + child lines)"
nasa_fy2025_budget_request_congressional_justification,456,Science / ASTROPHYSICS,Cosmic Origins,314.8,--,319.0,312.8,307.7,300.4,282.1,PDF p456 Budget Authority table,"R70 full-extraction pass, read from the hosted PDF 2026-09-27; FY2023 op plan/actual, FY2024 CR/enacted as labelled on each page; FY2026-29 notional; ""Total Budget"" rows checked against the lines above (0 mismatches; summary pages hold parent + child lines)"
nasa_fy2025_budget_request_congressional_justification,456,Science / ASTROPHYSICS,Physics of the Cosmos,180.7,--,210.8,184.3,168.6,176.1,133.7,PDF p456 Budget Authority table,"R70 full-extraction pass, read from the hosted PDF 2026-09-27; FY2023 op plan/actual, FY2024 CR/enacted as labelled on each page; FY2026-29 notional; ""Total Budget"" rows checked against the lines above (0 mismatches; summary pages hold parent + child lines)"
nasa_fy2025_budget_request_congressional_justification,456,Science / ASTROPHYSICS,Exoplanet Exploration,502.9,--,478.5,459.0,366.1,323.8,339.9,PDF p456 Budget Authority table,"R70 full-extraction pass, read from the hosted PDF 2026-09-27; FY2023 op plan/actual, FY2024 CR/enacted as labelled on each page; FY2026-29 notional; ""Total Budget"" rows checked against the lines above (0 mismatches; summary pages hold parent + child lines)"
nasa_fy2025_budget_request_congressional_justification,456,Science / ASTROPHYSICS,Astrophysics Explorer,226.8,--,269.3,252.2,380.6,456.4,540.6,PDF p456 Budget Authority table,"R70 full-extraction pass, read from the hosted PDF 2026-09-27; FY2023 op plan/actual, FY2024 CR/enacted as labelled on each page; FY2026-29 notional; ""Total Budget"" rows checked against the lines above (0 mismatches; summary pages hold parent + child lines)"
nasa_fy2025_budget_request_congressional_justification,456,Science / ASTROPHYSICS,Total Budget,1510.0,--,1578.1,1587.0,1613.6,1647.1,1673.4,PDF p456 Budget Authority table,"R70 full-extraction pass, read from the hosted PDF 2026-09-27; FY2023 op plan/actual, FY2024 CR/enacted as labelled on each page; FY2026-29 notional; ""Total Budget"" rows checked against the lines above (0 mismatches; summary pages hold parent + child lines)"
nasa_fy2025_budget_request_congressional_justification,457,Science: Astrophysics / ASTROPHYSICS RESEARCH,Astrophysics Research and Analysis,112.2,--,118.8,127.2,134.2,138.2,132.3,PDF p457 Budget Authority table,"R70 full-extraction pass, read from the hosted PDF 2026-09-27; FY2023 op plan/actual, FY2024 CR/enacted as labelled on each page; FY2026-29 notional; ""Total Budget"" rows checked against the lines above (0 mismatches; summary pages hold parent + child lines)"
nasa_fy2025_budget_request_congressional_justification,457,Science: Astrophysics / ASTROPHYSICS RESEARCH,Balloon Project,52.6,--,56.1,61.0,63.0,59.0,58.2,PDF p457 Budget Authority table,"R70 full-extraction pass, read from the hosted PDF 2026-09-27; FY2023 op plan/actual, FY2024 CR/enacted as labelled on each page; FY2026-29 notional; ""Total Budget"" rows checked against the lines above (0 mismatches; summary pages hold parent + child lines)"
nasa_fy2025_budget_request_congressional_justification,457,Science: Astrophysics / ASTROPHYSICS RESEARCH,Science Activation,52.0,--,52.0,52.0,52.0,52.0,52.0,PDF p457 Budget Authority table,"R70 full-extraction pass, read from the hosted PDF 2026-09-27; FY2023 op plan/actual, FY2024 CR/enacted as labelled on each page; FY2026-29 notional; ""Total Budget"" rows checked against the lines above (0 mismatches; summary pages hold parent + child lines)"
nasa_fy2025_budget_request_congressional_justification,457,Science: Astrophysics / ASTROPHYSICS RESEARCH,Other Missions and Data Analysis,68.0,--,73.6,138.5,141.3,141.1,134.6,PDF p457 Budget Authority table,"R70 full-extraction pass, read from the hosted PDF 2026-09-27; FY2023 op plan/actual, FY2024 CR/enacted as labelled on each page; FY2026-29 notional; ""Total Budget"" rows checked against the lines above (0 mismatches; summary pages hold parent + child lines)"
nasa_fy2025_budget_request_congressional_justification,457,Science: Astrophysics / ASTROPHYSICS RESEARCH,Total Budget,284.8,--,300.5,378.7,390.5,390.3,377.1,PDF p457 Budget Authority table,"R70 full-extraction pass, read from the hosted PDF 2026-09-27; FY2023 op plan/actual, FY2024 CR/enacted as labelled on each page; FY2026-29 notional; ""Total Budget"" rows checked against the lines above (0 mismatches; summary pages hold parent + child lines)"
nasa_fy2025_budget_request_congressional_justification,464,Science: Astrophysics: Astrophysics Research / OTHER MISSIONS AND DATA ANALYSIS,"Contract Administration, Audit & QA Svcs",16.0,--,14.6,14.6,14.6,14.6,14.6,PDF p464 Budget Authority table,"R70 full-extraction pass, read from the hosted PDF 2026-09-27; FY2023 op plan/actual, FY2024 CR/enacted as labelled on each page; FY2026-29 notional; ""Total Budget"" rows checked against the lines above (0 mismatches; summary pages hold parent + child lines)"
nasa_fy2025_budget_request_congressional_justification,464,Science: Astrophysics: Astrophysics Research / OTHER MISSIONS AND DATA ANALYSIS,Astrophysics Senior Review,0.0,--,0.0,55.4,55.4,55.4,55.2,PDF p464 Budget Authority table,"R70 full-extraction pass, read from the hosted PDF 2026-09-27; FY2023 op plan/actual, FY2024 CR/enacted as labelled on each page; FY2026-29 notional; ""Total Budget"" rows checked against the lines above (0 mismatches; summary pages hold parent + child lines)"
nasa_fy2025_budget_request_congressional_justification,464,Science: Astrophysics: Astrophysics Research / OTHER MISSIONS AND DATA ANALYSIS,Astrophysics Data Program,23.6,--,25.8,28.3,30.5,31.5,24.5,PDF p464 Budget Authority table,"R70 full-extraction pass, read from the hosted PDF 2026-09-27; FY2023 op plan/actual, FY2024 CR/enacted as labelled on each page; FY2026-29 notional; ""Total Budget"" rows checked against the lines above (0 mismatches; summary pages hold parent + child lines)"
nasa_fy2025_budget_request_congressional_justification,464,Science: Astrophysics: Astrophysics Research / OTHER MISSIONS AND DATA ANALYSIS,Astrophysics Data Curation and Archival,28.4,--,31.2,38.2,38.8,37.6,38.2,PDF p464 Budget Authority table,"R70 full-extraction pass, read from the hosted PDF 2026-09-27; FY2023 op plan/actual, FY2024 CR/enacted as labelled on each page; FY2026-29 notional; ""Total Budget"" rows checked against the lines above (0 mismatches; summary pages hold parent + child lines)"
nasa_fy2025_budget_request_congressional_justification,464,Science: Astrophysics: Astrophysics Research / OTHER MISSIONS AND DATA ANALYSIS,Astrophysics Directed R&T,0.0,--,2.0,2.0,2.0,2.0,2.0,PDF p464 Budget Authority table,"R70 full-extraction pass, read from the hosted PDF 2026-09-27; FY2023 op plan/actual, FY2024 CR/enacted as labelled on each page; FY2026-29 notional; ""Total Budget"" rows checked against the lines above (0 mismatches; summary pages hold parent + child lines)"
nasa_fy2025_budget_request_congressional_justification,464,Science: Astrophysics: Astrophysics Research / OTHER MISSIONS AND DATA ANALYSIS,Total Budget,68.0,--,73.6,138.5,141.3,141.1,134.6,PDF p464 Budget Authority table,"R70 full-extraction pass, read from the hosted PDF 2026-09-27; FY2023 op plan/actual, FY2024 CR/enacted as labelled on each page; FY2026-29 notional; ""Total Budget"" rows checked against the lines above (0 mismatches; summary pages hold parent + child lines)"
nasa_fy2025_budget_request_congressional_justification,467,Science: Astrophysics / COSMIC ORIGINS,Hubble Space Telescope (HST),93.3,--,88.9,87.5,87.8,83.0,64.7,PDF p467 Budget Authority table,"R70 full-extraction pass, read from the hosted PDF 2026-09-27; FY2023 op plan/actual, FY2024 CR/enacted as labelled on each page; FY2026-29 notional; ""Total Budget"" rows checked against the lines above (0 mismatches; summary pages hold parent + child lines)"
nasa_fy2025_budget_request_congressional_justification,467,Science: Astrophysics / COSMIC ORIGINS,James Webb Space Telescope,162.5,--,187.0,187.0,187.0,187.0,187.0,PDF p467 Budget Authority table,"R70 full-extraction pass, read from the hosted PDF 2026-09-27; FY2023 op plan/actual, FY2024 CR/enacted as labelled on each page; FY2026-29 notional; ""Total Budget"" rows checked against the lines above (0 mismatches; summary pages hold parent + child lines)"
nasa_fy2025_budget_request_congressional_justification,467,Science: Astrophysics / COSMIC ORIGINS,Other Missions and Data Analysis,59.0,--,43.1,38.2,33.0,30.4,30.4,PDF p467 Budget Authority table,"R70 full-extraction pass, read from the hosted PDF 2026-09-27; FY2023 op plan/actual, FY2024 CR/enacted as labelled on each page; FY2026-29 notional; ""Total Budget"" rows checked against the lines above (0 mismatches; summary pages hold parent + child lines)"
nasa_fy2025_budget_request_congressional_justification,467,Science: Astrophysics / COSMIC ORIGINS,Total Budget,314.8,--,319.0,312.8,307.7,300.4,282.1,PDF p467 Budget Authority table,"R70 full-extraction pass, read from the hosted PDF 2026-09-27; FY2023 op plan/actual, FY2024 CR/enacted as labelled on each page; FY2026-29 notional; ""Total Budget"" rows checked against the lines above (0 mismatches; summary pages hold parent + child lines)"
nasa_fy2025_budget_request_congressional_justification,468,Science: Astrophysics: Cosmic Origins / HUBBLE SPACE TELESCOPE OPERATIONS,Total Budget,93.3,--,88.9,87.5,87.8,83.0,64.7,PDF p468 Budget Authority table,"R70 full-extraction pass, read from the hosted PDF 2026-09-27; FY2023 op plan/actual, FY2024 CR/enacted as labelled on each page; FY2026-29 notional; ""Total Budget"" rows checked against the lines above (0 mismatches; summary pages hold parent + child lines)"
nasa_fy2025_budget_request_congressional_justification,471,Science: Astrophysics: Cosmic Origins / JAMES WEBB SPACE TELESCOPE,James Webb Space Telescope,124.0,--,127.0,127.0,127.0,127.0,127.0,PDF p471 Budget Authority table,"R70 full-extraction pass, read from the hosted PDF 2026-09-27; FY2023 op plan/actual, FY2024 CR/enacted as labelled on each page; FY2026-29 notional; ""Total Budget"" rows checked against the lines above (0 mismatches; summary pages hold parent + child lines)"
nasa_fy2025_budget_request_congressional_justification,471,Science: Astrophysics: Cosmic Origins / JAMES WEBB SPACE TELESCOPE,Webb Science,38.5,--,60.0,60.0,60.0,60.0,60.0,PDF p471 Budget Authority table,"R70 full-extraction pass, read from the hosted PDF 2026-09-27; FY2023 op plan/actual, FY2024 CR/enacted as labelled on each page; FY2026-29 notional; ""Total Budget"" rows checked against the lines above (0 mismatches; summary pages hold parent + child lines)"
nasa_fy2025_budget_request_congressional_justification,471,Science: Astrophysics: Cosmic Origins / JAMES WEBB SPACE TELESCOPE,Total Budget,162.5,--,187.0,187.0,187.0,187.0,187.0,PDF p471 Budget Authority table,"R70 full-extraction pass, read from the hosted PDF 2026-09-27; FY2023 op plan/actual, FY2024 CR/enacted as labelled on each page; FY2026-29 notional; ""Total Budget"" rows checked against the lines above (0 mismatches; summary pages hold parent + child lines)"
nasa_fy2025_budget_request_congressional_justification,474,Science: Astrophysics: Cosmic Origins / OTHER MISSIONS AND DATA ANALYSIS,Stratospheric Observ for Infrared Astron,35.5,--,3.7,0.0,0.0,0.0,0.0,PDF p474 Budget Authority table,"R70 full-extraction pass, read from the hosted PDF 2026-09-27; FY2023 op plan/actual, FY2024 CR/enacted as labelled on each page; FY2026-29 notional; ""Total Budget"" rows checked against the lines above (0 mismatches; summary pages hold parent + child lines)"
nasa_fy2025_budget_request_congressional_justification,474,Science: Astrophysics: Cosmic Origins / OTHER MISSIONS AND DATA ANALYSIS,Astrophysics Program Management,7.5,--,9.6,10.4,10.2,11.1,11.1,PDF p474 Budget Authority table,"R70 full-extraction pass, read from the hosted PDF 2026-09-27; FY2023 op plan/actual, FY2024 CR/enacted as labelled on each page; FY2026-29 notional; ""Total Budget"" rows checked against the lines above (0 mismatches; summary pages hold parent + child lines)"
nasa_fy2025_budget_request_congressional_justification,474,Science: Astrophysics: Cosmic Origins / OTHER MISSIONS AND DATA ANALYSIS,Cosmic Origins SR&T,12.9,--,26.8,24.8,19.8,16.4,16.4,PDF p474 Budget Authority table,"R70 full-extraction pass, read from the hosted PDF 2026-09-27; FY2023 op plan/actual, FY2024 CR/enacted as labelled on each page; FY2026-29 notional; ""Total Budget"" rows checked against the lines above (0 mismatches; summary pages hold parent + child lines)"
nasa_fy2025_budget_request_congressional_justification,474,Science: Astrophysics: Cosmic Origins / OTHER MISSIONS AND DATA ANALYSIS,Cosmic Origins Future Missions,3.0,--,3.0,3.0,3.0,3.0,3.0,PDF p474 Budget Authority table,"R70 full-extraction pass, read from the hosted PDF 2026-09-27; FY2023 op plan/actual, FY2024 CR/enacted as labelled on each page; FY2026-29 notional; ""Total Budget"" rows checked against the lines above (0 mismatches; summary pages hold parent + child lines)"
nasa_fy2025_budget_request_congressional_justification,474,Science: Astrophysics: Cosmic Origins / OTHER MISSIONS AND DATA ANALYSIS,Total Budget,59.0,--,43.1,38.2,33.0,30.4,30.4,PDF p474 Budget Authority table,"R70 full-extraction pass, read from the hosted PDF 2026-09-27; FY2023 op plan/actual, FY2024 CR/enacted as labelled on each page; FY2026-29 notional; ""Total Budget"" rows checked against the lines above (0 mismatches; summary pages hold parent + child lines)"
nasa_fy2025_budget_request_congressional_justification,477,Science: Astrophysics / PHYSICS OF THE COSMOS,Other Missions and Data Analysis,180.7,--,210.8,184.3,168.6,176.1,133.7,PDF p477 Budget Authority table,"R70 full-extraction pass, read from the hosted PDF 2026-09-27; FY2023 op plan/actual, FY2024 CR/enacted as labelled on each page; FY2026-29 notional; ""Total Budget"" rows checked against the lines above (0 mismatches; summary pages hold parent + child lines)"
nasa_fy2025_budget_request_congressional_justification,477,Science: Astrophysics / PHYSICS OF THE COSMOS,Total Budget,180.7,--,210.8,184.3,168.6,176.1,133.7,PDF p477 Budget Authority table,"R70 full-extraction pass, read from the hosted PDF 2026-09-27; FY2023 op plan/actual, FY2024 CR/enacted as labelled on each page; FY2026-29 notional; ""Total Budget"" rows checked against the lines above (0 mismatches; summary pages hold parent + child lines)"
nasa_fy2025_budget_request_congressional_justification,478,Science: Astrophysics: Physics of the Cosmos / OTHER MISSIONS AND DATA ANALYSIS,Physics of the Cosmos SR&T,73.6,--,35.7,28.6,29.5,30.0,30.0,PDF p478 Budget Authority table,"R70 full-extraction pass, read from the hosted PDF 2026-09-27; FY2023 op plan/actual, FY2024 CR/enacted as labelled on each page; FY2026-29 notional; ""Total Budget"" rows checked against the lines above (0 mismatches; summary pages hold parent + child lines)"
nasa_fy2025_budget_request_congressional_justification,478,Science: Astrophysics: Physics of the Cosmos / OTHER MISSIONS AND DATA ANALYSIS,PCOS/COR Technology Office Management,9.1,--,8.7,8.9,9.4,9.6,9.6,PDF p478 Budget Authority table,"R70 full-extraction pass, read from the hosted PDF 2026-09-27; FY2023 op plan/actual, FY2024 CR/enacted as labelled on each page; FY2026-29 notional; ""Total Budget"" rows checked against the lines above (0 mismatches; summary pages hold parent + child lines)"
nasa_fy2025_budget_request_congressional_justification,478,Science: Astrophysics: Physics of the Cosmos / OTHER MISSIONS AND DATA ANALYSIS,Physics of the Cosmos Future Missions,2.8,--,2.7,2.7,2.7,2.7,2.5,PDF p478 Budget Authority table,"R70 full-extraction pass, read from the hosted PDF 2026-09-27; FY2023 op plan/actual, FY2024 CR/enacted as labelled on each page; FY2026-29 notional; ""Total Budget"" rows checked against the lines above (0 mismatches; summary pages hold parent + child lines)"
nasa_fy2025_budget_request_congressional_justification,478,Science: Astrophysics: Physics of the Cosmos / OTHER MISSIONS AND DATA ANALYSIS,Laser Interferometer Space Antenna,0.0,--,73.1,80.5,89.2,96.0,75.4,PDF p478 Budget Authority table,"R70 full-extraction pass, read from the hosted PDF 2026-09-27; FY2023 op plan/actual, FY2024 CR/enacted as labelled on each page; FY2026-29 notional; ""Total Budget"" rows checked against the lines above (0 mismatches; summary pages hold parent + child lines)"
nasa_fy2025_budget_request_congressional_justification,478,Science: Astrophysics: Physics of the Cosmos / OTHER MISSIONS AND DATA ANALYSIS,Ultraviolet Transient Astronomy Satellite,1.1,--,21.2,26.9,1.8,1.8,1.8,PDF p478 Budget Authority table,"R70 full-extraction pass, read from the hosted PDF 2026-09-27; FY2023 op plan/actual, FY2024 CR/enacted as labelled on each page; FY2026-29 notional; ""Total Budget"" rows checked against the lines above (0 mismatches; summary pages hold parent + child lines)"
nasa_fy2025_budget_request_congressional_justification,478,Science: Astrophysics: Physics of the Cosmos / OTHER MISSIONS AND DATA ANALYSIS,Euclid,9.9,--,9.9,10.0,9.4,9.5,9.2,PDF p478 Budget Authority table,"R70 full-extraction pass, read from the hosted PDF 2026-09-27; FY2023 op plan/actual, FY2024 CR/enacted as labelled on each page; FY2026-29 notional; ""Total Budget"" rows checked against the lines above (0 mismatches; summary pages hold parent + child lines)"
nasa_fy2025_budget_request_congressional_justification,478,Science: Astrophysics: Physics of the Cosmos / OTHER MISSIONS AND DATA ANALYSIS,Fermi Gamma-ray Space Telescope,12.1,--,14.5,0.0,0.0,0.0,0.0,PDF p478 Budget Authority table,"R70 full-extraction pass, read from the hosted PDF 2026-09-27; FY2023 op plan/actual, FY2024 CR/enacted as labelled on each page; FY2026-29 notional; ""Total Budget"" rows checked against the lines above (0 mismatches; summary pages hold parent + child lines)"
nasa_fy2025_budget_request_congressional_justification,478,Science: Astrophysics: Physics of the Cosmos / OTHER MISSIONS AND DATA ANALYSIS,Chandra X-Ray Observatory,68.3,--,41.1,26.6,26.6,26.6,5.2,PDF p478 Budget Authority table,"R70 full-extraction pass, read from the hosted PDF 2026-09-27; FY2023 op plan/actual, FY2024 CR/enacted as labelled on each page; FY2026-29 notional; ""Total Budget"" rows checked against the lines above (0 mismatches; summary pages hold parent + child lines)"
nasa_fy2025_budget_request_congressional_justification,478,Science: Astrophysics: Physics of the Cosmos / OTHER MISSIONS AND DATA ANALYSIS,XMM,4.0,--,4.0,0.0,0.0,0.0,0.0,PDF p478 Budget Authority table,"R70 full-extraction pass, read from the hosted PDF 2026-09-27; FY2023 op plan/actual, FY2024 CR/enacted as labelled on each page; FY2026-29 notional; ""Total Budget"" rows checked against the lines above (0 mismatches; summary pages hold parent + child lines)"
nasa_fy2025_budget_request_congressional_justification,478,Science: Astrophysics: Physics of the Cosmos / OTHER MISSIONS AND DATA ANALYSIS,Total Budget,180.7,--,210.8,184.3,168.6,176.1,133.7,PDF p478 Budget Authority table,"R70 full-extraction pass, read from the hosted PDF 2026-09-27; FY2023 op plan/actual, FY2024 CR/enacted as labelled on each page; FY2026-29 notional; ""Total Budget"" rows checked against the lines above (0 mismatches; summary pages hold parent + child lines)"
nasa_fy2025_budget_request_congressional_justification,484,Science: Astrophysics / EXOPLANET EXPLORATION,Nancy  Grace Roman Space Telescope,447.3,407.3,384.0,376.5,216.6,100.5,75.1,PDF p484 Budget Authority table,"R70 full-extraction pass, read from the hosted PDF 2026-09-27; FY2023 op plan/actual, FY2024 CR/enacted as labelled on each page; FY2026-29 notional; ""Total Budget"" rows checked against the lines above (0 mismatches; summary pages hold parent + child lines)"
nasa_fy2025_budget_request_congressional_justification,484,Science: Astrophysics / EXOPLANET EXPLORATION,Other Missions and Data Analysis,55.6,--,94.5,82.5,149.5,223.4,264.8,PDF p484 Budget Authority table,"R70 full-extraction pass, read from the hosted PDF 2026-09-27; FY2023 op plan/actual, FY2024 CR/enacted as labelled on each page; FY2026-29 notional; ""Total Budget"" rows checked against the lines above (0 mismatches; summary pages hold parent + child lines)"
nasa_fy2025_budget_request_congressional_justification,484,Science: Astrophysics / EXOPLANET EXPLORATION,Total Budget,502.9,--,478.5,459.0,366.1,323.8,339.9,PDF p484 Budget Authority table,"R70 full-extraction pass, read from the hosted PDF 2026-09-27; FY2023 op plan/actual, FY2024 CR/enacted as labelled on each page; FY2026-29 notional; ""Total Budget"" rows checked against the lines above (0 mismatches; summary pages hold parent + child lines)"
nasa_fy2025_budget_request_congressional_justification,495,Science: Astrophysics: Exoplanet Exploration / OTHER MISSIONS AND DATA ANALYSIS,Exoplanet Exploration SR&T,35.7,--,25.5,28.3,36.2,36.6,36.8,PDF p495 Budget Authority table,"R70 full-extraction pass, read from the hosted PDF 2026-09-27; FY2023 op plan/actual, FY2024 CR/enacted as labelled on each page; FY2026-29 notional; ""Total Budget"" rows checked against the lines above (0 mismatches; summary pages hold parent + child lines)"
nasa_fy2025_budget_request_congressional_justification,495,Science: Astrophysics: Exoplanet Exploration / OTHER MISSIONS AND DATA ANALYSIS,Exoplanet Exploration Technoloy Off Mgmt,6.7,--,8.5,8.5,8.6,8.6,8.6,PDF p495 Budget Authority table,"R70 full-extraction pass, read from the hosted PDF 2026-09-27; FY2023 op plan/actual, FY2024 CR/enacted as labelled on each page; FY2026-29 notional; ""Total Budget"" rows checked against the lines above (0 mismatches; summary pages hold parent + child lines)"
nasa_fy2025_budget_request_congressional_justification,495,Science: Astrophysics: Exoplanet Exploration / OTHER MISSIONS AND DATA ANALYSIS,Exoplanet Exploration Future Missions,5.7,--,2.8,2.8,2.6,5.6,4.0,PDF p495 Budget Authority table,"R70 full-extraction pass, read from the hosted PDF 2026-09-27; FY2023 op plan/actual, FY2024 CR/enacted as labelled on each page; FY2026-29 notional; ""Total Budget"" rows checked against the lines above (0 mismatches; summary pages hold parent + child lines)"
nasa_fy2025_budget_request_congressional_justification,495,Science: Astrophysics: Exoplanet Exploration / OTHER MISSIONS AND DATA ANALYSIS,Keck Operations,7.5,--,7.6,7.7,7.8,4.9,4.9,PDF p495 Budget Authority table,"R70 full-extraction pass, read from the hosted PDF 2026-09-27; FY2023 op plan/actual, FY2024 CR/enacted as labelled on each page; FY2026-29 notional; ""Total Budget"" rows checked against the lines above (0 mismatches; summary pages hold parent + child lines)"
nasa_fy2025_budget_request_congressional_justification,495,Science: Astrophysics: Exoplanet Exploration / OTHER MISSIONS AND DATA ANALYSIS,Habitable Worlds Observ Tech Maturation,0.0,--,50.0,35.2,46.5,119.9,162.8,PDF p495 Budget Authority table,"R70 full-extraction pass, read from the hosted PDF 2026-09-27; FY2023 op plan/actual, FY2024 CR/enacted as labelled on each page; FY2026-29 notional; ""Total Budget"" rows checked against the lines above (0 mismatches; summary pages hold parent + child lines)"
nasa_fy2025_budget_request_congressional_justification,495,Science: Astrophysics: Exoplanet Exploration / OTHER MISSIONS AND DATA ANALYSIS,Exoplanet Exploration Science,0.0,--,0.0,0.0,47.8,47.8,47.8,PDF p495 Budget Authority table,"R70 full-extraction pass, read from the hosted PDF 2026-09-27; FY2023 op plan/actual, FY2024 CR/enacted as labelled on each page; FY2026-29 notional; ""Total Budget"" rows checked against the lines above (0 mismatches; summary pages hold parent + child lines)"
nasa_fy2025_budget_request_congressional_justification,495,Science: Astrophysics: Exoplanet Exploration / OTHER MISSIONS AND DATA ANALYSIS,Total Budget,55.6,--,94.5,82.5,149.5,223.4,264.8,PDF p495 Budget Authority table,"R70 full-extraction pass, read from the hosted PDF 2026-09-27; FY2023 op plan/actual, FY2024 CR/enacted as labelled on each page; FY2026-29 notional; ""Total Budget"" rows checked against the lines above (0 mismatches; summary pages hold parent + child lines)"
nasa_fy2025_budget_request_congressional_justification,499,Science: Astrophysics / ASTROPHYSICS EXPLORER,SPHEREx,81.6,65.4,38.7,6.0,1.6,0.5,0.0,PDF p499 Budget Authority table,"R70 full-extraction pass, read from the hosted PDF 2026-09-27; FY2023 op plan/actual, FY2024 CR/enacted as labelled on each page; FY2026-29 notional; ""Total Budget"" rows checked against the lines above (0 mismatches; summary pages hold parent + child lines)"
nasa_fy2025_budget_request_congressional_justification,499,Science: Astrophysics / ASTROPHYSICS EXPLORER,Compton Spectrometer and Imager (COSI),36.5,--,64.4,68.2,46.9,6.5,3.1,PDF p499 Budget Authority table,"R70 full-extraction pass, read from the hosted PDF 2026-09-27; FY2023 op plan/actual, FY2024 CR/enacted as labelled on each page; FY2026-29 notional; ""Total Budget"" rows checked against the lines above (0 mismatches; summary pages hold parent + child lines)"
nasa_fy2025_budget_request_congressional_justification,499,Science: Astrophysics / ASTROPHYSICS EXPLORER,Other Missions and Data Analysis,108.7,--,166.3,178.0,332.1,449.4,537.5,PDF p499 Budget Authority table,"R70 full-extraction pass, read from the hosted PDF 2026-09-27; FY2023 op plan/actual, FY2024 CR/enacted as labelled on each page; FY2026-29 notional; ""Total Budget"" rows checked against the lines above (0 mismatches; summary pages hold parent + child lines)"
nasa_fy2025_budget_request_congressional_justification,499,Science: Astrophysics / ASTROPHYSICS EXPLORER,Total Budget,226.8,--,269.3,252.2,380.6,456.4,540.6,PDF p499 Budget Authority table,"R70 full-extraction pass, read from the hosted PDF 2026-09-27; FY2023 op plan/actual, FY2024 CR/enacted as labelled on each page; FY2026-29 notional; ""Total Budget"" rows checked against the lines above (0 mismatches; summary pages hold parent + child lines)"
nasa_fy2025_budget_request_congressional_justification,508,Science: Astrophysics: Astrophysics Explorer / COMPTON SPECTROMETER AND IMAGER,Total Budget,36.5,--,64.4,68.2,46.9,6.5,3.1,PDF p508 Budget Authority table,"R70 full-extraction pass, read from the hosted PDF 2026-09-27; FY2023 op plan/actual, FY2024 CR/enacted as labelled on each page; FY2026-29 notional; ""Total Budget"" rows checked against the lines above (0 mismatches; summary pages hold parent + child lines)"
nasa_fy2025_budget_request_congressional_justification,512,Science: Astrophysics: Astrophysics Explorer / OTHER MISSIONS AND DATA ANALYSIS,Astrophysics Explorer Science,0.0,--,2.7,3.2,4.8,6.3,8.5,PDF p512 Budget Authority table,"R70 full-extraction pass, read from the hosted PDF 2026-09-27; FY2023 op plan/actual, FY2024 CR/enacted as labelled on each page; FY2026-29 notional; ""Total Budget"" rows checked against the lines above (0 mismatches; summary pages hold parent + child lines)"
nasa_fy2025_budget_request_congressional_justification,512,Science: Astrophysics: Astrophysics Explorer / OTHER MISSIONS AND DATA ANALYSIS,Astrophysics Probes Future Missions,0.0,--,12.5,22.4,120.0,198.1,298.0,PDF p512 Budget Authority table,"R70 full-extraction pass, read from the hosted PDF 2026-09-27; FY2023 op plan/actual, FY2024 CR/enacted as labelled on each page; FY2026-29 notional; ""Total Budget"" rows checked against the lines above (0 mismatches; summary pages hold parent + child lines)"
nasa_fy2025_budget_request_congressional_justification,512,Science: Astrophysics: Astrophysics Explorer / OTHER MISSIONS AND DATA ANALYSIS,Pioneers,26.5,--,17.1,35.0,40.2,40.2,41.9,PDF p512 Budget Authority table,"R70 full-extraction pass, read from the hosted PDF 2026-09-27; FY2023 op plan/actual, FY2024 CR/enacted as labelled on each page; FY2026-29 notional; ""Total Budget"" rows checked against the lines above (0 mismatches; summary pages hold parent + child lines)"
nasa_fy2025_budget_request_congressional_justification,512,Science: Astrophysics: Astrophysics Explorer / OTHER MISSIONS AND DATA ANALYSIS,Contribution to ARIEL Spectroscopy of Ex,6.6,--,4.0,2.2,2.9,3.2,3.7,PDF p512 Budget Authority table,"R70 full-extraction pass, read from the hosted PDF 2026-09-27; FY2023 op plan/actual, FY2024 CR/enacted as labelled on each page; FY2026-29 notional; ""Total Budget"" rows checked against the lines above (0 mismatches; summary pages hold parent + child lines)"
nasa_fy2025_budget_request_congressional_justification,512,Science: Astrophysics: Astrophysics Explorer / OTHER MISSIONS AND DATA ANALYSIS,Astrophysics Explorer Future Missions,6.7,--,51.6,83.2,144.0,184.2,174.7,PDF p512 Budget Authority table,"R70 full-extraction pass, read from the hosted PDF 2026-09-27; FY2023 op plan/actual, FY2024 CR/enacted as labelled on each page; FY2026-29 notional; ""Total Budget"" rows checked against the lines above (0 mismatches; summary pages hold parent + child lines)"
nasa_fy2025_budget_request_congressional_justification,512,Science: Astrophysics: Astrophysics Explorer / OTHER MISSIONS AND DATA ANALYSIS,Astrophysics Explorer Program Management,13.7,--,19.2,14.7,18.2,17.4,10.7,PDF p512 Budget Authority table,"R70 full-extraction pass, read from the hosted PDF 2026-09-27; FY2023 op plan/actual, FY2024 CR/enacted as labelled on each page; FY2026-29 notional; ""Total Budget"" rows checked against the lines above (0 mismatches; summary pages hold parent + child lines)"
nasa_fy2025_budget_request_congressional_justification,512,Science: Astrophysics: Astrophysics Explorer / OTHER MISSIONS AND DATA ANALYSIS,Neutron Star Interior Composition Explor,4.0,--,4.5,0.0,0.0,0.0,0.0,PDF p512 Budget Authority table,"R70 full-extraction pass, read from the hosted PDF 2026-09-27; FY2023 op plan/actual, FY2024 CR/enacted as labelled on each page; FY2026-29 notional; ""Total Budget"" rows checked against the lines above (0 mismatches; summary pages hold parent + child lines)"
nasa_fy2025_budget_request_congressional_justification,512,Science: Astrophysics: Astrophysics Explorer / OTHER MISSIONS AND DATA ANALYSIS,Neil Gehrels Swift Observatory,5.6,--,6.0,0.0,0.0,0.0,0.0,PDF p512 Budget Authority table,"R70 full-extraction pass, read from the hosted PDF 2026-09-27; FY2023 op plan/actual, FY2024 CR/enacted as labelled on each page; FY2026-29 notional; ""Total Budget"" rows checked against the lines above (0 mismatches; summary pages hold parent + child lines)"
nasa_fy2025_budget_request_congressional_justification,512,Science: Astrophysics: Astrophysics Explorer / OTHER MISSIONS AND DATA ANALYSIS,Nuclear Spectroscopic Telescope Array,6.9,--,9.6,0.0,0.0,0.0,0.0,PDF p512 Budget Authority table,"R70 full-extraction pass, read from the hosted PDF 2026-09-27; FY2023 op plan/actual, FY2024 CR/enacted as labelled on each page; FY2026-29 notional; ""Total Budget"" rows checked against the lines above (0 mismatches; summary pages hold parent + child lines)"
nasa_fy2025_budget_request_congressional_justification,512,Science: Astrophysics: Astrophysics Explorer / OTHER MISSIONS AND DATA ANALYSIS,Transiting Exoplanet Survey Satellite,18.7,--,13.5,0.0,0.0,0.0,0.0,PDF p512 Budget Authority table,"R70 full-extraction pass, read from the hosted PDF 2026-09-27; FY2023 op plan/actual, FY2024 CR/enacted as labelled on each page; FY2026-29 notional; ""Total Budget"" rows checked against the lines above (0 mismatches; summary pages hold parent + child lines)"
nasa_fy2025_budget_request_congressional_justification,512,Science: Astrophysics: Astrophysics Explorer / OTHER MISSIONS AND DATA ANALYSIS,Galactic/Extragalactic ULDB Spectroscopi,1.7,--,0.0,0.0,0.0,0.0,0.0,PDF p512 Budget Authority table,"R70 full-extraction pass, read from the hosted PDF 2026-09-27; FY2023 op plan/actual, FY2024 CR/enacted as labelled on each page; FY2026-29 notional; ""Total Budget"" rows checked against the lines above (0 mismatches; summary pages hold parent + child lines)"
nasa_fy2025_budget_request_congressional_justification,512,Science: Astrophysics: Astrophysics Explorer / OTHER MISSIONS AND DATA ANALYSIS,Imaging X-Ray Polarimetry Explorer,6.8,--,7.0,0.0,0.0,0.0,0.0,PDF p512 Budget Authority table,"R70 full-extraction pass, read from the hosted PDF 2026-09-27; FY2023 op plan/actual, FY2024 CR/enacted as labelled on each page; FY2026-29 notional; ""Total Budget"" rows checked against the lines above (0 mismatches; summary pages hold parent + child lines)"
nasa_fy2025_budget_request_congressional_justification,512,Science: Astrophysics: Astrophysics Explorer / OTHER MISSIONS AND DATA ANALYSIS,X-Ray Imaging and Spectroscopy Mission,11.4,--,18.7,17.4,2.0,0.0,0.0,PDF p512 Budget Authority table,"R70 full-extraction pass, read from the hosted PDF 2026-09-27; FY2023 op plan/actual, FY2024 CR/enacted as labelled on each page; FY2026-29 notional; ""Total Budget"" rows checked against the lines above (0 mismatches; summary pages hold parent + child lines)"
nasa_fy2025_budget_request_congressional_justification,512,Science: Astrophysics: Astrophysics Explorer / OTHER MISSIONS AND DATA ANALYSIS,Total Budget,108.7,--,166.3,178.0,332.1,449.4,537.5,PDF p512 Budget Authority table,"R70 full-extraction pass, read from the hosted PDF 2026-09-27; FY2023 op plan/actual, FY2024 CR/enacted as labelled on each page; FY2026-29 notional; ""Total Budget"" rows checked against the lines above (0 mismatches; summary pages hold parent + child lines)"
nasa_fy2025_budget_request_congressional_justification,520,Science / HELIOPHYSICS,Heliophysics Research,238.2,--,252.3,247.7,255.8,257.8,258.5,PDF p520 Budget Authority table,"R70 full-extraction pass, read from the hosted PDF 2026-09-27; FY2023 op plan/actual, FY2024 CR/enacted as labelled on each page; FY2026-29 notional; ""Total Budget"" rows checked against the lines above (0 mismatches; summary pages hold parent + child lines)"
nasa_fy2025_budget_request_congressional_justification,520,Science / HELIOPHYSICS,Living with a Star,155.2,--,107.7,100.1,112.1,106.3,101.4,PDF p520 Budget Authority table,"R70 full-extraction pass, read from the hosted PDF 2026-09-27; FY2023 op plan/actual, FY2024 CR/enacted as labelled on each page; FY2026-29 notional; ""Total Budget"" rows checked against the lines above (0 mismatches; summary pages hold parent + child lines)"
nasa_fy2025_budget_request_congressional_justification,520,Science / HELIOPHYSICS,Solar Terrestrial Probes,198.0,--,133.2,82.9,64.9,56.1,38.1,PDF p520 Budget Authority table,"R70 full-extraction pass, read from the hosted PDF 2026-09-27; FY2023 op plan/actual, FY2024 CR/enacted as labelled on each page; FY2026-29 notional; ""Total Budget"" rows checked against the lines above (0 mismatches; summary pages hold parent + child lines)"
nasa_fy2025_budget_request_congressional_justification,520,Science / HELIOPHYSICS,Heliophysics Explorer Program,167.9,--,236.7,309.4,325.4,355.4,385.4,PDF p520 Budget Authority table,"R70 full-extraction pass, read from the hosted PDF 2026-09-27; FY2023 op plan/actual, FY2024 CR/enacted as labelled on each page; FY2026-29 notional; ""Total Budget"" rows checked against the lines above (0 mismatches; summary pages hold parent + child lines)"
nasa_fy2025_budget_request_congressional_justification,520,Science / HELIOPHYSICS,Space Weather,25.8,--,47.5,42.6,40.0,35.9,34.2,PDF p520 Budget Authority table,"R70 full-extraction pass, read from the hosted PDF 2026-09-27; FY2023 op plan/actual, FY2024 CR/enacted as labelled on each page; FY2026-29 notional; ""Total Budget"" rows checked against the lines above (0 mismatches; summary pages hold parent + child lines)"
nasa_fy2025_budget_request_congressional_justification,520,Science / HELIOPHYSICS,Heliophysics Technology,19.9,--,9.3,9.2,8.8,8.8,15.8,PDF p520 Budget Authority table,"R70 full-extraction pass, read from the hosted PDF 2026-09-27; FY2023 op plan/actual, FY2024 CR/enacted as labelled on each page; FY2026-29 notional; ""Total Budget"" rows checked against the lines above (0 mismatches; summary pages hold parent + child lines)"
nasa_fy2025_budget_request_congressional_justification,520,Science / HELIOPHYSICS,Total Budget,805.0,--,786.7,791.9,807.0,820.3,833.4,PDF p520 Budget Authority table,"R70 full-extraction pass, read from the hosted PDF 2026-09-27; FY2023 op plan/actual, FY2024 CR/enacted as labelled on each page; FY2026-29 notional; ""Total Budget"" rows checked against the lines above (0 mismatches; summary pages hold parent + child lines)"
nasa_fy2025_budget_request_congressional_justification,521,Science: Heliophysics / HELIOPHYSICS RESEARCH,Heliophysics Research and Analysis,62.3,--,65.0,64.7,65.0,63.5,64.8,PDF p521 Budget Authority table,"R70 full-extraction pass, read from the hosted PDF 2026-09-27; FY2023 op plan/actual, FY2024 CR/enacted as labelled on each page; FY2026-29 notional; ""Total Budget"" rows checked against the lines above (0 mismatches; summary pages hold parent + child lines)"
nasa_fy2025_budget_request_congressional_justification,521,Science: Heliophysics / HELIOPHYSICS RESEARCH,Sounding Rockets,60.4,--,75.3,69.2,74.2,69.5,69.2,PDF p521 Budget Authority table,"R70 full-extraction pass, read from the hosted PDF 2026-09-27; FY2023 op plan/actual, FY2024 CR/enacted as labelled on each page; FY2026-29 notional; ""Total Budget"" rows checked against the lines above (0 mismatches; summary pages hold parent + child lines)"
nasa_fy2025_budget_request_congressional_justification,521,Science: Heliophysics / HELIOPHYSICS RESEARCH,Research Range,32.8,--,24.5,27.3,27.3,33.1,27.8,PDF p521 Budget Authority table,"R70 full-extraction pass, read from the hosted PDF 2026-09-27; FY2023 op plan/actual, FY2024 CR/enacted as labelled on each page; FY2026-29 notional; ""Total Budget"" rows checked against the lines above (0 mismatches; summary pages hold parent + child lines)"
nasa_fy2025_budget_request_congressional_justification,521,Science: Heliophysics / HELIOPHYSICS RESEARCH,Other Missions and Data Analysis,82.8,--,87.5,86.5,89.4,91.8,96.7,PDF p521 Budget Authority table,"R70 full-extraction pass, read from the hosted PDF 2026-09-27; FY2023 op plan/actual, FY2024 CR/enacted as labelled on each page; FY2026-29 notional; ""Total Budget"" rows checked against the lines above (0 mismatches; summary pages hold parent + child lines)"
nasa_fy2025_budget_request_congressional_justification,521,Science: Heliophysics / HELIOPHYSICS RESEARCH,Total Budget,238.2,--,252.3,247.7,255.8,257.8,258.5,PDF p521 Budget Authority table,"R70 full-extraction pass, read from the hosted PDF 2026-09-27; FY2023 op plan/actual, FY2024 CR/enacted as labelled on each page; FY2026-29 notional; ""Total Budget"" rows checked against the lines above (0 mismatches; summary pages hold parent + child lines)"
nasa_fy2025_budget_request_congressional_justification,528,Science: Heliophysics: Heliophysics Research / OTHER MISSIONS AND DATA ANALYSIS,Science Planning and Research Support,7.1,--,7.1,7.1,7.1,7.1,7.1,PDF p528 Budget Authority table,"R70 full-extraction pass, read from the hosted PDF 2026-09-27; FY2023 op plan/actual, FY2024 CR/enacted as labelled on each page; FY2026-29 notional; ""Total Budget"" rows checked against the lines above (0 mismatches; summary pages hold parent + child lines)"
nasa_fy2025_budget_request_congressional_justification,528,Science: Heliophysics: Heliophysics Research / OTHER MISSIONS AND DATA ANALYSIS,CubeSat,12.9,--,10.9,11.5,13.0,15.0,15.0,PDF p528 Budget Authority table,"R70 full-extraction pass, read from the hosted PDF 2026-09-27; FY2023 op plan/actual, FY2024 CR/enacted as labelled on each page; FY2026-29 notional; ""Total Budget"" rows checked against the lines above (0 mismatches; summary pages hold parent + child lines)"
nasa_fy2025_budget_request_congressional_justification,528,Science: Heliophysics: Heliophysics Research / OTHER MISSIONS AND DATA ANALYSIS,Solar Data Center,2.6,--,3.9,4.6,4.7,4.9,5.0,PDF p528 Budget Authority table,"R70 full-extraction pass, read from the hosted PDF 2026-09-27; FY2023 op plan/actual, FY2024 CR/enacted as labelled on each page; FY2026-29 notional; ""Total Budget"" rows checked against the lines above (0 mismatches; summary pages hold parent + child lines)"
nasa_fy2025_budget_request_congressional_justification,528,Science: Heliophysics: Heliophysics Research / OTHER MISSIONS AND DATA ANALYSIS,Data & Modeling Services,5.2,--,4.0,4.7,4.9,5.2,5.3,PDF p528 Budget Authority table,"R70 full-extraction pass, read from the hosted PDF 2026-09-27; FY2023 op plan/actual, FY2024 CR/enacted as labelled on each page; FY2026-29 notional; ""Total Budget"" rows checked against the lines above (0 mismatches; summary pages hold parent + child lines)"
nasa_fy2025_budget_request_congressional_justification,528,Science: Heliophysics: Heliophysics Research / OTHER MISSIONS AND DATA ANALYSIS,Space Physics Data Archive,3.6,--,4.0,4.2,4.4,4.6,5.1,PDF p528 Budget Authority table,"R70 full-extraction pass, read from the hosted PDF 2026-09-27; FY2023 op plan/actual, FY2024 CR/enacted as labelled on each page; FY2026-29 notional; ""Total Budget"" rows checked against the lines above (0 mismatches; summary pages hold parent + child lines)"
nasa_fy2025_budget_request_congressional_justification,528,Science: Heliophysics: Heliophysics Research / OTHER MISSIONS AND DATA ANALYSIS,Guest Investigator Program,21.5,--,25.2,24.0,24.0,24.0,24.0,PDF p528 Budget Authority table,"R70 full-extraction pass, read from the hosted PDF 2026-09-27; FY2023 op plan/actual, FY2024 CR/enacted as labelled on each page; FY2026-29 notional; ""Total Budget"" rows checked against the lines above (0 mismatches; summary pages hold parent + child lines)"
nasa_fy2025_budget_request_congressional_justification,528,Science: Heliophysics: Heliophysics Research / OTHER MISSIONS AND DATA ANALYSIS,Community Coordinated Modeling Center,5.0,--,4.9,4.6,4.5,4.5,4.5,PDF p528 Budget Authority table,"R70 full-extraction pass, read from the hosted PDF 2026-09-27; FY2023 op plan/actual, FY2024 CR/enacted as labelled on each page; FY2026-29 notional; ""Total Budget"" rows checked against the lines above (0 mismatches; summary pages hold parent + child lines)"
nasa_fy2025_budget_request_congressional_justification,528,Science: Heliophysics: Heliophysics Research / OTHER MISSIONS AND DATA ANALYSIS,Space Science Mission Ops Services,13.7,--,16.0,16.3,16.6,16.7,20.7,PDF p528 Budget Authority table,"R70 full-extraction pass, read from the hosted PDF 2026-09-27; FY2023 op plan/actual, FY2024 CR/enacted as labelled on each page; FY2026-29 notional; ""Total Budget"" rows checked against the lines above (0 mismatches; summary pages hold parent + child lines)"
nasa_fy2025_budget_request_congressional_justification,528,Science: Heliophysics: Heliophysics Research / OTHER MISSIONS AND DATA ANALYSIS,Voyager,6.5,--,7.0,7.2,7.8,7.6,7.6,PDF p528 Budget Authority table,"R70 full-extraction pass, read from the hosted PDF 2026-09-27; FY2023 op plan/actual, FY2024 CR/enacted as labelled on each page; FY2026-29 notional; ""Total Budget"" rows checked against the lines above (0 mismatches; summary pages hold parent + child lines)"
nasa_fy2025_budget_request_congressional_justification,528,Science: Heliophysics: Heliophysics Research / OTHER MISSIONS AND DATA ANALYSIS,Solar and Heliospheric Observatory (SOHO),2.4,--,2.2,0.1,0.0,0.0,0.0,PDF p528 Budget Authority table,"R70 full-extraction pass, read from the hosted PDF 2026-09-27; FY2023 op plan/actual, FY2024 CR/enacted as labelled on each page; FY2026-29 notional; ""Total Budget"" rows checked against the lines above (0 mismatches; summary pages hold parent + child lines)"
nasa_fy2025_budget_request_congressional_justification,528,Science: Heliophysics: Heliophysics Research / OTHER MISSIONS AND DATA ANALYSIS,Wind,2.3,--,2.3,2.3,2.3,2.3,2.3,PDF p528 Budget Authority table,"R70 full-extraction pass, read from the hosted PDF 2026-09-27; FY2023 op plan/actual, FY2024 CR/enacted as labelled on each page; FY2026-29 notional; ""Total Budget"" rows checked against the lines above (0 mismatches; summary pages hold parent + child lines)"
nasa_fy2025_budget_request_congressional_justification,528,Science: Heliophysics: Heliophysics Research / OTHER MISSIONS AND DATA ANALYSIS,Geotail,0.1,--,0.0,0.0,0.0,0.0,0.0,PDF p528 Budget Authority table,"R70 full-extraction pass, read from the hosted PDF 2026-09-27; FY2023 op plan/actual, FY2024 CR/enacted as labelled on each page; FY2026-29 notional; ""Total Budget"" rows checked against the lines above (0 mismatches; summary pages hold parent + child lines)"
nasa_fy2025_budget_request_congressional_justification,528,Science: Heliophysics: Heliophysics Research / OTHER MISSIONS AND DATA ANALYSIS,Total Budget,82.8,--,87.5,86.5,89.4,91.8,96.7,PDF p528 Budget Authority table,"R70 full-extraction pass, read from the hosted PDF 2026-09-27; FY2023 op plan/actual, FY2024 CR/enacted as labelled on each page; FY2026-29 notional; ""Total Budget"" rows checked against the lines above (0 mismatches; summary pages hold parent + child lines)"
nasa_fy2025_budget_request_congressional_justification,534,Science: Heliophysics / LIVING WITH A STAR,Other Missions and Data Analysis,155.2,--,107.7,100.1,112.1,106.3,101.4,PDF p534 Budget Authority table,"R70 full-extraction pass, read from the hosted PDF 2026-09-27; FY2023 op plan/actual, FY2024 CR/enacted as labelled on each page; FY2026-29 notional; ""Total Budget"" rows checked against the lines above (0 mismatches; summary pages hold parent + child lines)"
nasa_fy2025_budget_request_congressional_justification,534,Science: Heliophysics / LIVING WITH A STAR,Total Budget,155.2,--,107.7,100.1,112.1,106.3,101.4,PDF p534 Budget Authority table,"R70 full-extraction pass, read from the hosted PDF 2026-09-27; FY2023 op plan/actual, FY2024 CR/enacted as labelled on each page; FY2026-29 notional; ""Total Budget"" rows checked against the lines above (0 mismatches; summary pages hold parent + child lines)"
nasa_fy2025_budget_request_congressional_justification,535,Science: Heliophysics: Living with a Star / OTHER MISSIONS AND DATA ANALYSIS,Geospace Dynamics Constellation,73.0,--,0.0,0.0,0.0,0.0,0.0,PDF p535 Budget Authority table,"R70 full-extraction pass, read from the hosted PDF 2026-09-27; FY2023 op plan/actual, FY2024 CR/enacted as labelled on each page; FY2026-29 notional; ""Total Budget"" rows checked against the lines above (0 mismatches; summary pages hold parent + child lines)"
nasa_fy2025_budget_request_congressional_justification,535,Science: Heliophysics: Living with a Star / OTHER MISSIONS AND DATA ANALYSIS,Living With a Star Future Missions,5.0,--,0.0,0.0,7.5,7.5,7.5,PDF p535 Budget Authority table,"R70 full-extraction pass, read from the hosted PDF 2026-09-27; FY2023 op plan/actual, FY2024 CR/enacted as labelled on each page; FY2026-29 notional; ""Total Budget"" rows checked against the lines above (0 mismatches; summary pages hold parent + child lines)"
nasa_fy2025_budget_request_congressional_justification,535,Science: Heliophysics: Living with a Star / OTHER MISSIONS AND DATA ANALYSIS,LWS Science,24.6,--,30.2,29.8,29.8,29.8,29.8,PDF p535 Budget Authority table,"R70 full-extraction pass, read from the hosted PDF 2026-09-27; FY2023 op plan/actual, FY2024 CR/enacted as labelled on each page; FY2026-29 notional; ""Total Budget"" rows checked against the lines above (0 mismatches; summary pages hold parent + child lines)"
nasa_fy2025_budget_request_congressional_justification,535,Science: Heliophysics: Living with a Star / OTHER MISSIONS AND DATA ANALYSIS,LWS Program Management,19.7,--,26.0,24.8,26.9,25.1,25.1,PDF p535 Budget Authority table,"R70 full-extraction pass, read from the hosted PDF 2026-09-27; FY2023 op plan/actual, FY2024 CR/enacted as labelled on each page; FY2026-29 notional; ""Total Budget"" rows checked against the lines above (0 mismatches; summary pages hold parent + child lines)"
nasa_fy2025_budget_request_congressional_justification,535,Science: Heliophysics: Living with a Star / OTHER MISSIONS AND DATA ANALYSIS,Solar Orbiter Collaboration,6.6,--,11.2,9.8,8.4,4.2,0.0,PDF p535 Budget Authority table,"R70 full-extraction pass, read from the hosted PDF 2026-09-27; FY2023 op plan/actual, FY2024 CR/enacted as labelled on each page; FY2026-29 notional; ""Total Budget"" rows checked against the lines above (0 mismatches; summary pages hold parent + child lines)"
nasa_fy2025_budget_request_congressional_justification,535,Science: Heliophysics: Living with a Star / OTHER MISSIONS AND DATA ANALYSIS,Solar Dynamics Observatory (SDO),13.2,--,13.6,14.0,14.5,14.7,15.0,PDF p535 Budget Authority table,"R70 full-extraction pass, read from the hosted PDF 2026-09-27; FY2023 op plan/actual, FY2024 CR/enacted as labelled on each page; FY2026-29 notional; ""Total Budget"" rows checked against the lines above (0 mismatches; summary pages hold parent + child lines)"
nasa_fy2025_budget_request_congressional_justification,535,Science: Heliophysics: Living with a Star / OTHER MISSIONS AND DATA ANALYSIS,Parker Solar Probe (PSP),13.1,--,26.6,21.7,25.0,25.0,24.0,PDF p535 Budget Authority table,"R70 full-extraction pass, read from the hosted PDF 2026-09-27; FY2023 op plan/actual, FY2024 CR/enacted as labelled on each page; FY2026-29 notional; ""Total Budget"" rows checked against the lines above (0 mismatches; summary pages hold parent + child lines)"
nasa_fy2025_budget_request_congressional_justification,535,Science: Heliophysics: Living with a Star / OTHER MISSIONS AND DATA ANALYSIS,Total Budget,155.2,--,107.7,100.1,112.1,106.3,101.4,PDF p535 Budget Authority table,"R70 full-extraction pass, read from the hosted PDF 2026-09-27; FY2023 op plan/actual, FY2024 CR/enacted as labelled on each page; FY2026-29 notional; ""Total Budget"" rows checked against the lines above (0 mismatches; summary pages hold parent + child lines)"
nasa_fy2025_budget_request_congressional_justification,539,Science: Heliophysics / SOLAR TERRESTRIAL PROBES,Interstellar Mapping and Acceleration Probe (IMAP),123.3,137.4,63.9,39.5,23.9,15.3,0.0,PDF p539 Budget Authority table,"R70 full-extraction pass, read from the hosted PDF 2026-09-27; FY2023 op plan/actual, FY2024 CR/enacted as labelled on each page; FY2026-29 notional; ""Total Budget"" rows checked against the lines above (0 mismatches; summary pages hold parent + child lines)"
nasa_fy2025_budget_request_congressional_justification,539,Science: Heliophysics / SOLAR TERRESTRIAL PROBES,Other Missions and Data Analysis,74.7,--,69.3,43.4,41.1,40.8,38.1,PDF p539 Budget Authority table,"R70 full-extraction pass, read from the hosted PDF 2026-09-27; FY2023 op plan/actual, FY2024 CR/enacted as labelled on each page; FY2026-29 notional; ""Total Budget"" rows checked against the lines above (0 mismatches; summary pages hold parent + child lines)"
nasa_fy2025_budget_request_congressional_justification,539,Science: Heliophysics / SOLAR TERRESTRIAL PROBES,Total Budget,198.0,--,133.2,82.9,64.9,56.1,38.1,PDF p539 Budget Authority table,"R70 full-extraction pass, read from the hosted PDF 2026-09-27; FY2023 op plan/actual, FY2024 CR/enacted as labelled on each page; FY2026-29 notional; ""Total Budget"" rows checked against the lines above (0 mismatches; summary pages hold parent + child lines)"
nasa_fy2025_budget_request_congressional_justification,549,Science: Heliophysics: Solar Terrestrial Probes / OTHER MISSIONS AND DATA ANALYSIS,Carruthers Geocorona Observatory,23.3,--,12.9,2.9,2.2,2.7,0.0,PDF p549 Budget Authority table,"R70 full-extraction pass, read from the hosted PDF 2026-09-27; FY2023 op plan/actual, FY2024 CR/enacted as labelled on each page; FY2026-29 notional; ""Total Budget"" rows checked against the lines above (0 mismatches; summary pages hold parent + child lines)"
nasa_fy2025_budget_request_congressional_justification,549,Science: Heliophysics: Solar Terrestrial Probes / OTHER MISSIONS AND DATA ANALYSIS,Solar Terrestrial Probe Future Missions,5.0,--,0.0,0.0,0.0,0.0,0.0,PDF p549 Budget Authority table,"R70 full-extraction pass, read from the hosted PDF 2026-09-27; FY2023 op plan/actual, FY2024 CR/enacted as labelled on each page; FY2026-29 notional; ""Total Budget"" rows checked against the lines above (0 mismatches; summary pages hold parent + child lines)"
nasa_fy2025_budget_request_congressional_justification,549,Science: Heliophysics: Solar Terrestrial Probes / OTHER MISSIONS AND DATA ANALYSIS,STP Program Management,10.0,--,21.9,4.9,4.7,4.5,4.5,PDF p549 Budget Authority table,"R70 full-extraction pass, read from the hosted PDF 2026-09-27; FY2023 op plan/actual, FY2024 CR/enacted as labelled on each page; FY2026-29 notional; ""Total Budget"" rows checked against the lines above (0 mismatches; summary pages hold parent + child lines)"
nasa_fy2025_budget_request_congressional_justification,549,Science: Heliophysics: Solar Terrestrial Probes / OTHER MISSIONS AND DATA ANALYSIS,Magnetospheric Multiscale (MMS),21.9,--,20.2,20.1,18.9,18.4,18.4,PDF p549 Budget Authority table,"R70 full-extraction pass, read from the hosted PDF 2026-09-27; FY2023 op plan/actual, FY2024 CR/enacted as labelled on each page; FY2026-29 notional; ""Total Budget"" rows checked against the lines above (0 mismatches; summary pages hold parent + child lines)"
nasa_fy2025_budget_request_congressional_justification,549,Science: Heliophysics: Solar Terrestrial Probes / OTHER MISSIONS AND DATA ANALYSIS,Solar Terrestrial Relations Observatory (STEREO),5.6,--,6.6,6.4,6.0,6.0,6.0,PDF p549 Budget Authority table,"R70 full-extraction pass, read from the hosted PDF 2026-09-27; FY2023 op plan/actual, FY2024 CR/enacted as labelled on each page; FY2026-29 notional; ""Total Budget"" rows checked against the lines above (0 mismatches; summary pages hold parent + child lines)"
nasa_fy2025_budget_request_congressional_justification,549,Science: Heliophysics: Solar Terrestrial Probes / OTHER MISSIONS AND DATA ANALYSIS,Hinode (Solar B),6.4,--,4.8,6.5,6.5,6.5,6.5,PDF p549 Budget Authority table,"R70 full-extraction pass, read from the hosted PDF 2026-09-27; FY2023 op plan/actual, FY2024 CR/enacted as labelled on each page; FY2026-29 notional; ""Total Budget"" rows checked against the lines above (0 mismatches; summary pages hold parent + child lines)"
nasa_fy2025_budget_request_congressional_justification,549,Science: Heliophysics: Solar Terrestrial Probes / OTHER MISSIONS AND DATA ANALYSIS,TIMED,2.6,--,2.8,2.7,2.7,2.7,2.7,PDF p549 Budget Authority table,"R70 full-extraction pass, read from the hosted PDF 2026-09-27; FY2023 op plan/actual, FY2024 CR/enacted as labelled on each page; FY2026-29 notional; ""Total Budget"" rows checked against the lines above (0 mismatches; summary pages hold parent + child lines)"
nasa_fy2025_budget_request_congressional_justification,549,Science: Heliophysics: Solar Terrestrial Probes / OTHER MISSIONS AND DATA ANALYSIS,Total Budget,74.7,--,69.3,43.4,41.1,40.8,38.1,PDF p549 Budget Authority table,"R70 full-extraction pass, read from the hosted PDF 2026-09-27; FY2023 op plan/actual, FY2024 CR/enacted as labelled on each page; FY2026-29 notional; ""Total Budget"" rows checked against the lines above (0 mismatches; summary pages hold parent + child lines)"
nasa_fy2025_budget_request_congressional_justification,553,Science: Heliophysics / HELIOPHYSICS EXPLORER PROGRAM,HelioSwarm,10.9,--,39.3,126.8,138.2,109.0,86.0,PDF p553 Budget Authority table,"R70 full-extraction pass, read from the hosted PDF 2026-09-27; FY2023 op plan/actual, FY2024 CR/enacted as labelled on each page; FY2026-29 notional; ""Total Budget"" rows checked against the lines above (0 mismatches; summary pages hold parent + child lines)"
nasa_fy2025_budget_request_congressional_justification,553,Science: Heliophysics / HELIOPHYSICS EXPLORER PROGRAM,Multi-Slit Solar Explorer,39.5,--,77.9,70.5,41.0,14.8,11.1,PDF p553 Budget Authority table,"R70 full-extraction pass, read from the hosted PDF 2026-09-27; FY2023 op plan/actual, FY2024 CR/enacted as labelled on each page; FY2026-29 notional; ""Total Budget"" rows checked against the lines above (0 mismatches; summary pages hold parent + child lines)"
nasa_fy2025_budget_request_congressional_justification,553,Science: Heliophysics / HELIOPHYSICS EXPLORER PROGRAM,Other Missions and Data Analysis,117.5,--,119.5,112.0,146.2,231.6,288.4,PDF p553 Budget Authority table,"R70 full-extraction pass, read from the hosted PDF 2026-09-27; FY2023 op plan/actual, FY2024 CR/enacted as labelled on each page; FY2026-29 notional; ""Total Budget"" rows checked against the lines above (0 mismatches; summary pages hold parent + child lines)"
nasa_fy2025_budget_request_congressional_justification,553,Science: Heliophysics / HELIOPHYSICS EXPLORER PROGRAM,Total Budget,167.9,--,236.7,309.4,325.4,355.4,385.4,PDF p553 Budget Authority table,"R70 full-extraction pass, read from the hosted PDF 2026-09-27; FY2023 op plan/actual, FY2024 CR/enacted as labelled on each page; FY2026-29 notional; ""Total Budget"" rows checked against the lines above (0 mismatches; summary pages hold parent + child lines)"
nasa_fy2025_budget_request_congressional_justification,557,Science: Heliophysics: Heliophysics Explorer Program / HELIOSWARM,Total Budget,10.9,--,39.3,126.8,138.2,109.0,86.0,PDF p557 Budget Authority table,"R70 full-extraction pass, read from the hosted PDF 2026-09-27; FY2023 op plan/actual, FY2024 CR/enacted as labelled on each page; FY2026-29 notional; ""Total Budget"" rows checked against the lines above (0 mismatches; summary pages hold parent + child lines)"
nasa_fy2025_budget_request_congressional_justification,562,Science: Heliophysics: Heliophysics Explorer Program / MULTI-SLIT SOLAR EXPLORER,Total Budget,39.5,--,77.9,70.5,41.0,14.8,11.1,PDF p562 Budget Authority table,"R70 full-extraction pass, read from the hosted PDF 2026-09-27; FY2023 op plan/actual, FY2024 CR/enacted as labelled on each page; FY2026-29 notional; ""Total Budget"" rows checked against the lines above (0 mismatches; summary pages hold parent + child lines)"
nasa_fy2025_budget_request_congressional_justification,566,Science: Heliophysics: Heliophysics Explorer Program / OTHER MISSIONS AND DATA ANALYSIS,Electrojet Zeeman Imaging Explorer,17.9,--,7.0,6.3,4.1,3.1,0.0,PDF p566 Budget Authority table,"R70 full-extraction pass, read from the hosted PDF 2026-09-27; FY2023 op plan/actual, FY2024 CR/enacted as labelled on each page; FY2026-29 notional; ""Total Budget"" rows checked against the lines above (0 mismatches; summary pages hold parent + child lines)"
nasa_fy2025_budget_request_congressional_justification,566,Science: Heliophysics: Heliophysics Explorer Program / OTHER MISSIONS AND DATA ANALYSIS,Escape and Plasma Acceleration and Dynamics Explorers (EscaPADE),11.2,--,1.9,2.8,3.4,2.0,0.0,PDF p566 Budget Authority table,"R70 full-extraction pass, read from the hosted PDF 2026-09-27; FY2023 op plan/actual, FY2024 CR/enacted as labelled on each page; FY2026-29 notional; ""Total Budget"" rows checked against the lines above (0 mismatches; summary pages hold parent + child lines)"
nasa_fy2025_budget_request_congressional_justification,566,Science: Heliophysics: Heliophysics Explorer Program / OTHER MISSIONS AND DATA ANALYSIS,Extreme Ultraviolet High-Throughput Spectroscopic Telescope (EUVST),11.2,--,14.4,10.4,9.4,7.3,8.3,PDF p566 Budget Authority table,"R70 full-extraction pass, read from the hosted PDF 2026-09-27; FY2023 op plan/actual, FY2024 CR/enacted as labelled on each page; FY2026-29 notional; ""Total Budget"" rows checked against the lines above (0 mismatches; summary pages hold parent + child lines)"
nasa_fy2025_budget_request_congressional_justification,566,Science: Heliophysics: Heliophysics Explorer Program / OTHER MISSIONS AND DATA ANALYSIS,Ionospheric Connection Explorer,4.3,--,0.0,0.0,0.0,0.0,0.0,PDF p566 Budget Authority table,"R70 full-extraction pass, read from the hosted PDF 2026-09-27; FY2023 op plan/actual, FY2024 CR/enacted as labelled on each page; FY2026-29 notional; ""Total Budget"" rows checked against the lines above (0 mismatches; summary pages hold parent + child lines)"
nasa_fy2025_budget_request_congressional_justification,566,Science: Heliophysics: Heliophysics Explorer Program / OTHER MISSIONS AND DATA ANALYSIS,Global-scale Observations of the Limb and Disk (GOLD),3.7,--,2.9,2.9,3.3,3.2,3.2,PDF p566 Budget Authority table,"R70 full-extraction pass, read from the hosted PDF 2026-09-27; FY2023 op plan/actual, FY2024 CR/enacted as labelled on each page; FY2026-29 notional; ""Total Budget"" rows checked against the lines above (0 mismatches; summary pages hold parent + child lines)"
nasa_fy2025_budget_request_congressional_justification,566,Science: Heliophysics: Heliophysics Explorer Program / OTHER MISSIONS AND DATA ANALYSIS,Heliophysics Explorer Future Missions,3.1,--,17.6,29.8,68.3,161.6,246.9,PDF p566 Budget Authority table,"R70 full-extraction pass, read from the hosted PDF 2026-09-27; FY2023 op plan/actual, FY2024 CR/enacted as labelled on each page; FY2026-29 notional; ""Total Budget"" rows checked against the lines above (0 mismatches; summary pages hold parent + child lines)"
nasa_fy2025_budget_request_congressional_justification,566,Science: Heliophysics: Heliophysics Explorer Program / OTHER MISSIONS AND DATA ANALYSIS,Heliophysics Explorer Program Management,12.1,--,21.5,14.7,22.2,24.3,11.5,PDF p566 Budget Authority table,"R70 full-extraction pass, read from the hosted PDF 2026-09-27; FY2023 op plan/actual, FY2024 CR/enacted as labelled on each page; FY2026-29 notional; ""Total Budget"" rows checked against the lines above (0 mismatches; summary pages hold parent + child lines)"
nasa_fy2025_budget_request_congressional_justification,566,Science: Heliophysics: Heliophysics Explorer Program / OTHER MISSIONS AND DATA ANALYSIS,Interface Region Imaging Spectrograph (IRIS),6.4,--,7.0,6.6,6.6,6.6,6.6,PDF p566 Budget Authority table,"R70 full-extraction pass, read from the hosted PDF 2026-09-27; FY2023 op plan/actual, FY2024 CR/enacted as labelled on each page; FY2026-29 notional; ""Total Budget"" rows checked against the lines above (0 mismatches; summary pages hold parent + child lines)"
nasa_fy2025_budget_request_congressional_justification,566,Science: Heliophysics: Heliophysics Explorer Program / OTHER MISSIONS AND DATA ANALYSIS,Interstellar Boundary Explorer (IBEX),1.9,--,2.7,2.2,1.3,1.3,1.3,PDF p566 Budget Authority table,"R70 full-extraction pass, read from the hosted PDF 2026-09-27; FY2023 op plan/actual, FY2024 CR/enacted as labelled on each page; FY2026-29 notional; ""Total Budget"" rows checked against the lines above (0 mismatches; summary pages hold parent + child lines)"
nasa_fy2025_budget_request_congressional_justification,566,Science: Heliophysics: Heliophysics Explorer Program / OTHER MISSIONS AND DATA ANALYSIS,Aeronomy of Ice in Mesophere (AIM),2.0,--,0.4,0.0,0.0,0.0,0.0,PDF p566 Budget Authority table,"R70 full-extraction pass, read from the hosted PDF 2026-09-27; FY2023 op plan/actual, FY2024 CR/enacted as labelled on each page; FY2026-29 notional; ""Total Budget"" rows checked against the lines above (0 mismatches; summary pages hold parent + child lines)"
nasa_fy2025_budget_request_congressional_justification,566,Science: Heliophysics: Heliophysics Explorer Program / OTHER MISSIONS AND DATA ANALYSIS,Time History of Events and Macroscale Interactions during Substorms (THEMIS),5.4,--,5.8,6.3,6.3,6.3,6.3,PDF p566 Budget Authority table,"R70 full-extraction pass, read from the hosted PDF 2026-09-27; FY2023 op plan/actual, FY2024 CR/enacted as labelled on each page; FY2026-29 notional; ""Total Budget"" rows checked against the lines above (0 mismatches; summary pages hold parent + child lines)"
nasa_fy2025_budget_request_congressional_justification,566,Science: Heliophysics: Heliophysics Explorer Program / OTHER MISSIONS AND DATA ANALYSIS,ACE,2.6,--,2.1,2.5,2.5,2.5,2.5,PDF p566 Budget Authority table,"R70 full-extraction pass, read from the hosted PDF 2026-09-27; FY2023 op plan/actual, FY2024 CR/enacted as labelled on each page; FY2026-29 notional; ""Total Budget"" rows checked against the lines above (0 mismatches; summary pages hold parent + child lines)"
nasa_fy2025_budget_request_congressional_justification,566,Science: Heliophysics: Heliophysics Explorer Program / OTHER MISSIONS AND DATA ANALYSIS,Polarimeter to Unify the Corona and Heliosphere (PUNCH),4.2,--,10.9,8.4,4.2,4.2,0.0,PDF p566 Budget Authority table,"R70 full-extraction pass, read from the hosted PDF 2026-09-27; FY2023 op plan/actual, FY2024 CR/enacted as labelled on each page; FY2026-29 notional; ""Total Budget"" rows checked against the lines above (0 mismatches; summary pages hold parent + child lines)"
nasa_fy2025_budget_request_congressional_justification,566,Science: Heliophysics: Heliophysics Explorer Program / OTHER MISSIONS AND DATA ANALYSIS,Tandem Reconnection and Cusp Electrodynamics Reconnaissance Satellites (TRACERS),15.9,--,9.3,11.3,6.5,4.0,0.0,PDF p566 Budget Authority table,"R70 full-extraction pass, read from the hosted PDF 2026-09-27; FY2023 op plan/actual, FY2024 CR/enacted as labelled on each page; FY2026-29 notional; ""Total Budget"" rows checked against the lines above (0 mismatches; summary pages hold parent + child lines)"
nasa_fy2025_budget_request_congressional_justification,566,Science: Heliophysics: Heliophysics Explorer Program / OTHER MISSIONS AND DATA ANALYSIS,Atmospheric Wave Experiment,6.4,--,5.1,5.1,5.6,2.5,0.0,PDF p566 Budget Authority table,"R70 full-extraction pass, read from the hosted PDF 2026-09-27; FY2023 op plan/actual, FY2024 CR/enacted as labelled on each page; FY2026-29 notional; ""Total Budget"" rows checked against the lines above (0 mismatches; summary pages hold parent + child lines)"
nasa_fy2025_budget_request_congressional_justification,566,Science: Heliophysics: Heliophysics Explorer Program / OTHER MISSIONS AND DATA ANALYSIS,Sun Radio Interferometer Space Experiment (SunRISE),9.4,--,11.2,2.8,2.6,2.6,1.8,PDF p566 Budget Authority table,"R70 full-extraction pass, read from the hosted PDF 2026-09-27; FY2023 op plan/actual, FY2024 CR/enacted as labelled on each page; FY2026-29 notional; ""Total Budget"" rows checked against the lines above (0 mismatches; summary pages hold parent + child lines)"
nasa_fy2025_budget_request_congressional_justification,566,Science: Heliophysics: Heliophysics Explorer Program / OTHER MISSIONS AND DATA ANALYSIS,Total Budget,117.5,--,119.5,112.0,146.2,231.6,288.4,PDF p566 Budget Authority table,"R70 full-extraction pass, read from the hosted PDF 2026-09-27; FY2023 op plan/actual, FY2024 CR/enacted as labelled on each page; FY2026-29 notional; ""Total Budget"" rows checked against the lines above (0 mismatches; summary pages hold parent + child lines)"
nasa_fy2025_budget_request_congressional_justification,575,Science: Heliophysics / SPACE WEATHER,Total Budget,25.8,--,47.5,42.6,40.0,35.9,34.2,PDF p575 Budget Authority table,"R70 full-extraction pass, read from the hosted PDF 2026-09-27; FY2023 op plan/actual, FY2024 CR/enacted as labelled on each page; FY2026-29 notional; ""Total Budget"" rows checked against the lines above (0 mismatches; summary pages hold parent + child lines)"
nasa_fy2025_budget_request_congressional_justification,582,Science: Heliophysics / HELIOPHYSICS TECHNOLOGY,Total Budget,19.9,--,9.3,9.2,8.8,8.8,15.8,PDF p582 Budget Authority table,"R70 full-extraction pass, read from the hosted PDF 2026-09-27; FY2023 op plan/actual, FY2024 CR/enacted as labelled on each page; FY2026-29 notional; ""Total Budget"" rows checked against the lines above (0 mismatches; summary pages hold parent + child lines)"
nasa_fy2025_budget_request_congressional_justification,586,Science / BIOLOGICAL AND PHYSICAL SCIENCES,Total Budget,85.0,--,90.8,91.3,93.0,94.8,96.6,PDF p586 Budget Authority table,"R70 full-extraction pass, read from the hosted PDF 2026-09-27; FY2023 op plan/actual, FY2024 CR/enacted as labelled on each page; FY2026-29 notional; ""Total Budget"" rows checked against the lines above (0 mismatches; summary pages hold parent + child lines)"
nasa_fy2025_budget_request_congressional_justification,587,Science: Biological and Physical Sciences / BIOLOGICAL AND PHYSICAL SCIENCES,Total Budget,85.0,--,90.8,91.3,93.0,94.8,96.6,PDF p587 Budget Authority table,"R70 full-extraction pass, read from the hosted PDF 2026-09-27; FY2023 op plan/actual, FY2024 CR/enacted as labelled on each page; FY2026-29 notional; ""Total Budget"" rows checked against the lines above (0 mismatches; summary pages hold parent + child lines)"
nasa_fy2025_budget_request_congressional_justification,595,AERONAUTICS / AERO-1,Airspace Operations and Safety Program,151.6,--,151.2,164.3,174.1,177.7,180.9,PDF p595 Budget Authority table,"R70 full-extraction pass, read from the hosted PDF 2026-09-27; FY2023 op plan/actual, FY2024 CR/enacted as labelled on each page; FY2026-29 notional; ""Total Budget"" rows checked against the lines above (0 mismatches; summary pages hold parent + child lines)"
nasa_fy2025_budget_request_congressional_justification,595,AERONAUTICS / AERO-1,Advanced Air Vehicles Program,258.0,--,278.8,269.6,262.4,248.8,218.7,PDF p595 Budget Authority table,"R70 full-extraction pass, read from the hosted PDF 2026-09-27; FY2023 op plan/actual, FY2024 CR/enacted as labelled on each page; FY2026-29 notional; ""Total Budget"" rows checked against the lines above (0 mismatches; summary pages hold parent + child lines)"
nasa_fy2025_budget_request_congressional_justification,595,AERONAUTICS / AERO-1,Integrated Aviation Systems Program,261.1,--,264.4,277.0,277.6,300.9,342.0,PDF p595 Budget Authority table,"R70 full-extraction pass, read from the hosted PDF 2026-09-27; FY2023 op plan/actual, FY2024 CR/enacted as labelled on each page; FY2026-29 notional; ""Total Budget"" rows checked against the lines above (0 mismatches; summary pages hold parent + child lines)"
nasa_fy2025_budget_request_congressional_justification,595,AERONAUTICS / AERO-1,Transformative Aeronautics Concepts Program,147.1,--,155.3,157.6,171.1,175.2,179.0,PDF p595 Budget Authority table,"R70 full-extraction pass, read from the hosted PDF 2026-09-27; FY2023 op plan/actual, FY2024 CR/enacted as labelled on each page; FY2026-29 notional; ""Total Budget"" rows checked against the lines above (0 mismatches; summary pages hold parent + child lines)"
nasa_fy2025_budget_request_congressional_justification,595,AERONAUTICS / AERO-1,Aerosciences Evaluation and Test Capabilities,117.3,--,116.2,116.5,119.5,122.3,124.7,PDF p595 Budget Authority table,"R70 full-extraction pass, read from the hosted PDF 2026-09-27; FY2023 op plan/actual, FY2024 CR/enacted as labelled on each page; FY2026-29 notional; ""Total Budget"" rows checked against the lines above (0 mismatches; summary pages hold parent + child lines)"
nasa_fy2025_budget_request_congressional_justification,595,AERONAUTICS / AERO-1,Total Budget,935.0,935.0,965.8,985.1,1004.8,1024.9,1045.4,PDF p595 Budget Authority table,"R70 full-extraction pass, read from the hosted PDF 2026-09-27; FY2023 op plan/actual, FY2024 CR/enacted as labelled on each page; FY2026-29 notional; ""Total Budget"" rows checked against the lines above (0 mismatches; summary pages hold parent + child lines)"
nasa_fy2025_budget_request_congressional_justification,596,AERONAUTICS / AERO-2,Airspace Operations and Safety Program,151.6,--,151.2,164.3,174.1,177.7,180.9,PDF p596 Budget Authority table,"R70 full-extraction pass, read from the hosted PDF 2026-09-27; FY2023 op plan/actual, FY2024 CR/enacted as labelled on each page; FY2026-29 notional; ""Total Budget"" rows checked against the lines above (0 mismatches; summary pages hold parent + child lines)"
nasa_fy2025_budget_request_congressional_justification,596,AERONAUTICS / AERO-2,Advanced Air Vehicles Program,258.0,--,278.8,269.6,262.4,248.8,218.7,PDF p596 Budget Authority table,"R70 full-extraction pass, read from the hosted PDF 2026-09-27; FY2023 op plan/actual, FY2024 CR/enacted as labelled on each page; FY2026-29 notional; ""Total Budget"" rows checked against the lines above (0 mismatches; summary pages hold parent + child lines)"
nasa_fy2025_budget_request_congressional_justification,596,AERONAUTICS / AERO-2,Integrated Aviation Systems Program,261.1,--,264.4,277.0,277.6,300.9,342.0,PDF p596 Budget Authority table,"R70 full-extraction pass, read from the hosted PDF 2026-09-27; FY2023 op plan/actual, FY2024 CR/enacted as labelled on each page; FY2026-29 notional; ""Total Budget"" rows checked against the lines above (0 mismatches; summary pages hold parent + child lines)"
nasa_fy2025_budget_request_congressional_justification,596,AERONAUTICS / AERO-2,Transformative Aeronautics Concepts Program,147.1,--,155.3,157.6,171.1,175.2,179.0,PDF p596 Budget Authority table,"R70 full-extraction pass, read from the hosted PDF 2026-09-27; FY2023 op plan/actual, FY2024 CR/enacted as labelled on each page; FY2026-29 notional; ""Total Budget"" rows checked against the lines above (0 mismatches; summary pages hold parent + child lines)"
nasa_fy2025_budget_request_congressional_justification,596,AERONAUTICS / AERO-2,Aerosciences Evaluation and Test Capabilities,117.3,--,116.2,116.5,119.5,122.3,124.7,PDF p596 Budget Authority table,"R70 full-extraction pass, read from the hosted PDF 2026-09-27; FY2023 op plan/actual, FY2024 CR/enacted as labelled on each page; FY2026-29 notional; ""Total Budget"" rows checked against the lines above (0 mismatches; summary pages hold parent + child lines)"
nasa_fy2025_budget_request_congressional_justification,596,AERONAUTICS / AERO-2,Total Budget,935.0,935.0,965.8,985.1,1004.8,1024.9,1045.4,PDF p596 Budget Authority table,"R70 full-extraction pass, read from the hosted PDF 2026-09-27; FY2023 op plan/actual, FY2024 CR/enacted as labelled on each page; FY2026-29 notional; ""Total Budget"" rows checked against the lines above (0 mismatches; summary pages hold parent + child lines)"
nasa_fy2025_budget_request_congressional_justification,600,Aeronautics / AIRSPACE OPERATIONS AND SAFETY PROGRAM,Total Budget,151.6,--,151.2,164.3,174.1,177.7,180.9,PDF p600 Budget Authority table,"R70 full-extraction pass, read from the hosted PDF 2026-09-27; FY2023 op plan/actual, FY2024 CR/enacted as labelled on each page; FY2026-29 notional; ""Total Budget"" rows checked against the lines above (0 mismatches; summary pages hold parent + child lines)"
nasa_fy2025_budget_request_congressional_justification,606,Aeronautics / ADVANCED AIR VEHICLES PROGRAM,Total Budget,258.0,--,278.8,269.6,262.4,248.8,218.7,PDF p606 Budget Authority table,"R70 full-extraction pass, read from the hosted PDF 2026-09-27; FY2023 op plan/actual, FY2024 CR/enacted as labelled on each page; FY2026-29 notional; ""Total Budget"" rows checked against the lines above (0 mismatches; summary pages hold parent + child lines)"
nasa_fy2025_budget_request_congressional_justification,614,Aeronautics / INTEGRATED AVIATION SYSTEMS PROGRAM,Low Boom Flight Demonstrator,51.3,42.6,70.9,44.5,5.7,0.0,0.0,PDF p614 Budget Authority table,"R70 full-extraction pass, read from the hosted PDF 2026-09-27; FY2023 op plan/actual, FY2024 CR/enacted as labelled on each page; FY2026-29 notional; ""Total Budget"" rows checked against the lines above (0 mismatches; summary pages hold parent + child lines)"
nasa_fy2025_budget_request_congressional_justification,614,Aeronautics / INTEGRATED AVIATION SYSTEMS PROGRAM,Electrified Powertrain Flight Demonstration,91.6,--,61.6,65.0,75.5,50.0,0.0,PDF p614 Budget Authority table,"R70 full-extraction pass, read from the hosted PDF 2026-09-27; FY2023 op plan/actual, FY2024 CR/enacted as labelled on each page; FY2026-29 notional; ""Total Budget"" rows checked against the lines above (0 mismatches; summary pages hold parent + child lines)"
nasa_fy2025_budget_request_congressional_justification,614,Aeronautics / INTEGRATED AVIATION SYSTEMS PROGRAM,Other Projects,118.2,--,131.9,167.6,196.4,250.9,342.0,PDF p614 Budget Authority table,"R70 full-extraction pass, read from the hosted PDF 2026-09-27; FY2023 op plan/actual, FY2024 CR/enacted as labelled on each page; FY2026-29 notional; ""Total Budget"" rows checked against the lines above (0 mismatches; summary pages hold parent + child lines)"
nasa_fy2025_budget_request_congressional_justification,614,Aeronautics / INTEGRATED AVIATION SYSTEMS PROGRAM,Total Budget,261.1,--,264.4,277.0,277.6,300.9,342.0,PDF p614 Budget Authority table,"R70 full-extraction pass, read from the hosted PDF 2026-09-27; FY2023 op plan/actual, FY2024 CR/enacted as labelled on each page; FY2026-29 notional; ""Total Budget"" rows checked against the lines above (0 mismatches; summary pages hold parent + child lines)"
nasa_fy2025_budget_request_congressional_justification,624,Aeronautics: Integrated Aviation Systems Program / ELECTRIFIED POWERTRAIN FLIGHT DEMONSTRATIONS,Total Budget,91.6,--,61.6,65.0,75.5,50.0,0.0,PDF p624 Budget Authority table,"R70 full-extraction pass, read from the hosted PDF 2026-09-27; FY2023 op plan/actual, FY2024 CR/enacted as labelled on each page; FY2026-29 notional; ""Total Budget"" rows checked against the lines above (0 mismatches; summary pages hold parent + child lines)"
nasa_fy2025_budget_request_congressional_justification,630,Aeronautics / TRANSFORMATIVE AERONAUTICS CONCEPTS PROGRAM,Total Budget,147.1,--,155.3,157.6,171.1,175.2,179.0,PDF p630 Budget Authority table,"R70 full-extraction pass, read from the hosted PDF 2026-09-27; FY2023 op plan/actual, FY2024 CR/enacted as labelled on each page; FY2026-29 notional; ""Total Budget"" rows checked against the lines above (0 mismatches; summary pages hold parent + child lines)"
nasa_fy2025_budget_request_congressional_justification,636,Aeronautics / AEROSCIENCES EVALUATION AND TEST CAPABILITIES,Total Budget,117.3,--,116.2,116.5,119.5,122.3,124.7,PDF p636 Budget Authority table,"R70 full-extraction pass, read from the hosted PDF 2026-09-27; FY2023 op plan/actual, FY2024 CR/enacted as labelled on each page; FY2026-29 notional; ""Total Budget"" rows checked against the lines above (0 mismatches; summary pages hold parent + child lines)"
nasa_fy2025_budget_request_congressional_justification,641,STEM ENGAGEMENT / STEM-1,NASA Space Grant,58.0,--,57.0,58.2,59.3,60.5,61.6,PDF p641 Budget Authority table,"R70 full-extraction pass, read from the hosted PDF 2026-09-27; FY2023 op plan/actual, FY2024 CR/enacted as labelled on each page; FY2026-29 notional; ""Total Budget"" rows checked against the lines above (0 mismatches; summary pages hold parent + child lines)"
nasa_fy2025_budget_request_congressional_justification,641,STEM ENGAGEMENT / STEM-1,Established Program to Stimulate Competitive Research,26.0,--,24.8,25.3,25.8,26.3,26.8,PDF p641 Budget Authority table,"R70 full-extraction pass, read from the hosted PDF 2026-09-27; FY2023 op plan/actual, FY2024 CR/enacted as labelled on each page; FY2026-29 notional; ""Total Budget"" rows checked against the lines above (0 mismatches; summary pages hold parent + child lines)"
nasa_fy2025_budget_request_congressional_justification,641,STEM ENGAGEMENT / STEM-1,Minority University Research and Education Project,45.5,--,46.3,47.2,48.2,49.2,50.1,PDF p641 Budget Authority table,"R70 full-extraction pass, read from the hosted PDF 2026-09-27; FY2023 op plan/actual, FY2024 CR/enacted as labelled on each page; FY2026-29 notional; ""Total Budget"" rows checked against the lines above (0 mismatches; summary pages hold parent + child lines)"
nasa_fy2025_budget_request_congressional_justification,641,STEM ENGAGEMENT / STEM-1,Next Gen STEM,14.0,--,15.4,15.7,16.0,16.3,16.7,PDF p641 Budget Authority table,"R70 full-extraction pass, read from the hosted PDF 2026-09-27; FY2023 op plan/actual, FY2024 CR/enacted as labelled on each page; FY2026-29 notional; ""Total Budget"" rows checked against the lines above (0 mismatches; summary pages hold parent + child lines)"
nasa_fy2025_budget_request_congressional_justification,641,STEM ENGAGEMENT / STEM-1,Total Budget,143.5,143.5,143.5,146.4,149.3,152.3,155.3,PDF p641 Budget Authority table,"R70 full-extraction pass, read from the hosted PDF 2026-09-27; FY2023 op plan/actual, FY2024 CR/enacted as labelled on each page; FY2026-29 notional; ""Total Budget"" rows checked against the lines above (0 mismatches; summary pages hold parent + child lines)"
nasa_fy2025_budget_request_congressional_justification,642,STEM ENGAGEMENT / STEM-2,NASA Space Grant,58.0,--,57.0,58.2,59.3,60.5,61.6,PDF p642 Budget Authority table,"R70 full-extraction pass, read from the hosted PDF 2026-09-27; FY2023 op plan/actual, FY2024 CR/enacted as labelled on each page; FY2026-29 notional; ""Total Budget"" rows checked against the lines above (0 mismatches; summary pages hold parent + child lines)"
nasa_fy2025_budget_request_congressional_justification,642,STEM ENGAGEMENT / STEM-2,Established Program to Stimulate Competitive Research,26.0,--,24.8,25.3,25.8,26.3,26.8,PDF p642 Budget Authority table,"R70 full-extraction pass, read from the hosted PDF 2026-09-27; FY2023 op plan/actual, FY2024 CR/enacted as labelled on each page; FY2026-29 notional; ""Total Budget"" rows checked against the lines above (0 mismatches; summary pages hold parent + child lines)"
nasa_fy2025_budget_request_congressional_justification,642,STEM ENGAGEMENT / STEM-2,Minority University Research and Education Project,45.5,--,46.3,47.2,48.2,49.2,50.1,PDF p642 Budget Authority table,"R70 full-extraction pass, read from the hosted PDF 2026-09-27; FY2023 op plan/actual, FY2024 CR/enacted as labelled on each page; FY2026-29 notional; ""Total Budget"" rows checked against the lines above (0 mismatches; summary pages hold parent + child lines)"
nasa_fy2025_budget_request_congressional_justification,642,STEM ENGAGEMENT / STEM-2,Next Gen STEM,14.0,--,15.4,15.7,16.0,16.3,16.7,PDF p642 Budget Authority table,"R70 full-extraction pass, read from the hosted PDF 2026-09-27; FY2023 op plan/actual, FY2024 CR/enacted as labelled on each page; FY2026-29 notional; ""Total Budget"" rows checked against the lines above (0 mismatches; summary pages hold parent + child lines)"
nasa_fy2025_budget_request_congressional_justification,642,STEM ENGAGEMENT / STEM-2,Total Budget,143.5,143.5,143.5,146.4,149.3,152.3,155.3,PDF p642 Budget Authority table,"R70 full-extraction pass, read from the hosted PDF 2026-09-27; FY2023 op plan/actual, FY2024 CR/enacted as labelled on each page; FY2026-29 notional; ""Total Budget"" rows checked against the lines above (0 mismatches; summary pages hold parent + child lines)"
nasa_fy2025_budget_request_congressional_justification,645,STEM Engagement: STEM Engagement Program / NASA SPACE GRANT,Total Budget,58.0,--,57.0,58.2,59.3,60.5,61.6,PDF p645 Budget Authority table,"R70 full-extraction pass, read from the hosted PDF 2026-09-27; FY2023 op plan/actual, FY2024 CR/enacted as labelled on each page; FY2026-29 notional; ""Total Budget"" rows checked against the lines above (0 mismatches; summary pages hold parent + child lines)"
nasa_fy2025_budget_request_congressional_justification,649,STEM Engagement: STEM Engagement Program / ESTABLISHED PROGRAM TO STIMULATE COMPETITIVE,Total Budget,26.0,--,24.8,25.3,25.8,26.3,26.8,PDF p649 Budget Authority table,"R70 full-extraction pass, read from the hosted PDF 2026-09-27; FY2023 op plan/actual, FY2024 CR/enacted as labelled on each page; FY2026-29 notional; ""Total Budget"" rows checked against the lines above (0 mismatches; summary pages hold parent + child lines)"
nasa_fy2025_budget_request_congressional_justification,654,STEM Engagement: STEM Engagement Program / MINORITY UNIVERSITY RESEARCH AND EDUCATION PROJECT,Total Budget,45.5,--,46.3,47.2,48.2,49.2,50.1,PDF p654 Budget Authority table,"R70 full-extraction pass, read from the hosted PDF 2026-09-27; FY2023 op plan/actual, FY2024 CR/enacted as labelled on each page; FY2026-29 notional; ""Total Budget"" rows checked against the lines above (0 mismatches; summary pages hold parent + child lines)"
nasa_fy2025_budget_request_congressional_justification,659,STEM Engagement: STEM Engagement Program / NEXT GEN STEM,Total Budget,14.0,--,15.4,15.7,16.0,16.3,16.7,PDF p659 Budget Authority table,"R70 full-extraction pass, read from the hosted PDF 2026-09-27; FY2023 op plan/actual, FY2024 CR/enacted as labelled on each page; FY2026-29 notional; ""Total Budget"" rows checked against the lines above (0 mismatches; summary pages hold parent + child lines)"
nasa_fy2025_budget_request_congressional_justification,664,"SAFETY, SECURITY, AND MISSION SERVICES / SSMS-1",Mission Services & Capabilities,2067.4,--,2058.1,2099.2,2141.3,2184.1,2227.6,PDF p664 Budget Authority table,"R70 full-extraction pass, read from the hosted PDF 2026-09-27; FY2023 op plan/actual, FY2024 CR/enacted as labelled on each page; FY2026-29 notional; ""Total Budget"" rows checked against the lines above (0 mismatches; summary pages hold parent + child lines)"
nasa_fy2025_budget_request_congressional_justification,664,"SAFETY, SECURITY, AND MISSION SERVICES / SSMS-1","Engineering, Safety, & Operations",1069.1,--,986.3,1006.1,1026.1,1046.6,1067.7,PDF p664 Budget Authority table,"R70 full-extraction pass, read from the hosted PDF 2026-09-27; FY2023 op plan/actual, FY2024 CR/enacted as labelled on each page; FY2026-29 notional; ""Total Budget"" rows checked against the lines above (0 mismatches; summary pages hold parent + child lines)"
nasa_fy2025_budget_request_congressional_justification,664,"SAFETY, SECURITY, AND MISSION SERVICES / SSMS-1",Total Budget,3136.5,3129.5,3044.4,3105.3,3167.4,3230.7,3295.3,PDF p664 Budget Authority table,"R70 full-extraction pass, read from the hosted PDF 2026-09-27; FY2023 op plan/actual, FY2024 CR/enacted as labelled on each page; FY2026-29 notional; ""Total Budget"" rows checked against the lines above (0 mismatches; summary pages hold parent + child lines)"
nasa_fy2025_budget_request_congressional_justification,665,"SAFETY, SECURITY, AND MISSION SERVICES / SSMS-2",Mission Services & Capabilities,2067.4,--,2058.1,2099.2,2141.3,2184.1,2227.6,PDF p665 Budget Authority table,"R70 full-extraction pass, read from the hosted PDF 2026-09-27; FY2023 op plan/actual, FY2024 CR/enacted as labelled on each page; FY2026-29 notional; ""Total Budget"" rows checked against the lines above (0 mismatches; summary pages hold parent + child lines)"
nasa_fy2025_budget_request_congressional_justification,665,"SAFETY, SECURITY, AND MISSION SERVICES / SSMS-2","Engineering, Safety, & Operations",1069.1,--,986.3,1006.1,1026.1,1046.6,1067.7,PDF p665 Budget Authority table,"R70 full-extraction pass, read from the hosted PDF 2026-09-27; FY2023 op plan/actual, FY2024 CR/enacted as labelled on each page; FY2026-29 notional; ""Total Budget"" rows checked against the lines above (0 mismatches; summary pages hold parent + child lines)"
nasa_fy2025_budget_request_congressional_justification,665,"SAFETY, SECURITY, AND MISSION SERVICES / SSMS-2",Total Budget,3136.5,3129.5,3044.4,3105.3,3167.4,3230.7,3295.3,PDF p665 Budget Authority table,"R70 full-extraction pass, read from the hosted PDF 2026-09-27; FY2023 op plan/actual, FY2024 CR/enacted as labelled on each page; FY2026-29 notional; ""Total Budget"" rows checked against the lines above (0 mismatches; summary pages hold parent + child lines)"
nasa_fy2025_budget_request_congressional_justification,669,"Safety, Security, and Mission Services / MISSION SERVICES & CAPABILITIES",Information Technology (IT),628.6,--,628.6,641.1,654.0,667.1,680.4,PDF p669 Budget Authority table,"R70 full-extraction pass, read from the hosted PDF 2026-09-27; FY2023 op plan/actual, FY2024 CR/enacted as labelled on each page; FY2026-29 notional; ""Total Budget"" rows checked against the lines above (0 mismatches; summary pages hold parent + child lines)"
nasa_fy2025_budget_request_congressional_justification,669,"Safety, Security, and Mission Services / MISSION SERVICES & CAPABILITIES",Mission Enabling Services,754.3,--,732.7,747.4,762.3,777.5,793.0,PDF p669 Budget Authority table,"R70 full-extraction pass, read from the hosted PDF 2026-09-27; FY2023 op plan/actual, FY2024 CR/enacted as labelled on each page; FY2026-29 notional; ""Total Budget"" rows checked against the lines above (0 mismatches; summary pages hold parent + child lines)"
nasa_fy2025_budget_request_congressional_justification,669,"Safety, Security, and Mission Services / MISSION SERVICES & CAPABILITIES",Infrastructure & Technical Capabilities,684.5,--,696.8,710.7,725.0,739.5,754.2,PDF p669 Budget Authority table,"R70 full-extraction pass, read from the hosted PDF 2026-09-27; FY2023 op plan/actual, FY2024 CR/enacted as labelled on each page; FY2026-29 notional; ""Total Budget"" rows checked against the lines above (0 mismatches; summary pages hold parent + child lines)"
nasa_fy2025_budget_request_congressional_justification,669,"Safety, Security, and Mission Services / MISSION SERVICES & CAPABILITIES",Total Budget,2067.4,--,2058.1,2099.2,2141.3,2184.1,2227.6,PDF p669 Budget Authority table,"R70 full-extraction pass, read from the hosted PDF 2026-09-27; FY2023 op plan/actual, FY2024 CR/enacted as labelled on each page; FY2026-29 notional; ""Total Budget"" rows checked against the lines above (0 mismatches; summary pages hold parent + child lines)"
nasa_fy2025_budget_request_congressional_justification,671,"Safety, Security, and Mission Services: Mission Services & Capabilities / INFORMATION TECHNOLOGY (IT)",Total Budget,628.6,--,628.6,641.1,654.0,667.1,680.4,PDF p671 Budget Authority table,"R70 full-extraction pass, read from the hosted PDF 2026-09-27; FY2023 op plan/actual, FY2024 CR/enacted as labelled on each page; FY2026-29 notional; ""Total Budget"" rows checked against the lines above (0 mismatches; summary pages hold parent + child lines)"
nasa_fy2025_budget_request_congressional_justification,676,"Safety, Security, and Mission Services: Mission Services & Capabilities P:30223:4840:B-0 / MISSION ENABLING SERVICES",Total Budget,754.3,--,732.7,747.4,762.3,777.5,793.0,PDF p676 Budget Authority table,"R70 full-extraction pass, read from the hosted PDF 2026-09-27; FY2023 op plan/actual, FY2024 CR/enacted as labelled on each page; FY2026-29 notional; ""Total Budget"" rows checked against the lines above (0 mismatches; summary pages hold parent + child lines)"
nasa_fy2025_budget_request_congressional_justification,685,"Safety, Security, and Mission Services: Mission Services & Capabilities / INFRASTRUCTURE & TECHNICAL CAPABILITIES",Total Budget,684.5,--,696.8,710.7,725.0,739.5,754.2,PDF p685 Budget Authority table,"R70 full-extraction pass, read from the hosted PDF 2026-09-27; FY2023 op plan/actual, FY2024 CR/enacted as labelled on each page; FY2026-29 notional; ""Total Budget"" rows checked against the lines above (0 mismatches; summary pages hold parent + child lines)"
nasa_fy2025_budget_request_congressional_justification,691,"Safety, Security, and Mission Services / ENGINEERING, SAFETY, & OPERATIONS",Agency Technical Authority,190.1,--,180.3,183.9,187.6,191.3,195.2,PDF p691 Budget Authority table,"R70 full-extraction pass, read from the hosted PDF 2026-09-27; FY2023 op plan/actual, FY2024 CR/enacted as labelled on each page; FY2026-29 notional; ""Total Budget"" rows checked against the lines above (0 mismatches; summary pages hold parent + child lines)"
nasa_fy2025_budget_request_congressional_justification,691,"Safety, Security, and Mission Services / ENGINEERING, SAFETY, & OPERATIONS","Center Engineering, Safety, & Operations",879.0,--,806.0,822.2,838.5,855.3,872.5,PDF p691 Budget Authority table,"R70 full-extraction pass, read from the hosted PDF 2026-09-27; FY2023 op plan/actual, FY2024 CR/enacted as labelled on each page; FY2026-29 notional; ""Total Budget"" rows checked against the lines above (0 mismatches; summary pages hold parent + child lines)"
nasa_fy2025_budget_request_congressional_justification,691,"Safety, Security, and Mission Services / ENGINEERING, SAFETY, & OPERATIONS",Total Budget,1069.1,--,986.3,1006.1,1026.1,1046.6,1067.7,PDF p691 Budget Authority table,"R70 full-extraction pass, read from the hosted PDF 2026-09-27; FY2023 op plan/actual, FY2024 CR/enacted as labelled on each page; FY2026-29 notional; ""Total Budget"" rows checked against the lines above (0 mismatches; summary pages hold parent + child lines)"
nasa_fy2025_budget_request_congressional_justification,693,"Safety, Security, and Mission Services: Engineering, Safety, & Operations / AGENCY TECHNICAL AUTHORITY",Total Budget,190.1,--,180.3,183.9,187.6,191.3,195.2,PDF p693 Budget Authority table,"R70 full-extraction pass, read from the hosted PDF 2026-09-27; FY2023 op plan/actual, FY2024 CR/enacted as labelled on each page; FY2026-29 notional; ""Total Budget"" rows checked against the lines above (0 mismatches; summary pages hold parent + child lines)"
nasa_fy2025_budget_request_congressional_justification,700,"Safety, Security, and Mission Services: Engineering, Safety, & Operations / CENTER ENGINEERING, SAFETY, & OPERATIONS",Total Budget,879.0,--,806.0,822.2,838.5,855.3,872.5,PDF p700 Budget Authority table,"R70 full-extraction pass, read from the hosted PDF 2026-09-27; FY2023 op plan/actual, FY2024 CR/enacted as labelled on each page; FY2026-29 notional; ""Total Budget"" rows checked against the lines above (0 mismatches; summary pages hold parent + child lines)"
nasa_fy2025_budget_request_congressional_justification,706,CONSTRUCTION AND ENVIRONMENTAL COMPLIANCE AND / RESTORATION,Construction of Facilities,346.2,--,344.7,298.3,304.3,310.4,316.6,PDF p706 Budget Authority table,"R70 full-extraction pass, read from the hosted PDF 2026-09-27; FY2023 op plan/actual, FY2024 CR/enacted as labelled on each page; FY2026-29 notional; ""Total Budget"" rows checked against the lines above (0 mismatches; summary pages hold parent + child lines)"
nasa_fy2025_budget_request_congressional_justification,706,CONSTRUCTION AND ENVIRONMENTAL COMPLIANCE AND / RESTORATION,Environmental Compliance and Restoration,76.2,--,79.4,81.0,82.6,84.2,85.9,PDF p706 Budget Authority table,"R70 full-extraction pass, read from the hosted PDF 2026-09-27; FY2023 op plan/actual, FY2024 CR/enacted as labelled on each page; FY2026-29 notional; ""Total Budget"" rows checked against the lines above (0 mismatches; summary pages hold parent + child lines)"
nasa_fy2025_budget_request_congressional_justification,706,CONSTRUCTION AND ENVIRONMENTAL COMPLIANCE AND / RESTORATION,Total Budget,422.4,414.3,424.1,379.3,386.9,394.6,402.5,PDF p706 Budget Authority table,"R70 full-extraction pass, read from the hosted PDF 2026-09-27; FY2023 op plan/actual, FY2024 CR/enacted as labelled on each page; FY2026-29 notional; ""Total Budget"" rows checked against the lines above (0 mismatches; summary pages hold parent + child lines)"
nasa_fy2025_budget_request_congressional_justification,707,CONSTRUCTION AND ENVIRONMENTAL COMPLIANCE AND / RESTORATION,Construction of Facilities,346.2,--,344.7,298.3,304.3,310.4,316.6,PDF p707 Budget Authority table,"R70 full-extraction pass, read from the hosted PDF 2026-09-27; FY2023 op plan/actual, FY2024 CR/enacted as labelled on each page; FY2026-29 notional; ""Total Budget"" rows checked against the lines above (0 mismatches; summary pages hold parent + child lines)"
nasa_fy2025_budget_request_congressional_justification,707,CONSTRUCTION AND ENVIRONMENTAL COMPLIANCE AND / RESTORATION,Environmental Compliance and Restoration,76.2,--,79.4,81.0,82.6,84.2,85.9,PDF p707 Budget Authority table,"R70 full-extraction pass, read from the hosted PDF 2026-09-27; FY2023 op plan/actual, FY2024 CR/enacted as labelled on each page; FY2026-29 notional; ""Total Budget"" rows checked against the lines above (0 mismatches; summary pages hold parent + child lines)"
nasa_fy2025_budget_request_congressional_justification,707,CONSTRUCTION AND ENVIRONMENTAL COMPLIANCE AND / RESTORATION,Total Budget,422.4,414.3,424.1,379.3,386.9,394.6,402.5,PDF p707 Budget Authority table,"R70 full-extraction pass, read from the hosted PDF 2026-09-27; FY2023 op plan/actual, FY2024 CR/enacted as labelled on each page; FY2026-29 notional; ""Total Budget"" rows checked against the lines above (0 mismatches; summary pages hold parent + child lines)"
nasa_fy2025_budget_request_congressional_justification,711,Construction and Environmental Compliance and Restoration / CONSTRUCTION OF FACILITIES,Institutional CoF,230.6,--,292.5,298.3,304.3,310.4,316.6,PDF p711 Budget Authority table,"R70 full-extraction pass, read from the hosted PDF 2026-09-27; FY2023 op plan/actual, FY2024 CR/enacted as labelled on each page; FY2026-29 notional; ""Total Budget"" rows checked against the lines above (0 mismatches; summary pages hold parent + child lines)"
nasa_fy2025_budget_request_congressional_justification,711,Construction and Environmental Compliance and Restoration / CONSTRUCTION OF FACILITIES,Exploration CoF,94.3,--,32.5,0.0,0.0,0.0,0.0,PDF p711 Budget Authority table,"R70 full-extraction pass, read from the hosted PDF 2026-09-27; FY2023 op plan/actual, FY2024 CR/enacted as labelled on each page; FY2026-29 notional; ""Total Budget"" rows checked against the lines above (0 mismatches; summary pages hold parent + child lines)"
nasa_fy2025_budget_request_congressional_justification,711,Construction and Environmental Compliance and Restoration / CONSTRUCTION OF FACILITIES,Space Operations CoF,17.8,--,19.7,0.0,0.0,0.0,0.0,PDF p711 Budget Authority table,"R70 full-extraction pass, read from the hosted PDF 2026-09-27; FY2023 op plan/actual, FY2024 CR/enacted as labelled on each page; FY2026-29 notional; ""Total Budget"" rows checked against the lines above (0 mismatches; summary pages hold parent + child lines)"
nasa_fy2025_budget_request_congressional_justification,711,Construction and Environmental Compliance and Restoration / CONSTRUCTION OF FACILITIES,Science CoF,3.6,--,0.0,0.0,0.0,0.0,0.0,PDF p711 Budget Authority table,"R70 full-extraction pass, read from the hosted PDF 2026-09-27; FY2023 op plan/actual, FY2024 CR/enacted as labelled on each page; FY2026-29 notional; ""Total Budget"" rows checked against the lines above (0 mismatches; summary pages hold parent + child lines)"
nasa_fy2025_budget_request_congressional_justification,711,Construction and Environmental Compliance and Restoration / CONSTRUCTION OF FACILITIES,Total Budget,346.2,--,344.7,298.3,304.3,310.4,316.6,PDF p711 Budget Authority table,"R70 full-extraction pass, read from the hosted PDF 2026-09-27; FY2023 op plan/actual, FY2024 CR/enacted as labelled on each page; FY2026-29 notional; ""Total Budget"" rows checked against the lines above (0 mismatches; summary pages hold parent + child lines)"
nasa_fy2025_budget_request_congressional_justification,713,Construction and Environmental Compliance and Restoration: Construction of Facilities / INSTITUTIONAL COF,Total Budget,230.6,--,292.5,298.3,304.3,310.4,316.6,PDF p713 Budget Authority table,"R70 full-extraction pass, read from the hosted PDF 2026-09-27; FY2023 op plan/actual, FY2024 CR/enacted as labelled on each page; FY2026-29 notional; ""Total Budget"" rows checked against the lines above (0 mismatches; summary pages hold parent + child lines)"
nasa_fy2025_budget_request_congressional_justification,720,Construction and Environmental Compliance and Restoration: Construction of Facilities / EXPLORATION COF,Total Budget,94.3,--,32.5,0.0,0.0,0.0,0.0,PDF p720 Budget Authority table,"R70 full-extraction pass, read from the hosted PDF 2026-09-27; FY2023 op plan/actual, FY2024 CR/enacted as labelled on each page; FY2026-29 notional; ""Total Budget"" rows checked against the lines above (0 mismatches; summary pages hold parent + child lines)"
nasa_fy2025_budget_request_congressional_justification,723,Construction and Environmental Compliance and Restoration: Construction of Facilities / SPACE OPERATIONS COF,Total Budget,17.8,--,19.7,0.0,0.0,0.0,0.0,PDF p723 Budget Authority table,"R70 full-extraction pass, read from the hosted PDF 2026-09-27; FY2023 op plan/actual, FY2024 CR/enacted as labelled on each page; FY2026-29 notional; ""Total Budget"" rows checked against the lines above (0 mismatches; summary pages hold parent + child lines)"
nasa_fy2025_budget_request_congressional_justification,725,Construction and Environmental Compliance and Restoration / ENVIRONMENTAL COMPLIANCE AND RESTORATION,Total Budget,76.2,--,79.4,81.0,82.6,84.2,85.9,PDF p725 Budget Authority table,"R70 full-extraction pass, read from the hosted PDF 2026-09-27; FY2023 op plan/actual, FY2024 CR/enacted as labelled on each page; FY2026-29 notional; ""Total Budget"" rows checked against the lines above (0 mismatches; summary pages hold parent + child lines)"
nasa_fy2025_budget_request_congressional_justification,728,INSPECTOR GENERAL / IG-1,Total Budget,47.6,47.6,50.5,51.5,52.5,53.6,54.7,PDF p728 Budget Authority table,"R70 full-extraction pass, read from the hosted PDF 2026-09-27; FY2023 op plan/actual, FY2024 CR/enacted as labelled on each page; FY2026-29 notional; ""Total Budget"" rows checked against the lines above (0 mismatches; summary pages hold parent + child lines)"
nasa_fy2025_budget_request_congressional_justification,729,INSPECTOR GENERAL / IG-2,Total Budget,47.6,47.6,50.5,51.5,52.5,53.6,54.7,PDF p729 Budget Authority table,"R70 full-extraction pass, read from the hosted PDF 2026-09-27; FY2023 op plan/actual, FY2024 CR/enacted as labelled on each page; FY2026-29 notional; ""Total Budget"" rows checked against the lines above (0 mismatches; summary pages hold parent + child lines)"
